phase,graph_id,graph_sha256,family,locality_percent,update_interval,update_mode,magnitude,seed,repeat,execution_order,profile,trace_sha256,queries,updates,increase_count,decrease_count,budget_bytes,algorithm_ns,query_ns,update_ns,operation_p50_ns,operation_p95_ns,query_p50_ns,query_p95_ns,update_p50_ns,update_p95_ns,accounted_bytes,peak_accounted_bytes,cold_queries,resident_queries,promotions,evictions,rebuilds,repair_aborts,cooldown_blocks,admission_rejections,filtered_updates,decrease_repairs,increase_repairs,memory_budget_rejections,memory_metadata_prunes,peak_rss_kb,wall_s
regression,ny-road-distance,7b2446c7ffe6179efbc42af6812448e8cb782f12968ca2bb1d50d979343056d4,churn,100,5,strict-alternating,medium,7,0,0,B3L,7a4edb28ae3e844e9d0bae2bf80ce79ffeedece1cdbc0aea736c9227b4615fc7,120,23,12,11,16777216,5768264283,5765830127,2434156,47549232,50677993,47711261,51654177,651,115486,11631240,11631240,120,0,0,119,0,0,0,0,0,0,0,0,0,117032,6.139892
regression,ny-road-distance,7b2446c7ffe6179efbc42af6812448e8cb782f12968ca2bb1d50d979343056d4,churn,100,5,strict-alternating,medium,7,0,1,FREQ-LRU-REPAIR,7a4edb28ae3e844e9d0bae2bf80ce79ffeedece1cdbc0aea736c9227b4615fc7,120,23,12,11,16777216,2476631868,2419708930,56922938,9475462,66241558,11562751,67533412,1152,5108464,11631348,11631380,99,21,24,23,25,1,0,0,11,6,3,0,0,117056,2.836958
regression,ny-road-distance,7b2446c7ffe6179efbc42af6812448e8cb782f12968ca2bb1d50d979343056d4,churn,100,5,strict-alternating,medium,7,0,2,ADES,7a4edb28ae3e844e9d0bae2bf80ce79ffeedece1cdbc0aea736c9227b4615fc7,120,23,12,11,16777216,1648309786,1648280814,28972,6198550,56411855,8397247,58312806,932,4639,11631400,11631416,97,23,11,10,11,0,10,0,15,5,1,0,0,110888,2.011784
regression,ny-road-distance,7b2446c7ffe6179efbc42af6812448e8cb782f12968ca2bb1d50d979343056d4,churn,100,5,strict-alternating,medium,7,0,3,ADES-V2,7a4edb28ae3e844e9d0bae2bf80ce79ffeedece1cdbc0aea736c9227b4615fc7,120,23,12,11,16777216,1167299114,1159974801,7324313,4786302,23033543,7639603,23061455,1403,2287704,11633356,11633356,92,28,1,0,1,0,0,0,13,6,4,0,0,109896,1.527592
regression,ny-road-distance,7b2446c7ffe6179efbc42af6812448e8cb782f12968ca2bb1d50d979343056d4,churn,100,5,strict-alternating,medium,7,0,4,ADES-V3,7a4edb28ae3e844e9d0bae2bf80ce79ffeedece1cdbc0aea736c9227b4615fc7,120,23,12,11,16777216,1219584734,1165333406,54251328,5042591,25232552,7125132,25232552,1443,5042591,11633224,11633224,92,28,2,1,3,1,0,0,13,6,3,0,0,115992,1.585373
regression,ny-road-distance,7b2446c7ffe6179efbc42af6812448e8cb782f12968ca2bb1d50d979343056d4,churn,100,5,strict-alternating,medium,7,0,5,COLD,7a4edb28ae3e844e9d0bae2bf80ce79ffeedece1cdbc0aea736c9227b4615fc7,120,23,12,11,16777216,1389144427,1389130842,13585,8228513,22476834,10825094,23002165,611,932,0,0,120,0,0,0,0,0,0,0,0,0,0,0,0,97504,1.750345
regression,ny-road-distance,7b2446c7ffe6179efbc42af6812448e8cb782f12968ca2bb1d50d979343056d4,churn,100,5,strict-alternating,medium,7,0,0,FREQ-LRU-REPAIR,7a4edb28ae3e844e9d0bae2bf80ce79ffeedece1cdbc0aea736c9227b4615fc7,120,23,12,11,67108864,574999884,457006256,117993628,311,20314574,301,20314574,1924,7479134,46525328,46525328,16,104,4,0,6,2,0,0,49,23,9,0,0,152208,0.939059
regression,ny-road-distance,7b2446c7ffe6179efbc42af6812448e8cb782f12968ca2bb1d50d979343056d4,churn,100,5,strict-alternating,medium,7,0,1,ADES,7a4edb28ae3e844e9d0bae2bf80ce79ffeedece1cdbc0aea736c9227b4615fc7,120,23,12,11,67108864,573448497,455394612,118053885,301,19965351,290,19965351,1613,7544165,46525328,46525328,17,103,4,0,6,2,0,0,48,23,9,0,0,150628,0.936740
regression,ny-road-distance,7b2446c7ffe6179efbc42af6812448e8cb782f12968ca2bb1d50d979343056d4,churn,100,5,strict-alternating,medium,7,0,2,ADES-V2,7a4edb28ae3e844e9d0bae2bf80ce79ffeedece1cdbc0aea736c9227b4615fc7,120,23,12,11,67108864,463933733,401451558,62482175,311,22986065,301,22986065,1603,7383925,46527328,46527328,15,105,4,0,5,1,0,0,50,22,11,0,0,151184,0.827248
regression,ny-road-distance,7b2446c7ffe6179efbc42af6812448e8cb782f12968ca2bb1d50d979343056d4,churn,100,5,strict-alternating,medium,7,0,3,ADES-V3,7a4edb28ae3e844e9d0bae2bf80ce79ffeedece1cdbc0aea736c9227b4615fc7,120,23,12,11,67108864,378291794,310820196,67471598,301,22389427,291,22389427,1643,7516361,46527328,46527328,9,111,4,0,5,1,0,0,52,23,12,0,0,151224,0.742961
regression,ny-road-distance,7b2446c7ffe6179efbc42af6812448e8cb782f12968ca2bb1d50d979343056d4,churn,100,5,strict-alternating,medium,7,0,4,COLD,7a4edb28ae3e844e9d0bae2bf80ce79ffeedece1cdbc0aea736c9227b4615fc7,120,23,12,11,67108864,1397734004,1397722214,11790,8336845,22396931,11155030,24128666,531,762,0,0,120,0,0,0,0,0,0,0,0,0,0,0,0,97540,1.785154
regression,ny-road-distance,7b2446c7ffe6179efbc42af6812448e8cb782f12968ca2bb1d50d979343056d4,churn,100,5,strict-alternating,medium,7,0,5,B3L,7a4edb28ae3e844e9d0bae2bf80ce79ffeedece1cdbc0aea736c9227b4615fc7,120,23,12,11,67108864,240636983,227144929,13492054,160,219510,150,461,1002,4561272,46524960,46524960,4,116,0,0,0,0,0,0,0,0,0,0,0,139916,0.607972
regression,ny-road-distance,7b2446c7ffe6179efbc42af6812448e8cb782f12968ca2bb1d50d979343056d4,churn,100,5,strict-alternating,medium,17,0,0,FREQ-LRU-REPAIR,c8c2bf32482f242e3dbdb4b1a96b0986d8d8461797ca7a80c75d13f9024014e1,120,23,12,11,16777216,2490997919,2490962664,35255,9913140,67146278,13790464,67844963,952,4167,11631348,11631380,99,21,24,23,24,0,0,0,12,4,5,0,0,109844,2.856362
regression,ny-road-distance,7b2446c7ffe6179efbc42af6812448e8cb782f12968ca2bb1d50d979343056d4,churn,100,5,strict-alternating,medium,17,0,1,ADES,c8c2bf32482f242e3dbdb4b1a96b0986d8d8461797ca7a80c75d13f9024014e1,120,23,12,11,16777216,1808423670,1808389094,34576,5076645,61943798,9850554,66471928,1172,4067,11631388,11631416,98,22,10,9,10,0,12,0,12,5,4,0,0,110936,2.172056
regression,ny-road-distance,7b2446c7ffe6179efbc42af6812448e8cb782f12968ca2bb1d50d979343056d4,churn,100,5,strict-alternating,medium,17,0,2,ADES-V2,c8c2bf32482f242e3dbdb4b1a96b0986d8d8461797ca7a80c75d13f9024014e1,120,23,12,11,16777216,1102081397,1101324743,756654,4091645,21909793,7843614,22036791,1122,74269,11633356,11633356,92,28,1,0,1,0,0,0,13,5,4,0,0,109368,1.465741
regression,ny-road-distance,7b2446c7ffe6179efbc42af6812448e8cb782f12968ca2bb1d50d979343056d4,churn,100,5,strict-alternating,medium,17,0,3,ADES-V3,c8c2bf32482f242e3dbdb4b1a96b0986d8d8461797ca7a80c75d13f9024014e1,120,23,12,11,16777216,1144061122,1143326470,734652,4223963,21555540,7581988,22346128,1152,77184,11633224,11633224,92,28,2,1,2,0,0,0,14,5,4,0,0,117064,1.509373
regression,ny-road-distance,7b2446c7ffe6179efbc42af6812448e8cb782f12968ca2bb1d50d979343056d4,churn,100,5,strict-alternating,medium,17,0,4,COLD,c8c2bf32482f242e3dbdb4b1a96b0986d8d8461797ca7a80c75d13f9024014e1,120,23,12,11,16777216,1509391905,1509379030,12875,10239093,27835806,12660558,28586639,601,892,0,0,120,0,0,0,0,0,0,0,0,0,0,0,0,98564,1.869408
regression,ny-road-distance,7b2446c7ffe6179efbc42af6812448e8cb782f12968ca2bb1d50d979343056d4,churn,100,5,strict-alternating,medium,17,0,5,B3L,c8c2bf32482f242e3dbdb4b1a96b0986d8d8461797ca7a80c75d13f9024014e1,120,23,12,11,16777216,5365154109,5365131666,22443,43690974,47271435,44606154,48373895,481,3526,11631240,11631240,120,0,0,119,0,0,0,0,0,0,0,0,0,118132,5.725772
regression,ny-road-distance,7b2446c7ffe6179efbc42af6812448e8cb782f12968ca2bb1d50d979343056d4,churn,100,5,strict-alternating,medium,17,0,0,ADES,c8c2bf32482f242e3dbdb4b1a96b0986d8d8461797ca7a80c75d13f9024014e1,120,23,12,11,67108864,460726081,459968596,757485,291,16632646,230,27711144,1703,82946,46525328,46525328,17,103,4,0,4,0,0,0,49,18,15,0,0,140884,0.826963
regression,ny-road-distance,7b2446c7ffe6179efbc42af6812448e8cb782f12968ca2bb1d50d979343056d4,churn,100,5,strict-alternating,medium,17,0,1,ADES-V2,c8c2bf32482f242e3dbdb4b1a96b0986d8d8461797ca7a80c75d13f9024014e1,120,23,12,11,67108864,367889061,367101310,787751,301,20251196,281,23165611,1623,78426,46527328,46527328,15,105,4,0,4,0,0,0,50,17,16,0,0,140808,0.733991
regression,ny-road-distance,7b2446c7ffe6179efbc42af6812448e8cb782f12968ca2bb1d50d979343056d4,churn,100,5,strict-alternating,medium,17,0,2,ADES-V3,c8c2bf32482f242e3dbdb4b1a96b0986d8d8461797ca7a80c75d13f9024014e1,120,23,12,11,67108864,327933788,327155334,778454,291,15615435,221,19398544,1643,77966,46527328,46527328,12,108,4,0,4,0,0,0,53,17,16,0,0,139764,0.692302
regression,ny-road-distance,7b2446c7ffe6179efbc42af6812448e8cb782f12968ca2bb1d50d979343056d4,churn,100,5,strict-alternating,medium,17,0,3,COLD,c8c2bf32482f242e3dbdb4b1a96b0986d8d8461797ca7a80c75d13f9024014e1,120,23,12,11,67108864,1515188868,1515176694,12174,10492253,28184158,12835441,28314722,501,852,0,0,120,0,0,0,0,0,0,0,0,0,0,0,0,98516,1.873366
regression,ny-road-distance,7b2446c7ffe6179efbc42af6812448e8cb782f12968ca2bb1d50d979343056d4,churn,100,5,strict-alternating,medium,17,0,4,B3L,c8c2bf32482f242e3dbdb4b1a96b0986d8d8461797ca7a80c75d13f9024014e1,120,23,12,11,67108864,212265173,211504072,761101,150,3707,140,531,701,75110,46524960,46524960,4,116,0,0,0,0,0,0,0,0,0,0,0,138720,0.574645
regression,ny-road-distance,7b2446c7ffe6179efbc42af6812448e8cb782f12968ca2bb1d50d979343056d4,churn,100,5,strict-alternating,medium,17,0,5,FREQ-LRU-REPAIR,c8c2bf32482f242e3dbdb4b1a96b0986d8d8461797ca7a80c75d13f9024014e1,120,23,12,11,67108864,444557053,443728995,828058,291,16835634,221,28164281,1503,82695,46525328,46525328,16,104,4,0,4,0,0,0,49,18,16,0,0,140820,0.808498
regression,ny-road-distance,7b2446c7ffe6179efbc42af6812448e8cb782f12968ca2bb1d50d979343056d4,churn,100,5,strict-alternating,medium,29,0,0,ADES,e8c8ab563bec04967bf3bed6ceb331252a8382c4ae00cf0cdc21d7d1a55fdbe9,120,23,12,11,16777216,1627232267,1627152547,79720,5767720,53732947,7925533,55882224,952,3387,11631416,11631416,97,23,10,9,10,0,10,0,18,2,1,0,0,109868,1.991987
regression,ny-road-distance,7b2446c7ffe6179efbc42af6812448e8cb782f12968ca2bb1d50d979343056d4,churn,100,5,strict-alternating,medium,29,0,1,ADES-V2,e8c8ab563bec04967bf3bed6ceb331252a8382c4ae00cf0cdc21d7d1a55fdbe9,120,23,12,11,16777216,1028034419,1027942720,91699,3816801,26056639,6022151,26527629,881,9077,11633356,11633356,92,28,1,0,1,0,0,0,18,3,2,0,0,110888,1.390759
regression,ny-road-distance,7b2446c7ffe6179efbc42af6812448e8cb782f12968ca2bb1d50d979343056d4,churn,100,5,strict-alternating,medium,29,0,2,ADES-V3,e8c8ab563bec04967bf3bed6ceb331252a8382c4ae00cf0cdc21d7d1a55fdbe9,120,23,12,11,16777216,1021300477,1021197123,103354,3861574,25173790,5803292,26880138,952,11762,11633224,11633224,92,28,1,0,1,0,0,0,18,3,2,0,0,109872,1.382367
regression,ny-road-distance,7b2446c7ffe6179efbc42af6812448e8cb782f12968ca2bb1d50d979343056d4,churn,100,5,strict-alternating,medium,29,0,3,COLD,e8c8ab563bec04967bf3bed6ceb331252a8382c4ae00cf0cdc21d7d1a55fdbe9,120,23,12,11,16777216,1349971139,1349961240,9899,7544224,25935062,9316495,26038466,401,632,0,0,120,0,0,0,0,0,0,0,0,0,0,0,0,98568,1.713349
regression,ny-road-distance,7b2446c7ffe6179efbc42af6812448e8cb782f12968ca2bb1d50d979343056d4,churn,100,5,strict-alternating,medium,29,0,4,B3L,e8c8ab563bec04967bf3bed6ceb331252a8382c4ae00cf0cdc21d7d1a55fdbe9,120,23,12,11,16777216,5624644029,5624584789,59240,47174512,49264597,47340452,50061386,421,9998,11631240,11631240,120,0,0,119,0,0,0,0,0,0,0,0,0,117072,5.986173
regression,ny-road-distance,7b2446c7ffe6179efbc42af6812448e8cb782f12968ca2bb1d50d979343056d4,churn,100,5,strict-alternating,medium,29,0,5,FREQ-LRU-REPAIR,e8c8ab563bec04967bf3bed6ceb331252a8382c4ae00cf0cdc21d7d1a55fdbe9,120,23,12,11,16777216,2365185021,2365120641,64380,7578748,60434780,12529126,61504158,972,10439,11631348,11631380,99,21,24,23,24,0,0,0,18,1,2,0,0,110864,2.727458
regression,ny-road-distance,7b2446c7ffe6179efbc42af6812448e8cb782f12968ca2bb1d50d979343056d4,churn,100,5,strict-alternating,medium,29,0,0,ADES-V2,e8c8ab563bec04967bf3bed6ceb331252a8382c4ae00cf0cdc21d7d1a55fdbe9,120,23,12,11,67108864,322648982,322505204,143778,280,15791170,211,26771332,1583,11301,46527328,46527328,8,112,4,0,4,0,0,0,75,9,5,0,0,139712,0.684177
regression,ny-road-distance,7b2446c7ffe6179efbc42af6812448e8cb782f12968ca2bb1d50d979343056d4,churn,100,5,strict-alternating,medium,29,0,1,ADES-V3,e8c8ab563bec04967bf3bed6ceb331252a8382c4ae00cf0cdc21d7d1a55fdbe9,120,23,12,11,67108864,319600157,319455820,144337,281,15636651,201,26484897,1513,10750,46527328,46527328,8,112,4,0,4,0,0,0,75,9,5,0,0,138748,0.680956
regression,ny-road-distance,7b2446c7ffe6179efbc42af6812448e8cb782f12968ca2bb1d50d979343056d4,churn,100,5,strict-alternating,medium,29,0,2,COLD,e8c8ab563bec04967bf3bed6ceb331252a8382c4ae00cf0cdc21d7d1a55fdbe9,120,23,12,11,67108864,1355059060,1355048722,10338,7603684,25700622,9283182,26465792,401,721,0,0,120,0,0,0,0,0,0,0,0,0,0,0,0,98544,1.719102
regression,ny-road-distance,7b2446c7ffe6179efbc42af6812448e8cb782f12968ca2bb1d50d979343056d4,churn,100,5,strict-alternating,medium,29,0,3,B3L,e8c8ab563bec04967bf3bed6ceb331252a8382c4ae00cf0cdc21d7d1a55fdbe9,120,23,12,11,67108864,218223327,218103956,119371,211,3115,150,421,371,8906,46524960,46524960,4,116,0,0,0,0,0,0,0,0,0,0,0,138764,0.580457
regression,ny-road-distance,7b2446c7ffe6179efbc42af6812448e8cb782f12968ca2bb1d50d979343056d4,churn,100,5,strict-alternating,medium,29,0,4,FREQ-LRU-REPAIR,e8c8ab563bec04967bf3bed6ceb331252a8382c4ae00cf0cdc21d7d1a55fdbe9,120,23,12,11,67108864,469494106,469330430,163676,291,27069389,211,30221779,1473,10520,46525328,46525328,16,104,4,0,4,0,0,0,74,5,4,0,0,139688,0.830519
regression,ny-road-distance,7b2446c7ffe6179efbc42af6812448e8cb782f12968ca2bb1d50d979343056d4,churn,100,5,strict-alternating,medium,29,0,5,ADES,e8c8ab563bec04967bf3bed6ceb331252a8382c4ae00cf0cdc21d7d1a55fdbe9,120,23,12,11,67108864,466524437,466374515,149922,301,26586538,291,30296067,1432,10169,46525328,46525328,16,104,4,0,4,0,0,0,74,5,4,0,0,139772,0.828629
regression,ny-road-distance,7b2446c7ffe6179efbc42af6812448e8cb782f12968ca2bb1d50d979343056d4,churn,100,50,strict-alternating,medium,7,0,0,ADES-V2,1e4901bdcefbab61055a4d33a116915cc43a8d55c699441ca6b148155f62ba83,120,2,1,1,16777216,1058531569,1058512113,19456,5350557,22469759,6509662,22469759,1453,18003,11633356,11633356,92,28,1,0,1,0,0,0,0,1,1,0,0,110900,1.424285
regression,ny-road-distance,7b2446c7ffe6179efbc42af6812448e8cb782f12968ca2bb1d50d979343056d4,churn,100,50,strict-alternating,medium,7,0,1,ADES-V3,1e4901bdcefbab61055a4d33a116915cc43a8d55c699441ca6b148155f62ba83,120,2,1,1,16777216,1113735891,1113717968,17923,5887660,25535218,5924499,25535218,1703,16220,11633224,11633224,92,28,2,1,2,0,0,0,0,1,1,0,0,116076,1.472415
regression,ny-road-distance,7b2446c7ffe6179efbc42af6812448e8cb782f12968ca2bb1d50d979343056d4,churn,100,50,strict-alternating,medium,7,0,2,COLD,1e4901bdcefbab61055a4d33a116915cc43a8d55c699441ca6b148155f62ba83,120,2,1,1,16777216,1315250304,1315248881,1423,8859943,25115994,9283654,25115994,632,791,0,0,120,0,0,0,0,0,0,0,0,0,0,0,0,97520,1.679720
regression,ny-road-distance,7b2446c7ffe6179efbc42af6812448e8cb782f12968ca2bb1d50d979343056d4,churn,100,50,strict-alternating,medium,7,0,3,B3L,1e4901bdcefbab61055a4d33a116915cc43a8d55c699441ca6b148155f62ba83,120,2,1,1,16777216,5735403924,5735402151,1773,47672926,49928872,47678206,49928872,861,912,11631240,11631240,120,0,0,119,0,0,0,0,0,0,0,0,0,116080,6.099087
regression,ny-road-distance,7b2446c7ffe6179efbc42af6812448e8cb782f12968ca2bb1d50d979343056d4,churn,100,50,strict-alternating,medium,7,0,4,FREQ-LRU-REPAIR,1e4901bdcefbab61055a4d33a116915cc43a8d55c699441ca6b148155f62ba83,120,2,1,1,16777216,2394831492,2394828817,2675,9942786,67769599,10196880,67769599,1282,1393,11631348,11631380,99,21,24,23,24,0,0,0,1,1,0,0,0,110832,2.756001
regression,ny-road-distance,7b2446c7ffe6179efbc42af6812448e8cb782f12968ca2bb1d50d979343056d4,churn,100,50,strict-alternating,medium,7,0,5,ADES,1e4901bdcefbab61055a4d33a116915cc43a8d55c699441ca6b148155f62ba83,120,2,1,1,16777216,1540564237,1540561192,3045,7094544,63214729,7213407,63214729,1222,1823,11631416,11631416,96,24,9,8,9,0,9,2,1,1,0,0,0,109868,1.901545
regression,ny-road-distance,7b2446c7ffe6179efbc42af6812448e8cb782f12968ca2bb1d50d979343056d4,churn,100,50,strict-alternating,medium,7,0,0,ADES-V3,1e4901bdcefbab61055a4d33a116915cc43a8d55c699441ca6b148155f62ba83,120,2,1,1,67108864,302897527,302863012,34515,290,19079936,290,19079936,2004,32511,46527328,46527328,11,109,4,0,4,0,0,0,2,4,2,0,0,138728,0.668709
regression,ny-road-distance,7b2446c7ffe6179efbc42af6812448e8cb782f12968ca2bb1d50d979343056d4,churn,100,50,strict-alternating,medium,7,0,1,COLD,1e4901bdcefbab61055a4d33a116915cc43a8d55c699441ca6b148155f62ba83,120,2,1,1,67108864,1312938775,1312937311,1464,8913011,25193186,9200139,25193186,682,782,0,0,120,0,0,0,0,0,0,0,0,0,0,0,0,98612,1.673875
regression,ny-road-distance,7b2446c7ffe6179efbc42af6812448e8cb782f12968ca2bb1d50d979343056d4,churn,100,50,strict-alternating,medium,7,0,2,B3L,1e4901bdcefbab61055a4d33a116915cc43a8d55c699441ca6b148155f62ba83,120,2,1,1,67108864,232883590,232850447,33143,230,952,230,531,1233,31910,46524960,46524960,4,116,0,0,0,0,0,0,0,0,0,0,0,139776,0.594784
regression,ny-road-distance,7b2446c7ffe6179efbc42af6812448e8cb782f12968ca2bb1d50d979343056d4,churn,100,50,strict-alternating,medium,7,0,3,FREQ-LRU-REPAIR,1e4901bdcefbab61055a4d33a116915cc43a8d55c699441ca6b148155f62ba83,120,2,1,1,67108864,414125894,414091469,34425,291,17982272,291,17982272,1964,32461,46525328,46525328,16,104,4,0,4,0,0,0,2,4,2,0,0,139744,0.776800
regression,ny-road-distance,7b2446c7ffe6179efbc42af6812448e8cb782f12968ca2bb1d50d979343056d4,churn,100,50,strict-alternating,medium,7,0,4,ADES,1e4901bdcefbab61055a4d33a116915cc43a8d55c699441ca6b148155f62ba83,120,2,1,1,67108864,438430665,438393996,36669,291,21094246,291,21094246,2394,34275,46525328,46525328,18,102,4,0,4,0,0,0,2,4,2,0,0,139812,0.801049
regression,ny-road-distance,7b2446c7ffe6179efbc42af6812448e8cb782f12968ca2bb1d50d979343056d4,churn,100,50,strict-alternating,medium,7,0,5,ADES-V2,1e4901bdcefbab61055a4d33a116915cc43a8d55c699441ca6b148155f62ba83,120,2,1,1,67108864,471849092,471813866,35226,300,23616157,300,23616157,2104,33122,46527328,46527328,23,97,4,0,4,0,0,0,2,4,2,0,0,139880,0.831112
regression,ny-road-distance,7b2446c7ffe6179efbc42af6812448e8cb782f12968ca2bb1d50d979343056d4,churn,100,50,strict-alternating,medium,17,0,0,ADES-V3,3be0ccabed7d14152b4a4e4e34c20e1e82d96b217f0e99956cbe5a0a336007d6,120,2,1,1,16777216,1231820365,1231809264,11101,7589950,26303300,7731604,26303300,1904,9197,11633224,11633224,92,28,2,1,2,0,0,0,0,1,1,0,0,117148,1.598405
regression,ny-road-distance,7b2446c7ffe6179efbc42af6812448e8cb782f12968ca2bb1d50d979343056d4,churn,100,50,strict-alternating,medium,17,0,1,COLD,3be0ccabed7d14152b4a4e4e34c20e1e82d96b217f0e99956cbe5a0a336007d6,120,2,1,1,16777216,1591557113,1591555559,1554,12232383,27993798,12232573,27993798,762,792,0,0,120,0,0,0,0,0,0,0,0,0,0,0,0,97516,1.952581
regression,ny-road-distance,7b2446c7ffe6179efbc42af6812448e8cb782f12968ca2bb1d50d979343056d4,churn,100,50,strict-alternating,medium,17,0,2,B3L,3be0ccabed7d14152b4a4e4e34c20e1e82d96b217f0e99956cbe5a0a336007d6,120,2,1,1,16777216,5430404685,5430396169,8516,45317072,47352997,45349243,47352997,461,8055,11631240,11631240,120,0,0,119,0,0,0,0,0,0,0,0,0,116592,5.792605
regression,ny-road-distance,7b2446c7ffe6179efbc42af6812448e8cb782f12968ca2bb1d50d979343056d4,churn,100,50,strict-alternating,medium,17,0,3,FREQ-LRU-REPAIR,3be0ccabed7d14152b4a4e4e34c20e1e82d96b217f0e99956cbe5a0a336007d6,120,2,1,1,16777216,2555918174,2555909287,8887,15927997,64812043,17181459,64812043,912,7975,11631348,11631380,99,21,24,23,24,0,0,0,1,0,1,0,0,109372,2.917256
regression,ny-road-distance,7b2446c7ffe6179efbc42af6812448e8cb782f12968ca2bb1d50d979343056d4,churn,100,50,strict-alternating,medium,17,0,4,ADES,3be0ccabed7d14152b4a4e4e34c20e1e82d96b217f0e99956cbe5a0a336007d6,120,2,1,1,16777216,1862032048,1862014846,17202,11297436,56198451,11528438,56198451,842,16360,11631416,11631416,98,22,10,9,10,0,12,0,1,0,1,0,0,110852,2.223216
regression,ny-road-distance,7b2446c7ffe6179efbc42af6812448e8cb782f12968ca2bb1d50d979343056d4,churn,100,50,strict-alternating,medium,17,0,5,ADES-V2,3be0ccabed7d14152b4a4e4e34c20e1e82d96b217f0e99956cbe5a0a336007d6,120,2,1,1,16777216,1170519288,1170507135,12153,6687082,24165646,7516321,24165646,1944,10209,11633356,11633356,92,28,1,0,1,0,0,0,0,1,1,0,0,110844,1.533183
regression,ny-road-distance,7b2446c7ffe6179efbc42af6812448e8cb782f12968ca2bb1d50d979343056d4,churn,100,50,strict-alternating,medium,17,0,0,COLD,3be0ccabed7d14152b4a4e4e34c20e1e82d96b217f0e99956cbe5a0a336007d6,120,2,1,1,67108864,1622121144,1622119772,1372,12668467,28590542,12912392,28590542,651,721,0,0,120,0,0,0,0,0,0,0,0,0,0,0,0,98636,1.982279
regression,ny-road-distance,7b2446c7ffe6179efbc42af6812448e8cb782f12968ca2bb1d50d979343056d4,churn,100,50,strict-alternating,medium,17,0,1,B3L,3be0ccabed7d14152b4a4e4e34c20e1e82d96b217f0e99956cbe5a0a336007d6,120,2,1,1,67108864,214128737,214093481,35256,141,832,141,370,1543,33713,46524960,46524960,4,116,0,0,0,0,0,0,0,0,0,0,0,138832,0.573982
regression,ny-road-distance,7b2446c7ffe6179efbc42af6812448e8cb782f12968ca2bb1d50d979343056d4,churn,100,50,strict-alternating,medium,17,0,2,FREQ-LRU-REPAIR,3be0ccabed7d14152b4a4e4e34c20e1e82d96b217f0e99956cbe5a0a336007d6,120,2,1,1,67108864,430206772,430167769,39003,291,28556107,291,28556107,2314,36689,46525328,46525328,16,104,4,0,4,0,0,0,3,1,4,0,0,140884,0.791259
regression,ny-road-distance,7b2446c7ffe6179efbc42af6812448e8cb782f12968ca2bb1d50d979343056d4,churn,100,50,strict-alternating,medium,17,0,3,ADES,3be0ccabed7d14152b4a4e4e34c20e1e82d96b217f0e99956cbe5a0a336007d6,120,2,1,1,67108864,453413625,453374162,39463,300,28143977,300,28143977,2003,37460,46525328,46525328,17,103,4,0,4,0,0,0,3,1,4,0,0,139776,0.814557
regression,ny-road-distance,7b2446c7ffe6179efbc42af6812448e8cb782f12968ca2bb1d50d979343056d4,churn,100,50,strict-alternating,medium,17,0,4,ADES-V2,3be0ccabed7d14152b4a4e4e34c20e1e82d96b217f0e99956cbe5a0a336007d6,120,2,1,1,67108864,422949451,422907752,41699,301,24975919,300,24975919,2746,38953,46527328,46527328,18,102,4,0,4,0,0,0,3,1,4,0,0,139716,0.784785
regression,ny-road-distance,7b2446c7ffe6179efbc42af6812448e8cb782f12968ca2bb1d50d979343056d4,churn,100,50,strict-alternating,medium,17,0,5,ADES-V3,3be0ccabed7d14152b4a4e4e34c20e1e82d96b217f0e99956cbe5a0a336007d6,120,2,1,1,67108864,320037986,319996158,41828,301,25126180,301,25126180,2625,39203,46527328,46527328,10,110,4,0,4,0,0,0,3,1,4,0,0,138800,0.681736
regression,ny-road-distance,7b2446c7ffe6179efbc42af6812448e8cb782f12968ca2bb1d50d979343056d4,churn,100,50,strict-alternating,medium,29,0,0,COLD,e33260c85204da13386b9d92685fdb4b990339835152d2c54066e6cda9d762b8,120,2,1,1,16777216,1358601493,1358600070,1423,9290788,26048075,9463020,26048075,652,771,0,0,120,0,0,0,0,0,0,0,0,0,0,0,0,98476,1.720038
regression,ny-road-distance,7b2446c7ffe6179efbc42af6812448e8cb782f12968ca2bb1d50d979343056d4,churn,100,50,strict-alternating,medium,29,0,1,B3L,e33260c85204da13386b9d92685fdb4b990339835152d2c54066e6cda9d762b8,120,2,1,1,16777216,5626145466,5626143443,2023,47486991,49413039,47490657,49413039,691,1332,11631240,11631240,120,0,0,119,0,0,0,0,0,0,0,0,0,115580,5.987737
regression,ny-road-distance,7b2446c7ffe6179efbc42af6812448e8cb782f12968ca2bb1d50d979343056d4,churn,100,50,strict-alternating,medium,29,0,2,FREQ-LRU-REPAIR,e33260c85204da13386b9d92685fdb4b990339835152d2c54066e6cda9d762b8,120,2,1,1,16777216,2357327299,2357325446,1853,9676970,68481475,10077819,68481475,851,1002,11631348,11631380,99,21,24,23,24,0,0,0,2,0,0,0,0,109768,2.715825
regression,ny-road-distance,7b2446c7ffe6179efbc42af6812448e8cb782f12968ca2bb1d50d979343056d4,churn,100,50,strict-alternating,medium,29,0,3,ADES,e33260c85204da13386b9d92685fdb4b990339835152d2c54066e6cda9d762b8,120,2,1,1,16777216,1661521283,1661518177,3106,8427655,53790115,8490924,53790115,1453,1653,11631416,11631416,98,22,10,9,10,0,10,0,1,1,0,0,0,110844,2.031748
regression,ny-road-distance,7b2446c7ffe6179efbc42af6812448e8cb782f12968ca2bb1d50d979343056d4,churn,100,50,strict-alternating,medium,29,0,4,ADES-V2,e33260c85204da13386b9d92685fdb4b990339835152d2c54066e6cda9d762b8,120,2,1,1,16777216,930645638,930641651,3987,4458460,25715754,4604783,25715754,1082,2905,11633356,11633356,92,28,1,0,1,0,0,0,1,1,0,0,0,109336,1.323938
regression,ny-road-distance,7b2446c7ffe6179efbc42af6812448e8cb782f12968ca2bb1d50d979343056d4,churn,100,50,strict-alternating,medium,29,0,5,ADES-V3,e33260c85204da13386b9d92685fdb4b990339835152d2c54066e6cda9d762b8,120,2,1,1,16777216,923778608,923774271,4337,4476133,25278578,4478457,25278578,1262,3075,11633224,11633224,92,28,1,0,1,0,0,0,1,1,0,0,0,108400,1.284514
regression,ny-road-distance,7b2446c7ffe6179efbc42af6812448e8cb782f12968ca2bb1d50d979343056d4,churn,100,50,strict-alternating,medium,29,0,0,B3L,e33260c85204da13386b9d92685fdb4b990339835152d2c54066e6cda9d762b8,120,2,1,1,67108864,212620165,212616708,3457,141,672,140,511,672,2785,46524960,46524960,4,116,0,0,0,0,0,0,0,0,0,0,0,139768,0.575996
regression,ny-road-distance,7b2446c7ffe6179efbc42af6812448e8cb782f12968ca2bb1d50d979343056d4,churn,100,50,strict-alternating,medium,29,0,1,FREQ-LRU-REPAIR,e33260c85204da13386b9d92685fdb4b990339835152d2c54066e6cda9d762b8,120,2,1,1,67108864,466768880,466762659,6221,280,27688891,280,27688891,2384,3837,46525328,46525328,16,104,4,0,4,0,0,0,6,2,0,0,0,139748,0.832672
regression,ny-road-distance,7b2446c7ffe6179efbc42af6812448e8cb782f12968ca2bb1d50d979343056d4,churn,100,50,strict-alternating,medium,29,0,2,ADES,e33260c85204da13386b9d92685fdb4b990339835152d2c54066e6cda9d762b8,120,2,1,1,67108864,477226202,477220742,5460,281,27511569,281,27511569,2344,3116,46525328,46525328,17,103,4,0,4,0,0,0,6,2,0,0,0,140816,0.839142
regression,ny-road-distance,7b2446c7ffe6179efbc42af6812448e8cb782f12968ca2bb1d50d979343056d4,churn,100,50,strict-alternating,medium,29,0,3,ADES-V2,e33260c85204da13386b9d92685fdb4b990339835152d2c54066e6cda9d762b8,120,2,1,1,67108864,322246228,322240487,5741,220,26406865,220,26406865,2334,3407,46527328,46527328,8,112,4,0,4,0,0,0,6,2,0,0,0,140816,0.685684
regression,ny-road-distance,7b2446c7ffe6179efbc42af6812448e8cb782f12968ca2bb1d50d979343056d4,churn,100,50,strict-alternating,medium,29,0,4,ADES-V3,e33260c85204da13386b9d92685fdb4b990339835152d2c54066e6cda9d762b8,120,2,1,1,67108864,318901799,318896088,5711,221,28633445,221,28633445,2255,3456,46527328,46527328,8,112,4,0,4,0,0,0,6,2,0,0,0,139900,0.682049
regression,ny-road-distance,7b2446c7ffe6179efbc42af6812448e8cb782f12968ca2bb1d50d979343056d4,churn,100,50,strict-alternating,medium,29,0,5,COLD,e33260c85204da13386b9d92685fdb4b990339835152d2c54066e6cda9d762b8,120,2,1,1,67108864,1364539795,1364538393,1402,9143102,26430449,9217892,26430449,661,741,0,0,120,0,0,0,0,0,0,0,0,0,0,0,0,98520,1.721217
regression,syn-grid-224x224-v1,68ea3f6fb3351e026b850d631b3f5618a4dca8c80ba8d3ce5055543b14d04e23,churn,100,5,strict-alternating,medium,7,0,0,B3L,3a61d68462a89e8e2a301ba8e45c473558914a3adc120ac6b7d05d793aae174d,120,23,12,11,16777216,33573278,32835420,737858,60,2575,51,160,231,43762,8831040,8831040,4,116,0,0,0,0,0,0,0,0,0,0,0,33204,0.102273
regression,syn-grid-224x224-v1,68ea3f6fb3351e026b850d631b3f5618a4dca8c80ba8d3ce5055543b14d04e23,churn,100,5,strict-alternating,medium,7,0,1,FREQ-LRU-REPAIR,3a61d68462a89e8e2a301ba8e45c473558914a3adc120ac6b7d05d793aae174d,120,23,12,11,16777216,78361287,69671442,8689845,120,4639869,120,4639869,972,4007,8831408,8831408,16,104,4,0,5,1,0,0,63,9,10,0,0,35160,0.148767
regression,syn-grid-224x224-v1,68ea3f6fb3351e026b850d631b3f5618a4dca8c80ba8d3ce5055543b14d04e23,churn,100,5,strict-alternating,medium,7,0,2,ADES,3a61d68462a89e8e2a301ba8e45c473558914a3adc120ac6b7d05d793aae174d,120,23,12,11,16777216,85323752,76606875,8716877,121,4614852,120,4614852,972,4308,8831408,8831408,18,102,4,0,5,1,0,0,62,9,9,0,0,35520,0.154266
regression,syn-grid-224x224-v1,68ea3f6fb3351e026b850d631b3f5618a4dca8c80ba8d3ce5055543b14d04e23,churn,100,5,strict-alternating,medium,7,0,3,ADES-V2,3a61d68462a89e8e2a301ba8e45c473558914a3adc120ac6b7d05d793aae174d,120,23,12,11,16777216,77444848,69130444,8314404,130,4591017,121,4591017,1002,3827,8833408,8833408,21,99,4,0,5,1,0,0,59,9,9,0,0,33344,0.146634
regression,syn-grid-224x224-v1,68ea3f6fb3351e026b850d631b3f5618a4dca8c80ba8d3ce5055543b14d04e23,churn,100,5,strict-alternating,medium,7,0,4,ADES-V3,3a61d68462a89e8e2a301ba8e45c473558914a3adc120ac6b7d05d793aae174d,120,23,12,11,16777216,58995659,50379781,8615878,120,3823363,120,3823363,982,4138,8833408,8833408,13,107,4,0,5,1,0,0,66,9,9,0,0,34940,0.128717
regression,syn-grid-224x224-v1,68ea3f6fb3351e026b850d631b3f5618a4dca8c80ba8d3ce5055543b14d04e23,churn,100,5,strict-alternating,medium,7,0,5,COLD,3a61d68462a89e8e2a301ba8e45c473558914a3adc120ac6b7d05d793aae174d,120,23,12,11,16777216,253145706,253140405,5301,1267488,4624680,1754669,4644176,211,270,0,0,120,0,0,0,0,0,0,0,0,0,0,0,0,25368,0.321975
regression,syn-grid-224x224-v1,68ea3f6fb3351e026b850d631b3f5618a4dca8c80ba8d3ce5055543b14d04e23,churn,100,5,strict-alternating,medium,7,0,0,FREQ-LRU-REPAIR,3a61d68462a89e8e2a301ba8e45c473558914a3adc120ac6b7d05d793aae174d,120,23,12,11,67108864,78446535,69843575,8602960,120,4635280,111,4635280,992,3817,8831408,8831408,16,104,4,0,5,1,0,0,63,9,10,0,0,35520,0.146992
regression,syn-grid-224x224-v1,68ea3f6fb3351e026b850d631b3f5618a4dca8c80ba8d3ce5055543b14d04e23,churn,100,5,strict-alternating,medium,7,0,1,ADES,3a61d68462a89e8e2a301ba8e45c473558914a3adc120ac6b7d05d793aae174d,120,23,12,11,67108864,84710979,76062693,8648286,120,4604983,110,4604983,961,3948,8831408,8831408,18,102,4,0,5,1,0,0,62,9,9,0,0,35216,0.154429
regression,syn-grid-224x224-v1,68ea3f6fb3351e026b850d631b3f5618a4dca8c80ba8d3ce5055543b14d04e23,churn,100,5,strict-alternating,medium,7,0,2,ADES-V2,3a61d68462a89e8e2a301ba8e45c473558914a3adc120ac6b7d05d793aae174d,120,23,12,11,67108864,77906346,69539195,8367151,130,4779189,120,4779189,982,3696,8833408,8833408,21,99,4,0,5,1,0,0,59,9,9,0,0,33000,0.148174
regression,syn-grid-224x224-v1,68ea3f6fb3351e026b850d631b3f5618a4dca8c80ba8d3ce5055543b14d04e23,churn,100,5,strict-alternating,medium,7,0,3,ADES-V3,3a61d68462a89e8e2a301ba8e45c473558914a3adc120ac6b7d05d793aae174d,120,23,12,11,67108864,58276940,49661471,8615469,120,3761568,111,3761568,1002,4118,8833408,8833408,13,107,4,0,5,1,0,0,66,9,9,0,0,35228,0.127656
regression,syn-grid-224x224-v1,68ea3f6fb3351e026b850d631b3f5618a4dca8c80ba8d3ce5055543b14d04e23,churn,100,5,strict-alternating,medium,7,0,4,COLD,3a61d68462a89e8e2a301ba8e45c473558914a3adc120ac6b7d05d793aae174d,120,23,12,11,67108864,253452736,253447776,4960,1259583,4623558,1749819,4660457,201,250,0,0,120,0,0,0,0,0,0,0,0,0,0,0,0,25164,0.321957
regression,syn-grid-224x224-v1,68ea3f6fb3351e026b850d631b3f5618a4dca8c80ba8d3ce5055543b14d04e23,churn,100,5,strict-alternating,medium,7,0,5,B3L,3a61d68462a89e8e2a301ba8e45c473558914a3adc120ac6b7d05d793aae174d,120,23,12,11,67108864,33549806,32820172,729634,60,2575,51,90,200,42489,8831040,8831040,4,116,0,0,0,0,0,0,0,0,0,0,0,32868,0.103143
regression,syn-grid-224x224-v1,68ea3f6fb3351e026b850d631b3f5618a4dca8c80ba8d3ce5055543b14d04e23,churn,100,5,strict-alternating,medium,17,0,0,FREQ-LRU-REPAIR,4f18f774125be68a9a5e10be1f64969a91ff5f4fa7c22f172c1026282f8a6e0c,120,23,12,11,16777216,74877274,74683829,193445,111,4399680,110,4496140,952,54432,8831408,8831408,16,104,4,0,4,0,0,0,66,2,15,0,0,33036,0.144815
regression,syn-grid-224x224-v1,68ea3f6fb3351e026b850d631b3f5618a4dca8c80ba8d3ce5055543b14d04e23,churn,100,5,strict-alternating,medium,17,0,1,ADES,4f18f774125be68a9a5e10be1f64969a91ff5f4fa7c22f172c1026282f8a6e0c,120,23,12,11,16777216,78140408,77950485,189923,120,4358593,111,4440687,962,54302,8831408,8831408,17,103,4,0,4,0,0,0,66,2,14,0,0,33100,0.147615
regression,syn-grid-224x224-v1,68ea3f6fb3351e026b850d631b3f5618a4dca8c80ba8d3ce5055543b14d04e23,churn,100,5,strict-alternating,medium,17,0,2,ADES-V2,4f18f774125be68a9a5e10be1f64969a91ff5f4fa7c22f172c1026282f8a6e0c,120,23,12,11,16777216,56120207,55921117,199090,120,4605254,111,4607318,971,58299,8833408,8833408,12,108,4,0,4,0,0,0,70,2,15,0,0,33332,0.125069
regression,syn-grid-224x224-v1,68ea3f6fb3351e026b850d631b3f5618a4dca8c80ba8d3ce5055543b14d04e23,churn,100,5,strict-alternating,medium,17,0,3,ADES-V3,4f18f774125be68a9a5e10be1f64969a91ff5f4fa7c22f172c1026282f8a6e0c,120,23,12,11,16777216,46644611,46459528,185083,110,1621659,101,2417927,912,53540,8833408,8833408,10,110,4,0,4,0,0,0,70,2,15,0,0,33216,0.114622
regression,syn-grid-224x224-v1,68ea3f6fb3351e026b850d631b3f5618a4dca8c80ba8d3ce5055543b14d04e23,churn,100,5,strict-alternating,medium,17,0,4,COLD,4f18f774125be68a9a5e10be1f64969a91ff5f4fa7c22f172c1026282f8a6e0c,120,23,12,11,16777216,292296505,292291137,5368,1840399,5045476,2261134,5117771,221,300,0,0,120,0,0,0,0,0,0,0,0,0,0,0,0,25128,0.360920
regression,syn-grid-224x224-v1,68ea3f6fb3351e026b850d631b3f5618a4dca8c80ba8d3ce5055543b14d04e23,churn,100,5,strict-alternating,medium,17,0,5,B3L,4f18f774125be68a9a5e10be1f64969a91ff5f4fa7c22f172c1026282f8a6e0c,120,23,12,11,16777216,32159765,31929274,230491,60,12944,51,130,171,58409,8831040,8831040,4,116,0,0,0,0,0,0,0,0,0,0,0,33208,0.101269
regression,syn-grid-224x224-v1,68ea3f6fb3351e026b850d631b3f5618a4dca8c80ba8d3ce5055543b14d04e23,churn,100,5,strict-alternating,medium,17,0,0,ADES,4f18f774125be68a9a5e10be1f64969a91ff5f4fa7c22f172c1026282f8a6e0c,120,23,12,11,67108864,77966076,77775733,190343,120,4285848,110,4482435,952,55003,8831408,8831408,17,103,4,0,4,0,0,0,66,2,14,0,0,33024,0.147679
regression,syn-grid-224x224-v1,68ea3f6fb3351e026b850d631b3f5618a4dca8c80ba8d3ce5055543b14d04e23,churn,100,5,strict-alternating,medium,17,0,1,ADES-V2,4f18f774125be68a9a5e10be1f64969a91ff5f4fa7c22f172c1026282f8a6e0c,120,23,12,11,67108864,55820508,55623512,196996,120,4487124,111,4554780,1021,57648,8833408,8833408,12,108,4,0,4,0,0,0,70,2,15,0,0,33336,0.124633
regression,syn-grid-224x224-v1,68ea3f6fb3351e026b850d631b3f5618a4dca8c80ba8d3ce5055543b14d04e23,churn,100,5,strict-alternating,medium,17,0,2,ADES-V3,4f18f774125be68a9a5e10be1f64969a91ff5f4fa7c22f172c1026282f8a6e0c,120,23,12,11,67108864,46440579,46258571,182008,110,1605439,101,2335453,932,52268,8833408,8833408,10,110,4,0,4,0,0,0,70,2,15,0,0,32888,0.116025
regression,syn-grid-224x224-v1,68ea3f6fb3351e026b850d631b3f5618a4dca8c80ba8d3ce5055543b14d04e23,churn,100,5,strict-alternating,medium,17,0,3,COLD,4f18f774125be68a9a5e10be1f64969a91ff5f4fa7c22f172c1026282f8a6e0c,120,23,12,11,67108864,292229017,292223557,5460,1835278,5076845,2260824,5101150,220,301,0,0,120,0,0,0,0,0,0,0,0,0,0,0,0,25408,0.360581
regression,syn-grid-224x224-v1,68ea3f6fb3351e026b850d631b3f5618a4dca8c80ba8d3ce5055543b14d04e23,churn,100,5,strict-alternating,medium,17,0,4,B3L,4f18f774125be68a9a5e10be1f64969a91ff5f4fa7c22f172c1026282f8a6e0c,120,23,12,11,67108864,32107408,31863053,244355,60,13305,51,141,200,59922,8831040,8831040,4,116,0,0,0,0,0,0,0,0,0,0,0,33204,0.101123
regression,syn-grid-224x224-v1,68ea3f6fb3351e026b850d631b3f5618a4dca8c80ba8d3ce5055543b14d04e23,churn,100,5,strict-alternating,medium,17,0,5,FREQ-LRU-REPAIR,4f18f774125be68a9a5e10be1f64969a91ff5f4fa7c22f172c1026282f8a6e0c,120,23,12,11,67108864,74829393,74635866,193527,120,4387467,111,4475591,962,55083,8831408,8831408,16,104,4,0,4,0,0,0,66,2,15,0,0,33000,0.144878
regression,syn-grid-224x224-v1,68ea3f6fb3351e026b850d631b3f5618a4dca8c80ba8d3ce5055543b14d04e23,churn,100,5,strict-alternating,medium,29,0,0,ADES,f8df28f4927dae39a20a5412eb0ec739248872ecaa1a915157877d28f518b91c,120,23,12,11,16777216,73430787,72896094,534693,120,3248859,110,3662332,1002,57788,8831408,8831408,21,99,4,0,4,0,0,0,62,9,8,0,0,33312,0.142853
regression,syn-grid-224x224-v1,68ea3f6fb3351e026b850d631b3f5618a4dca8c80ba8d3ce5055543b14d04e23,churn,100,5,strict-alternating,medium,29,0,1,ADES-V2,f8df28f4927dae39a20a5412eb0ec739248872ecaa1a915157877d28f518b91c,120,23,12,11,16777216,82705226,82167265,537961,170,4198526,131,4475612,992,70120,8833408,8833408,31,89,4,0,4,0,0,0,57,8,7,0,0,33344,0.151595
regression,syn-grid-224x224-v1,68ea3f6fb3351e026b850d631b3f5618a4dca8c80ba8d3ce5055543b14d04e23,churn,100,5,strict-alternating,medium,29,0,2,ADES-V3,f8df28f4927dae39a20a5412eb0ec739248872ecaa1a915157877d28f518b91c,120,23,12,11,16777216,49301261,48781683,519578,111,1918264,110,3301419,1032,59541,8833408,8833408,11,109,4,0,4,0,0,0,65,14,9,0,0,32912,0.119027
regression,syn-grid-224x224-v1,68ea3f6fb3351e026b850d631b3f5618a4dca8c80ba8d3ce5055543b14d04e23,churn,100,5,strict-alternating,medium,29,0,3,COLD,f8df28f4927dae39a20a5412eb0ec739248872ecaa1a915157877d28f518b91c,120,23,12,11,16777216,277588480,277583119,5361,1691902,4854340,2095035,4906880,220,291,0,0,120,0,0,0,0,0,0,0,0,0,0,0,0,24960,0.347726
regression,syn-grid-224x224-v1,68ea3f6fb3351e026b850d631b3f5618a4dca8c80ba8d3ce5055543b14d04e23,churn,100,5,strict-alternating,medium,29,0,4,B3L,f8df28f4927dae39a20a5412eb0ec739248872ecaa1a915157877d28f518b91c,120,23,12,11,16777216,33160556,32639777,520779,60,3988,50,151,360,56636,8831040,8831040,4,116,0,0,0,0,0,0,0,0,0,0,0,33096,0.126825
regression,syn-grid-224x224-v1,68ea3f6fb3351e026b850d631b3f5618a4dca8c80ba8d3ce5055543b14d04e23,churn,100,5,strict-alternating,medium,29,0,5,FREQ-LRU-REPAIR,f8df28f4927dae39a20a5412eb0ec739248872ecaa1a915157877d28f518b91c,120,23,12,11,16777216,62693968,62169452,524516,120,2323823,111,3269810,991,59160,8831408,8831408,16,104,4,0,4,0,0,0,63,11,9,0,0,33132,0.131856
regression,syn-grid-224x224-v1,68ea3f6fb3351e026b850d631b3f5618a4dca8c80ba8d3ce5055543b14d04e23,churn,100,5,strict-alternating,medium,29,0,0,ADES-V2,f8df28f4927dae39a20a5412eb0ec739248872ecaa1a915157877d28f518b91c,120,23,12,11,67108864,82693328,82169478,523850,140,4200830,130,4492625,962,59341,8833408,8833408,31,89,4,0,4,0,0,0,57,8,7,0,0,33064,0.152600
regression,syn-grid-224x224-v1,68ea3f6fb3351e026b850d631b3f5618a4dca8c80ba8d3ce5055543b14d04e23,churn,100,5,strict-alternating,medium,29,0,1,ADES-V3,f8df28f4927dae39a20a5412eb0ec739248872ecaa1a915157877d28f518b91c,120,23,12,11,67108864,49500136,48972286,527850,111,1982524,110,3356202,1031,70912,8833408,8833408,11,109,4,0,4,0,0,0,65,14,9,0,0,33216,0.118069
regression,syn-grid-224x224-v1,68ea3f6fb3351e026b850d631b3f5618a4dca8c80ba8d3ce5055543b14d04e23,churn,100,5,strict-alternating,medium,29,0,2,COLD,f8df28f4927dae39a20a5412eb0ec739248872ecaa1a915157877d28f518b91c,120,23,12,11,67108864,277697771,277691557,6214,1678827,4876473,2117948,4886491,281,311,0,0,120,0,0,0,0,0,0,0,0,0,0,0,0,24972,0.346724
regression,syn-grid-224x224-v1,68ea3f6fb3351e026b850d631b3f5618a4dca8c80ba8d3ce5055543b14d04e23,churn,100,5,strict-alternating,medium,29,0,3,B3L,f8df28f4927dae39a20a5412eb0ec739248872ecaa1a915157877d28f518b91c,120,23,12,11,67108864,32982793,32461678,521115,60,4359,51,161,291,56496,8831040,8831040,4,116,0,0,0,0,0,0,0,0,0,0,0,33208,0.104510
regression,syn-grid-224x224-v1,68ea3f6fb3351e026b850d631b3f5618a4dca8c80ba8d3ce5055543b14d04e23,churn,100,5,strict-alternating,medium,29,0,4,FREQ-LRU-REPAIR,f8df28f4927dae39a20a5412eb0ec739248872ecaa1a915157877d28f518b91c,120,23,12,11,67108864,62914685,62386344,528341,120,2335284,111,3280711,1012,59181,8831408,8831408,16,104,4,0,4,0,0,0,63,11,9,0,0,33404,0.132670
regression,syn-grid-224x224-v1,68ea3f6fb3351e026b850d631b3f5618a4dca8c80ba8d3ce5055543b14d04e23,churn,100,5,strict-alternating,medium,29,0,5,ADES,f8df28f4927dae39a20a5412eb0ec739248872ecaa1a915157877d28f518b91c,120,23,12,11,67108864,73936226,73407448,528778,120,3283796,110,3698511,991,58008,8831408,8831408,21,99,4,0,4,0,0,0,62,9,8,0,0,33332,0.143411
regression,syn-grid-224x224-v1,68ea3f6fb3351e026b850d631b3f5618a4dca8c80ba8d3ce5055543b14d04e23,churn,100,50,strict-alternating,medium,7,0,0,ADES-V2,2c50d606633a98304d67157c08605d861455a20f07b8c6a8b13fc5ff4303b318,120,2,1,1,16777216,75268626,75264499,4127,130,4029780,130,4029780,831,3296,8833408,8833408,27,93,4,0,4,0,0,0,6,0,1,0,0,33096,0.145172
regression,syn-grid-224x224-v1,68ea3f6fb3351e026b850d631b3f5618a4dca8c80ba8d3ce5055543b14d04e23,churn,100,50,strict-alternating,medium,7,0,1,ADES-V3,2c50d606633a98304d67157c08605d861455a20f07b8c6a8b13fc5ff4303b318,120,2,1,1,16777216,51108944,51103494,5450,111,3579589,111,3579589,761,4689,8833408,8833408,11,109,4,0,4,0,0,0,6,0,2,0,0,32896,0.120420
regression,syn-grid-224x224-v1,68ea3f6fb3351e026b850d631b3f5618a4dca8c80ba8d3ce5055543b14d04e23,churn,100,50,strict-alternating,medium,7,0,2,COLD,2c50d606633a98304d67157c08605d861455a20f07b8c6a8b13fc5ff4303b318,120,2,1,1,16777216,242854777,242854105,672,1704455,4686998,1733669,4686998,271,401,0,0,120,0,0,0,0,0,0,0,0,0,0,0,0,25268,0.311148
regression,syn-grid-224x224-v1,68ea3f6fb3351e026b850d631b3f5618a4dca8c80ba8d3ce5055543b14d04e23,churn,100,50,strict-alternating,medium,7,0,3,B3L,2c50d606633a98304d67157c08605d861455a20f07b8c6a8b13fc5ff4303b318,120,2,1,1,16777216,35276543,35272675,3868,60,191,60,171,271,3597,8831040,8831040,4,116,0,0,0,0,0,0,0,0,0,0,0,32904,0.104417
regression,syn-grid-224x224-v1,68ea3f6fb3351e026b850d631b3f5618a4dca8c80ba8d3ce5055543b14d04e23,churn,100,50,strict-alternating,medium,7,0,4,FREQ-LRU-REPAIR,2c50d606633a98304d67157c08605d861455a20f07b8c6a8b13fc5ff4303b318,120,2,1,1,16777216,69946311,69941432,4879,111,3936246,111,3936246,721,4158,8831408,8831408,16,104,4,0,4,0,0,0,6,0,2,0,0,33328,0.139141
regression,syn-grid-224x224-v1,68ea3f6fb3351e026b850d631b3f5618a4dca8c80ba8d3ce5055543b14d04e23,churn,100,50,strict-alternating,medium,7,0,5,ADES,2c50d606633a98304d67157c08605d861455a20f07b8c6a8b13fc5ff4303b318,120,2,1,1,16777216,72539949,72534729,5220,120,3974837,111,3974837,721,4499,8831408,8831408,20,100,4,0,4,0,0,0,6,0,2,0,0,32984,0.142987
regression,syn-grid-224x224-v1,68ea3f6fb3351e026b850d631b3f5618a4dca8c80ba8d3ce5055543b14d04e23,churn,100,50,strict-alternating,medium,7,0,0,ADES-V3,2c50d606633a98304d67157c08605d861455a20f07b8c6a8b13fc5ff4303b318,120,2,1,1,67108864,51119686,51114536,5150,111,3567016,110,3567016,772,4378,8833408,8833408,11,109,4,0,4,0,0,0,6,0,2,0,0,32872,0.119797
regression,syn-grid-224x224-v1,68ea3f6fb3351e026b850d631b3f5618a4dca8c80ba8d3ce5055543b14d04e23,churn,100,50,strict-alternating,medium,7,0,1,COLD,2c50d606633a98304d67157c08605d861455a20f07b8c6a8b13fc5ff4303b318,120,2,1,1,67108864,242975194,242974512,682,1686822,4630803,1733450,4630803,271,411,0,0,120,0,0,0,0,0,0,0,0,0,0,0,0,25784,0.312299
regression,syn-grid-224x224-v1,68ea3f6fb3351e026b850d631b3f5618a4dca8c80ba8d3ce5055543b14d04e23,churn,100,50,strict-alternating,medium,7,0,2,B3L,2c50d606633a98304d67157c08605d861455a20f07b8c6a8b13fc5ff4303b318,120,2,1,1,67108864,33062851,33058864,3987,50,161,50,151,291,3696,8831040,8831040,4,116,0,0,0,0,0,0,0,0,0,0,0,32892,0.101586
regression,syn-grid-224x224-v1,68ea3f6fb3351e026b850d631b3f5618a4dca8c80ba8d3ce5055543b14d04e23,churn,100,50,strict-alternating,medium,7,0,3,FREQ-LRU-REPAIR,2c50d606633a98304d67157c08605d861455a20f07b8c6a8b13fc5ff4303b318,120,2,1,1,67108864,70311736,70306748,4988,111,3989274,111,3989274,711,4277,8831408,8831408,16,104,4,0,4,0,0,0,6,0,2,0,0,33404,0.139776
regression,syn-grid-224x224-v1,68ea3f6fb3351e026b850d631b3f5618a4dca8c80ba8d3ce5055543b14d04e23,churn,100,50,strict-alternating,medium,7,0,4,ADES,2c50d606633a98304d67157c08605d861455a20f07b8c6a8b13fc5ff4303b318,120,2,1,1,67108864,72572859,72567940,4919,110,3920456,110,3920456,721,4198,8831408,8831408,20,100,4,0,4,0,0,0,6,0,2,0,0,33068,0.141958
regression,syn-grid-224x224-v1,68ea3f6fb3351e026b850d631b3f5618a4dca8c80ba8d3ce5055543b14d04e23,churn,100,50,strict-alternating,medium,7,0,5,ADES-V2,2c50d606633a98304d67157c08605d861455a20f07b8c6a8b13fc5ff4303b318,120,2,1,1,67108864,75632706,75628448,4258,130,4078010,130,4078010,832,3426,8833408,8833408,27,93,4,0,4,0,0,0,6,0,1,0,0,32960,0.145016
regression,syn-grid-224x224-v1,68ea3f6fb3351e026b850d631b3f5618a4dca8c80ba8d3ce5055543b14d04e23,churn,100,50,strict-alternating,medium,17,0,0,ADES-V3,ecc0603dd0ff78e8d73772a03647589ddf57f4b87d4ec8ed333e83d151931cd6,120,2,1,1,16777216,46559073,46553942,5131,111,3887595,111,3887595,772,4359,8833408,8833408,9,111,4,0,4,0,0,0,6,0,2,0,0,32940,0.116911
regression,syn-grid-224x224-v1,68ea3f6fb3351e026b850d631b3f5618a4dca8c80ba8d3ce5055543b14d04e23,churn,100,50,strict-alternating,medium,17,0,1,COLD,ecc0603dd0ff78e8d73772a03647589ddf57f4b87d4ec8ed333e83d151931cd6,120,2,1,1,16777216,300405495,300404894,601,2373625,4981629,2428267,4981629,210,391,0,0,120,0,0,0,0,0,0,0,0,0,0,0,0,25028,0.369927
regression,syn-grid-224x224-v1,68ea3f6fb3351e026b850d631b3f5618a4dca8c80ba8d3ce5055543b14d04e23,churn,100,50,strict-alternating,medium,17,0,2,B3L,ecc0603dd0ff78e8d73772a03647589ddf57f4b87d4ec8ed333e83d151931cd6,120,2,1,1,16777216,32209009,32205663,3346,60,250,60,140,290,3056,8831040,8831040,4,116,0,0,0,0,0,0,0,0,0,0,0,32820,0.101739
regression,syn-grid-224x224-v1,68ea3f6fb3351e026b850d631b3f5618a4dca8c80ba8d3ce5055543b14d04e23,churn,100,50,strict-alternating,medium,17,0,3,FREQ-LRU-REPAIR,ecc0603dd0ff78e8d73772a03647589ddf57f4b87d4ec8ed333e83d151931cd6,120,2,1,1,16777216,75185328,75180289,5039,110,4596349,110,4596349,711,4328,8831408,8831408,16,104,4,0,4,0,0,0,6,0,2,0,0,33300,0.143575
regression,syn-grid-224x224-v1,68ea3f6fb3351e026b850d631b3f5618a4dca8c80ba8d3ce5055543b14d04e23,churn,100,50,strict-alternating,medium,17,0,4,ADES,ecc0603dd0ff78e8d73772a03647589ddf57f4b87d4ec8ed333e83d151931cd6,120,2,1,1,16777216,74855858,74851049,4809,111,4516449,111,4516449,701,4108,8831408,8831408,16,104,4,0,4,0,0,0,6,0,2,0,0,33004,0.144419
regression,syn-grid-224x224-v1,68ea3f6fb3351e026b850d631b3f5618a4dca8c80ba8d3ce5055543b14d04e23,churn,100,50,strict-alternating,medium,17,0,5,ADES-V2,ecc0603dd0ff78e8d73772a03647589ddf57f4b87d4ec8ed333e83d151931cd6,120,2,1,1,16777216,55864722,55859802,4920,120,4526709,111,4526709,802,4118,8833408,8833408,11,109,4,0,4,0,0,0,6,0,2,0,0,33336,0.124976
regression,syn-grid-224x224-v1,68ea3f6fb3351e026b850d631b3f5618a4dca8c80ba8d3ce5055543b14d04e23,churn,100,50,strict-alternating,medium,17,0,0,COLD,ecc0603dd0ff78e8d73772a03647589ddf57f4b87d4ec8ed333e83d151931cd6,120,2,1,1,67108864,302562854,302562172,682,2397100,5003940,2432867,5003940,271,411,0,0,120,0,0,0,0,0,0,0,0,0,0,0,0,25092,0.371027
regression,syn-grid-224x224-v1,68ea3f6fb3351e026b850d631b3f5618a4dca8c80ba8d3ce5055543b14d04e23,churn,100,50,strict-alternating,medium,17,0,1,B3L,ecc0603dd0ff78e8d73772a03647589ddf57f4b87d4ec8ed333e83d151931cd6,120,2,1,1,67108864,32131533,32128147,3386,51,280,51,160,280,3106,8831040,8831040,4,116,0,0,0,0,0,0,0,0,0,0,0,33212,0.101031
regression,syn-grid-224x224-v1,68ea3f6fb3351e026b850d631b3f5618a4dca8c80ba8d3ce5055543b14d04e23,churn,100,50,strict-alternating,medium,17,0,2,FREQ-LRU-REPAIR,ecc0603dd0ff78e8d73772a03647589ddf57f4b87d4ec8ed333e83d151931cd6,120,2,1,1,67108864,74897793,74892804,4989,111,4555062,111,4555062,711,4278,8831408,8831408,16,104,4,0,4,0,0,0,6,0,2,0,0,33340,0.143018
regression,syn-grid-224x224-v1,68ea3f6fb3351e026b850d631b3f5618a4dca8c80ba8d3ce5055543b14d04e23,churn,100,50,strict-alternating,medium,17,0,3,ADES,ecc0603dd0ff78e8d73772a03647589ddf57f4b87d4ec8ed333e83d151931cd6,120,2,1,1,67108864,75113194,75108376,4818,120,4582644,120,4582644,711,4107,8831408,8831408,16,104,4,0,4,0,0,0,6,0,2,0,0,33340,0.144057
regression,syn-grid-224x224-v1,68ea3f6fb3351e026b850d631b3f5618a4dca8c80ba8d3ce5055543b14d04e23,churn,100,50,strict-alternating,medium,17,0,4,ADES-V2,ecc0603dd0ff78e8d73772a03647589ddf57f4b87d4ec8ed333e83d151931cd6,120,2,1,1,67108864,55867968,55863008,4960,110,4449655,110,4449655,762,4198,8833408,8833408,11,109,4,0,4,0,0,0,6,0,2,0,0,33060,0.126871
regression,syn-grid-224x224-v1,68ea3f6fb3351e026b850d631b3f5618a4dca8c80ba8d3ce5055543b14d04e23,churn,100,50,strict-alternating,medium,17,0,5,ADES-V3,ecc0603dd0ff78e8d73772a03647589ddf57f4b87d4ec8ed333e83d151931cd6,120,2,1,1,67108864,46731870,46726018,5852,111,4013233,111,4013233,772,5080,8833408,8833408,9,111,4,0,4,0,0,0,6,0,2,0,0,32756,0.117253
regression,syn-grid-224x224-v1,68ea3f6fb3351e026b850d631b3f5618a4dca8c80ba8d3ce5055543b14d04e23,churn,100,50,strict-alternating,medium,29,0,0,COLD,589dc6713979f347dbc4f498f78c61b13858fb308b855719d529cf4dee521b17,120,2,1,1,16777216,275802736,275801965,771,1902104,4931504,2028440,4931504,360,411,0,0,120,0,0,0,0,0,0,0,0,0,0,0,0,25880,0.345319
regression,syn-grid-224x224-v1,68ea3f6fb3351e026b850d631b3f5618a4dca8c80ba8d3ce5055543b14d04e23,churn,100,50,strict-alternating,medium,29,0,1,B3L,589dc6713979f347dbc4f498f78c61b13858fb308b855719d529cf4dee521b17,120,2,1,1,16777216,32443604,32442372,1232,51,160,51,150,320,912,8831040,8831040,4,116,0,0,0,0,0,0,0,0,0,0,0,33724,0.102937
regression,syn-grid-224x224-v1,68ea3f6fb3351e026b850d631b3f5618a4dca8c80ba8d3ce5055543b14d04e23,churn,100,50,strict-alternating,medium,29,0,2,FREQ-LRU-REPAIR,589dc6713979f347dbc4f498f78c61b13858fb308b855719d529cf4dee521b17,120,2,1,1,16777216,59727635,59724799,2836,120,2251987,120,2251987,1393,1443,8831408,8831408,16,104,4,0,4,0,0,0,6,2,0,0,0,33908,0.129397
regression,syn-grid-224x224-v1,68ea3f6fb3351e026b850d631b3f5618a4dca8c80ba8d3ce5055543b14d04e23,churn,100,50,strict-alternating,medium,29,0,3,ADES,589dc6713979f347dbc4f498f78c61b13858fb308b855719d529cf4dee521b17,120,2,1,1,16777216,70502049,70499304,2745,111,3226568,111,3226568,1283,1462,8831408,8831408,20,100,4,0,4,0,0,0,6,2,0,0,0,33028,0.139728
regression,syn-grid-224x224-v1,68ea3f6fb3351e026b850d631b3f5618a4dca8c80ba8d3ce5055543b14d04e23,churn,100,50,strict-alternating,medium,29,0,4,ADES-V2,589dc6713979f347dbc4f498f78c61b13858fb308b855719d529cf4dee521b17,120,2,1,1,16777216,83482440,83479754,2686,130,4156005,130,4156005,1263,1423,8833408,8833408,32,88,4,0,4,0,0,0,5,2,0,0,0,33344,0.152465
regression,syn-grid-224x224-v1,68ea3f6fb3351e026b850d631b3f5618a4dca8c80ba8d3ce5055543b14d04e23,churn,100,50,strict-alternating,medium,29,0,5,ADES-V3,589dc6713979f347dbc4f498f78c61b13858fb308b855719d529cf4dee521b17,120,2,1,1,16777216,51192595,51189840,2755,120,2941346,120,2941346,1342,1413,8833408,8833408,16,104,4,0,4,0,0,0,6,2,0,0,0,32856,0.120594
regression,syn-grid-224x224-v1,68ea3f6fb3351e026b850d631b3f5618a4dca8c80ba8d3ce5055543b14d04e23,churn,100,50,strict-alternating,medium,29,0,0,B3L,589dc6713979f347dbc4f498f78c61b13858fb308b855719d529cf4dee521b17,120,2,1,1,67108864,32326954,32325751,1203,60,180,60,151,261,942,8831040,8831040,4,116,0,0,0,0,0,0,0,0,0,0,0,32896,0.101133
regression,syn-grid-224x224-v1,68ea3f6fb3351e026b850d631b3f5618a4dca8c80ba8d3ce5055543b14d04e23,churn,100,50,strict-alternating,medium,29,0,1,FREQ-LRU-REPAIR,589dc6713979f347dbc4f498f78c61b13858fb308b855719d529cf4dee521b17,120,2,1,1,67108864,59427784,59424869,2915,111,2246086,111,2246086,1442,1473,8831408,8831408,16,104,4,0,4,0,0,0,6,2,0,0,0,33000,0.128866
regression,syn-grid-224x224-v1,68ea3f6fb3351e026b850d631b3f5618a4dca8c80ba8d3ce5055543b14d04e23,churn,100,50,strict-alternating,medium,29,0,2,ADES,589dc6713979f347dbc4f498f78c61b13858fb308b855719d529cf4dee521b17,120,2,1,1,67108864,70755068,70752353,2715,111,3279478,111,3279478,1262,1453,8831408,8831408,20,100,4,0,4,0,0,0,6,2,0,0,0,33336,0.139047
regression,syn-grid-224x224-v1,68ea3f6fb3351e026b850d631b3f5618a4dca8c80ba8d3ce5055543b14d04e23,churn,100,50,strict-alternating,medium,29,0,3,ADES-V2,589dc6713979f347dbc4f498f78c61b13858fb308b855719d529cf4dee521b17,120,2,1,1,67108864,83587261,83584676,2585,130,4157157,130,4157157,1282,1303,8833408,8833408,32,88,4,0,4,0,0,0,5,2,0,0,0,33340,0.152424
regression,syn-grid-224x224-v1,68ea3f6fb3351e026b850d631b3f5618a4dca8c80ba8d3ce5055543b14d04e23,churn,100,50,strict-alternating,medium,29,0,4,ADES-V3,589dc6713979f347dbc4f498f78c61b13858fb308b855719d529cf4dee521b17,120,2,1,1,67108864,50959449,50956774,2675,120,2940605,111,2940605,1293,1382,8833408,8833408,16,104,4,0,4,0,0,0,6,2,0,0,0,33688,0.120165
regression,syn-grid-224x224-v1,68ea3f6fb3351e026b850d631b3f5618a4dca8c80ba8d3ce5055543b14d04e23,churn,100,50,strict-alternating,medium,29,0,5,COLD,589dc6713979f347dbc4f498f78c61b13858fb308b855719d529cf4dee521b17,120,2,1,1,67108864,278416001,278415180,821,1906983,4968263,2073644,4968263,360,461,0,0,120,0,0,0,0,0,0,0,0,0,0,0,0,25116,0.347671
regression,syn-clustered-50000-c100-d6-v1,787dc2f7722ce1c1dee61a465659d0c0447901ecd54e097c919ae012b9746800,hot-pool,85,2,repeated-edge,medium,7,0,0,B3L,75402d300dd1d8e9870af54e4a09f9956274c6f0b0d48bc77b5819b494100e27,120,59,30,29,16777216,317871185,317861465,9720,120,14883036,81,15540304,140,290,15400112,15400112,21,99,0,14,0,0,0,0,0,0,0,0,0,52236,0.426266
regression,syn-clustered-50000-c100-d6-v1,787dc2f7722ce1c1dee61a465659d0c0447901ecd54e097c919ae012b9746800,hot-pool,85,2,repeated-edge,medium,7,0,1,FREQ-LRU-REPAIR,75402d300dd1d8e9870af54e4a09f9956274c6f0b0d48bc77b5819b494100e27,120,59,30,29,16777216,68184904,68142643,42261,211,251099,130,378827,691,972,8800672,8800672,31,89,4,0,4,0,0,0,203,0,0,0,0,43704,0.173563
regression,syn-clustered-50000-c100-d6-v1,787dc2f7722ce1c1dee61a465659d0c0447901ecd54e097c919ae012b9746800,hot-pool,85,2,repeated-edge,medium,7,0,2,ADES,75402d300dd1d8e9870af54e4a09f9956274c6f0b0d48bc77b5819b494100e27,120,59,30,29,16777216,18318958,18307791,11167,94617,275445,127999,280153,190,221,304,304,120,0,0,0,0,0,0,0,0,0,0,0,0,33828,0.122064
regression,syn-clustered-50000-c100-d6-v1,787dc2f7722ce1c1dee61a465659d0c0447901ecd54e097c919ae012b9746800,hot-pool,85,2,repeated-edge,medium,7,0,3,ADES-V2,75402d300dd1d8e9870af54e4a09f9956274c6f0b0d48bc77b5819b494100e27,120,59,30,29,16777216,18473430,18461659,11771,94457,266859,128720,280735,200,231,2032,2032,120,0,0,0,0,0,0,0,0,0,0,0,0,34640,0.121815
regression,syn-clustered-50000-c100-d6-v1,787dc2f7722ce1c1dee61a465659d0c0447901ecd54e097c919ae012b9746800,hot-pool,85,2,repeated-edge,medium,7,0,4,ADES-V3,75402d300dd1d8e9870af54e4a09f9956274c6f0b0d48bc77b5819b494100e27,120,59,30,29,16777216,18361285,18348693,12592,94486,266157,134742,280004,210,261,1856,1856,120,0,0,0,0,0,0,0,0,0,0,0,0,33704,0.127516
regression,syn-clustered-50000-c100-d6-v1,787dc2f7722ce1c1dee61a465659d0c0447901ecd54e097c919ae012b9746800,hot-pool,85,2,repeated-edge,medium,7,0,5,COLD,75402d300dd1d8e9870af54e4a09f9956274c6f0b0d48bc77b5819b494100e27,120,59,30,29,16777216,18158809,18147087,11722,93204,279683,126356,288148,191,261,0,0,120,0,0,0,0,0,0,0,0,0,0,0,0,34580,0.122293
regression,syn-clustered-50000-c100-d6-v1,787dc2f7722ce1c1dee61a465659d0c0447901ecd54e097c919ae012b9746800,hot-pool,85,2,repeated-edge,medium,17,0,0,FREQ-LRU-REPAIR,3698d6e2660a15154a6ab3e96a70f1490f313ce66aec13989ee9c7f386aa24c8,120,59,30,29,16777216,71031328,70989321,42007,320,274172,131,415827,651,982,8800736,8800736,35,85,4,0,4,0,0,0,200,0,0,0,0,43748,0.177458
regression,syn-clustered-50000-c100-d6-v1,787dc2f7722ce1c1dee61a465659d0c0447901ecd54e097c919ae012b9746800,hot-pool,85,2,repeated-edge,medium,17,0,1,ADES,3698d6e2660a15154a6ab3e96a70f1490f313ce66aec13989ee9c7f386aa24c8,120,59,30,29,16777216,20623282,20611446,11836,113833,295995,154460,340619,200,270,368,368,120,0,0,0,0,0,0,0,0,0,0,0,0,34672,0.124843
regression,syn-clustered-50000-c100-d6-v1,787dc2f7722ce1c1dee61a465659d0c0447901ecd54e097c919ae012b9746800,hot-pool,85,2,repeated-edge,medium,17,0,2,ADES-V2,3698d6e2660a15154a6ab3e96a70f1490f313ce66aec13989ee9c7f386aa24c8,120,59,30,29,16777216,20515269,20503021,12248,114164,316082,148989,359092,200,300,2032,2032,120,0,0,0,0,0,0,0,0,0,0,0,0,34672,0.123890
regression,syn-clustered-50000-c100-d6-v1,787dc2f7722ce1c1dee61a465659d0c0447901ecd54e097c919ae012b9746800,hot-pool,85,2,repeated-edge,medium,17,0,3,ADES-V3,3698d6e2660a15154a6ab3e96a70f1490f313ce66aec13989ee9c7f386aa24c8,120,59,30,29,16777216,20465557,20453897,11660,111770,305192,147977,358772,200,260,1856,1856,120,0,0,0,0,0,0,0,0,0,0,0,0,34216,0.124838
regression,syn-clustered-50000-c100-d6-v1,787dc2f7722ce1c1dee61a465659d0c0447901ecd54e097c919ae012b9746800,hot-pool,85,2,repeated-edge,medium,17,0,4,COLD,3698d6e2660a15154a6ab3e96a70f1490f313ce66aec13989ee9c7f386aa24c8,120,59,30,29,16777216,20500990,20488831,12159,110006,311634,153317,345858,201,240,0,0,120,0,0,0,0,0,0,0,0,0,0,0,0,33668,0.123807
regression,syn-clustered-50000-c100-d6-v1,787dc2f7722ce1c1dee61a465659d0c0447901ecd54e097c919ae012b9746800,hot-pool,85,2,repeated-edge,medium,17,0,5,B3L,3698d6e2660a15154a6ab3e96a70f1490f313ce66aec13989ee9c7f386aa24c8,120,59,30,29,16777216,362103145,362093309,9836,131,14750241,90,15585977,150,311,15400112,15400112,24,96,0,17,0,0,0,0,0,0,0,0,0,52180,0.468372
regression,syn-clustered-50000-c100-d6-v1,787dc2f7722ce1c1dee61a465659d0c0447901ecd54e097c919ae012b9746800,hot-pool,85,2,repeated-edge,medium,29,0,0,ADES,90bf5acdcbc2833c211ff54fa65bddcde4253da1aae435d54971bd00cea125fa,120,59,30,29,16777216,21014248,21002375,11873,99696,270104,144510,338292,200,241,384,384,120,0,0,0,0,0,0,0,0,0,0,0,0,35124,0.125192
regression,syn-clustered-50000-c100-d6-v1,787dc2f7722ce1c1dee61a465659d0c0447901ecd54e097c919ae012b9746800,hot-pool,85,2,repeated-edge,medium,29,0,1,ADES-V2,90bf5acdcbc2833c211ff54fa65bddcde4253da1aae435d54971bd00cea125fa,120,59,30,29,16777216,20588613,20576675,11938,98584,264554,143508,337030,200,241,2032,2032,120,0,0,0,0,0,0,0,0,0,0,0,0,35208,0.123081
regression,syn-clustered-50000-c100-d6-v1,787dc2f7722ce1c1dee61a465659d0c0447901ecd54e097c919ae012b9746800,hot-pool,85,2,repeated-edge,medium,29,0,2,ADES-V3,90bf5acdcbc2833c211ff54fa65bddcde4253da1aae435d54971bd00cea125fa,120,59,30,29,16777216,36664070,36650515,13555,97262,295853,147606,348912,211,491,2202000,2202000,120,0,1,0,1,0,0,0,2,0,0,0,0,37244,0.142764
regression,syn-clustered-50000-c100-d6-v1,787dc2f7722ce1c1dee61a465659d0c0447901ecd54e097c919ae012b9746800,hot-pool,85,2,repeated-edge,medium,29,0,3,COLD,90bf5acdcbc2833c211ff54fa65bddcde4253da1aae435d54971bd00cea125fa,120,59,30,29,16777216,20653221,20641416,11805,97602,290933,145582,332851,200,241,0,0,120,0,0,0,0,0,0,0,0,0,0,0,0,34220,0.124258
regression,syn-clustered-50000-c100-d6-v1,787dc2f7722ce1c1dee61a465659d0c0447901ecd54e097c919ae012b9746800,hot-pool,85,2,repeated-edge,medium,29,0,4,B3L,90bf5acdcbc2833c211ff54fa65bddcde4253da1aae435d54971bd00cea125fa,120,59,30,29,16777216,390717549,390629923,87626,220,14805841,141,15496202,882,5189,15400112,15400112,26,94,0,19,0,0,0,0,0,0,0,0,0,52296,0.497485
regression,syn-clustered-50000-c100-d6-v1,787dc2f7722ce1c1dee61a465659d0c0447901ecd54e097c919ae012b9746800,hot-pool,85,2,repeated-edge,medium,29,0,5,FREQ-LRU-REPAIR,90bf5acdcbc2833c211ff54fa65bddcde4253da1aae435d54971bd00cea125fa,120,59,30,29,16777216,70647178,70586874,60304,431,274182,140,327732,862,1884,8800752,8800752,36,84,4,0,4,0,0,0,98,49,51,0,0,42916,0.176229
holdout2,ny-road-distance,7b2446c7ffe6179efbc42af6812448e8cb782f12968ca2bb1d50d979343056d4,hot-pool,70,10,balanced-random,small,101,0,0,B3L,dc77b37af1895989f273cd4e785fde2b6bd29cf3bb541164401568a4a1927f73,120,11,4,7,25165824,4116346122,4116316336,29786,43682381,49050214,43766669,49050214,912,10019,23262480,23262480,91,29,0,89,0,0,0,0,0,0,0,0,0,128368,4.480474
holdout2,ny-road-distance,7b2446c7ffe6179efbc42af6812448e8cb782f12968ca2bb1d50d979343056d4,hot-pool,70,10,balanced-random,small,101,0,1,FREQ-LRU-REPAIR,dc77b37af1895989f273cd4e785fde2b6bd29cf3bb541164401568a4a1927f73,120,11,4,7,25165824,1965933013,1965726007,207006,6488944,64856853,8622381,64856853,2164,171360,23263240,23263256,88,32,13,11,13,0,0,0,11,8,1,0,0,122184,2.329282
holdout2,ny-road-distance,7b2446c7ffe6179efbc42af6812448e8cb782f12968ca2bb1d50d979343056d4,hot-pool,70,10,balanced-random,small,101,0,2,ADES,dc77b37af1895989f273cd4e785fde2b6bd29cf3bb541164401568a4a1927f73,120,11,4,7,25165824,1667213451,1667002309,211142,6357018,41611621,8563470,41611621,3146,161992,23263284,23263284,90,30,6,4,6,0,6,0,10,8,2,0,0,120656,2.030445
holdout2,ny-road-distance,7b2446c7ffe6179efbc42af6812448e8cb782f12968ca2bb1d50d979343056d4,hot-pool,70,10,balanced-random,small,101,0,3,ADES-V2,dc77b37af1895989f273cd4e785fde2b6bd29cf3bb541164401568a4a1927f73,120,11,4,7,25165824,1154870360,1154617938,252422,2492507,31316685,4968243,31316685,3686,207297,23264680,23264680,79,41,2,0,2,0,0,0,13,8,1,0,0,121132,1.520933
holdout2,ny-road-distance,7b2446c7ffe6179efbc42af6812448e8cb782f12968ca2bb1d50d979343056d4,hot-pool,70,10,balanced-random,small,101,0,4,ADES-V3,dc77b37af1895989f273cd4e785fde2b6bd29cf3bb541164401568a4a1927f73,120,11,4,7,25165824,1500384269,1500150372,233897,3425701,47685659,5259099,47685659,2876,191046,23264592,23264592,77,43,10,8,10,0,0,0,10,10,2,0,0,130476,1.863011
holdout2,ny-road-distance,7b2446c7ffe6179efbc42af6812448e8cb782f12968ca2bb1d50d979343056d4,hot-pool,70,10,balanced-random,small,101,0,5,COLD,dc77b37af1895989f273cd4e785fde2b6bd29cf3bb541164401568a4a1927f73,120,11,4,7,25165824,1870221760,1870214127,7633,15026703,29993605,16010951,29993605,641,1352,0,0,120,0,0,0,0,0,0,0,0,0,0,0,0,97460,2.233205
holdout2,ny-road-distance,7b2446c7ffe6179efbc42af6812448e8cb782f12968ca2bb1d50d979343056d4,hot-pool,70,10,balanced-random,small,101,0,0,FREQ-LRU-REPAIR,dc77b37af1895989f273cd4e785fde2b6bd29cf3bb541164401568a4a1927f73,120,11,4,7,50331648,989589278,989251808,337470,642,32448138,490,32448138,2525,284762,46525904,46525904,52,68,4,0,4,0,0,0,20,14,2,0,0,143852,1.354000
holdout2,ny-road-distance,7b2446c7ffe6179efbc42af6812448e8cb782f12968ca2bb1d50d979343056d4,hot-pool,70,10,balanced-random,small,101,0,1,ADES,dc77b37af1895989f273cd4e785fde2b6bd29cf3bb541164401568a4a1927f73,120,11,4,7,50331648,1009904988,1009547741,357247,711,32751284,431,32751284,3286,304208,46525904,46525904,53,67,4,0,4,0,0,0,20,14,2,0,0,143812,1.373650
holdout2,ny-road-distance,7b2446c7ffe6179efbc42af6812448e8cb782f12968ca2bb1d50d979343056d4,hot-pool,70,10,balanced-random,small,101,0,2,ADES-V2,dc77b37af1895989f273cd4e785fde2b6bd29cf3bb541164401568a4a1927f73,120,11,4,7,50331648,870599893,870256994,342899,1833,32433310,681,32433310,2274,290462,34896004,34896004,58,62,3,0,3,0,0,0,18,13,2,0,0,133644,1.237402
holdout2,ny-road-distance,7b2446c7ffe6179efbc42af6812448e8cb782f12968ca2bb1d50d979343056d4,hot-pool,70,10,balanced-random,small,101,0,3,ADES-V3,dc77b37af1895989f273cd4e785fde2b6bd29cf3bb541164401568a4a1927f73,120,11,4,7,50331648,776336714,775996718,339996,621,32679199,521,32679199,3456,283570,46527328,46527328,46,74,4,0,4,0,0,0,24,14,2,0,0,143948,1.142694
holdout2,ny-road-distance,7b2446c7ffe6179efbc42af6812448e8cb782f12968ca2bb1d50d979343056d4,hot-pool,70,10,balanced-random,small,101,0,4,COLD,dc77b37af1895989f273cd4e785fde2b6bd29cf3bb541164401568a4a1927f73,120,11,4,7,50331648,1829987136,1829967349,19787,13907556,30490941,15249132,30490941,862,11762,0,0,120,0,0,0,0,0,0,0,0,0,0,0,0,98536,2.190414
holdout2,ny-road-distance,7b2446c7ffe6179efbc42af6812448e8cb782f12968ca2bb1d50d979343056d4,hot-pool,70,10,balanced-random,small,101,0,5,B3L,dc77b37af1895989f273cd4e785fde2b6bd29cf3bb541164401568a4a1927f73,120,11,4,7,50331648,3033564698,3033365287,199411,42217781,49913290,43199566,49913290,1763,159558,46524960,46524960,66,54,0,62,0,0,0,0,0,0,0,0,0,152152,3.400675
holdout2,ny-road-distance,7b2446c7ffe6179efbc42af6812448e8cb782f12968ca2bb1d50d979343056d4,hot-pool,70,10,balanced-random,small,137,0,0,FREQ-LRU-REPAIR,926c27dbe13f2a9071f69fa15616dd0143c2eaa44ba16c7d31fe8baef40aef87,120,11,7,4,25165824,1915887854,1915862576,25278,7645532,68168579,10789486,68168579,1763,4469,23263224,23263224,84,36,12,10,12,0,0,0,12,3,5,0,0,121212,2.280052
holdout2,ny-road-distance,7b2446c7ffe6179efbc42af6812448e8cb782f12968ca2bb1d50d979343056d4,hot-pool,70,10,balanced-random,small,137,0,1,ADES,926c27dbe13f2a9071f69fa15616dd0143c2eaa44ba16c7d31fe8baef40aef87,120,11,7,4,25165824,1615784270,1615763361,20909,6036578,62776456,9000635,62776456,1713,3687,23263252,23263252,86,34,7,5,7,0,4,0,14,3,3,0,0,122256,1.978171
holdout2,ny-road-distance,7b2446c7ffe6179efbc42af6812448e8cb782f12968ca2bb1d50d979343056d4,hot-pool,70,10,balanced-random,small,137,0,2,ADES-V2,926c27dbe13f2a9071f69fa15616dd0143c2eaa44ba16c7d31fe8baef40aef87,120,11,7,4,25165824,1310687517,1310657929,29588,6499876,31301624,8688676,31301624,2856,4789,23264680,23264680,80,40,3,1,3,0,0,0,14,3,4,0,0,129508,1.673082
holdout2,ny-road-distance,7b2446c7ffe6179efbc42af6812448e8cb782f12968ca2bb1d50d979343056d4,hot-pool,70,10,balanced-random,small,137,0,3,ADES-V3,926c27dbe13f2a9071f69fa15616dd0143c2eaa44ba16c7d31fe8baef40aef87,120,11,7,4,25165824,1813901910,1813875031,26879,9878359,47859936,11182377,47859936,2455,4027,23264592,23264592,83,37,15,13,15,0,0,0,13,4,4,0,0,128468,2.177323
holdout2,ny-road-distance,7b2446c7ffe6179efbc42af6812448e8cb782f12968ca2bb1d50d979343056d4,hot-pool,70,10,balanced-random,small,137,0,4,COLD,926c27dbe13f2a9071f69fa15616dd0143c2eaa44ba16c7d31fe8baef40aef87,120,11,7,4,25165824,1758227377,1758219641,7736,12284066,27944681,14577221,27944681,661,1042,0,0,120,0,0,0,0,0,0,0,0,0,0,0,0,97456,2.119269
holdout2,ny-road-distance,7b2446c7ffe6179efbc42af6812448e8cb782f12968ca2bb1d50d979343056d4,hot-pool,70,10,balanced-random,small,137,0,5,B3L,926c27dbe13f2a9071f69fa15616dd0143c2eaa44ba16c7d31fe8baef40aef87,120,11,7,4,25165824,4033404211,4033383553,20658,44670149,49153875,44972471,49153875,1713,4018,23262480,23262480,87,33,0,85,0,0,0,0,0,0,0,0,0,129480,4.397946
holdout2,ny-road-distance,7b2446c7ffe6179efbc42af6812448e8cb782f12968ca2bb1d50d979343056d4,hot-pool,70,10,balanced-random,small,137,0,0,ADES,926c27dbe13f2a9071f69fa15616dd0143c2eaa44ba16c7d31fe8baef40aef87,120,11,7,4,50331648,996490295,996456172,34123,481,30776388,391,30776388,2234,6091,46525872,46525872,50,70,4,0,4,0,0,0,27,6,5,0,0,144900,1.360958
holdout2,ny-road-distance,7b2446c7ffe6179efbc42af6812448e8cb782f12968ca2bb1d50d979343056d4,hot-pool,70,10,balanced-random,small,137,0,1,ADES-V2,926c27dbe13f2a9071f69fa15616dd0143c2eaa44ba16c7d31fe8baef40aef87,120,11,7,4,50331648,1290964721,1290936769,27952,5385904,35926672,6487382,35926672,2345,4899,46527328,46527328,76,44,4,0,4,0,0,0,14,3,4,0,0,144016,1.654137
holdout2,ny-road-distance,7b2446c7ffe6179efbc42af6812448e8cb782f12968ca2bb1d50d979343056d4,hot-pool,70,10,balanced-random,small,137,0,2,ADES-V3,926c27dbe13f2a9071f69fa15616dd0143c2eaa44ba16c7d31fe8baef40aef87,120,11,7,4,50331648,778283785,778244891,38894,541,30244214,441,30244214,3436,5902,46527328,46527328,43,77,4,0,4,0,0,0,29,6,6,0,0,144004,1.145131
holdout2,ny-road-distance,7b2446c7ffe6179efbc42af6812448e8cb782f12968ca2bb1d50d979343056d4,hot-pool,70,10,balanced-random,small,137,0,3,COLD,926c27dbe13f2a9071f69fa15616dd0143c2eaa44ba16c7d31fe8baef40aef87,120,11,7,4,50331648,1740880215,1740872242,7973,12083840,27774459,14444932,27774459,721,1062,0,0,120,0,0,0,0,0,0,0,0,0,0,0,0,98584,2.102921
holdout2,ny-road-distance,7b2446c7ffe6179efbc42af6812448e8cb782f12968ca2bb1d50d979343056d4,hot-pool,70,10,balanced-random,small,137,0,4,B3L,926c27dbe13f2a9071f69fa15616dd0143c2eaa44ba16c7d31fe8baef40aef87,120,11,7,4,50331648,3194513326,3194290299,223027,43828618,51464945,44482319,51464945,2735,183614,46524960,46524960,68,52,0,64,0,0,0,0,0,0,0,0,0,152180,3.564059
holdout2,ny-road-distance,7b2446c7ffe6179efbc42af6812448e8cb782f12968ca2bb1d50d979343056d4,hot-pool,70,10,balanced-random,small,137,0,5,FREQ-LRU-REPAIR,926c27dbe13f2a9071f69fa15616dd0143c2eaa44ba16c7d31fe8baef40aef87,120,11,7,4,50331648,1000869408,1000836316,33092,501,30329497,411,30329497,2484,5180,46525872,46525872,50,70,4,0,4,0,0,0,27,6,5,0,0,144952,1.366421
holdout2,ny-road-distance,7b2446c7ffe6179efbc42af6812448e8cb782f12968ca2bb1d50d979343056d4,hot-pool,70,10,balanced-random,small,181,0,0,ADES,6e764438db2b1898f9aab3eb7eec2257cce2ca6ead4431315bb50beaef68820a,120,11,6,5,25165824,1403230649,1403171810,58839,3774152,52997671,5152918,52997671,1884,34254,23263076,23263076,77,43,7,5,7,0,5,0,14,3,4,0,0,120692,1.766945
holdout2,ny-road-distance,7b2446c7ffe6179efbc42af6812448e8cb782f12968ca2bb1d50d979343056d4,hot-pool,70,10,balanced-random,small,181,0,1,ADES-V2,6e764438db2b1898f9aab3eb7eec2257cce2ca6ead4431315bb50beaef68820a,120,11,6,5,25165824,1137161273,1137110669,50604,4168659,29105291,5086283,29105291,1623,26670,23264680,23264680,76,44,3,1,3,0,0,0,16,2,4,0,0,128460,1.500830
holdout2,ny-road-distance,7b2446c7ffe6179efbc42af6812448e8cb782f12968ca2bb1d50d979343056d4,hot-pool,70,10,balanced-random,small,181,0,2,ADES-V3,6e764438db2b1898f9aab3eb7eec2257cce2ca6ead4431315bb50beaef68820a,120,11,6,5,25165824,1536543847,1536483213,60634,4807242,47057072,6119413,47057072,1763,35716,23264592,23264592,72,48,14,12,14,0,0,0,15,3,4,0,0,129036,1.901002
holdout2,ny-road-distance,7b2446c7ffe6179efbc42af6812448e8cb782f12968ca2bb1d50d979343056d4,hot-pool,70,10,balanced-random,small,181,0,3,COLD,6e764438db2b1898f9aab3eb7eec2257cce2ca6ead4431315bb50beaef68820a,120,11,6,5,25165824,1726004610,1725996754,7856,13522365,27302041,15392679,27302041,651,932,0,0,120,0,0,0,0,0,0,0,0,0,0,0,0,98616,2.089331
holdout2,ny-road-distance,7b2446c7ffe6179efbc42af6812448e8cb782f12968ca2bb1d50d979343056d4,hot-pool,70,10,balanced-random,small,181,0,4,B3L,6e764438db2b1898f9aab3eb7eec2257cce2ca6ead4431315bb50beaef68820a,120,11,6,5,25165824,3672872344,3670410975,2461369,43963350,48254488,44147624,48254488,822,2161078,23262480,23262480,80,40,0,78,0,0,0,0,0,0,0,0,0,129508,4.036721
holdout2,ny-road-distance,7b2446c7ffe6179efbc42af6812448e8cb782f12968ca2bb1d50d979343056d4,hot-pool,70,10,balanced-random,small,181,0,5,FREQ-LRU-REPAIR,6e764438db2b1898f9aab3eb7eec2257cce2ca6ead4431315bb50beaef68820a,120,11,6,5,25165824,1780771733,1780718485,53248,5059604,66712855,6507679,66712855,1522,31489,23263048,23263048,78,42,13,11,13,0,0,0,15,2,4,0,0,122260,2.142894
holdout2,ny-road-distance,7b2446c7ffe6179efbc42af6812448e8cb782f12968ca2bb1d50d979343056d4,hot-pool,70,10,balanced-random,small,181,0,0,ADES-V2,6e764438db2b1898f9aab3eb7eec2257cce2ca6ead4431315bb50beaef68820a,120,11,6,5,50331648,646883186,646424258,458928,351,29322115,331,29322115,2284,426539,46527328,46527328,32,88,4,0,4,0,0,0,29,5,8,0,0,144944,1.011495
holdout2,ny-road-distance,7b2446c7ffe6179efbc42af6812448e8cb782f12968ca2bb1d50d979343056d4,hot-pool,70,10,balanced-random,small,181,0,1,ADES-V3,6e764438db2b1898f9aab3eb7eec2257cce2ca6ead4431315bb50beaef68820a,120,11,6,5,50331648,602736007,602283261,452746,470,26089053,381,26089053,2484,417392,46527328,46527328,31,89,4,0,4,0,0,0,29,5,8,0,0,144028,0.962761
holdout2,ny-road-distance,7b2446c7ffe6179efbc42af6812448e8cb782f12968ca2bb1d50d979343056d4,hot-pool,70,10,balanced-random,small,181,0,2,COLD,6e764438db2b1898f9aab3eb7eec2257cce2ca6ead4431315bb50beaef68820a,120,11,6,5,50331648,1694422872,1694414365,8507,12861710,26749389,14846509,26749389,792,1112,0,0,120,0,0,0,0,0,0,0,0,0,0,0,0,98568,2.053251
holdout2,ny-road-distance,7b2446c7ffe6179efbc42af6812448e8cb782f12968ca2bb1d50d979343056d4,hot-pool,70,10,balanced-random,small,181,0,3,B3L,6e764438db2b1898f9aab3eb7eec2257cce2ca6ead4431315bb50beaef68820a,120,11,6,5,50331648,2415078735,2412610083,2468652,641,49008628,631,49008628,681,2168562,46524960,46524960,52,68,0,48,0,0,0,0,0,0,0,0,0,152052,2.780467
holdout2,ny-road-distance,7b2446c7ffe6179efbc42af6812448e8cb782f12968ca2bb1d50d979343056d4,hot-pool,70,10,balanced-random,small,181,0,4,FREQ-LRU-REPAIR,6e764438db2b1898f9aab3eb7eec2257cce2ca6ead4431315bb50beaef68820a,120,11,6,5,50331648,748056411,747595530,460881,390,29349346,360,29349346,1994,432468,46525696,46525696,39,81,4,0,4,0,0,0,27,5,8,0,0,145012,1.113674
holdout2,ny-road-distance,7b2446c7ffe6179efbc42af6812448e8cb782f12968ca2bb1d50d979343056d4,hot-pool,70,10,balanced-random,small,181,0,5,ADES,6e764438db2b1898f9aab3eb7eec2257cce2ca6ead4431315bb50beaef68820a,120,11,6,5,50331648,750104243,749636471,467772,341,28976012,330,28976012,2505,435061,46525696,46525696,39,81,4,0,4,0,0,0,27,5,8,0,0,144964,1.115137
holdout2,ny-road-distance,7b2446c7ffe6179efbc42af6812448e8cb782f12968ca2bb1d50d979343056d4,hot-pool,70,100,balanced-random,small,101,0,0,ADES-V2,513c76d5151e04f2afb339dcd95b355ba66a0a01d75c159b5ffe1a7c55fd741a,120,1,1,0,25165824,1137246728,1137230447,16281,4534322,29468017,4534322,29468017,16281,16281,23264680,23264680,78,42,2,0,2,0,0,0,1,0,1,0,0,122316,1.503839
holdout2,ny-road-distance,7b2446c7ffe6179efbc42af6812448e8cb782f12968ca2bb1d50d979343056d4,hot-pool,70,100,balanced-random,small,101,0,1,ADES-V3,513c76d5151e04f2afb339dcd95b355ba66a0a01d75c159b5ffe1a7c55fd741a,120,1,1,0,25165824,1425557486,1425551745,5741,4307536,47151771,4307536,47151771,5741,5741,23264592,23264592,74,46,10,8,10,0,0,0,1,0,1,0,0,130436,1.802579
holdout2,ny-road-distance,7b2446c7ffe6179efbc42af6812448e8cb782f12968ca2bb1d50d979343056d4,hot-pool,70,100,balanced-random,small,101,0,2,COLD,513c76d5151e04f2afb339dcd95b355ba66a0a01d75c159b5ffe1a7c55fd741a,120,1,1,0,25165824,1767359430,1767358798,632,15199110,29165320,15199110,29165320,632,632,0,0,120,0,0,0,0,0,0,0,0,0,0,0,0,97348,2.125651
holdout2,ny-road-distance,7b2446c7ffe6179efbc42af6812448e8cb782f12968ca2bb1d50d979343056d4,hot-pool,70,100,balanced-random,small,101,0,3,B3L,513c76d5151e04f2afb339dcd95b355ba66a0a01d75c159b5ffe1a7c55fd741a,120,1,1,0,25165824,3925155429,3925150320,5109,44002260,47987363,44002260,47987363,5109,5109,23262480,23262480,87,33,0,85,0,0,0,0,0,0,0,0,0,129348,4.290936
holdout2,ny-road-distance,7b2446c7ffe6179efbc42af6812448e8cb782f12968ca2bb1d50d979343056d4,hot-pool,70,100,balanced-random,small,101,0,4,FREQ-LRU-REPAIR,513c76d5151e04f2afb339dcd95b355ba66a0a01d75c159b5ffe1a7c55fd741a,120,1,1,0,25165824,1954509037,1954503517,5520,8541381,59300769,8541381,59300769,5520,5520,23263240,23263256,90,30,13,11,13,0,0,0,1,0,1,0,0,122152,2.317540
holdout2,ny-road-distance,7b2446c7ffe6179efbc42af6812448e8cb782f12968ca2bb1d50d979343056d4,hot-pool,70,100,balanced-random,small,101,0,5,ADES,513c76d5151e04f2afb339dcd95b355ba66a0a01d75c159b5ffe1a7c55fd741a,120,1,1,0,25165824,1525799168,1525793949,5219,6081599,49278870,6081599,49278870,5219,5219,23263264,23263268,84,36,7,5,7,0,4,0,1,0,1,0,0,122304,1.889836
holdout2,ny-road-distance,7b2446c7ffe6179efbc42af6812448e8cb782f12968ca2bb1d50d979343056d4,hot-pool,70,100,balanced-random,small,101,0,0,ADES-V3,513c76d5151e04f2afb339dcd95b355ba66a0a01d75c159b5ffe1a7c55fd741a,120,1,1,0,50331648,747070389,747061443,8946,562,31194313,551,31194313,8946,8946,46527328,46527328,45,75,4,0,4,0,0,0,2,0,2,0,0,143952,1.112302
holdout2,ny-road-distance,7b2446c7ffe6179efbc42af6812448e8cb782f12968ca2bb1d50d979343056d4,hot-pool,70,100,balanced-random,small,101,0,1,COLD,513c76d5151e04f2afb339dcd95b355ba66a0a01d75c159b5ffe1a7c55fd741a,120,1,1,0,50331648,1755347447,1755346676,771,15138675,28728407,15138675,28728407,771,771,0,0,120,0,0,0,0,0,0,0,0,0,0,0,0,97524,2.118384
holdout2,ny-road-distance,7b2446c7ffe6179efbc42af6812448e8cb782f12968ca2bb1d50d979343056d4,hot-pool,70,100,balanced-random,small,101,0,2,B3L,513c76d5151e04f2afb339dcd95b355ba66a0a01d75c159b5ffe1a7c55fd741a,120,1,1,0,50331648,2972846790,2972839326,7464,43063411,47400104,43063411,47400104,7464,7464,46524960,46524960,66,54,0,62,0,0,0,0,0,0,0,0,0,152168,3.336871
holdout2,ny-road-distance,7b2446c7ffe6179efbc42af6812448e8cb782f12968ca2bb1d50d979343056d4,hot-pool,70,100,balanced-random,small,101,0,3,FREQ-LRU-REPAIR,513c76d5151e04f2afb339dcd95b355ba66a0a01d75c159b5ffe1a7c55fd741a,120,1,1,0,50331648,939250685,939241498,9187,471,31049050,471,31049050,9187,9187,46525888,46525888,51,69,4,0,4,0,0,0,2,0,2,0,0,143944,1.301168
holdout2,ny-road-distance,7b2446c7ffe6179efbc42af6812448e8cb782f12968ca2bb1d50d979343056d4,hot-pool,70,100,balanced-random,small,101,0,4,ADES,513c76d5151e04f2afb339dcd95b355ba66a0a01d75c159b5ffe1a7c55fd741a,120,1,1,0,50331648,927833392,927824175,9217,411,30707153,401,30707153,9217,9217,46525888,46525888,52,68,4,0,4,0,0,0,2,0,2,0,0,144860,1.289624
holdout2,ny-road-distance,7b2446c7ffe6179efbc42af6812448e8cb782f12968ca2bb1d50d979343056d4,hot-pool,70,100,balanced-random,small,101,0,5,ADES-V2,513c76d5151e04f2afb339dcd95b355ba66a0a01d75c159b5ffe1a7c55fd741a,120,1,1,0,50331648,822286725,822280995,5730,561,26254907,541,26254907,5730,5730,34896004,34896004,56,64,3,0,3,0,0,0,2,0,1,0,0,132620,1.185304
holdout2,ny-road-distance,7b2446c7ffe6179efbc42af6812448e8cb782f12968ca2bb1d50d979343056d4,hot-pool,70,100,balanced-random,small,137,0,0,ADES-V3,c8f1e0306a1dbf46bdd09fb3f90c31f5d8b3f7fda351b79493066e7598f42d2c,120,1,1,0,25165824,1956061691,1956060208,1483,11574188,49858826,11574188,49858826,1483,1483,23264592,23264592,88,32,17,15,17,0,0,0,2,0,0,0,0,126940,2.320654
holdout2,ny-road-distance,7b2446c7ffe6179efbc42af6812448e8cb782f12968ca2bb1d50d979343056d4,hot-pool,70,100,balanced-random,small,137,0,1,COLD,c8f1e0306a1dbf46bdd09fb3f90c31f5d8b3f7fda351b79493066e7598f42d2c,120,1,1,0,25165824,1733986949,1733986187,762,14221779,28292859,14221779,28292859,762,762,0,0,120,0,0,0,0,0,0,0,0,0,0,0,0,98528,2.100997
holdout2,ny-road-distance,7b2446c7ffe6179efbc42af6812448e8cb782f12968ca2bb1d50d979343056d4,hot-pool,70,100,balanced-random,small,137,0,2,B3L,c8f1e0306a1dbf46bdd09fb3f90c31f5d8b3f7fda351b79493066e7598f42d2c,120,1,1,0,25165824,4239626484,4239626244,240,45457667,48092841,45457667,48092841,240,240,23262480,23262480,91,29,0,89,0,0,0,0,0,0,0,0,0,128336,4.607415
holdout2,ny-road-distance,7b2446c7ffe6179efbc42af6812448e8cb782f12968ca2bb1d50d979343056d4,hot-pool,70,100,balanced-random,small,137,0,3,FREQ-LRU-REPAIR,c8f1e0306a1dbf46bdd09fb3f90c31f5d8b3f7fda351b79493066e7598f42d2c,120,1,1,0,25165824,1826655149,1826653716,1433,10287006,70383941,10287006,70383941,1433,1433,23263256,23263256,82,38,11,9,11,0,0,0,2,0,0,0,0,122268,2.191751
holdout2,ny-road-distance,7b2446c7ffe6179efbc42af6812448e8cb782f12968ca2bb1d50d979343056d4,hot-pool,70,100,balanced-random,small,137,0,4,ADES,c8f1e0306a1dbf46bdd09fb3f90c31f5d8b3f7fda351b79493066e7598f42d2c,120,1,1,0,25165824,1692502698,1692501045,1653,9942494,62048196,9942494,62048196,1653,1653,23263268,23263268,87,33,7,5,7,0,4,0,2,0,0,0,0,121188,2.056634
holdout2,ny-road-distance,7b2446c7ffe6179efbc42af6812448e8cb782f12968ca2bb1d50d979343056d4,hot-pool,70,100,balanced-random,small,137,0,5,ADES-V2,c8f1e0306a1dbf46bdd09fb3f90c31f5d8b3f7fda351b79493066e7598f42d2c,120,1,1,0,25165824,1228008853,1228006929,1924,7081532,29005173,7081532,29005173,1924,1924,23264680,23264680,79,41,2,0,2,0,0,0,2,0,0,0,0,121184,1.591952
holdout2,ny-road-distance,7b2446c7ffe6179efbc42af6812448e8cb782f12968ca2bb1d50d979343056d4,hot-pool,70,100,balanced-random,small,137,0,0,COLD,c8f1e0306a1dbf46bdd09fb3f90c31f5d8b3f7fda351b79493066e7598f42d2c,120,1,1,0,50331648,1745841927,1745841145,782,14010471,28002047,14010471,28002047,782,782,0,0,120,0,0,0,0,0,0,0,0,0,0,0,0,98668,2.107499
holdout2,ny-road-distance,7b2446c7ffe6179efbc42af6812448e8cb782f12968ca2bb1d50d979343056d4,hot-pool,70,100,balanced-random,small,137,0,1,B3L,c8f1e0306a1dbf46bdd09fb3f90c31f5d8b3f7fda351b79493066e7598f42d2c,120,1,1,0,50331648,3338812071,3338811510,561,44593919,47979090,44593919,47979090,561,561,46524960,46524960,72,48,0,68,0,0,0,0,0,0,0,0,0,150084,3.707655
holdout2,ny-road-distance,7b2446c7ffe6179efbc42af6812448e8cb782f12968ca2bb1d50d979343056d4,hot-pool,70,100,balanced-random,small,137,0,2,FREQ-LRU-REPAIR,c8f1e0306a1dbf46bdd09fb3f90c31f5d8b3f7fda351b79493066e7598f42d2c,120,1,1,0,50331648,998502345,998499429,2916,451,31698064,451,31698064,2916,2916,46525904,46525904,52,68,4,0,4,0,0,0,4,0,0,0,0,143996,1.363005
holdout2,ny-road-distance,7b2446c7ffe6179efbc42af6812448e8cb782f12968ca2bb1d50d979343056d4,hot-pool,70,100,balanced-random,small,137,0,3,ADES,c8f1e0306a1dbf46bdd09fb3f90c31f5d8b3f7fda351b79493066e7598f42d2c,120,1,1,0,50331648,1028858726,1028856472,2254,441,30537876,441,30537876,2254,2254,46525904,46525904,53,67,4,0,4,0,0,0,4,0,0,0,0,144948,1.395169
holdout2,ny-road-distance,7b2446c7ffe6179efbc42af6812448e8cb782f12968ca2bb1d50d979343056d4,hot-pool,70,100,balanced-random,small,137,0,4,ADES-V2,c8f1e0306a1dbf46bdd09fb3f90c31f5d8b3f7fda351b79493066e7598f42d2c,120,1,1,0,50331648,1225877480,1225875476,2004,6616699,30332534,6616699,30332534,2004,2004,34896004,34896004,77,43,3,0,3,0,0,0,3,0,0,0,0,132552,1.591054
holdout2,ny-road-distance,7b2446c7ffe6179efbc42af6812448e8cb782f12968ca2bb1d50d979343056d4,hot-pool,70,100,balanced-random,small,137,0,5,ADES-V3,c8f1e0306a1dbf46bdd09fb3f90c31f5d8b3f7fda351b79493066e7598f42d2c,120,1,1,0,50331648,815600958,815597712,3246,591,31127873,591,31127873,3246,3246,46527328,46527328,45,75,4,0,4,0,0,0,4,0,0,0,0,142904,1.180852
holdout2,ny-road-distance,7b2446c7ffe6179efbc42af6812448e8cb782f12968ca2bb1d50d979343056d4,hot-pool,70,100,balanced-random,small,181,0,0,COLD,718d7aa2495e45e03d5380ae669551ff1bf2a0fd9bb8e899454751714ae8bca2,120,1,0,1,25165824,1696783509,1696782687,822,14271849,26628577,14271849,26628577,822,822,0,0,120,0,0,0,0,0,0,0,0,0,0,0,0,97456,2.058364
holdout2,ny-road-distance,7b2446c7ffe6179efbc42af6812448e8cb782f12968ca2bb1d50d979343056d4,hot-pool,70,100,balanced-random,small,181,0,1,B3L,718d7aa2495e45e03d5380ae669551ff1bf2a0fd9bb8e899454751714ae8bca2,120,1,0,1,25165824,3863845305,3863844774,531,44737682,51651754,44737682,51651754,531,531,23262480,23262480,83,37,0,81,0,0,0,0,0,0,0,0,0,126976,4.228487
holdout2,ny-road-distance,7b2446c7ffe6179efbc42af6812448e8cb782f12968ca2bb1d50d979343056d4,hot-pool,70,100,balanced-random,small,181,0,2,FREQ-LRU-REPAIR,718d7aa2495e45e03d5380ae669551ff1bf2a0fd9bb8e899454751714ae8bca2,120,1,0,1,25165824,2049351975,2049350883,1092,10172133,68163465,10172133,68163465,1092,1092,23263080,23263080,86,34,15,13,15,0,0,0,2,0,0,0,0,122264,2.411886
holdout2,ny-road-distance,7b2446c7ffe6179efbc42af6812448e8cb782f12968ca2bb1d50d979343056d4,hot-pool,70,100,balanced-random,small,181,0,3,ADES,718d7aa2495e45e03d5380ae669551ff1bf2a0fd9bb8e899454751714ae8bca2,120,1,0,1,25165824,1337779386,1337778043,1343,4825306,49542605,4825306,49542605,1343,1343,23263092,23263092,75,45,7,5,7,0,4,0,2,0,0,0,0,121200,1.702480
holdout2,ny-road-distance,7b2446c7ffe6179efbc42af6812448e8cb782f12968ca2bb1d50d979343056d4,hot-pool,70,100,balanced-random,small,181,0,4,ADES-V2,718d7aa2495e45e03d5380ae669551ff1bf2a0fd9bb8e899454751714ae8bca2,120,1,0,1,25165824,1126958401,1126957209,1192,4974631,28574043,4974631,28574043,1192,1192,23264680,23264680,76,44,3,1,3,0,0,0,2,0,0,0,0,128392,1.491898
holdout2,ny-road-distance,7b2446c7ffe6179efbc42af6812448e8cb782f12968ca2bb1d50d979343056d4,hot-pool,70,100,balanced-random,small,181,0,5,ADES-V3,718d7aa2495e45e03d5380ae669551ff1bf2a0fd9bb8e899454751714ae8bca2,120,1,0,1,25165824,1705630240,1705628577,1663,6964725,48136261,6964725,48136261,1663,1663,23264592,23264592,75,45,18,16,18,0,0,0,2,0,0,0,0,127452,2.069493
holdout2,ny-road-distance,7b2446c7ffe6179efbc42af6812448e8cb782f12968ca2bb1d50d979343056d4,hot-pool,70,100,balanced-random,small,181,0,0,B3L,718d7aa2495e45e03d5380ae669551ff1bf2a0fd9bb8e899454751714ae8bca2,120,1,0,1,50331648,2626951335,2626950664,671,731,49289413,731,49289413,671,671,46524960,46524960,56,64,0,52,0,0,0,0,0,0,0,0,0,150176,2.990877
holdout2,ny-road-distance,7b2446c7ffe6179efbc42af6812448e8cb782f12968ca2bb1d50d979343056d4,hot-pool,70,100,balanced-random,small,181,0,1,FREQ-LRU-REPAIR,718d7aa2495e45e03d5380ae669551ff1bf2a0fd9bb8e899454751714ae8bca2,120,1,0,1,50331648,769142061,769139816,2245,351,26195762,351,26195762,2245,2245,46525712,46525712,40,80,4,0,4,0,0,0,4,0,0,0,0,143980,1.133469
holdout2,ny-road-distance,7b2446c7ffe6179efbc42af6812448e8cb782f12968ca2bb1d50d979343056d4,hot-pool,70,100,balanced-random,small,181,0,2,ADES,718d7aa2495e45e03d5380ae669551ff1bf2a0fd9bb8e899454751714ae8bca2,120,1,0,1,50331648,770824020,770822257,1763,391,26265002,381,26265002,1763,1763,46525712,46525712,40,80,4,0,4,0,0,0,4,0,0,0,0,143952,1.135825
holdout2,ny-road-distance,7b2446c7ffe6179efbc42af6812448e8cb782f12968ca2bb1d50d979343056d4,hot-pool,70,100,balanced-random,small,181,0,3,ADES-V2,718d7aa2495e45e03d5380ae669551ff1bf2a0fd9bb8e899454751714ae8bca2,120,1,0,1,50331648,931422739,931420826,1913,621,29267258,621,29267258,1913,1913,46527328,46527328,55,65,4,0,4,0,0,0,4,0,0,0,0,143916,1.295587
holdout2,ny-road-distance,7b2446c7ffe6179efbc42af6812448e8cb782f12968ca2bb1d50d979343056d4,hot-pool,70,100,balanced-random,small,181,0,4,ADES-V3,718d7aa2495e45e03d5380ae669551ff1bf2a0fd9bb8e899454751714ae8bca2,120,1,0,1,50331648,659475611,659473326,2285,421,27805407,401,27805407,2285,2285,46527328,46527328,34,86,4,0,4,0,0,0,4,0,0,0,0,142420,1.024701
holdout2,ny-road-distance,7b2446c7ffe6179efbc42af6812448e8cb782f12968ca2bb1d50d979343056d4,hot-pool,70,100,balanced-random,small,181,0,5,COLD,718d7aa2495e45e03d5380ae669551ff1bf2a0fd9bb8e899454751714ae8bca2,120,1,0,1,50331648,1694344434,1694343653,781,14333771,26733781,14333771,26733781,781,781,0,0,120,0,0,0,0,0,0,0,0,0,0,0,0,97620,2.056179
holdout2,ny-road-distance,7b2446c7ffe6179efbc42af6812448e8cb782f12968ca2bb1d50d979343056d4,hot-pool,70,10,increase-only,large,101,0,0,B3L,6914250e5d74ce2a5db10bd485d854800414667c86c56951d03dbc312aeb4328,120,11,11,0,25165824,4173881199,4173828830,52369,44213112,47874421,44394470,47874421,642,39864,23262480,23262480,92,28,0,90,0,0,0,0,0,0,0,0,0,127872,4.537379
holdout2,ny-road-distance,7b2446c7ffe6179efbc42af6812448e8cb782f12968ca2bb1d50d979343056d4,hot-pool,70,10,increase-only,large,101,0,1,FREQ-LRU-REPAIR,6914250e5d74ce2a5db10bd485d854800414667c86c56951d03dbc312aeb4328,120,11,11,0,25165824,2023598306,2023523118,75188,7458882,66189061,11616371,66189061,1803,43681,23263272,23263272,87,33,12,10,12,0,0,0,13,0,7,0,0,122164,2.386164
holdout2,ny-road-distance,7b2446c7ffe6179efbc42af6812448e8cb782f12968ca2bb1d50d979343056d4,hot-pool,70,10,increase-only,large,101,0,2,ADES,6914250e5d74ce2a5db10bd485d854800414667c86c56951d03dbc312aeb4328,120,11,11,0,25165824,1693507952,1693439596,68356,6440674,50190721,9196996,50190721,1723,45043,23263280,23263280,83,37,7,5,7,0,4,0,14,0,6,0,0,122104,2.058411
holdout2,ny-road-distance,7b2446c7ffe6179efbc42af6812448e8cb782f12968ca2bb1d50d979343056d4,hot-pool,70,10,increase-only,large,101,0,3,ADES-V2,6914250e5d74ce2a5db10bd485d854800414667c86c56951d03dbc312aeb4328,120,11,11,0,25165824,1253555714,1253463862,91852,2880995,30315661,5014468,30315661,1864,49021,23264680,23264680,78,42,3,1,3,0,0,0,14,0,8,0,0,128340,1.619583
holdout2,ny-road-distance,7b2446c7ffe6179efbc42af6812448e8cb782f12968ca2bb1d50d979343056d4,hot-pool,70,10,increase-only,large,101,0,4,ADES-V3,6914250e5d74ce2a5db10bd485d854800414667c86c56951d03dbc312aeb4328,120,11,11,0,25165824,1770586719,1770503733,82986,5261387,47454967,6998522,47454967,2014,46126,23264592,23264592,83,37,16,14,16,0,0,0,15,0,7,0,0,130484,2.136254
holdout2,ny-road-distance,7b2446c7ffe6179efbc42af6812448e8cb782f12968ca2bb1d50d979343056d4,hot-pool,70,10,increase-only,large,101,0,5,COLD,6914250e5d74ce2a5db10bd485d854800414667c86c56951d03dbc312aeb4328,120,11,11,0,25165824,1965507861,1965500145,7716,15861516,29598334,17369613,29598334,681,922,0,0,120,0,0,0,0,0,0,0,0,0,0,0,0,97572,2.325525
holdout2,ny-road-distance,7b2446c7ffe6179efbc42af6812448e8cb782f12968ca2bb1d50d979343056d4,hot-pool,70,10,increase-only,large,101,0,0,FREQ-LRU-REPAIR,6914250e5d74ce2a5db10bd485d854800414667c86c56951d03dbc312aeb4328,120,11,11,0,50331648,942580783,942471200,109583,470,31392590,421,31392590,2845,59731,46525904,46525904,52,68,4,0,4,0,0,0,24,0,12,0,0,143948,1.305255
holdout2,ny-road-distance,7b2446c7ffe6179efbc42af6812448e8cb782f12968ca2bb1d50d979343056d4,hot-pool,70,10,increase-only,large,101,0,1,ADES,6914250e5d74ce2a5db10bd485d854800414667c86c56951d03dbc312aeb4328,120,11,11,0,50331648,961212145,961105026,107119,481,31424893,401,31424893,2454,59170,46525904,46525904,52,68,4,0,4,0,0,0,24,0,12,0,0,144988,1.322132
holdout2,ny-road-distance,7b2446c7ffe6179efbc42af6812448e8cb782f12968ca2bb1d50d979343056d4,hot-pool,70,10,increase-only,large,101,0,2,ADES-V2,6914250e5d74ce2a5db10bd485d854800414667c86c56951d03dbc312aeb4328,120,11,11,0,50331648,791101074,790993742,107332,641,30932927,451,30932927,2304,59892,34896004,34896004,53,67,3,0,3,0,0,0,22,0,11,0,0,132480,1.153376
holdout2,ny-road-distance,7b2446c7ffe6179efbc42af6812448e8cb782f12968ca2bb1d50d979343056d4,hot-pool,70,10,increase-only,large,101,0,3,ADES-V3,6914250e5d74ce2a5db10bd485d854800414667c86c56951d03dbc312aeb4328,120,11,11,0,50331648,745097111,744985492,111619,561,31092194,491,31092194,2594,57938,46527328,46527328,45,75,4,0,4,0,0,0,27,0,13,0,0,143004,1.109885
holdout2,ny-road-distance,7b2446c7ffe6179efbc42af6812448e8cb782f12968ca2bb1d50d979343056d4,hot-pool,70,10,increase-only,large,101,0,4,COLD,6914250e5d74ce2a5db10bd485d854800414667c86c56951d03dbc312aeb4328,120,11,11,0,50331648,1960375331,1960367565,7766,16276217,29144256,17472138,29144256,642,962,0,0,120,0,0,0,0,0,0,0,0,0,0,0,0,97560,2.321718
holdout2,ny-road-distance,7b2446c7ffe6179efbc42af6812448e8cb782f12968ca2bb1d50d979343056d4,hot-pool,70,10,increase-only,large,101,0,5,B3L,6914250e5d74ce2a5db10bd485d854800414667c86c56951d03dbc312aeb4328,120,11,11,0,50331648,3329791117,3329697867,93250,43651229,49815762,43791170,49815762,901,61575,46524960,46524960,72,48,0,68,0,0,0,0,0,0,0,0,0,152208,3.697713
holdout2,ny-road-distance,7b2446c7ffe6179efbc42af6812448e8cb782f12968ca2bb1d50d979343056d4,hot-pool,70,10,increase-only,large,137,0,0,FREQ-LRU-REPAIR,3633ab0edb463ceb8a865913ca3fd174db900b4c0ac602b1a24b35e0f8af8d73,120,11,11,0,25165824,1947875144,1893651926,54223218,10178114,56178902,10823927,56178902,3797,54152546,23263368,23263368,92,28,12,10,13,1,0,0,7,0,10,0,0,128412,2.314601
holdout2,ny-road-distance,7b2446c7ffe6179efbc42af6812448e8cb782f12968ca2bb1d50d979343056d4,hot-pool,70,10,increase-only,large,137,0,1,ADES,3633ab0edb463ceb8a865913ca3fd174db900b4c0ac602b1a24b35e0f8af8d73,120,11,11,0,25165824,1626120448,1575671592,50448856,7064212,50375780,8635960,49505478,4869,50375780,23263380,23263380,85,35,7,5,8,1,2,0,7,0,10,0,0,128464,1.987752
holdout2,ny-road-distance,7b2446c7ffe6179efbc42af6812448e8cb782f12968ca2bb1d50d979343056d4,hot-pool,70,10,increase-only,large,137,0,2,ADES-V2,3633ab0edb463ceb8a865913ca3fd174db900b4c0ac602b1a24b35e0f8af8d73,120,11,11,0,25165824,1526558948,1473446340,53112608,8859688,31380460,10055124,30343306,3757,53052867,23264680,23264680,95,25,3,1,4,1,0,0,10,0,8,0,0,129444,1.887477
holdout2,ny-road-distance,7b2446c7ffe6179efbc42af6812448e8cb782f12968ca2bb1d50d979343056d4,hot-pool,70,10,increase-only,large,137,0,3,ADES-V3,3633ab0edb463ceb8a865913ca3fd174db900b4c0ac602b1a24b35e0f8af8d73,120,11,11,0,25165824,1704139296,1652654127,51485169,8836021,46934521,10535681,46857668,3056,51424265,23264592,23264592,82,38,12,10,13,1,0,0,12,0,8,0,0,129548,2.068595
holdout2,ny-road-distance,7b2446c7ffe6179efbc42af6812448e8cb782f12968ca2bb1d50d979343056d4,hot-pool,70,10,increase-only,large,137,0,4,COLD,3633ab0edb463ceb8a865913ca3fd174db900b4c0ac602b1a24b35e0f8af8d73,120,11,11,0,25165824,1639584389,1639577056,7333,11081429,29574972,11909373,29574972,611,1092,0,0,120,0,0,0,0,0,0,0,0,0,0,0,0,97460,1.996986
holdout2,ny-road-distance,7b2446c7ffe6179efbc42af6812448e8cb782f12968ca2bb1d50d979343056d4,hot-pool,70,10,increase-only,large,137,0,5,B3L,3633ab0edb463ceb8a865913ca3fd174db900b4c0ac602b1a24b35e0f8af8d73,120,11,11,0,25165824,4326786091,4325662838,1123253,45549818,48502529,45608067,48502529,3076,1070054,23262480,23262480,93,27,0,91,0,0,0,0,0,0,0,0,0,128400,4.693957
holdout2,ny-road-distance,7b2446c7ffe6179efbc42af6812448e8cb782f12968ca2bb1d50d979343056d4,hot-pool,70,10,increase-only,large,137,0,0,ADES,3633ab0edb463ceb8a865913ca3fd174db900b4c0ac602b1a24b35e0f8af8d73,120,11,11,0,50331648,1153603509,1100568534,53034975,8957,31428476,10930,30088129,8787,52949826,46526016,46526016,60,60,4,0,5,1,0,0,17,0,17,0,0,151136,1.517492
holdout2,ny-road-distance,7b2446c7ffe6179efbc42af6812448e8cb782f12968ca2bb1d50d979343056d4,hot-pool,70,10,increase-only,large,137,0,1,ADES-V2,3633ab0edb463ceb8a865913ca3fd174db900b4c0ac602b1a24b35e0f8af8d73,120,11,11,0,50331648,1451776857,1399248337,52528520,8035529,31623188,8778112,31446479,4658,52467898,46527328,46527328,88,32,4,0,5,1,0,0,11,0,10,0,0,143836,1.810779
holdout2,ny-road-distance,7b2446c7ffe6179efbc42af6812448e8cb782f12968ca2bb1d50d979343056d4,hot-pool,70,10,increase-only,large,137,0,2,ADES-V3,3633ab0edb463ceb8a865913ca3fd174db900b4c0ac602b1a24b35e0f8af8d73,120,11,11,0,50331648,1031940066,978655194,53284872,1072,31835594,681,31327638,9298,53190074,46527328,46527328,54,66,4,0,5,1,0,0,21,0,17,0,0,150108,1.396719
holdout2,ny-road-distance,7b2446c7ffe6179efbc42af6812448e8cb782f12968ca2bb1d50d979343056d4,hot-pool,70,10,increase-only,large,137,0,3,COLD,3633ab0edb463ceb8a865913ca3fd174db900b4c0ac602b1a24b35e0f8af8d73,120,11,11,0,50331648,1618860938,1618853836,7102,10969113,28955670,11713641,28955670,641,912,0,0,120,0,0,0,0,0,0,0,0,0,0,0,0,97508,1.980040
holdout2,ny-road-distance,7b2446c7ffe6179efbc42af6812448e8cb782f12968ca2bb1d50d979343056d4,hot-pool,70,10,increase-only,large,137,0,4,B3L,3633ab0edb463ceb8a865913ca3fd174db900b4c0ac602b1a24b35e0f8af8d73,120,11,11,0,50331648,3444429830,3442216338,2213492,44240046,49280597,44524285,49280597,7915,1857560,46524960,46524960,74,46,0,70,0,0,0,0,0,0,0,0,0,151128,3.807630
holdout2,ny-road-distance,7b2446c7ffe6179efbc42af6812448e8cb782f12968ca2bb1d50d979343056d4,hot-pool,70,10,increase-only,large,137,0,5,FREQ-LRU-REPAIR,3633ab0edb463ceb8a865913ca3fd174db900b4c0ac602b1a24b35e0f8af8d73,120,11,11,0,50331648,1120054794,1070975661,49079133,5170,30719685,742,30015022,8747,48996157,46526016,46526016,59,61,4,0,5,1,0,0,18,0,17,0,0,152328,1.481514
holdout2,ny-road-distance,7b2446c7ffe6179efbc42af6812448e8cb782f12968ca2bb1d50d979343056d4,hot-pool,70,10,increase-only,large,181,0,0,ADES,26cb7fc8c4d6667287369d7d68f99b3dc4eddbef1ac72a0857fb7378a4e00d59,120,11,11,0,25165824,1426113112,1425976739,136373,3641417,63220135,5248442,63220135,4849,67375,23263136,23263140,73,47,7,5,7,0,3,0,9,0,12,0,0,121356,1.787236
holdout2,ny-road-distance,7b2446c7ffe6179efbc42af6812448e8cb782f12968ca2bb1d50d979343056d4,hot-pool,70,10,increase-only,large,181,0,1,ADES-V2,26cb7fc8c4d6667287369d7d68f99b3dc4eddbef1ac72a0857fb7378a4e00d59,120,11,11,0,25165824,1077508453,1076844897,663556,2556144,28794880,4598691,28794880,4498,557459,23264680,23264680,73,47,3,1,3,0,0,0,11,0,11,0,0,129556,1.439996
holdout2,ny-road-distance,7b2446c7ffe6179efbc42af6812448e8cb782f12968ca2bb1d50d979343056d4,hot-pool,70,10,increase-only,large,181,0,2,ADES-V3,26cb7fc8c4d6667287369d7d68f99b3dc4eddbef1ac72a0857fb7378a4e00d59,120,11,11,0,25165824,1592849853,1592248463,601390,3797906,47188046,6594416,47188046,5740,515951,23264592,23264592,73,47,15,13,15,0,0,0,10,0,12,0,0,129440,1.950995
holdout2,ny-road-distance,7b2446c7ffe6179efbc42af6812448e8cb782f12968ca2bb1d50d979343056d4,hot-pool,70,10,increase-only,large,181,0,3,COLD,26cb7fc8c4d6667287369d7d68f99b3dc4eddbef1ac72a0857fb7378a4e00d59,120,11,11,0,25165824,1692851600,1692843385,8215,12210957,26842906,13831417,26842906,711,1032,0,0,120,0,0,0,0,0,0,0,0,0,0,0,0,97492,2.047277
holdout2,ny-road-distance,7b2446c7ffe6179efbc42af6812448e8cb782f12968ca2bb1d50d979343056d4,hot-pool,70,10,increase-only,large,181,0,4,B3L,26cb7fc8c4d6667287369d7d68f99b3dc4eddbef1ac72a0857fb7378a4e00d59,120,11,11,0,25165824,3920971852,3920844725,127127,43990894,49002836,44229850,49002836,4618,49602,23262480,23262480,86,34,0,84,0,0,0,0,0,0,0,0,0,129524,4.284288
holdout2,ny-road-distance,7b2446c7ffe6179efbc42af6812448e8cb782f12968ca2bb1d50d979343056d4,hot-pool,70,10,increase-only,large,181,0,5,FREQ-LRU-REPAIR,26cb7fc8c4d6667287369d7d68f99b3dc4eddbef1ac72a0857fb7378a4e00d59,120,11,11,0,25165824,1863780079,1863152086,627993,6108514,64147883,9801637,64147883,5250,521112,23263128,23263128,80,40,12,10,12,0,0,0,8,0,13,0,0,122272,2.227536
holdout2,ny-road-distance,7b2446c7ffe6179efbc42af6812448e8cb782f12968ca2bb1d50d979343056d4,hot-pool,70,10,increase-only,large,181,0,0,ADES-V2,26cb7fc8c4d6667287369d7d68f99b3dc4eddbef1ac72a0857fb7378a4e00d59,120,11,11,0,50331648,703757714,703048650,709064,420,28760022,390,28760022,7705,563922,46527328,46527328,35,85,4,0,4,0,0,0,18,0,24,0,0,144984,1.067634
holdout2,ny-road-distance,7b2446c7ffe6179efbc42af6812448e8cb782f12968ca2bb1d50d979343056d4,hot-pool,70,10,increase-only,large,181,0,1,ADES-V3,26cb7fc8c4d6667287369d7d68f99b3dc4eddbef1ac72a0857fb7378a4e00d59,120,11,11,0,50331648,705373580,704679694,693886,441,29152915,401,29152915,7434,549275,46527328,46527328,35,85,4,0,4,0,0,0,18,0,24,0,0,142888,1.069182
holdout2,ny-road-distance,7b2446c7ffe6179efbc42af6812448e8cb782f12968ca2bb1d50d979343056d4,hot-pool,70,10,increase-only,large,181,0,2,COLD,26cb7fc8c4d6667287369d7d68f99b3dc4eddbef1ac72a0857fb7378a4e00d59,120,11,11,0,50331648,1704319009,1704309702,9307,12533806,26927113,13552518,26927113,802,1192,0,0,120,0,0,0,0,0,0,0,0,0,0,0,0,98548,2.064835
holdout2,ny-road-distance,7b2446c7ffe6179efbc42af6812448e8cb782f12968ca2bb1d50d979343056d4,hot-pool,70,10,increase-only,large,181,0,3,B3L,26cb7fc8c4d6667287369d7d68f99b3dc4eddbef1ac72a0857fb7378a4e00d59,120,11,11,0,50331648,2630661178,2630091899,569279,801,47893181,651,47893181,8836,401839,46524960,46524960,57,63,0,53,0,0,0,0,0,0,0,0,0,151144,2.995712
holdout2,ny-road-distance,7b2446c7ffe6179efbc42af6812448e8cb782f12968ca2bb1d50d979343056d4,hot-pool,70,10,increase-only,large,181,0,4,FREQ-LRU-REPAIR,26cb7fc8c4d6667287369d7d68f99b3dc4eddbef1ac72a0857fb7378a4e00d59,120,11,11,0,50331648,858993944,858290035,703909,391,29109326,341,29109326,7715,559969,46525760,46525760,43,77,4,0,4,0,0,0,15,0,24,0,0,143948,1.225318
holdout2,ny-road-distance,7b2446c7ffe6179efbc42af6812448e8cb782f12968ca2bb1d50d979343056d4,hot-pool,70,10,increase-only,large,181,0,5,ADES,26cb7fc8c4d6667287369d7d68f99b3dc4eddbef1ac72a0857fb7378a4e00d59,120,11,11,0,50331648,880443683,879745690,697993,481,29180800,431,29180800,7815,556046,46525760,46525760,45,75,4,0,4,0,0,0,15,0,23,0,0,145016,1.245206
holdout2,ny-road-distance,7b2446c7ffe6179efbc42af6812448e8cb782f12968ca2bb1d50d979343056d4,hot-pool,70,100,increase-only,large,101,0,0,ADES-V2,e35313c6c46a85f553551134378db72a706b0a6da151ac77da4c687ef230b97a,120,1,1,0,25165824,1160747773,1160736372,11401,4420981,29003395,4420981,29003395,11401,11401,23264680,23264680,79,41,2,0,2,0,0,0,1,0,1,0,0,122112,1.525467
holdout2,ny-road-distance,7b2446c7ffe6179efbc42af6812448e8cb782f12968ca2bb1d50d979343056d4,hot-pool,70,100,increase-only,large,101,0,1,ADES-V3,e35313c6c46a85f553551134378db72a706b0a6da151ac77da4c687ef230b97a,120,1,1,0,25165824,1584633317,1584590758,42559,6878015,46540722,6878015,46540722,42559,42559,23264592,23264592,79,41,12,10,12,0,0,0,1,0,1,0,0,129556,1.947041
holdout2,ny-road-distance,7b2446c7ffe6179efbc42af6812448e8cb782f12968ca2bb1d50d979343056d4,hot-pool,70,100,increase-only,large,101,0,2,COLD,e35313c6c46a85f553551134378db72a706b0a6da151ac77da4c687ef230b97a,120,1,1,0,25165824,1806891286,1806890494,792,15805647,28696640,15805647,28696640,792,792,0,0,120,0,0,0,0,0,0,0,0,0,0,0,0,97456,2.169955
holdout2,ny-road-distance,7b2446c7ffe6179efbc42af6812448e8cb782f12968ca2bb1d50d979343056d4,hot-pool,70,100,increase-only,large,101,0,3,B3L,e35313c6c46a85f553551134378db72a706b0a6da151ac77da4c687ef230b97a,120,1,1,0,25165824,4212146306,4212145835,471,47459642,50627181,47459642,50627181,471,471,23262480,23262480,87,33,0,85,0,0,0,0,0,0,0,0,0,128488,4.574350
holdout2,ny-road-distance,7b2446c7ffe6179efbc42af6812448e8cb782f12968ca2bb1d50d979343056d4,hot-pool,70,100,increase-only,large,101,0,4,FREQ-LRU-REPAIR,e35313c6c46a85f553551134378db72a706b0a6da151ac77da4c687ef230b97a,120,1,1,0,25165824,1989973414,1989933970,39444,10197495,61695788,10197495,61695788,39444,39444,23263272,23263288,90,30,13,11,13,0,0,0,1,0,1,0,0,122312,2.352889
holdout2,ny-road-distance,7b2446c7ffe6179efbc42af6812448e8cb782f12968ca2bb1d50d979343056d4,hot-pool,70,100,increase-only,large,101,0,5,ADES,e35313c6c46a85f553551134378db72a706b0a6da151ac77da4c687ef230b97a,120,1,1,0,25165824,1575182907,1575172237,10670,6894830,49041436,6894830,49041436,10670,10670,23263312,23263312,88,32,7,5,7,0,5,0,1,0,1,0,0,120708,1.938563
holdout2,ny-road-distance,7b2446c7ffe6179efbc42af6812448e8cb782f12968ca2bb1d50d979343056d4,hot-pool,70,100,increase-only,large,101,0,0,ADES-V3,e35313c6c46a85f553551134378db72a706b0a6da151ac77da4c687ef230b97a,120,1,1,0,50331648,772541188,772494962,46226,490,31951736,481,31951736,46226,46226,46527328,46527328,48,72,4,0,4,0,0,0,2,0,2,0,0,142892,1.135860
holdout2,ny-road-distance,7b2446c7ffe6179efbc42af6812448e8cb782f12968ca2bb1d50d979343056d4,hot-pool,70,100,increase-only,large,101,0,1,COLD,e35313c6c46a85f553551134378db72a706b0a6da151ac77da4c687ef230b97a,120,1,1,0,50331648,1825408148,1825407436,712,15834800,28533502,15834800,28533502,712,712,0,0,120,0,0,0,0,0,0,0,0,0,0,0,0,97524,2.185396
holdout2,ny-road-distance,7b2446c7ffe6179efbc42af6812448e8cb782f12968ca2bb1d50d979343056d4,hot-pool,70,100,increase-only,large,101,0,2,B3L,e35313c6c46a85f553551134378db72a706b0a6da151ac77da4c687ef230b97a,120,1,1,0,50331648,3213367614,3213357264,10350,43725674,50092844,43725674,50092844,10350,10350,46524960,46524960,70,50,0,66,0,0,0,0,0,0,0,0,0,151108,3.578654
holdout2,ny-road-distance,7b2446c7ffe6179efbc42af6812448e8cb782f12968ca2bb1d50d979343056d4,hot-pool,70,100,increase-only,large,101,0,3,FREQ-LRU-REPAIR,e35313c6c46a85f553551134378db72a706b0a6da151ac77da4c687ef230b97a,120,1,1,0,50331648,936201266,936157875,43391,471,31013837,441,31013837,43391,43391,46525936,46525936,54,66,4,0,4,0,0,0,2,0,2,0,0,144892,1.301288
holdout2,ny-road-distance,7b2446c7ffe6179efbc42af6812448e8cb782f12968ca2bb1d50d979343056d4,hot-pool,70,100,increase-only,large,101,0,4,ADES,e35313c6c46a85f553551134378db72a706b0a6da151ac77da4c687ef230b97a,120,1,1,0,50331648,944821097,944776243,44854,441,30879847,431,30879847,44854,44854,46525936,46525936,55,65,4,0,4,0,0,0,2,0,2,0,0,143464,1.309588
holdout2,ny-road-distance,7b2446c7ffe6179efbc42af6812448e8cb782f12968ca2bb1d50d979343056d4,hot-pool,70,100,increase-only,large,101,0,5,ADES-V2,e35313c6c46a85f553551134378db72a706b0a6da151ac77da4c687ef230b97a,120,1,1,0,50331648,881012822,881001110,11712,11712,27920762,562,27920762,11712,11712,34896004,34896004,60,60,3,0,3,0,0,0,2,0,1,0,0,132512,1.244043
holdout2,ny-road-distance,7b2446c7ffe6179efbc42af6812448e8cb782f12968ca2bb1d50d979343056d4,hot-pool,70,100,increase-only,large,137,0,0,ADES-V3,00d299958f7b41069be736e237cc393989a8780cdf932ac8dcfcbc00af5c5a92,120,1,1,0,25165824,1862048323,1861639290,409033,11017400,49523452,11017400,49523452,409033,409033,23264592,23264592,86,34,15,13,15,0,0,0,1,0,1,0,0,130532,2.225349
holdout2,ny-road-distance,7b2446c7ffe6179efbc42af6812448e8cb782f12968ca2bb1d50d979343056d4,hot-pool,70,100,increase-only,large,137,0,1,COLD,00d299958f7b41069be736e237cc393989a8780cdf932ac8dcfcbc00af5c5a92,120,1,1,0,25165824,1766685735,1766685053,682,14507480,29115817,14507480,29115817,682,682,0,0,120,0,0,0,0,0,0,0,0,0,0,0,0,98512,2.128744
holdout2,ny-road-distance,7b2446c7ffe6179efbc42af6812448e8cb782f12968ca2bb1d50d979343056d4,hot-pool,70,100,increase-only,large,137,0,2,B3L,00d299958f7b41069be736e237cc393989a8780cdf932ac8dcfcbc00af5c5a92,120,1,1,0,25165824,4179550682,4179128816,421866,44791375,47976647,44791375,47976647,421866,421866,23262480,23262480,91,29,0,89,0,0,0,0,0,0,0,0,0,128464,4.540711
holdout2,ny-road-distance,7b2446c7ffe6179efbc42af6812448e8cb782f12968ca2bb1d50d979343056d4,hot-pool,70,100,increase-only,large,137,0,3,FREQ-LRU-REPAIR,00d299958f7b41069be736e237cc393989a8780cdf932ac8dcfcbc00af5c5a92,120,1,1,0,25165824,1872638879,1872257458,381421,10703227,66116512,10703227,66116512,381421,381421,23263304,23263304,85,35,11,9,11,0,0,0,1,0,1,0,0,121136,2.233827
holdout2,ny-road-distance,7b2446c7ffe6179efbc42af6812448e8cb782f12968ca2bb1d50d979343056d4,hot-pool,70,100,increase-only,large,137,0,4,ADES,00d299958f7b41069be736e237cc393989a8780cdf932ac8dcfcbc00af5c5a92,120,1,1,0,25165824,1692556601,1692209163,347438,10721391,34957110,10721391,34957110,347438,347438,23263304,23263304,91,29,6,4,6,0,5,0,1,0,1,0,0,122204,2.055363
holdout2,ny-road-distance,7b2446c7ffe6179efbc42af6812448e8cb782f12968ca2bb1d50d979343056d4,hot-pool,70,100,increase-only,large,137,0,5,ADES-V2,00d299958f7b41069be736e237cc393989a8780cdf932ac8dcfcbc00af5c5a92,120,1,1,0,25165824,1245075460,1244704078,371382,8425172,30367856,8425172,30367856,371382,371382,23264680,23264680,77,43,2,0,2,0,0,0,1,0,1,0,0,121164,1.607274
holdout2,ny-road-distance,7b2446c7ffe6179efbc42af6812448e8cb782f12968ca2bb1d50d979343056d4,hot-pool,70,100,increase-only,large,137,0,0,COLD,00d299958f7b41069be736e237cc393989a8780cdf932ac8dcfcbc00af5c5a92,120,1,1,0,50331648,1784323492,1784322560,932,14547863,29553180,14547863,29553180,932,932,0,0,120,0,0,0,0,0,0,0,0,0,0,0,0,98616,2.145881
holdout2,ny-road-distance,7b2446c7ffe6179efbc42af6812448e8cb782f12968ca2bb1d50d979343056d4,hot-pool,70,100,increase-only,large,137,0,1,B3L,00d299958f7b41069be736e237cc393989a8780cdf932ac8dcfcbc00af5c5a92,120,1,1,0,50331648,3463350712,3462912265,438447,44773625,49603830,44773625,49603830,438447,438447,46524960,46524960,74,46,0,70,0,0,0,0,0,0,0,0,0,151200,3.829755
holdout2,ny-road-distance,7b2446c7ffe6179efbc42af6812448e8cb782f12968ca2bb1d50d979343056d4,hot-pool,70,100,increase-only,large,137,0,2,FREQ-LRU-REPAIR,00d299958f7b41069be736e237cc393989a8780cdf932ac8dcfcbc00af5c5a92,120,1,1,0,50331648,1066023035,1065691337,331698,511,32326538,471,32326538,331698,331698,46525936,46525936,54,66,4,0,4,0,0,0,3,0,1,0,0,143988,1.432706
holdout2,ny-road-distance,7b2446c7ffe6179efbc42af6812448e8cb782f12968ca2bb1d50d979343056d4,hot-pool,70,100,increase-only,large,137,0,3,ADES,00d299958f7b41069be736e237cc393989a8780cdf932ac8dcfcbc00af5c5a92,120,1,1,0,50331648,1094423795,1094097336,326459,471,32384657,461,32384657,326459,326459,46525936,46525936,55,65,4,0,4,0,0,0,3,0,1,0,0,144868,1.458465
holdout2,ny-road-distance,7b2446c7ffe6179efbc42af6812448e8cb782f12968ca2bb1d50d979343056d4,hot-pool,70,100,increase-only,large,137,0,4,ADES-V2,00d299958f7b41069be736e237cc393989a8780cdf932ac8dcfcbc00af5c5a92,120,1,1,0,50331648,1292802292,1292422853,379439,8585957,31988790,8585957,31988790,379439,379439,34896004,34896004,76,44,3,0,3,0,0,0,2,0,1,0,0,133604,1.656935
holdout2,ny-road-distance,7b2446c7ffe6179efbc42af6812448e8cb782f12968ca2bb1d50d979343056d4,hot-pool,70,100,increase-only,large,137,0,5,ADES-V3,00d299958f7b41069be736e237cc393989a8780cdf932ac8dcfcbc00af5c5a92,120,1,1,0,50331648,890265389,889926917,338472,521,31903303,511,31903303,338472,338472,46527328,46527328,47,73,4,0,4,0,0,0,3,0,1,0,0,144028,1.262730
holdout2,ny-road-distance,7b2446c7ffe6179efbc42af6812448e8cb782f12968ca2bb1d50d979343056d4,hot-pool,70,100,increase-only,large,181,0,0,COLD,f3622e403d5517147f19995d74076a1a775c6b65d380afc29047d639d2177c0f,120,1,1,0,25165824,1667452872,1667452150,722,13589922,26839501,13589922,26839501,722,722,0,0,120,0,0,0,0,0,0,0,0,0,0,0,0,98664,2.029326
holdout2,ny-road-distance,7b2446c7ffe6179efbc42af6812448e8cb782f12968ca2bb1d50d979343056d4,hot-pool,70,100,increase-only,large,181,0,1,B3L,f3622e403d5517147f19995d74076a1a775c6b65d380afc29047d639d2177c0f,120,1,1,0,25165824,4172482207,4172479091,3116,48014824,51481708,48014824,51481708,3116,3116,23262480,23262480,85,35,0,83,0,0,0,0,0,0,0,0,0,129472,4.539640
holdout2,ny-road-distance,7b2446c7ffe6179efbc42af6812448e8cb782f12968ca2bb1d50d979343056d4,hot-pool,70,100,increase-only,large,181,0,2,FREQ-LRU-REPAIR,f3622e403d5517147f19995d74076a1a775c6b65d380afc29047d639d2177c0f,120,1,1,0,25165824,1972741101,1972726474,14627,9990891,66557761,9990891,66557761,14627,14627,23263080,23263080,84,36,14,12,14,0,0,0,0,0,2,0,0,121160,2.333808
holdout2,ny-road-distance,7b2446c7ffe6179efbc42af6812448e8cb782f12968ca2bb1d50d979343056d4,hot-pool,70,100,increase-only,large,181,0,3,ADES,f3622e403d5517147f19995d74076a1a775c6b65d380afc29047d639d2177c0f,120,1,1,0,25165824,1421856300,1421843967,12333,4876408,51288568,4876408,51288568,12333,12333,23263104,23263104,75,45,8,6,8,0,3,0,0,0,2,0,0,121284,1.783456
holdout2,ny-road-distance,7b2446c7ffe6179efbc42af6812448e8cb782f12968ca2bb1d50d979343056d4,hot-pool,70,100,increase-only,large,181,0,4,ADES-V2,f3622e403d5517147f19995d74076a1a775c6b65d380afc29047d639d2177c0f,120,1,1,0,25165824,1165980950,1165977604,3346,6221588,28214364,6221588,28214364,3346,3346,23264680,23264680,78,42,3,1,3,0,0,0,1,0,1,0,0,129368,1.531735
holdout2,ny-road-distance,7b2446c7ffe6179efbc42af6812448e8cb782f12968ca2bb1d50d979343056d4,hot-pool,70,100,increase-only,large,181,0,5,ADES-V3,f3622e403d5517147f19995d74076a1a775c6b65d380afc29047d639d2177c0f,120,1,1,0,25165824,1638040556,1638037420,3136,7657217,47299424,7657217,47299424,3136,3136,23264592,23264592,77,43,16,14,16,0,0,0,1,0,1,0,0,128392,2.001069
holdout2,ny-road-distance,7b2446c7ffe6179efbc42af6812448e8cb782f12968ca2bb1d50d979343056d4,hot-pool,70,100,increase-only,large,181,0,0,B3L,f3622e403d5517147f19995d74076a1a775c6b65d380afc29047d639d2177c0f,120,1,1,0,50331648,2676486984,2676475612,11372,832,48031526,681,48031526,11372,11372,46524960,46524960,58,62,0,54,0,0,0,0,0,0,0,0,0,151024,3.041369
holdout2,ny-road-distance,7b2446c7ffe6179efbc42af6812448e8cb782f12968ca2bb1d50d979343056d4,hot-pool,70,100,increase-only,large,181,0,1,FREQ-LRU-REPAIR,f3622e403d5517147f19995d74076a1a775c6b65d380afc29047d639d2177c0f,120,1,1,0,50331648,786685081,786671225,13856,361,26112908,361,26112908,13856,13856,46525712,46525712,40,80,4,0,4,0,0,0,1,0,3,0,0,143344,1.149944
holdout2,ny-road-distance,7b2446c7ffe6179efbc42af6812448e8cb782f12968ca2bb1d50d979343056d4,hot-pool,70,100,increase-only,large,181,0,2,ADES,f3622e403d5517147f19995d74076a1a775c6b65d380afc29047d639d2177c0f,120,1,1,0,50331648,786688561,786674786,13775,361,26380419,360,26380419,13775,13775,46525712,46525712,40,80,4,0,4,0,0,0,1,0,3,0,0,145012,1.151320
holdout2,ny-road-distance,7b2446c7ffe6179efbc42af6812448e8cb782f12968ca2bb1d50d979343056d4,hot-pool,70,100,increase-only,large,181,0,3,ADES-V2,f3622e403d5517147f19995d74076a1a775c6b65d380afc29047d639d2177c0f,120,1,1,0,50331648,732688912,732674986,13926,400,28065227,371,28065227,13926,13926,46527328,46527328,38,82,4,0,4,0,0,0,1,0,3,0,0,143880,1.093710
holdout2,ny-road-distance,7b2446c7ffe6179efbc42af6812448e8cb782f12968ca2bb1d50d979343056d4,hot-pool,70,100,increase-only,large,181,0,4,ADES-V3,f3622e403d5517147f19995d74076a1a775c6b65d380afc29047d639d2177c0f,120,1,1,0,50331648,671827785,671813298,14487,391,27523056,391,27523056,14487,14487,46527328,46527328,34,86,4,0,4,0,0,0,1,0,3,0,0,142884,1.036787
holdout2,ny-road-distance,7b2446c7ffe6179efbc42af6812448e8cb782f12968ca2bb1d50d979343056d4,hot-pool,70,100,increase-only,large,181,0,5,COLD,f3622e403d5517147f19995d74076a1a775c6b65d380afc29047d639d2177c0f,120,1,1,0,50331648,1661137514,1661136822,692,13409346,26434595,13409346,26434595,692,692,0,0,120,0,0,0,0,0,0,0,0,0,0,0,0,98572,2.020343
holdout2,ny-road-distance,7b2446c7ffe6179efbc42af6812448e8cb782f12968ca2bb1d50d979343056d4,rotating-hot,80,10,balanced-random,small,101,0,0,B3L,3af458ff125e926e5d27f0f5c67793846d0915564848f47b445d83ee13a2f340,120,11,5,6,25165824,1808290307,1808250664,39643,271,48199207,240,48199207,891,23374,23262480,23262480,39,81,0,37,0,0,0,0,0,0,0,0,0,128364,2.171018
holdout2,ny-road-distance,7b2446c7ffe6179efbc42af6812448e8cb782f12968ca2bb1d50d979343056d4,rotating-hot,80,10,balanced-random,small,101,0,1,FREQ-LRU-REPAIR,3af458ff125e926e5d27f0f5c67793846d0915564848f47b445d83ee13a2f340,120,11,5,6,25165824,1347703598,1347588936,114662,1162,65483956,371,65483956,1883,68727,23263080,23263080,58,62,8,6,8,0,0,0,15,2,4,0,0,122280,1.714674
holdout2,ny-road-distance,7b2446c7ffe6179efbc42af6812448e8cb782f12968ca2bb1d50d979343056d4,rotating-hot,80,10,balanced-random,small,101,0,2,ADES,3af458ff125e926e5d27f0f5c67793846d0915564848f47b445d83ee13a2f340,120,11,5,6,25165824,1597526514,1597409368,117146,5497974,64838695,7387448,64838695,1592,69199,23263108,23263120,81,39,7,5,7,0,6,0,15,2,4,0,0,122380,1.957766
holdout2,ny-road-distance,7b2446c7ffe6179efbc42af6812448e8cb782f12968ca2bb1d50d979343056d4,rotating-hot,80,10,balanced-random,small,101,0,3,ADES-V2,3af458ff125e926e5d27f0f5c67793846d0915564848f47b445d83ee13a2f340,120,11,5,6,25165824,1466149479,1466042958,106521,5030542,45997987,6379748,45997987,1784,66655,23264592,23264636,76,44,8,6,8,0,0,0,16,2,3,0,0,128376,1.831810
holdout2,ny-road-distance,7b2446c7ffe6179efbc42af6812448e8cb782f12968ca2bb1d50d979343056d4,rotating-hot,80,10,balanced-random,small,101,0,4,ADES-V3,3af458ff125e926e5d27f0f5c67793846d0915564848f47b445d83ee13a2f340,120,11,5,6,25165824,901806515,901687394,119121,431,45354607,391,45354607,2275,71544,23264592,23264592,42,78,8,6,8,0,0,0,14,3,4,0,0,129280,1.268561
holdout2,ny-road-distance,7b2446c7ffe6179efbc42af6812448e8cb782f12968ca2bb1d50d979343056d4,rotating-hot,80,10,balanced-random,small,101,0,5,COLD,3af458ff125e926e5d27f0f5c67793846d0915564848f47b445d83ee13a2f340,120,11,5,6,25165824,1808326445,1808319064,7381,14733859,27737590,15823642,27737590,631,882,0,0,120,0,0,0,0,0,0,0,0,0,0,0,0,97524,2.169834
holdout2,ny-road-distance,7b2446c7ffe6179efbc42af6812448e8cb782f12968ca2bb1d50d979343056d4,rotating-hot,80,10,balanced-random,small,101,0,0,FREQ-LRU-REPAIR,3af458ff125e926e5d27f0f5c67793846d0915564848f47b445d83ee13a2f340,120,11,5,6,50331648,886550828,886417668,133160,371,30251257,341,30251257,3738,73437,46525744,46525744,42,78,4,0,4,0,0,0,26,5,4,0,0,144920,1.248024
holdout2,ny-road-distance,7b2446c7ffe6179efbc42af6812448e8cb782f12968ca2bb1d50d979343056d4,rotating-hot,80,10,balanced-random,small,101,0,1,ADES,3af458ff125e926e5d27f0f5c67793846d0915564848f47b445d83ee13a2f340,120,11,5,6,50331648,892913024,892782199,130825,371,30643219,341,30643219,3076,76152,46525744,46525744,42,78,4,0,4,0,0,0,26,5,4,0,0,143916,1.256062
holdout2,ny-road-distance,7b2446c7ffe6179efbc42af6812448e8cb782f12968ca2bb1d50d979343056d4,rotating-hot,80,10,balanced-random,small,101,0,2,ADES-V2,3af458ff125e926e5d27f0f5c67793846d0915564848f47b445d83ee13a2f340,120,11,5,6,50331648,682778204,682660304,117900,311,31234092,301,31234092,2845,62968,46527328,46527328,34,86,4,0,4,0,0,0,27,5,4,0,0,144972,1.046730
holdout2,ny-road-distance,7b2446c7ffe6179efbc42af6812448e8cb782f12968ca2bb1d50d979343056d4,rotating-hot,80,10,balanced-random,small,101,0,3,ADES-V3,3af458ff125e926e5d27f0f5c67793846d0915564848f47b445d83ee13a2f340,120,11,5,6,50331648,667389019,667263222,125797,401,30689746,340,30689746,3567,65352,46527328,46527328,34,86,4,0,4,0,0,0,27,5,4,0,0,144000,1.034188
holdout2,ny-road-distance,7b2446c7ffe6179efbc42af6812448e8cb782f12968ca2bb1d50d979343056d4,rotating-hot,80,10,balanced-random,small,101,0,4,COLD,3af458ff125e926e5d27f0f5c67793846d0915564848f47b445d83ee13a2f340,120,11,5,6,50331648,1841484574,1841477141,7433,15195865,28200628,16172995,28200628,701,842,0,0,120,0,0,0,0,0,0,0,0,0,0,0,0,97408,2.201201
holdout2,ny-road-distance,7b2446c7ffe6179efbc42af6812448e8cb782f12968ca2bb1d50d979343056d4,rotating-hot,80,10,balanced-random,small,101,0,5,B3L,3af458ff125e926e5d27f0f5c67793846d0915564848f47b445d83ee13a2f340,120,11,5,6,50331648,1703425550,1703358135,67415,351,49970291,271,49970291,1152,33783,46524960,46524960,35,85,0,31,0,0,0,0,0,0,0,0,0,152168,2.066067
holdout2,ny-road-distance,7b2446c7ffe6179efbc42af6812448e8cb782f12968ca2bb1d50d979343056d4,rotating-hot,80,10,balanced-random,small,137,0,0,FREQ-LRU-REPAIR,ddf3f7341c8c062884cf233d20ef9f8d21cbe4d477a1c7a7755ecaab9b3dc717,120,11,3,8,25165824,1200964151,1200901913,62238,501,49446123,331,49446123,1573,25628,23262984,23262984,52,68,8,6,8,0,0,0,12,6,2,0,0,121160,1.568445
holdout2,ny-road-distance,7b2446c7ffe6179efbc42af6812448e8cb782f12968ca2bb1d50d979343056d4,rotating-hot,80,10,balanced-random,small,137,0,1,ADES,ddf3f7341c8c062884cf233d20ef9f8d21cbe4d477a1c7a7755ecaab9b3dc717,120,11,3,8,25165824,1464775879,1464707552,68327,1840214,60724267,3132054,60724267,1663,25678,23263008,23263024,71,49,8,6,8,0,4,0,11,6,3,0,0,120672,1.828784
holdout2,ny-road-distance,7b2446c7ffe6179efbc42af6812448e8cb782f12968ca2bb1d50d979343056d4,rotating-hot,80,10,balanced-random,small,137,0,2,ADES-V2,ddf3f7341c8c062884cf233d20ef9f8d21cbe4d477a1c7a7755ecaab9b3dc717,120,11,3,8,25165824,1142859819,1142615584,244235,530760,43598071,1690264,43598071,1743,201085,23264636,23264680,66,54,6,4,6,0,0,0,12,6,2,0,0,128428,1.509034
holdout2,ny-road-distance,7b2446c7ffe6179efbc42af6812448e8cb782f12968ca2bb1d50d979343056d4,rotating-hot,80,10,balanced-random,small,137,0,3,ADES-V3,ddf3f7341c8c062884cf233d20ef9f8d21cbe4d477a1c7a7755ecaab9b3dc717,120,11,3,8,25165824,932542451,932488500,53951,391,49705316,311,49705316,1503,27742,23264592,23264592,38,82,8,6,8,0,0,0,14,6,1,0,0,129532,1.297052
holdout2,ny-road-distance,7b2446c7ffe6179efbc42af6812448e8cb782f12968ca2bb1d50d979343056d4,rotating-hot,80,10,balanced-random,small,137,0,4,COLD,ddf3f7341c8c062884cf233d20ef9f8d21cbe4d477a1c7a7755ecaab9b3dc717,120,11,3,8,25165824,1798899118,1798889569,9549,12856800,30982892,13369517,30982892,872,1162,0,0,120,0,0,0,0,0,0,0,0,0,0,0,0,98676,2.160349
holdout2,ny-road-distance,7b2446c7ffe6179efbc42af6812448e8cb782f12968ca2bb1d50d979343056d4,rotating-hot,80,10,balanced-random,small,137,0,5,B3L,ddf3f7341c8c062884cf233d20ef9f8d21cbe4d477a1c7a7755ecaab9b3dc717,120,11,3,8,25165824,1568278726,1568181446,97280,251,54450921,240,54450921,541,55754,23262480,23262480,30,90,0,28,0,0,0,0,0,0,0,0,0,128424,1.939547
holdout2,ny-road-distance,7b2446c7ffe6179efbc42af6812448e8cb782f12968ca2bb1d50d979343056d4,rotating-hot,80,10,balanced-random,small,137,0,0,ADES,ddf3f7341c8c062884cf233d20ef9f8d21cbe4d477a1c7a7755ecaab9b3dc717,120,11,3,8,50331648,858322582,857995140,327442,371,30174491,321,30174491,2305,263452,46525648,46525648,36,84,4,0,4,0,0,0,18,12,5,0,0,143952,1.226567
holdout2,ny-road-distance,7b2446c7ffe6179efbc42af6812448e8cb782f12968ca2bb1d50d979343056d4,rotating-hot,80,10,balanced-random,small,137,0,1,ADES-V2,ddf3f7341c8c062884cf233d20ef9f8d21cbe4d477a1c7a7755ecaab9b3dc717,120,11,3,8,50331648,670744924,670406723,338201,321,28523357,320,28523357,2495,272709,46527328,46527328,30,90,4,0,4,0,0,0,18,12,5,0,0,144936,1.036450
holdout2,ny-road-distance,7b2446c7ffe6179efbc42af6812448e8cb782f12968ca2bb1d50d979343056d4,rotating-hot,80,10,balanced-random,small,137,0,2,ADES-V3,ddf3f7341c8c062884cf233d20ef9f8d21cbe4d477a1c7a7755ecaab9b3dc717,120,11,3,8,50331648,667271076,666901286,369790,371,30156171,321,30156171,2665,305841,46527328,46527328,29,91,4,0,4,0,0,0,19,12,5,0,0,143484,1.034245
holdout2,ny-road-distance,7b2446c7ffe6179efbc42af6812448e8cb782f12968ca2bb1d50d979343056d4,rotating-hot,80,10,balanced-random,small,137,0,3,COLD,ddf3f7341c8c062884cf233d20ef9f8d21cbe4d477a1c7a7755ecaab9b3dc717,120,11,3,8,50331648,1809453071,1809442782,10289,13225057,31776684,13844644,31776684,1042,1122,0,0,120,0,0,0,0,0,0,0,0,0,0,0,0,98544,2.173252
holdout2,ny-road-distance,7b2446c7ffe6179efbc42af6812448e8cb782f12968ca2bb1d50d979343056d4,rotating-hot,80,10,balanced-random,small,137,0,4,B3L,ddf3f7341c8c062884cf233d20ef9f8d21cbe4d477a1c7a7755ecaab9b3dc717,120,11,3,8,50331648,1516117843,1515792906,324937,341,56233650,320,56233650,1463,272669,46524960,46524960,28,92,0,24,0,0,0,0,0,0,0,0,0,151140,1.884689
holdout2,ny-road-distance,7b2446c7ffe6179efbc42af6812448e8cb782f12968ca2bb1d50d979343056d4,rotating-hot,80,10,balanced-random,small,137,0,5,FREQ-LRU-REPAIR,ddf3f7341c8c062884cf233d20ef9f8d21cbe4d477a1c7a7755ecaab9b3dc717,120,11,3,8,50331648,876934065,876574156,359909,371,31184335,351,31184335,2424,297074,46525648,46525648,36,84,4,0,4,0,0,0,18,12,5,0,0,143980,1.242011
holdout2,ny-road-distance,7b2446c7ffe6179efbc42af6812448e8cb782f12968ca2bb1d50d979343056d4,rotating-hot,80,10,balanced-random,small,181,0,0,ADES,c533680ec8a4de954dbc603b1971904af83abd35b8c2916df411c4f3c44d217a,120,11,4,7,25165824,1502527941,1502469255,58686,3894060,61493001,5038978,61493001,1673,35576,23263060,23263064,77,43,7,5,7,0,5,0,13,6,1,0,0,121160,1.864854
holdout2,ny-road-distance,7b2446c7ffe6179efbc42af6812448e8cb782f12968ca2bb1d50d979343056d4,rotating-hot,80,10,balanced-random,small,181,0,1,ADES-V2,c533680ec8a4de954dbc603b1971904af83abd35b8c2916df411c4f3c44d217a,120,11,4,7,25165824,1373874344,1373811527,62817,3755782,47404798,4524317,47404798,1823,35827,23264636,23264680,75,45,7,5,7,0,0,0,13,6,2,0,0,128396,1.739432
holdout2,ny-road-distance,7b2446c7ffe6179efbc42af6812448e8cb782f12968ca2bb1d50d979343056d4,rotating-hot,80,10,balanced-random,small,181,0,2,ADES-V3,c533680ec8a4de954dbc603b1971904af83abd35b8c2916df411c4f3c44d217a,120,11,4,7,25165824,945192754,945152739,40015,521,49080487,401,49080487,1674,17293,23264592,23264592,39,81,8,6,8,0,0,0,14,5,2,0,0,127412,1.307527
holdout2,ny-road-distance,7b2446c7ffe6179efbc42af6812448e8cb782f12968ca2bb1d50d979343056d4,rotating-hot,80,10,balanced-random,small,181,0,3,COLD,c533680ec8a4de954dbc603b1971904af83abd35b8c2916df411c4f3c44d217a,120,11,4,7,25165824,1746254544,1746247220,7324,13825809,29471174,15079795,29471174,631,921,0,0,120,0,0,0,0,0,0,0,0,0,0,0,0,98500,2.111077
holdout2,ny-road-distance,7b2446c7ffe6179efbc42af6812448e8cb782f12968ca2bb1d50d979343056d4,rotating-hot,80,10,balanced-random,small,181,0,4,B3L,c533680ec8a4de954dbc603b1971904af83abd35b8c2916df411c4f3c44d217a,120,11,4,7,25165824,2064507594,2064489142,18452,270,56159991,260,56159991,831,7634,23262480,23262480,39,81,0,37,0,0,0,0,0,0,0,0,0,129492,2.429831
holdout2,ny-road-distance,7b2446c7ffe6179efbc42af6812448e8cb782f12968ca2bb1d50d979343056d4,rotating-hot,80,10,balanced-random,small,181,0,5,FREQ-LRU-REPAIR,c533680ec8a4de954dbc603b1971904af83abd35b8c2916df411c4f3c44d217a,120,11,4,7,25165824,1332562470,1332537624,24846,641,50838421,451,50838421,1493,6602,23263032,23263032,55,65,8,6,8,0,0,0,14,5,1,0,0,122192,1.699333
holdout2,ny-road-distance,7b2446c7ffe6179efbc42af6812448e8cb782f12968ca2bb1d50d979343056d4,rotating-hot,80,10,balanced-random,small,181,0,0,ADES-V2,c533680ec8a4de954dbc603b1971904af83abd35b8c2916df411c4f3c44d217a,120,11,4,7,50331648,661423355,660936226,487129,320,28253365,310,28253365,2255,447755,46527328,46527328,31,89,4,0,4,0,0,0,23,10,3,0,0,143940,1.029559
holdout2,ny-road-distance,7b2446c7ffe6179efbc42af6812448e8cb782f12968ca2bb1d50d979343056d4,rotating-hot,80,10,balanced-random,small,181,0,1,ADES-V3,c533680ec8a4de954dbc603b1971904af83abd35b8c2916df411c4f3c44d217a,120,11,4,7,50331648,646334709,645868709,466000,361,29411136,330,29411136,2885,434331,46527328,46527328,31,89,4,0,4,0,0,0,23,10,3,0,0,142956,1.010395
holdout2,ny-road-distance,7b2446c7ffe6179efbc42af6812448e8cb782f12968ca2bb1d50d979343056d4,rotating-hot,80,10,balanced-random,small,181,0,2,COLD,c533680ec8a4de954dbc603b1971904af83abd35b8c2916df411c4f3c44d217a,120,11,4,7,50331648,1817944745,1817935327,9418,13518498,29915397,16288737,29915397,802,1193,0,0,120,0,0,0,0,0,0,0,0,0,0,0,0,98620,2.180484
holdout2,ny-road-distance,7b2446c7ffe6179efbc42af6812448e8cb782f12968ca2bb1d50d979343056d4,rotating-hot,80,10,balanced-random,small,181,0,3,B3L,c533680ec8a4de954dbc603b1971904af83abd35b8c2916df411c4f3c44d217a,120,11,4,7,50331648,1539750701,1539652750,97951,311,51941247,271,51941247,3286,66213,46524960,46524960,31,89,0,27,0,0,0,0,0,0,0,0,0,152204,1.908131
holdout2,ny-road-distance,7b2446c7ffe6179efbc42af6812448e8cb782f12968ca2bb1d50d979343056d4,rotating-hot,80,10,balanced-random,small,181,0,4,FREQ-LRU-REPAIR,c533680ec8a4de954dbc603b1971904af83abd35b8c2916df411c4f3c44d217a,120,11,4,7,50331648,904386452,903930262,456190,341,29985311,321,29985311,1903,428800,46525696,46525696,39,81,4,0,4,0,0,0,23,10,2,0,0,145020,1.271495
holdout2,ny-road-distance,7b2446c7ffe6179efbc42af6812448e8cb782f12968ca2bb1d50d979343056d4,rotating-hot,80,10,balanced-random,small,181,0,5,ADES,c533680ec8a4de954dbc603b1971904af83abd35b8c2916df411c4f3c44d217a,120,11,4,7,50331648,946609266,946088763,520503,381,30927459,340,30927459,1983,489724,46525696,46525696,39,81,4,0,4,0,0,0,23,10,2,0,0,143872,1.316201
holdout2,ny-road-distance,7b2446c7ffe6179efbc42af6812448e8cb782f12968ca2bb1d50d979343056d4,rotating-hot,80,100,balanced-random,small,101,0,0,ADES-V2,dc2cbb1c2e280391b618d31f7f0e545a7387b21a1fe411a807edc67ad5786d77,120,1,0,1,25165824,1218054441,1218052918,1523,1355920,42641484,1355920,42641484,1523,1523,23264636,23264680,62,58,6,4,6,0,0,0,2,0,0,0,0,129456,1.591738
holdout2,ny-road-distance,7b2446c7ffe6179efbc42af6812448e8cb782f12968ca2bb1d50d979343056d4,rotating-hot,80,100,balanced-random,small,101,0,1,ADES-V3,dc2cbb1c2e280391b618d31f7f0e545a7387b21a1fe411a807edc67ad5786d77,120,1,0,1,25165824,893621733,893606345,15388,400,51769405,400,51769405,15388,15388,23264592,23264592,37,83,8,6,8,0,0,0,1,1,0,0,0,129428,1.262344
holdout2,ny-road-distance,7b2446c7ffe6179efbc42af6812448e8cb782f12968ca2bb1d50d979343056d4,rotating-hot,80,100,balanced-random,small,101,0,2,COLD,dc2cbb1c2e280391b618d31f7f0e545a7387b21a1fe411a807edc67ad5786d77,120,1,0,1,25165824,2011555789,2011555218,571,16879104,31769397,16879104,31769397,571,571,0,0,120,0,0,0,0,0,0,0,0,0,0,0,0,98604,2.379805
holdout2,ny-road-distance,7b2446c7ffe6179efbc42af6812448e8cb782f12968ca2bb1d50d979343056d4,rotating-hot,80,100,balanced-random,small,101,0,3,B3L,dc2cbb1c2e280391b618d31f7f0e545a7387b21a1fe411a807edc67ad5786d77,120,1,0,1,25165824,1658638326,1658637935,391,250,49734409,241,49734409,391,391,23262480,23262480,34,86,0,32,0,0,0,0,0,0,0,0,0,128524,2.025451
holdout2,ny-road-distance,7b2446c7ffe6179efbc42af6812448e8cb782f12968ca2bb1d50d979343056d4,rotating-hot,80,100,balanced-random,small,101,0,4,FREQ-LRU-REPAIR,dc2cbb1c2e280391b618d31f7f0e545a7387b21a1fe411a807edc67ad5786d77,120,1,0,1,25165824,1227874117,1227858468,15649,330,54556138,310,54556138,15649,15649,23263000,23263016,53,67,8,6,8,0,0,0,1,1,0,0,0,122096,1.589282
holdout2,ny-road-distance,7b2446c7ffe6179efbc42af6812448e8cb782f12968ca2bb1d50d979343056d4,rotating-hot,80,100,balanced-random,small,101,0,5,ADES,dc2cbb1c2e280391b618d31f7f0e545a7387b21a1fe411a807edc67ad5786d77,120,1,0,1,25165824,1268370421,1268369108,1313,4040519,33390184,4040519,33390184,1313,1313,23263032,23263032,68,52,5,3,5,0,5,0,2,0,0,0,0,120744,1.628385
holdout2,ny-road-distance,7b2446c7ffe6179efbc42af6812448e8cb782f12968ca2bb1d50d979343056d4,rotating-hot,80,100,balanced-random,small,101,0,0,ADES-V3,dc2cbb1c2e280391b618d31f7f0e545a7387b21a1fe411a807edc67ad5786d77,120,1,0,1,50331648,562261975,562244462,17513,331,24643443,330,24643443,17513,17513,46527328,46527328,29,91,4,0,4,0,0,0,3,1,0,0,0,144016,0.926516
holdout2,ny-road-distance,7b2446c7ffe6179efbc42af6812448e8cb782f12968ca2bb1d50d979343056d4,rotating-hot,80,100,balanced-random,small,101,0,1,COLD,dc2cbb1c2e280391b618d31f7f0e545a7387b21a1fe411a807edc67ad5786d77,120,1,0,1,50331648,1822081884,1822081022,862,15772410,27926910,15772410,27926910,862,862,0,0,120,0,0,0,0,0,0,0,0,0,0,0,0,98500,2.183054
holdout2,ny-road-distance,7b2446c7ffe6179efbc42af6812448e8cb782f12968ca2bb1d50d979343056d4,rotating-hot,80,100,balanced-random,small,101,0,2,B3L,dc2cbb1c2e280391b618d31f7f0e545a7387b21a1fe411a807edc67ad5786d77,120,1,0,1,50331648,1367502052,1367471394,30658,210,48216407,210,48216407,30658,30658,46524960,46524960,29,91,0,25,0,0,0,0,0,0,0,0,0,151312,1.731892
holdout2,ny-road-distance,7b2446c7ffe6179efbc42af6812448e8cb782f12968ca2bb1d50d979343056d4,rotating-hot,80,100,balanced-random,small,101,0,3,FREQ-LRU-REPAIR,dc2cbb1c2e280391b618d31f7f0e545a7387b21a1fe411a807edc67ad5786d77,120,1,0,1,50331648,773571222,773553379,17843,330,32311170,330,32311170,17843,17843,46525664,46525664,37,83,4,0,4,0,0,0,3,1,0,0,0,143780,1.140630
holdout2,ny-road-distance,7b2446c7ffe6179efbc42af6812448e8cb782f12968ca2bb1d50d979343056d4,rotating-hot,80,100,balanced-random,small,101,0,4,ADES,dc2cbb1c2e280391b618d31f7f0e545a7387b21a1fe411a807edc67ad5786d77,120,1,0,1,50331648,780971894,780955583,16311,321,32264603,321,32264603,16311,16311,46525664,46525664,37,83,4,0,4,0,0,0,3,1,0,0,0,143916,1.146453
holdout2,ny-road-distance,7b2446c7ffe6179efbc42af6812448e8cb782f12968ca2bb1d50d979343056d4,rotating-hot,80,100,balanced-random,small,101,0,5,ADES-V2,dc2cbb1c2e280391b618d31f7f0e545a7387b21a1fe411a807edc67ad5786d77,120,1,0,1,50331648,565163383,565146571,16812,320,25329354,320,25329354,16812,16812,46527328,46527328,29,91,4,0,4,0,0,0,3,1,0,0,0,144980,0.930495
holdout2,ny-road-distance,7b2446c7ffe6179efbc42af6812448e8cb782f12968ca2bb1d50d979343056d4,rotating-hot,80,100,balanced-random,small,137,0,0,ADES-V3,7757233630426447894d4200f9f3ca7742c4fca5095cb83a49412306530674c0,120,1,1,0,25165824,781804467,781802844,1623,220,47433497,220,47433497,1623,1623,23264592,23264592,33,87,8,6,8,0,0,0,2,0,0,0,0,129412,1.146514
holdout2,ny-road-distance,7b2446c7ffe6179efbc42af6812448e8cb782f12968ca2bb1d50d979343056d4,rotating-hot,80,100,balanced-random,small,137,0,1,COLD,7757233630426447894d4200f9f3ca7742c4fca5095cb83a49412306530674c0,120,1,1,0,25165824,1603326539,1603325787,752,12742359,26254023,12742359,26254023,752,752,0,0,120,0,0,0,0,0,0,0,0,0,0,0,0,97372,1.963353
holdout2,ny-road-distance,7b2446c7ffe6179efbc42af6812448e8cb782f12968ca2bb1d50d979343056d4,rotating-hot,80,100,balanced-random,small,137,0,2,B3L,7757233630426447894d4200f9f3ca7742c4fca5095cb83a49412306530674c0,120,1,1,0,25165824,1134670037,1134669867,170,181,47597253,181,47597253,170,170,23262480,23262480,24,96,0,22,0,0,0,0,0,0,0,0,0,127428,1.496651
holdout2,ny-road-distance,7b2446c7ffe6179efbc42af6812448e8cb782f12968ca2bb1d50d979343056d4,rotating-hot,80,100,balanced-random,small,137,0,3,FREQ-LRU-REPAIR,7757233630426447894d4200f9f3ca7742c4fca5095cb83a49412306530674c0,120,1,1,0,25165824,1072797450,1072795747,1703,311,51521325,311,51521325,1703,1703,23262904,23262904,47,73,8,6,8,0,0,0,2,0,0,0,0,122216,1.436666
holdout2,ny-road-distance,7b2446c7ffe6179efbc42af6812448e8cb782f12968ca2bb1d50d979343056d4,rotating-hot,80,100,balanced-random,small,137,0,4,ADES,7757233630426447894d4200f9f3ca7742c4fca5095cb83a49412306530674c0,120,1,1,0,25165824,1412658635,1412656951,1684,4265681,54558310,4265681,54558310,1684,1684,23262932,23262932,80,40,7,5,7,0,6,0,2,0,0,0,0,121124,1.774529
holdout2,ny-road-distance,7b2446c7ffe6179efbc42af6812448e8cb782f12968ca2bb1d50d979343056d4,rotating-hot,80,100,balanced-random,small,137,0,5,ADES-V2,7757233630426447894d4200f9f3ca7742c4fca5095cb83a49412306530674c0,120,1,1,0,25165824,1105540569,1105538836,1733,1534063,45884322,1534063,45884322,1733,1733,23264636,23264636,65,55,7,5,7,0,0,0,2,0,0,0,0,129516,1.466949
holdout2,ny-road-distance,7b2446c7ffe6179efbc42af6812448e8cb782f12968ca2bb1d50d979343056d4,rotating-hot,80,100,balanced-random,small,137,0,0,COLD,7757233630426447894d4200f9f3ca7742c4fca5095cb83a49412306530674c0,120,1,1,0,50331648,1574326654,1574325812,842,12585427,25526068,12585427,25526068,842,842,0,0,120,0,0,0,0,0,0,0,0,0,0,0,0,98556,1.934206
holdout2,ny-road-distance,7b2446c7ffe6179efbc42af6812448e8cb782f12968ca2bb1d50d979343056d4,rotating-hot,80,100,balanced-random,small,137,0,1,B3L,7757233630426447894d4200f9f3ca7742c4fca5095cb83a49412306530674c0,120,1,1,0,50331648,1111414778,1111414307,471,231,48403814,230,48403814,471,471,46524960,46524960,23,97,0,19,0,0,0,0,0,0,0,0,0,150156,1.476990
holdout2,ny-road-distance,7b2446c7ffe6179efbc42af6812448e8cb782f12968ca2bb1d50d979343056d4,rotating-hot,80,100,balanced-random,small,137,0,2,FREQ-LRU-REPAIR,7757233630426447894d4200f9f3ca7742c4fca5095cb83a49412306530674c0,120,1,1,0,50331648,707920893,707918559,2334,301,28095994,301,28095994,2334,2334,46525568,46525568,31,89,4,0,4,0,0,0,4,0,0,0,0,143908,1.068425
holdout2,ny-road-distance,7b2446c7ffe6179efbc42af6812448e8cb782f12968ca2bb1d50d979343056d4,rotating-hot,80,100,balanced-random,small,137,0,3,ADES,7757233630426447894d4200f9f3ca7742c4fca5095cb83a49412306530674c0,120,1,1,0,50331648,750921806,750919121,2685,320,28392525,320,28392525,2685,2685,46525568,46525568,33,87,4,0,4,0,0,0,4,0,0,0,0,143936,1.114216
holdout2,ny-road-distance,7b2446c7ffe6179efbc42af6812448e8cb782f12968ca2bb1d50d979343056d4,rotating-hot,80,100,balanced-random,small,137,0,4,ADES-V2,7757233630426447894d4200f9f3ca7742c4fca5095cb83a49412306530674c0,120,1,1,0,50331648,569261279,569258835,2444,320,28206789,320,28206789,2444,2444,46527328,46527328,27,93,4,0,4,0,0,0,4,0,0,0,0,143848,0.931861
holdout2,ny-road-distance,7b2446c7ffe6179efbc42af6812448e8cb782f12968ca2bb1d50d979343056d4,rotating-hot,80,100,balanced-random,small,137,0,5,ADES-V3,7757233630426447894d4200f9f3ca7742c4fca5095cb83a49412306530674c0,120,1,1,0,50331648,552439305,552436690,2615,310,28319929,301,28319929,2615,2615,46527328,46527328,25,95,4,0,4,0,0,0,4,0,0,0,0,143956,0.917192
holdout2,ny-road-distance,7b2446c7ffe6179efbc42af6812448e8cb782f12968ca2bb1d50d979343056d4,rotating-hot,80,100,balanced-random,small,181,0,0,COLD,0dd57a2e061aaeedfe388a8f091737e216589e6abbc63b3d80f7d2f8c384a680,120,1,0,1,25165824,1756731673,1756730581,1092,16678511,27003885,16678511,27003885,1092,1092,0,0,120,0,0,0,0,0,0,0,0,0,0,0,0,97544,2.120135
holdout2,ny-road-distance,7b2446c7ffe6179efbc42af6812448e8cb782f12968ca2bb1d50d979343056d4,rotating-hot,80,100,balanced-random,small,181,0,1,B3L,0dd57a2e061aaeedfe388a8f091737e216589e6abbc63b3d80f7d2f8c384a680,120,1,0,1,25165824,1656986720,1656986429,291,251,50912121,251,50912121,291,291,23262480,23262480,34,86,0,32,0,0,0,0,0,0,0,0,0,128512,2.025778
holdout2,ny-road-distance,7b2446c7ffe6179efbc42af6812448e8cb782f12968ca2bb1d50d979343056d4,rotating-hot,80,100,balanced-random,small,181,0,2,FREQ-LRU-REPAIR,0dd57a2e061aaeedfe388a8f091737e216589e6abbc63b3d80f7d2f8c384a680,120,1,0,1,25165824,1343960746,1343959534,1212,340,51772918,321,51772918,1212,1212,23263000,23263016,53,67,8,6,8,0,0,0,2,0,0,0,0,121168,1.846858
holdout2,ny-road-distance,7b2446c7ffe6179efbc42af6812448e8cb782f12968ca2bb1d50d979343056d4,rotating-hot,80,100,balanced-random,small,181,0,3,ADES,0dd57a2e061aaeedfe388a8f091737e216589e6abbc63b3d80f7d2f8c384a680,120,1,0,1,25165824,1568198991,1568197679,1312,5698146,61668616,5698146,61668616,1312,1312,23263024,23263040,76,44,8,6,8,0,5,0,2,0,0,0,0,122332,1.939731
holdout2,ny-road-distance,7b2446c7ffe6179efbc42af6812448e8cb782f12968ca2bb1d50d979343056d4,rotating-hot,80,100,balanced-random,small,181,0,4,ADES-V2,0dd57a2e061aaeedfe388a8f091737e216589e6abbc63b3d80f7d2f8c384a680,120,1,0,1,25165824,1164006709,1164005026,1683,1847329,31266064,1847329,31266064,1683,1683,23264636,23264680,63,57,6,4,6,0,0,0,2,0,0,0,0,129392,1.530075
holdout2,ny-road-distance,7b2446c7ffe6179efbc42af6812448e8cb782f12968ca2bb1d50d979343056d4,rotating-hot,80,100,balanced-random,small,181,0,5,ADES-V3,0dd57a2e061aaeedfe388a8f091737e216589e6abbc63b3d80f7d2f8c384a680,120,1,0,1,25165824,821837023,821835700,1323,291,47424257,260,47424257,1323,1323,23264592,23264592,37,83,8,6,8,0,0,0,2,0,0,0,0,126952,1.190030
holdout2,ny-road-distance,7b2446c7ffe6179efbc42af6812448e8cb782f12968ca2bb1d50d979343056d4,rotating-hot,80,100,balanced-random,small,181,0,0,B3L,0dd57a2e061aaeedfe388a8f091737e216589e6abbc63b3d80f7d2f8c384a680,120,1,0,1,50331648,1368127280,1368126168,1112,260,48161473,260,48161473,1112,1112,46524960,46524960,29,91,0,25,0,0,0,0,0,0,0,0,0,150152,1.734611
holdout2,ny-road-distance,7b2446c7ffe6179efbc42af6812448e8cb782f12968ca2bb1d50d979343056d4,rotating-hot,80,100,balanced-random,small,181,0,1,FREQ-LRU-REPAIR,0dd57a2e061aaeedfe388a8f091737e216589e6abbc63b3d80f7d2f8c384a680,120,1,0,1,50331648,779461113,779459269,1844,321,28191856,320,28191856,1844,1844,46525664,46525664,37,83,4,0,4,0,0,0,4,0,0,0,0,143448,1.145700
holdout2,ny-road-distance,7b2446c7ffe6179efbc42af6812448e8cb782f12968ca2bb1d50d979343056d4,rotating-hot,80,100,balanced-random,small,181,0,2,ADES,0dd57a2e061aaeedfe388a8f091737e216589e6abbc63b3d80f7d2f8c384a680,120,1,0,1,50331648,777424602,777422899,1703,341,27359091,341,27359091,1703,1703,46525664,46525664,37,83,4,0,4,0,0,0,4,0,0,0,0,143888,1.143218
holdout2,ny-road-distance,7b2446c7ffe6179efbc42af6812448e8cb782f12968ca2bb1d50d979343056d4,rotating-hot,80,100,balanced-random,small,181,0,3,ADES-V2,0dd57a2e061aaeedfe388a8f091737e216589e6abbc63b3d80f7d2f8c384a680,120,1,0,1,50331648,566144353,566141868,2485,330,26227056,321,26227056,2485,2485,46527328,46527328,29,91,4,0,4,0,0,0,4,0,0,0,0,144076,0.932762
holdout2,ny-road-distance,7b2446c7ffe6179efbc42af6812448e8cb782f12968ca2bb1d50d979343056d4,rotating-hot,80,100,balanced-random,small,181,0,4,ADES-V3,0dd57a2e061aaeedfe388a8f091737e216589e6abbc63b3d80f7d2f8c384a680,120,1,0,1,50331648,558689723,558687358,2365,320,25675256,320,25675256,2365,2365,46527328,46527328,29,91,4,0,4,0,0,0,4,0,0,0,0,142956,0.922291
holdout2,ny-road-distance,7b2446c7ffe6179efbc42af6812448e8cb782f12968ca2bb1d50d979343056d4,rotating-hot,80,100,balanced-random,small,181,0,5,COLD,0dd57a2e061aaeedfe388a8f091737e216589e6abbc63b3d80f7d2f8c384a680,120,1,0,1,50331648,1706889523,1706888631,892,16263317,26118023,16263317,26118023,892,892,0,0,120,0,0,0,0,0,0,0,0,0,0,0,0,97540,2.067105
holdout2,ny-road-distance,7b2446c7ffe6179efbc42af6812448e8cb782f12968ca2bb1d50d979343056d4,rotating-hot,80,10,increase-only,large,101,0,0,B3L,167962196624abe39e92bcaff59313cb06f50bc57859e2b7a6181ce8ae13881c,120,11,11,0,25165824,1465022659,1464520301,502358,250,47269345,230,47269345,1443,378146,23262480,23262480,32,88,0,30,0,0,0,0,0,0,0,0,0,129428,1.825121
holdout2,ny-road-distance,7b2446c7ffe6179efbc42af6812448e8cb782f12968ca2bb1d50d979343056d4,rotating-hot,80,10,increase-only,large,101,0,1,FREQ-LRU-REPAIR,167962196624abe39e92bcaff59313cb06f50bc57859e2b7a6181ce8ae13881c,120,11,11,0,25165824,1279262471,1278782876,479595,601,63268280,401,63268280,3226,446944,23262984,23262984,52,68,8,6,8,0,0,0,11,0,10,0,0,121164,1.642369
holdout2,ny-road-distance,7b2446c7ffe6179efbc42af6812448e8cb782f12968ca2bb1d50d979343056d4,rotating-hot,80,10,increase-only,large,101,0,2,ADES,167962196624abe39e92bcaff59313cb06f50bc57859e2b7a6181ce8ae13881c,120,11,11,0,25165824,1615182762,1614359687,823075,4324102,62758518,6224860,62758518,3356,786809,23263008,23263024,76,44,8,6,8,0,6,0,9,0,12,0,0,122240,1.976532
holdout2,ny-road-distance,7b2446c7ffe6179efbc42af6812448e8cb782f12968ca2bb1d50d979343056d4,rotating-hot,80,10,increase-only,large,101,0,3,ADES-V2,167962196624abe39e92bcaff59313cb06f50bc57859e2b7a6181ce8ae13881c,120,11,11,0,25165824,1290471698,1289862890,608808,2826366,46223583,4137032,46223583,3567,481489,23264636,23264680,70,50,7,5,7,0,0,0,10,0,11,0,0,129428,1.653292
holdout2,ny-road-distance,7b2446c7ffe6179efbc42af6812448e8cb782f12968ca2bb1d50d979343056d4,rotating-hot,80,10,increase-only,large,101,0,4,ADES-V3,167962196624abe39e92bcaff59313cb06f50bc57859e2b7a6181ce8ae13881c,120,11,11,0,25165824,811975070,811420895,554175,311,44643554,291,44643554,3266,428650,23264592,23264592,36,84,8,6,8,0,0,0,11,0,10,0,0,128448,1.172982
holdout2,ny-road-distance,7b2446c7ffe6179efbc42af6812448e8cb782f12968ca2bb1d50d979343056d4,rotating-hot,80,10,increase-only,large,101,0,5,COLD,167962196624abe39e92bcaff59313cb06f50bc57859e2b7a6181ce8ae13881c,120,11,11,0,25165824,1824476493,1824469861,6632,15462413,27088355,16350711,27088355,581,1062,0,0,120,0,0,0,0,0,0,0,0,0,0,0,0,98616,2.188442
holdout2,ny-road-distance,7b2446c7ffe6179efbc42af6812448e8cb782f12968ca2bb1d50d979343056d4,rotating-hot,80,10,increase-only,large,101,0,0,FREQ-LRU-REPAIR,167962196624abe39e92bcaff59313cb06f50bc57859e2b7a6181ce8ae13881c,120,11,11,0,50331648,783376723,782429925,946798,321,27815953,311,27815953,3547,784314,46525648,46525648,36,84,4,0,4,0,0,0,18,0,17,0,0,145008,1.147796
holdout2,ny-road-distance,7b2446c7ffe6179efbc42af6812448e8cb782f12968ca2bb1d50d979343056d4,rotating-hot,80,10,increase-only,large,101,0,1,ADES,167962196624abe39e92bcaff59313cb06f50bc57859e2b7a6181ce8ae13881c,120,11,11,0,50331648,777434495,776493159,941336,331,27192599,321,27192599,3426,782149,46525648,46525648,36,84,4,0,4,0,0,0,18,0,17,0,0,145032,1.142039
holdout2,ny-road-distance,7b2446c7ffe6179efbc42af6812448e8cb782f12968ca2bb1d50d979343056d4,rotating-hot,80,10,increase-only,large,101,0,2,ADES-V2,167962196624abe39e92bcaff59313cb06f50bc57859e2b7a6181ce8ae13881c,120,11,11,0,50331648,542418553,541415151,1003402,321,24208428,311,24208428,3847,780367,46527328,46527328,28,92,4,0,4,0,0,0,18,0,18,0,0,143920,0.904126
holdout2,ny-road-distance,7b2446c7ffe6179efbc42af6812448e8cb782f12968ca2bb1d50d979343056d4,rotating-hot,80,10,increase-only,large,101,0,3,ADES-V3,167962196624abe39e92bcaff59313cb06f50bc57859e2b7a6181ce8ae13881c,120,11,11,0,50331648,540874336,539849582,1024754,311,24403352,301,24403352,3397,795916,46527328,46527328,28,92,4,0,4,0,0,0,18,0,18,0,0,142940,0.904505
holdout2,ny-road-distance,7b2446c7ffe6179efbc42af6812448e8cb782f12968ca2bb1d50d979343056d4,rotating-hot,80,10,increase-only,large,101,0,4,COLD,167962196624abe39e92bcaff59313cb06f50bc57859e2b7a6181ce8ae13881c,120,11,11,0,50331648,1786877577,1786867169,10408,14916823,26979578,16020813,26979578,912,1282,0,0,120,0,0,0,0,0,0,0,0,0,0,0,0,98628,2.148018
holdout2,ny-road-distance,7b2446c7ffe6179efbc42af6812448e8cb782f12968ca2bb1d50d979343056d4,rotating-hot,80,10,increase-only,large,101,0,5,B3L,167962196624abe39e92bcaff59313cb06f50bc57859e2b7a6181ce8ae13881c,120,11,11,0,50331648,1343583468,1342364135,1219333,311,49713642,260,49713642,3526,997963,46524960,46524960,28,92,0,24,0,0,0,0,0,0,0,0,0,152240,1.707563
holdout2,ny-road-distance,7b2446c7ffe6179efbc42af6812448e8cb782f12968ca2bb1d50d979343056d4,rotating-hot,80,10,increase-only,large,137,0,0,FREQ-LRU-REPAIR,a826429e892eafe73a76b3076453544575f6b901df36d12bf9eeaafa2337c381,120,11,11,0,25165824,1203967188,1203778475,188713,321,61680504,260,61680504,1853,91030,23262920,23262920,48,72,8,6,8,0,0,0,14,0,6,0,0,122212,1.567794
holdout2,ny-road-distance,7b2446c7ffe6179efbc42af6812448e8cb782f12968ca2bb1d50d979343056d4,rotating-hot,80,10,increase-only,large,137,0,1,ADES,a826429e892eafe73a76b3076453544575f6b901df36d12bf9eeaafa2337c381,120,11,11,0,25165824,1370929415,1370747084,182331,1826725,62106250,3046747,62106250,1573,89337,23262944,23262948,73,47,8,6,8,0,4,0,16,0,4,0,0,121160,1.734377
holdout2,ny-road-distance,7b2446c7ffe6179efbc42af6812448e8cb782f12968ca2bb1d50d979343056d4,rotating-hot,80,10,increase-only,large,137,0,2,ADES-V2,a826429e892eafe73a76b3076453544575f6b901df36d12bf9eeaafa2337c381,120,11,11,0,25165824,1157053394,1156871597,181797,1904135,27542913,3213658,27542913,1703,93104,23264680,23264680,73,47,6,4,6,0,0,0,17,0,3,0,0,128412,1.525412
holdout2,ny-road-distance,7b2446c7ffe6179efbc42af6812448e8cb782f12968ca2bb1d50d979343056d4,rotating-hot,80,10,increase-only,large,137,0,3,ADES-V3,a826429e892eafe73a76b3076453544575f6b901df36d12bf9eeaafa2337c381,120,11,11,0,25165824,854835808,854628691,207117,240,46665668,221,46665668,2104,111138,23264592,23264592,33,87,8,6,8,0,0,0,14,0,6,0,0,127964,1.221352
holdout2,ny-road-distance,7b2446c7ffe6179efbc42af6812448e8cb782f12968ca2bb1d50d979343056d4,rotating-hot,80,10,increase-only,large,137,0,4,COLD,a826429e892eafe73a76b3076453544575f6b901df36d12bf9eeaafa2337c381,120,11,11,0,25165824,1614867669,1614858872,8797,12082080,26771239,13627075,26771239,872,1172,0,0,120,0,0,0,0,0,0,0,0,0,0,0,0,98564,1.979060
holdout2,ny-road-distance,7b2446c7ffe6179efbc42af6812448e8cb782f12968ca2bb1d50d979343056d4,rotating-hot,80,10,increase-only,large,137,0,5,B3L,a826429e892eafe73a76b3076453544575f6b901df36d12bf9eeaafa2337c381,120,11,11,0,25165824,1231651386,1231563312,88074,180,47484645,161,47484645,581,70932,23262480,23262480,26,94,0,24,0,0,0,0,0,0,0,0,0,128552,1.597420
holdout2,ny-road-distance,7b2446c7ffe6179efbc42af6812448e8cb782f12968ca2bb1d50d979343056d4,rotating-hot,80,10,increase-only,large,137,0,0,ADES,a826429e892eafe73a76b3076453544575f6b901df36d12bf9eeaafa2337c381,120,11,11,0,50331648,755129048,754869473,259575,321,26702650,311,26702650,4508,152415,46525584,46525584,32,88,4,0,4,0,0,0,25,0,10,0,0,144960,1.121062
holdout2,ny-road-distance,7b2446c7ffe6179efbc42af6812448e8cb782f12968ca2bb1d50d979343056d4,rotating-hot,80,10,increase-only,large,137,0,1,ADES-V2,a826429e892eafe73a76b3076453544575f6b901df36d12bf9eeaafa2337c381,120,11,11,0,50331648,592429429,592168303,261126,300,26427066,290,26427066,4398,152966,46527328,46527328,26,94,4,0,4,0,0,0,25,0,10,0,0,145088,0.957615
holdout2,ny-road-distance,7b2446c7ffe6179efbc42af6812448e8cb782f12968ca2bb1d50d979343056d4,rotating-hot,80,10,increase-only,large,137,0,2,ADES-V3,a826429e892eafe73a76b3076453544575f6b901df36d12bf9eeaafa2337c381,120,11,11,0,50331648,576194171,575939733,254438,311,26554143,310,26554143,4208,148928,46527328,46527328,25,95,4,0,4,0,0,0,25,0,10,0,0,143824,0.938907
holdout2,ny-road-distance,7b2446c7ffe6179efbc42af6812448e8cb782f12968ca2bb1d50d979343056d4,rotating-hot,80,10,increase-only,large,137,0,3,COLD,a826429e892eafe73a76b3076453544575f6b901df36d12bf9eeaafa2337c381,120,11,11,0,50331648,1609802385,1609794292,8093,12211041,26658310,13758230,26658310,771,962,0,0,120,0,0,0,0,0,0,0,0,0,0,0,0,97504,1.970279
holdout2,ny-road-distance,7b2446c7ffe6179efbc42af6812448e8cb782f12968ca2bb1d50d979343056d4,rotating-hot,80,10,increase-only,large,137,0,4,B3L,a826429e892eafe73a76b3076453544575f6b901df36d12bf9eeaafa2337c381,120,11,11,0,50331648,1186054083,1185847927,206156,210,50806836,161,50806836,5009,89046,46524960,46524960,24,96,0,20,0,0,0,0,0,0,0,0,0,151180,1.552534
holdout2,ny-road-distance,7b2446c7ffe6179efbc42af6812448e8cb782f12968ca2bb1d50d979343056d4,rotating-hot,80,10,increase-only,large,137,0,5,FREQ-LRU-REPAIR,a826429e892eafe73a76b3076453544575f6b901df36d12bf9eeaafa2337c381,120,11,11,0,50331648,747027423,746774200,253223,320,26377304,311,26377304,4338,147986,46525584,46525584,32,88,4,0,4,0,0,0,25,0,10,0,0,145064,1.109298
holdout2,ny-road-distance,7b2446c7ffe6179efbc42af6812448e8cb782f12968ca2bb1d50d979343056d4,rotating-hot,80,10,increase-only,large,181,0,0,ADES,1eba3005418e23cf0048f2ab61970bc069e6bbecce4d79383f148fe78aaf1fda,120,11,11,0,25165824,1229431005,1229013748,417257,3042993,28374836,3908469,28374836,1923,302755,23263144,23263144,80,40,5,3,5,0,4,0,13,0,7,0,0,122096,1.592347
holdout2,ny-road-distance,7b2446c7ffe6179efbc42af6812448e8cb782f12968ca2bb1d50d979343056d4,rotating-hot,80,10,increase-only,large,181,0,1,ADES-V2,1eba3005418e23cf0048f2ab61970bc069e6bbecce4d79383f148fe78aaf1fda,120,11,11,0,25165824,1087476296,1087043957,432339,2693600,27691080,3074331,27691080,1994,301864,23264680,23264680,75,45,5,3,5,0,0,0,13,0,8,0,0,127944,1.452930
holdout2,ny-road-distance,7b2446c7ffe6179efbc42af6812448e8cb782f12968ca2bb1d50d979343056d4,rotating-hot,80,10,increase-only,large,181,0,2,ADES-V3,1eba3005418e23cf0048f2ab61970bc069e6bbecce4d79383f148fe78aaf1fda,120,11,11,0,25165824,925906595,925773886,132709,501,47415321,421,47415321,1693,101620,23264592,23264592,46,74,8,6,8,0,0,0,15,0,6,0,0,129440,1.288940
holdout2,ny-road-distance,7b2446c7ffe6179efbc42af6812448e8cb782f12968ca2bb1d50d979343056d4,rotating-hot,80,10,increase-only,large,181,0,3,COLD,1eba3005418e23cf0048f2ab61970bc069e6bbecce4d79383f148fe78aaf1fda,120,11,11,0,25165824,1646946653,1646938987,7666,12905720,26232716,15104335,26232716,642,992,0,0,120,0,0,0,0,0,0,0,0,0,0,0,0,97428,2.008141
holdout2,ny-road-distance,7b2446c7ffe6179efbc42af6812448e8cb782f12968ca2bb1d50d979343056d4,rotating-hot,80,10,increase-only,large,181,0,4,B3L,1eba3005418e23cf0048f2ab61970bc069e6bbecce4d79383f148fe78aaf1fda,120,11,11,0,25165824,2004234381,2004137571,96810,331,48153887,301,48153887,521,88375,23262480,23262480,43,77,0,41,0,0,0,0,0,0,0,0,0,129504,2.369630
holdout2,ny-road-distance,7b2446c7ffe6179efbc42af6812448e8cb782f12968ca2bb1d50d979343056d4,rotating-hot,80,10,increase-only,large,181,0,5,FREQ-LRU-REPAIR,1eba3005418e23cf0048f2ab61970bc069e6bbecce4d79383f148fe78aaf1fda,120,11,11,0,25165824,1345990237,1345855725,134512,1803,54612768,651,54612768,1803,103123,23263112,23263112,60,60,8,6,8,0,0,0,14,0,6,0,0,121120,1.709559
holdout2,ny-road-distance,7b2446c7ffe6179efbc42af6812448e8cb782f12968ca2bb1d50d979343056d4,rotating-hot,80,10,increase-only,large,181,0,0,ADES-V2,1eba3005418e23cf0048f2ab61970bc069e6bbecce4d79383f148fe78aaf1fda,120,11,11,0,50331648,659623166,659211188,411978,351,25754764,321,25754764,4800,255427,46527328,46527328,38,82,4,0,4,0,0,0,23,0,13,0,0,143548,1.025441
holdout2,ny-road-distance,7b2446c7ffe6179efbc42af6812448e8cb782f12968ca2bb1d50d979343056d4,rotating-hot,80,10,increase-only,large,181,0,1,ADES-V3,1eba3005418e23cf0048f2ab61970bc069e6bbecce4d79383f148fe78aaf1fda,120,11,11,0,50331648,648400125,647998837,401288,410,25604884,321,25604884,4980,256488,46527328,46527328,36,84,4,0,4,0,0,0,23,0,13,0,0,142936,1.011992
holdout2,ny-road-distance,7b2446c7ffe6179efbc42af6812448e8cb782f12968ca2bb1d50d979343056d4,rotating-hot,80,10,increase-only,large,181,0,2,COLD,1eba3005418e23cf0048f2ab61970bc069e6bbecce4d79383f148fe78aaf1fda,120,11,11,0,50331648,1633855350,1633847165,8185,12982490,26355706,14777142,26355706,731,882,0,0,120,0,0,0,0,0,0,0,0,0,0,0,0,97392,1.994242
holdout2,ny-road-distance,7b2446c7ffe6179efbc42af6812448e8cb782f12968ca2bb1d50d979343056d4,rotating-hot,80,10,increase-only,large,181,0,3,B3L,1eba3005418e23cf0048f2ab61970bc069e6bbecce4d79383f148fe78aaf1fda,120,11,11,0,50331648,1728893338,1728772573,120765,390,48356680,340,48356680,3527,82123,46524960,46524960,37,83,0,33,0,0,0,0,0,0,0,0,0,151196,2.096075
holdout2,ny-road-distance,7b2446c7ffe6179efbc42af6812448e8cb782f12968ca2bb1d50d979343056d4,rotating-hot,80,10,increase-only,large,181,0,4,FREQ-LRU-REPAIR,1eba3005418e23cf0048f2ab61970bc069e6bbecce4d79383f148fe78aaf1fda,120,11,11,0,50331648,837326613,836927337,399276,380,26549087,331,26549087,4969,250699,46525776,46525776,44,76,4,0,4,0,0,0,22,0,13,0,0,143880,1.205899
holdout2,ny-road-distance,7b2446c7ffe6179efbc42af6812448e8cb782f12968ca2bb1d50d979343056d4,rotating-hot,80,10,increase-only,large,181,0,5,ADES,1eba3005418e23cf0048f2ab61970bc069e6bbecce4d79383f148fe78aaf1fda,120,11,11,0,50331648,858835641,858425246,410395,391,27865054,361,27865054,4829,273601,46525776,46525776,48,72,4,0,4,0,0,0,22,0,12,0,0,143924,1.220623
holdout2,ny-road-distance,7b2446c7ffe6179efbc42af6812448e8cb782f12968ca2bb1d50d979343056d4,rotating-hot,80,100,increase-only,large,101,0,0,ADES-V2,084ec7541cd5f39ad8716d928739e9a3d63d40594df7d40991703bf783cce3e4,120,1,1,0,25165824,1202174295,1202172561,1734,1368675,42025718,1368675,42025718,1734,1734,23264636,23264680,62,58,6,4,6,0,0,0,2,0,0,0,0,129444,1.571431
holdout2,ny-road-distance,7b2446c7ffe6179efbc42af6812448e8cb782f12968ca2bb1d50d979343056d4,rotating-hot,80,100,increase-only,large,101,0,1,ADES-V3,084ec7541cd5f39ad8716d928739e9a3d63d40594df7d40991703bf783cce3e4,120,1,1,0,25165824,895489534,895487731,1803,331,50260443,331,50260443,1803,1803,23264592,23264592,36,84,8,6,8,0,0,0,2,0,0,0,0,128464,1.265296
holdout2,ny-road-distance,7b2446c7ffe6179efbc42af6812448e8cb782f12968ca2bb1d50d979343056d4,rotating-hot,80,100,increase-only,large,101,0,2,COLD,084ec7541cd5f39ad8716d928739e9a3d63d40594df7d40991703bf783cce3e4,120,1,1,0,25165824,1968277296,1968276214,1082,17368389,29205310,17368389,29205310,1082,1082,0,0,120,0,0,0,0,0,0,0,0,0,0,0,0,98496,2.330644
holdout2,ny-road-distance,7b2446c7ffe6179efbc42af6812448e8cb782f12968ca2bb1d50d979343056d4,rotating-hot,80,100,increase-only,large,101,0,3,B3L,084ec7541cd5f39ad8716d928739e9a3d63d40594df7d40991703bf783cce3e4,120,1,1,0,25165824,1669808445,1669807834,611,190,53314187,190,53314187,611,611,23262480,23262480,33,87,0,31,0,0,0,0,0,0,0,0,0,128484,2.034585
holdout2,ny-road-distance,7b2446c7ffe6179efbc42af6812448e8cb782f12968ca2bb1d50d979343056d4,rotating-hot,80,100,increase-only,large,101,0,4,FREQ-LRU-REPAIR,084ec7541cd5f39ad8716d928739e9a3d63d40594df7d40991703bf783cce3e4,120,1,1,0,25165824,1224163190,1224161727,1463,361,58848010,330,58848010,1463,1463,23262984,23263000,52,68,8,6,8,0,0,0,2,0,0,0,0,122256,1.590288
holdout2,ny-road-distance,7b2446c7ffe6179efbc42af6812448e8cb782f12968ca2bb1d50d979343056d4,rotating-hot,80,100,increase-only,large,101,0,5,ADES,084ec7541cd5f39ad8716d928739e9a3d63d40594df7d40991703bf783cce3e4,120,1,1,0,25165824,1555654188,1555652395,1793,9174852,40921659,9174852,40921659,1793,1793,23263028,23263028,83,37,6,4,6,0,8,0,2,0,0,0,0,122176,1.917149
holdout2,ny-road-distance,7b2446c7ffe6179efbc42af6812448e8cb782f12968ca2bb1d50d979343056d4,rotating-hot,80,100,increase-only,large,101,0,0,ADES-V3,084ec7541cd5f39ad8716d928739e9a3d63d40594df7d40991703bf783cce3e4,120,1,1,0,50331648,545323924,545321079,2845,321,24333616,321,24333616,2845,2845,46527328,46527328,28,92,4,0,4,0,0,0,4,0,0,0,0,142376,0.911985
holdout2,ny-road-distance,7b2446c7ffe6179efbc42af6812448e8cb782f12968ca2bb1d50d979343056d4,rotating-hot,80,100,increase-only,large,101,0,1,COLD,084ec7541cd5f39ad8716d928739e9a3d63d40594df7d40991703bf783cce3e4,120,1,1,0,50331648,1817331571,1817330580,991,15700095,27695462,15700095,27695462,991,991,0,0,120,0,0,0,0,0,0,0,0,0,0,0,0,97572,2.176398
holdout2,ny-road-distance,7b2446c7ffe6179efbc42af6812448e8cb782f12968ca2bb1d50d979343056d4,rotating-hot,80,100,increase-only,large,101,0,2,B3L,084ec7541cd5f39ad8716d928739e9a3d63d40594df7d40991703bf783cce3e4,120,1,1,0,50331648,1354283613,1354283012,601,190,49867285,190,49867285,601,601,46524960,46524960,28,92,0,24,0,0,0,0,0,0,0,0,0,151244,1.723252
holdout2,ny-road-distance,7b2446c7ffe6179efbc42af6812448e8cb782f12968ca2bb1d50d979343056d4,rotating-hot,80,100,increase-only,large,101,0,3,FREQ-LRU-REPAIR,084ec7541cd5f39ad8716d928739e9a3d63d40594df7d40991703bf783cce3e4,120,1,1,0,50331648,762093290,762090716,2574,310,32569623,310,32569623,2574,2574,46525648,46525648,36,84,4,0,4,0,0,0,4,0,0,0,0,143488,1.127231
holdout2,ny-road-distance,7b2446c7ffe6179efbc42af6812448e8cb782f12968ca2bb1d50d979343056d4,rotating-hot,80,100,increase-only,large,101,0,4,ADES,084ec7541cd5f39ad8716d928739e9a3d63d40594df7d40991703bf783cce3e4,120,1,1,0,50331648,759306725,759304291,2434,311,31982045,311,31982045,2434,2434,46525648,46525648,36,84,4,0,4,0,0,0,4,0,0,0,0,144968,1.126127
holdout2,ny-road-distance,7b2446c7ffe6179efbc42af6812448e8cb782f12968ca2bb1d50d979343056d4,rotating-hot,80,100,increase-only,large,101,0,5,ADES-V2,084ec7541cd5f39ad8716d928739e9a3d63d40594df7d40991703bf783cce3e4,120,1,1,0,50331648,546819190,546816786,2404,320,24799012,311,24799012,2404,2404,46527328,46527328,28,92,4,0,4,0,0,0,4,0,0,0,0,145016,0.910535
holdout2,ny-road-distance,7b2446c7ffe6179efbc42af6812448e8cb782f12968ca2bb1d50d979343056d4,rotating-hot,80,100,increase-only,large,137,0,0,ADES-V3,a061c5c536d4baf691bcf4c51581575e871bd13bbaa76d5be6249612f5ea0d31,120,1,1,0,25165824,791862987,791861214,1773,221,48012954,220,48012954,1773,1773,23264592,23264592,34,86,8,6,8,0,0,0,2,0,0,0,0,128376,1.157167
holdout2,ny-road-distance,7b2446c7ffe6179efbc42af6812448e8cb782f12968ca2bb1d50d979343056d4,rotating-hot,80,100,increase-only,large,137,0,1,COLD,a061c5c536d4baf691bcf4c51581575e871bd13bbaa76d5be6249612f5ea0d31,120,1,1,0,25165824,1579181576,1579181004,572,12337027,26561267,12337027,26561267,572,572,0,0,120,0,0,0,0,0,0,0,0,0,0,0,0,97556,1.942073
holdout2,ny-road-distance,7b2446c7ffe6179efbc42af6812448e8cb782f12968ca2bb1d50d979343056d4,rotating-hot,80,100,increase-only,large,137,0,2,B3L,a061c5c536d4baf691bcf4c51581575e871bd13bbaa76d5be6249612f5ea0d31,120,1,1,0,25165824,1238552319,1238551728,591,171,47987967,171,47987967,591,591,23262480,23262480,26,94,0,24,0,0,0,0,0,0,0,0,0,128432,1.604455
holdout2,ny-road-distance,7b2446c7ffe6179efbc42af6812448e8cb782f12968ca2bb1d50d979343056d4,rotating-hot,80,100,increase-only,large,137,0,3,FREQ-LRU-REPAIR,a061c5c536d4baf691bcf4c51581575e871bd13bbaa76d5be6249612f5ea0d31,120,1,1,0,25165824,1096635924,1096634431,1493,301,51866219,301,51866219,1493,1493,23262920,23262920,48,72,8,6,8,0,0,0,2,0,0,0,0,122312,1.459024
holdout2,ny-road-distance,7b2446c7ffe6179efbc42af6812448e8cb782f12968ca2bb1d50d979343056d4,rotating-hot,80,100,increase-only,large,137,0,4,ADES,a061c5c536d4baf691bcf4c51581575e871bd13bbaa76d5be6249612f5ea0d31,120,1,1,0,25165824,1414889979,1414888406,1573,4182390,54366077,4182390,54366077,1573,1573,23262948,23262948,80,40,7,5,7,0,6,0,2,0,0,0,0,121204,1.777386
holdout2,ny-road-distance,7b2446c7ffe6179efbc42af6812448e8cb782f12968ca2bb1d50d979343056d4,rotating-hot,80,100,increase-only,large,137,0,5,ADES-V2,a061c5c536d4baf691bcf4c51581575e871bd13bbaa76d5be6249612f5ea0d31,120,1,1,0,25165824,1065586777,1065585064,1713,1733878,29847914,1733878,29847914,1713,1713,23264680,23264680,66,54,6,4,6,0,0,0,2,0,0,0,0,128396,1.434247
holdout2,ny-road-distance,7b2446c7ffe6179efbc42af6812448e8cb782f12968ca2bb1d50d979343056d4,rotating-hot,80,100,increase-only,large,137,0,0,COLD,a061c5c536d4baf691bcf4c51581575e871bd13bbaa76d5be6249612f5ea0d31,120,1,1,0,50331648,1573021502,1573020650,852,12380267,26124422,12380267,26124422,852,852,0,0,120,0,0,0,0,0,0,0,0,0,0,0,0,98528,1.934918
holdout2,ny-road-distance,7b2446c7ffe6179efbc42af6812448e8cb782f12968ca2bb1d50d979343056d4,rotating-hot,80,100,increase-only,large,137,0,1,B3L,a061c5c536d4baf691bcf4c51581575e871bd13bbaa76d5be6249612f5ea0d31,120,1,1,0,50331648,1189290478,1189289266,1212,211,50748622,180,50748622,1212,1212,46524960,46524960,24,96,0,20,0,0,0,0,0,0,0,0,0,151256,1.555634
holdout2,ny-road-distance,7b2446c7ffe6179efbc42af6812448e8cb782f12968ca2bb1d50d979343056d4,rotating-hot,80,100,increase-only,large,137,0,2,FREQ-LRU-REPAIR,a061c5c536d4baf691bcf4c51581575e871bd13bbaa76d5be6249612f5ea0d31,120,1,1,0,50331648,715386399,715383855,2544,321,27654070,321,27654070,2544,2544,46525584,46525584,32,88,4,0,4,0,0,0,4,0,0,0,0,143944,1.080001
holdout2,ny-road-distance,7b2446c7ffe6179efbc42af6812448e8cb782f12968ca2bb1d50d979343056d4,rotating-hot,80,100,increase-only,large,137,0,3,ADES,a061c5c536d4baf691bcf4c51581575e871bd13bbaa76d5be6249612f5ea0d31,120,1,1,0,50331648,760657623,760655068,2555,321,28213175,321,28213175,2555,2555,46525584,46525584,34,86,4,0,4,0,0,0,4,0,0,0,0,144904,1.125217
holdout2,ny-road-distance,7b2446c7ffe6179efbc42af6812448e8cb782f12968ca2bb1d50d979343056d4,rotating-hot,80,100,increase-only,large,137,0,4,ADES-V2,a061c5c536d4baf691bcf4c51581575e871bd13bbaa76d5be6249612f5ea0d31,120,1,1,0,50331648,572503099,572500134,2965,311,27908325,311,27908325,2965,2965,46527328,46527328,28,92,4,0,4,0,0,0,4,0,0,0,0,143944,0.932379
holdout2,ny-road-distance,7b2446c7ffe6179efbc42af6812448e8cb782f12968ca2bb1d50d979343056d4,rotating-hot,80,100,increase-only,large,137,0,5,ADES-V3,a061c5c536d4baf691bcf4c51581575e871bd13bbaa76d5be6249612f5ea0d31,120,1,1,0,50331648,573743897,573741011,2886,311,28846718,311,28846718,2886,2886,46527328,46527328,26,94,4,0,4,0,0,0,4,0,0,0,0,143688,0.942274
holdout2,ny-road-distance,7b2446c7ffe6179efbc42af6812448e8cb782f12968ca2bb1d50d979343056d4,rotating-hot,80,100,increase-only,large,181,0,0,COLD,134783d21b7e2f84f1647555c95dabb2192d39edcde46939e1d6bc5855889f66,120,1,1,0,25165824,1727414601,1727413889,712,16302707,26459446,16302707,26459446,712,712,0,0,120,0,0,0,0,0,0,0,0,0,0,0,0,97436,2.088199
holdout2,ny-road-distance,7b2446c7ffe6179efbc42af6812448e8cb782f12968ca2bb1d50d979343056d4,rotating-hot,80,100,increase-only,large,181,0,1,B3L,134783d21b7e2f84f1647555c95dabb2192d39edcde46939e1d6bc5855889f66,120,1,1,0,25165824,1655013279,1655012858,421,211,48566472,210,48566472,421,421,23262480,23262480,35,85,0,33,0,0,0,0,0,0,0,0,0,128556,2.019919
holdout2,ny-road-distance,7b2446c7ffe6179efbc42af6812448e8cb782f12968ca2bb1d50d979343056d4,rotating-hot,80,100,increase-only,large,181,0,2,FREQ-LRU-REPAIR,134783d21b7e2f84f1647555c95dabb2192d39edcde46939e1d6bc5855889f66,120,1,1,0,25165824,1222016870,1222015287,1583,350,49476803,321,49476803,1583,1583,23263016,23263032,54,66,8,6,8,0,0,0,2,0,0,0,0,121104,1.586619
holdout2,ny-road-distance,7b2446c7ffe6179efbc42af6812448e8cb782f12968ca2bb1d50d979343056d4,rotating-hot,80,100,increase-only,large,181,0,3,ADES,134783d21b7e2f84f1647555c95dabb2192d39edcde46939e1d6bc5855889f66,120,1,1,0,25165824,1552308775,1552306922,1853,5654752,56036988,5654752,56036988,1853,1853,23263040,23263056,78,42,8,6,8,0,5,0,2,0,0,0,0,122220,1.922217
holdout2,ny-road-distance,7b2446c7ffe6179efbc42af6812448e8cb782f12968ca2bb1d50d979343056d4,rotating-hot,80,100,increase-only,large,181,0,4,ADES-V2,134783d21b7e2f84f1647555c95dabb2192d39edcde46939e1d6bc5855889f66,120,1,1,0,25165824,1180015297,1180013874,1423,2166767,32991056,2166767,32991056,1423,1423,23264636,23264680,64,56,6,4,6,0,0,0,2,0,0,0,0,128328,1.544191
holdout2,ny-road-distance,7b2446c7ffe6179efbc42af6812448e8cb782f12968ca2bb1d50d979343056d4,rotating-hot,80,100,increase-only,large,181,0,5,ADES-V3,134783d21b7e2f84f1647555c95dabb2192d39edcde46939e1d6bc5855889f66,120,1,1,0,25165824,823123639,823121966,1673,321,47075511,311,47075511,1673,1673,23264592,23264592,38,82,8,6,8,0,0,0,2,0,0,0,0,128492,1.187845
holdout2,ny-road-distance,7b2446c7ffe6179efbc42af6812448e8cb782f12968ca2bb1d50d979343056d4,rotating-hot,80,100,increase-only,large,181,0,0,B3L,134783d21b7e2f84f1647555c95dabb2192d39edcde46939e1d6bc5855889f66,120,1,1,0,50331648,1459589792,1459589311,481,260,52002924,260,52002924,481,481,46524960,46524960,30,90,0,26,0,0,0,0,0,0,0,0,0,150132,1.826064
holdout2,ny-road-distance,7b2446c7ffe6179efbc42af6812448e8cb782f12968ca2bb1d50d979343056d4,rotating-hot,80,100,increase-only,large,181,0,1,FREQ-LRU-REPAIR,134783d21b7e2f84f1647555c95dabb2192d39edcde46939e1d6bc5855889f66,120,1,1,0,50331648,790895195,790890025,5170,311,27265142,311,27265142,5170,5170,46525680,46525680,38,82,4,0,4,0,0,0,3,0,1,0,0,144904,1.157622
holdout2,ny-road-distance,7b2446c7ffe6179efbc42af6812448e8cb782f12968ca2bb1d50d979343056d4,rotating-hot,80,100,increase-only,large,181,0,2,ADES,134783d21b7e2f84f1647555c95dabb2192d39edcde46939e1d6bc5855889f66,120,1,1,0,50331648,819493380,819488401,4979,321,27062864,320,27062864,4979,4979,46525680,46525680,38,82,4,0,4,0,0,0,3,0,1,0,0,143476,1.186382
holdout2,ny-road-distance,7b2446c7ffe6179efbc42af6812448e8cb782f12968ca2bb1d50d979343056d4,rotating-hot,80,100,increase-only,large,181,0,3,ADES-V2,134783d21b7e2f84f1647555c95dabb2192d39edcde46939e1d6bc5855889f66,120,1,1,0,50331648,560791914,560786624,5290,310,26028373,310,26028373,5290,5290,46527328,46527328,30,90,4,0,4,0,0,0,3,0,1,0,0,143448,0.920291
holdout2,ny-road-distance,7b2446c7ffe6179efbc42af6812448e8cb782f12968ca2bb1d50d979343056d4,rotating-hot,80,100,increase-only,large,181,0,4,ADES-V3,134783d21b7e2f84f1647555c95dabb2192d39edcde46939e1d6bc5855889f66,120,1,1,0,50331648,556122155,556116375,5780,301,25550819,301,25550819,5780,5780,46527328,46527328,30,90,4,0,4,0,0,0,3,0,1,0,0,142936,0.916378
holdout2,ny-road-distance,7b2446c7ffe6179efbc42af6812448e8cb782f12968ca2bb1d50d979343056d4,rotating-hot,80,100,increase-only,large,181,0,5,COLD,134783d21b7e2f84f1647555c95dabb2192d39edcde46939e1d6bc5855889f66,120,1,1,0,50331648,1701987025,1701986354,671,16052773,26469597,16052773,26469597,671,671,0,0,120,0,0,0,0,0,0,0,0,0,0,0,0,97548,2.062583
holdout2,syn-scale-free-50000-m4-v1,05b0186a56673b5665dd773738a943bf6d8ee364088949df2ed3c69d5d222ac8,hot-pool,70,10,balanced-random,small,101,0,0,B3L,0ed0eea3f9c37ce77cedf828282283983736ec77699c1f48e20e6fa076702afc,120,11,4,7,25165824,704445666,704436258,9408,291,18092338,260,18092338,611,3146,24200176,24200176,40,80,0,29,0,0,0,0,0,0,0,0,0,66996,0.834321
holdout2,syn-scale-free-50000-m4-v1,05b0186a56673b5665dd773738a943bf6d8ee364088949df2ed3c69d5d222ac8,hot-pool,70,10,balanced-random,small,101,0,1,FREQ-LRU-REPAIR,0ed0eea3f9c37ce77cedf828282283983736ec77699c1f48e20e6fa076702afc,120,11,4,7,25165824,128400351,128390723,9628,261,3150584,220,3150584,901,1262,8801008,8801008,52,68,4,0,4,0,0,0,36,0,0,0,0,51096,0.262843
holdout2,syn-scale-free-50000-m4-v1,05b0186a56673b5665dd773738a943bf6d8ee364088949df2ed3c69d5d222ac8,hot-pool,70,10,balanced-random,small,101,0,2,ADES,0ed0eea3f9c37ce77cedf828282283983736ec77699c1f48e20e6fa076702afc,120,11,4,7,25165824,152813919,152806678,7241,213268,2899825,263062,2899825,561,1342,8801008,8801008,86,34,4,0,4,0,0,0,18,0,0,0,0,49980,0.285862
holdout2,syn-scale-free-50000-m4-v1,05b0186a56673b5665dd773738a943bf6d8ee364088949df2ed3c69d5d222ac8,hot-pool,70,10,balanced-random,small,101,0,3,ADES-V2,0ed0eea3f9c37ce77cedf828282283983736ec77699c1f48e20e6fa076702afc,120,11,4,7,25165824,109049884,109044495,5389,338682,2699732,378036,2699732,431,852,2202132,2202132,103,17,1,0,1,0,0,0,11,0,0,0,0,45384,0.240334
holdout2,syn-scale-free-50000-m4-v1,05b0186a56673b5665dd773738a943bf6d8ee364088949df2ed3c69d5d222ac8,hot-pool,70,10,balanced-random,small,101,0,4,ADES-V3,0ed0eea3f9c37ce77cedf828282283983736ec77699c1f48e20e6fa076702afc,120,11,4,7,25165824,127927846,127918627,9219,902,2962613,81001,2962613,872,1152,8802432,8802432,62,58,4,0,4,0,0,0,32,0,0,0,0,50944,0.259795
holdout2,syn-scale-free-50000-m4-v1,05b0186a56673b5665dd773738a943bf6d8ee364088949df2ed3c69d5d222ac8,hot-pool,70,10,balanced-random,small,101,0,5,COLD,0ed0eea3f9c37ce77cedf828282283983736ec77699c1f48e20e6fa076702afc,120,11,4,7,25165824,134472447,134469554,2893,453987,3936541,515122,3936541,250,421,0,0,120,0,0,0,0,0,0,0,0,0,0,0,0,41508,0.264838
holdout2,syn-scale-free-50000-m4-v1,05b0186a56673b5665dd773738a943bf6d8ee364088949df2ed3c69d5d222ac8,hot-pool,70,10,balanced-random,small,101,0,0,FREQ-LRU-REPAIR,0ed0eea3f9c37ce77cedf828282283983736ec77699c1f48e20e6fa076702afc,120,11,4,7,50331648,127800206,127790545,9661,271,3136448,210,3136448,871,1283,8801008,8801008,52,68,4,0,4,0,0,0,36,0,0,0,0,51064,0.260294
holdout2,syn-scale-free-50000-m4-v1,05b0186a56673b5665dd773738a943bf6d8ee364088949df2ed3c69d5d222ac8,hot-pool,70,10,balanced-random,small,101,0,1,ADES,0ed0eea3f9c37ce77cedf828282283983736ec77699c1f48e20e6fa076702afc,120,11,4,7,50331648,150521391,150514475,6916,210453,2915455,250387,2915455,561,1293,8801008,8801008,86,34,4,0,4,0,0,0,18,0,0,0,0,51020,0.283132
holdout2,syn-scale-free-50000-m4-v1,05b0186a56673b5665dd773738a943bf6d8ee364088949df2ed3c69d5d222ac8,hot-pool,70,10,balanced-random,small,101,0,2,ADES-V2,0ed0eea3f9c37ce77cedf828282283983736ec77699c1f48e20e6fa076702afc,120,11,4,7,50331648,110568205,110562724,5481,342399,2740157,366715,2740157,471,841,2202132,2202132,103,17,1,0,1,0,0,0,11,0,0,0,0,43608,0.242071
holdout2,syn-scale-free-50000-m4-v1,05b0186a56673b5665dd773738a943bf6d8ee364088949df2ed3c69d5d222ac8,hot-pool,70,10,balanced-random,small,101,0,3,ADES-V3,0ed0eea3f9c37ce77cedf828282283983736ec77699c1f48e20e6fa076702afc,120,11,4,7,50331648,131536347,131525206,11141,1042,2981969,84037,2981969,962,1753,8802432,8802432,62,58,4,0,4,0,0,0,32,0,0,0,0,51032,0.265941
holdout2,syn-scale-free-50000-m4-v1,05b0186a56673b5665dd773738a943bf6d8ee364088949df2ed3c69d5d222ac8,hot-pool,70,10,balanced-random,small,101,0,4,COLD,0ed0eea3f9c37ce77cedf828282283983736ec77699c1f48e20e6fa076702afc,120,11,4,7,50331648,136980774,136978097,2677,463635,4021210,540830,4021210,221,421,0,0,120,0,0,0,0,0,0,0,0,0,0,0,0,41504,0.270452
holdout2,syn-scale-free-50000-m4-v1,05b0186a56673b5665dd773738a943bf6d8ee364088949df2ed3c69d5d222ac8,hot-pool,70,10,balanced-random,small,101,0,5,B3L,0ed0eea3f9c37ce77cedf828282283983736ec77699c1f48e20e6fa076702afc,120,11,4,7,50331648,725405968,725387070,18898,341,18688021,321,18688021,1323,8025,48400352,48400352,40,80,0,18,0,0,0,0,0,0,0,0,0,90116,0.862013
holdout2,syn-scale-free-50000-m4-v1,05b0186a56673b5665dd773738a943bf6d8ee364088949df2ed3c69d5d222ac8,hot-pool,70,10,balanced-random,small,137,0,0,FREQ-LRU-REPAIR,04094d67b770b587b3393bff2ff05d2a6009a71edae3510677354c3962444dea,120,11,7,4,25165824,113724573,113714122,10451,231,2377440,181,2377440,1042,1172,8800976,8800976,50,70,4,0,4,0,0,0,38,0,0,0,0,51288,0.248040
holdout2,syn-scale-free-50000-m4-v1,05b0186a56673b5665dd773738a943bf6d8ee364088949df2ed3c69d5d222ac8,hot-pool,70,10,balanced-random,small,137,0,1,ADES,04094d67b770b587b3393bff2ff05d2a6009a71edae3510677354c3962444dea,120,11,7,4,25165824,111622881,111618885,3996,298748,2362602,371654,2362602,401,651,4400792,4400792,110,10,2,0,2,0,0,0,6,0,0,0,0,46220,0.243663
holdout2,syn-scale-free-50000-m4-v1,05b0186a56673b5665dd773738a943bf6d8ee364088949df2ed3c69d5d222ac8,hot-pool,70,10,balanced-random,small,137,0,2,ADES-V2,04094d67b770b587b3393bff2ff05d2a6009a71edae3510677354c3962444dea,120,11,7,4,25165824,94537042,94534396,2646,405627,2506401,419754,2506401,221,390,2032,2032,120,0,0,0,0,0,0,0,0,0,0,0,0,41636,0.227101
holdout2,syn-scale-free-50000-m4-v1,05b0186a56673b5665dd773738a943bf6d8ee364088949df2ed3c69d5d222ac8,hot-pool,70,10,balanced-random,small,137,0,3,ADES-V3,04094d67b770b587b3393bff2ff05d2a6009a71edae3510677354c3962444dea,120,11,7,4,25165824,131410767,131401208,9559,148307,2614803,189394,2614803,812,1403,8802432,8802432,84,36,4,0,4,0,0,0,22,0,0,0,0,50424,0.265545
holdout2,syn-scale-free-50000-m4-v1,05b0186a56673b5665dd773738a943bf6d8ee364088949df2ed3c69d5d222ac8,hot-pool,70,10,balanced-random,small,137,0,4,COLD,04094d67b770b587b3393bff2ff05d2a6009a71edae3510677354c3962444dea,120,11,7,4,25165824,93582467,93579801,2666,395147,2479711,407010,2479711,221,431,0,0,120,0,0,0,0,0,0,0,0,0,0,0,0,42712,0.226767
holdout2,syn-scale-free-50000-m4-v1,05b0186a56673b5665dd773738a943bf6d8ee364088949df2ed3c69d5d222ac8,hot-pool,70,10,balanced-random,small,137,0,5,B3L,04094d67b770b587b3393bff2ff05d2a6009a71edae3510677354c3962444dea,120,11,7,4,25165824,740415626,740405879,9747,341,18460696,271,18460696,871,1272,24200176,24200176,41,79,0,30,0,0,0,0,0,0,0,0,0,67668,0.876577
holdout2,syn-scale-free-50000-m4-v1,05b0186a56673b5665dd773738a943bf6d8ee364088949df2ed3c69d5d222ac8,hot-pool,70,10,balanced-random,small,137,0,0,ADES,04094d67b770b587b3393bff2ff05d2a6009a71edae3510677354c3962444dea,120,11,7,4,50331648,114713827,114709318,4509,304900,2410041,389207,2410041,441,912,4400792,4400792,110,10,2,0,2,0,0,0,6,0,0,0,0,45596,0.254896
holdout2,syn-scale-free-50000-m4-v1,05b0186a56673b5665dd773738a943bf6d8ee364088949df2ed3c69d5d222ac8,hot-pool,70,10,balanced-random,small,137,0,1,ADES-V2,04094d67b770b587b3393bff2ff05d2a6009a71edae3510677354c3962444dea,120,11,7,4,50331648,92289156,92286631,2525,390650,2473709,419483,2473709,211,371,2032,2032,120,0,0,0,0,0,0,0,0,0,0,0,0,43352,0.225146
holdout2,syn-scale-free-50000-m4-v1,05b0186a56673b5665dd773738a943bf6d8ee364088949df2ed3c69d5d222ac8,hot-pool,70,10,balanced-random,small,137,0,2,ADES-V3,04094d67b770b587b3393bff2ff05d2a6009a71edae3510677354c3962444dea,120,11,7,4,50331648,132255694,132246467,9227,153055,2527320,190306,2527320,802,1392,8802432,8802432,84,36,4,0,4,0,0,0,22,0,0,0,0,50508,0.266708
holdout2,syn-scale-free-50000-m4-v1,05b0186a56673b5665dd773738a943bf6d8ee364088949df2ed3c69d5d222ac8,hot-pool,70,10,balanced-random,small,137,0,3,COLD,04094d67b770b587b3393bff2ff05d2a6009a71edae3510677354c3962444dea,120,11,7,4,50331648,91368955,91366330,2625,396430,2449665,405397,2449665,221,411,0,0,120,0,0,0,0,0,0,0,0,0,0,0,0,42668,0.224005
holdout2,syn-scale-free-50000-m4-v1,05b0186a56673b5665dd773738a943bf6d8ee364088949df2ed3c69d5d222ac8,hot-pool,70,10,balanced-random,small,137,0,4,B3L,04094d67b770b587b3393bff2ff05d2a6009a71edae3510677354c3962444dea,120,11,7,4,50331648,685756722,685744229,12493,340,18415572,291,18415572,1142,1884,48400352,48400352,38,82,0,16,0,0,0,0,0,0,0,0,0,91352,0.822775
holdout2,syn-scale-free-50000-m4-v1,05b0186a56673b5665dd773738a943bf6d8ee364088949df2ed3c69d5d222ac8,hot-pool,70,10,balanced-random,small,137,0,5,FREQ-LRU-REPAIR,04094d67b770b587b3393bff2ff05d2a6009a71edae3510677354c3962444dea,120,11,7,4,50331648,110876790,110865470,11320,221,2324451,190,2324451,1072,1382,8800976,8800976,50,70,4,0,4,0,0,0,38,0,0,0,0,51288,0.243569
holdout2,syn-scale-free-50000-m4-v1,05b0186a56673b5665dd773738a943bf6d8ee364088949df2ed3c69d5d222ac8,hot-pool,70,10,balanced-random,small,181,0,0,ADES,844c753d1e5cefce97dc8a1688bbfae749f858a9e50fab251e9188548125cd7c,120,11,6,5,25165824,116521875,116512158,9717,211365,2874739,248314,2874739,391,3807,6600708,6600708,91,29,3,0,3,0,0,0,8,0,4,0,0,47768,0.248810
holdout2,syn-scale-free-50000-m4-v1,05b0186a56673b5665dd773738a943bf6d8ee364088949df2ed3c69d5d222ac8,hot-pool,70,10,balanced-random,small,181,0,1,ADES-V2,844c753d1e5cefce97dc8a1688bbfae749f858a9e50fab251e9188548125cd7c,120,11,6,5,25165824,96158596,96155989,2607,333823,2595057,393435,2595057,221,351,2032,2032,120,0,0,0,0,0,0,0,0,0,0,0,0,41572,0.227655
holdout2,syn-scale-free-50000-m4-v1,05b0186a56673b5665dd773738a943bf6d8ee364088949df2ed3c69d5d222ac8,hot-pool,70,10,balanced-random,small,181,0,2,ADES-V3,844c753d1e5cefce97dc8a1688bbfae749f858a9e50fab251e9188548125cd7c,120,11,6,5,25165824,120176910,120157955,18955,38051,2774661,87022,2774661,942,6041,8802432,8802432,66,54,4,0,4,0,0,0,20,1,7,0,0,49540,0.252630
holdout2,syn-scale-free-50000-m4-v1,05b0186a56673b5665dd773738a943bf6d8ee364088949df2ed3c69d5d222ac8,hot-pool,70,10,balanced-random,small,181,0,3,COLD,844c753d1e5cefce97dc8a1688bbfae749f858a9e50fab251e9188548125cd7c,120,11,6,5,25165824,99107188,99104503,2685,329025,2669746,413673,2669746,220,421,0,0,120,0,0,0,0,0,0,0,0,0,0,0,0,41372,0.231118
holdout2,syn-scale-free-50000-m4-v1,05b0186a56673b5665dd773738a943bf6d8ee364088949df2ed3c69d5d222ac8,hot-pool,70,10,balanced-random,small,181,0,4,B3L,844c753d1e5cefce97dc8a1688bbfae749f858a9e50fab251e9188548125cd7c,120,11,6,5,25165824,478515202,478461379,53823,191,18066941,180,18066941,952,29636,24200176,24200176,27,93,0,16,0,0,0,0,0,0,0,0,0,67048,0.613629
holdout2,syn-scale-free-50000-m4-v1,05b0186a56673b5665dd773738a943bf6d8ee364088949df2ed3c69d5d222ac8,hot-pool,70,10,balanced-random,small,181,0,5,FREQ-LRU-REPAIR,844c753d1e5cefce97dc8a1688bbfae749f858a9e50fab251e9188548125cd7c,120,11,6,5,25165824,104882912,104859618,23294,181,1885281,170,1885281,1232,9548,8800800,8800800,39,81,4,0,4,0,0,0,30,1,9,0,0,50628,0.238545
holdout2,syn-scale-free-50000-m4-v1,05b0186a56673b5665dd773738a943bf6d8ee364088949df2ed3c69d5d222ac8,hot-pool,70,10,balanced-random,small,181,0,0,ADES-V2,844c753d1e5cefce97dc8a1688bbfae749f858a9e50fab251e9188548125cd7c,120,11,6,5,50331648,96960351,96957927,2424,335978,2602120,392213,2602120,201,361,2032,2032,120,0,0,0,0,0,0,0,0,0,0,0,0,42784,0.228388
holdout2,syn-scale-free-50000-m4-v1,05b0186a56673b5665dd773738a943bf6d8ee364088949df2ed3c69d5d222ac8,hot-pool,70,10,balanced-random,small,181,0,1,ADES-V3,844c753d1e5cefce97dc8a1688bbfae749f858a9e50fab251e9188548125cd7c,120,11,6,5,50331648,118311406,118292289,19117,38332,2734136,85119,2734136,1042,5440,8802432,8802432,66,54,4,0,4,0,0,0,20,1,7,0,0,50548,0.252944
holdout2,syn-scale-free-50000-m4-v1,05b0186a56673b5665dd773738a943bf6d8ee364088949df2ed3c69d5d222ac8,hot-pool,70,10,balanced-random,small,181,0,2,COLD,844c753d1e5cefce97dc8a1688bbfae749f858a9e50fab251e9188548125cd7c,120,11,6,5,50331648,99459346,99456521,2825,329496,2644569,417940,2644569,251,411,0,0,120,0,0,0,0,0,0,0,0,0,0,0,0,41852,0.233836
holdout2,syn-scale-free-50000-m4-v1,05b0186a56673b5665dd773738a943bf6d8ee364088949df2ed3c69d5d222ac8,hot-pool,70,10,balanced-random,small,181,0,3,B3L,844c753d1e5cefce97dc8a1688bbfae749f858a9e50fab251e9188548125cd7c,120,11,6,5,50331648,490511120,490410521,100599,251,18251967,241,18251967,1263,59712,48400352,48400352,27,93,0,5,0,0,0,0,0,0,0,0,0,91456,0.628195
holdout2,syn-scale-free-50000-m4-v1,05b0186a56673b5665dd773738a943bf6d8ee364088949df2ed3c69d5d222ac8,hot-pool,70,10,balanced-random,small,181,0,4,FREQ-LRU-REPAIR,844c753d1e5cefce97dc8a1688bbfae749f858a9e50fab251e9188548125cd7c,120,11,6,5,50331648,104955153,104932210,22943,180,1889188,151,1889188,1142,9057,8800800,8800800,39,81,4,0,4,0,0,0,30,1,9,0,0,51256,0.237980
holdout2,syn-scale-free-50000-m4-v1,05b0186a56673b5665dd773738a943bf6d8ee364088949df2ed3c69d5d222ac8,hot-pool,70,10,balanced-random,small,181,0,5,ADES,844c753d1e5cefce97dc8a1688bbfae749f858a9e50fab251e9188548125cd7c,120,11,6,5,50331648,116932658,116922711,9947,208519,2838201,252471,2838201,400,3646,6600708,6600708,91,29,3,0,3,0,0,0,8,0,4,0,0,48472,0.248718
holdout2,syn-scale-free-50000-m4-v1,05b0186a56673b5665dd773738a943bf6d8ee364088949df2ed3c69d5d222ac8,hot-pool,70,100,balanced-random,small,101,0,0,ADES-V2,c4bf478c8ce9d1fdf37b3ec053d448da194279bbf99052b745aab37317b401f0,120,1,1,0,25165824,113176909,113175997,912,376223,2998390,376223,2998390,912,912,2202132,2202132,102,18,1,0,1,0,0,0,1,0,0,0,0,44872,0.248072
holdout2,syn-scale-free-50000-m4-v1,05b0186a56673b5665dd773738a943bf6d8ee364088949df2ed3c69d5d222ac8,hot-pool,70,100,balanced-random,small,101,0,1,ADES-V3,c4bf478c8ce9d1fdf37b3ec053d448da194279bbf99052b745aab37317b401f0,120,1,1,0,25165824,125233648,125231824,1824,461,2972401,411,2972401,1824,1824,8802432,8802432,59,61,4,0,4,0,0,0,4,0,0,0,0,49268,0.261704
holdout2,syn-scale-free-50000-m4-v1,05b0186a56673b5665dd773738a943bf6d8ee364088949df2ed3c69d5d222ac8,hot-pool,70,100,balanced-random,small,101,0,2,COLD,c4bf478c8ce9d1fdf37b3ec053d448da194279bbf99052b745aab37317b401f0,120,1,1,0,25165824,140464486,140463955,531,516656,4603978,516656,4603978,531,531,0,0,120,0,0,0,0,0,0,0,0,0,0,0,0,42708,0.272313
holdout2,syn-scale-free-50000-m4-v1,05b0186a56673b5665dd773738a943bf6d8ee364088949df2ed3c69d5d222ac8,hot-pool,70,100,balanced-random,small,101,0,3,B3L,c4bf478c8ce9d1fdf37b3ec053d448da194279bbf99052b745aab37317b401f0,120,1,1,0,25165824,698507233,698506351,882,280,17957847,271,17957847,882,882,24200176,24200176,40,80,0,29,0,0,0,0,0,0,0,0,0,67636,0.833535
holdout2,syn-scale-free-50000-m4-v1,05b0186a56673b5665dd773738a943bf6d8ee364088949df2ed3c69d5d222ac8,hot-pool,70,100,balanced-random,small,101,0,4,FREQ-LRU-REPAIR,c4bf478c8ce9d1fdf37b3ec053d448da194279bbf99052b745aab37317b401f0,120,1,1,0,25165824,121421757,121419994,1763,221,3174028,221,3174028,1763,1763,8800992,8800992,51,69,4,0,4,0,0,0,4,0,0,0,0,49780,0.255629
holdout2,syn-scale-free-50000-m4-v1,05b0186a56673b5665dd773738a943bf6d8ee364088949df2ed3c69d5d222ac8,hot-pool,70,100,balanced-random,small,101,0,5,ADES,c4bf478c8ce9d1fdf37b3ec053d448da194279bbf99052b745aab37317b401f0,120,1,1,0,25165824,150876918,150875315,1603,242233,2897721,242233,2897721,1603,1603,8800992,8800992,86,34,4,0,4,0,0,0,3,0,0,0,0,49372,0.283212
holdout2,syn-scale-free-50000-m4-v1,05b0186a56673b5665dd773738a943bf6d8ee364088949df2ed3c69d5d222ac8,hot-pool,70,100,balanced-random,small,101,0,0,ADES-V3,c4bf478c8ce9d1fdf37b3ec053d448da194279bbf99052b745aab37317b401f0,120,1,1,0,50331648,123080527,123078753,1774,380,2954518,380,2954518,1774,1774,8802432,8802432,59,61,4,0,4,0,0,0,4,0,0,0,0,50516,0.257498
holdout2,syn-scale-free-50000-m4-v1,05b0186a56673b5665dd773738a943bf6d8ee364088949df2ed3c69d5d222ac8,hot-pool,70,100,balanced-random,small,101,0,1,COLD,c4bf478c8ce9d1fdf37b3ec053d448da194279bbf99052b745aab37317b401f0,120,1,1,0,50331648,144520575,144520154,421,521734,4758527,521734,4758527,421,421,0,0,120,0,0,0,0,0,0,0,0,0,0,0,0,42704,0.275941
holdout2,syn-scale-free-50000-m4-v1,05b0186a56673b5665dd773738a943bf6d8ee364088949df2ed3c69d5d222ac8,hot-pool,70,100,balanced-random,small,101,0,2,B3L,c4bf478c8ce9d1fdf37b3ec053d448da194279bbf99052b745aab37317b401f0,120,1,1,0,50331648,707668274,707666782,1492,311,18589167,311,18589167,1492,1492,48400352,48400352,39,81,0,17,0,0,0,0,0,0,0,0,0,90204,0.844112
holdout2,syn-scale-free-50000-m4-v1,05b0186a56673b5665dd773738a943bf6d8ee364088949df2ed3c69d5d222ac8,hot-pool,70,100,balanced-random,small,101,0,3,FREQ-LRU-REPAIR,c4bf478c8ce9d1fdf37b3ec053d448da194279bbf99052b745aab37317b401f0,120,1,1,0,50331648,118962767,118961014,1753,230,3098828,221,3098828,1753,1753,8800992,8800992,51,69,4,0,4,0,0,0,4,0,0,0,0,49776,0.251712
holdout2,syn-scale-free-50000-m4-v1,05b0186a56673b5665dd773738a943bf6d8ee364088949df2ed3c69d5d222ac8,hot-pool,70,100,balanced-random,small,101,0,4,ADES,c4bf478c8ce9d1fdf37b3ec053d448da194279bbf99052b745aab37317b401f0,120,1,1,0,50331648,153386603,153384970,1633,247221,3004732,247221,3004732,1633,1633,8800992,8800992,86,34,4,0,4,0,0,0,3,0,0,0,0,50564,0.287229
holdout2,syn-scale-free-50000-m4-v1,05b0186a56673b5665dd773738a943bf6d8ee364088949df2ed3c69d5d222ac8,hot-pool,70,100,balanced-random,small,101,0,5,ADES-V2,c4bf478c8ce9d1fdf37b3ec053d448da194279bbf99052b745aab37317b401f0,120,1,1,0,50331648,108829874,108828671,1203,367727,2752371,367727,2752371,1203,1203,2202132,2202132,102,18,1,0,1,0,0,0,1,0,0,0,0,43640,0.242930
holdout2,syn-scale-free-50000-m4-v1,05b0186a56673b5665dd773738a943bf6d8ee364088949df2ed3c69d5d222ac8,hot-pool,70,100,balanced-random,small,137,0,0,ADES-V3,2b2add228d85f3a59fd52b240fa6849c60247ef5003c40177845ad968bf470df,120,1,1,0,25165824,115378377,115377145,1232,230540,2342575,230540,2342575,1232,1232,6602288,6602288,91,29,3,0,3,0,0,0,2,0,0,0,0,47124,0.247187
holdout2,syn-scale-free-50000-m4-v1,05b0186a56673b5665dd773738a943bf6d8ee364088949df2ed3c69d5d222ac8,hot-pool,70,100,balanced-random,small,137,0,1,COLD,2b2add228d85f3a59fd52b240fa6849c60247ef5003c40177845ad968bf470df,120,1,1,0,25165824,94599620,94599229,391,466942,2427133,466942,2427133,391,391,0,0,120,0,0,0,0,0,0,0,0,0,0,0,0,42708,0.226221
holdout2,syn-scale-free-50000-m4-v1,05b0186a56673b5665dd773738a943bf6d8ee364088949df2ed3c69d5d222ac8,hot-pool,70,100,balanced-random,small,137,0,2,B3L,2b2add228d85f3a59fd52b240fa6849c60247ef5003c40177845ad968bf470df,120,1,1,0,25165824,746129799,746128817,982,271,18362319,270,18362319,982,982,24200176,24200176,42,78,0,31,0,0,0,0,0,0,0,0,0,66396,0.880671
holdout2,syn-scale-free-50000-m4-v1,05b0186a56673b5665dd773738a943bf6d8ee364088949df2ed3c69d5d222ac8,hot-pool,70,100,balanced-random,small,137,0,3,FREQ-LRU-REPAIR,2b2add228d85f3a59fd52b240fa6849c60247ef5003c40177845ad968bf470df,120,1,1,0,25165824,113380533,113378850,1683,220,2349218,220,2349218,1683,1683,8801008,8801008,52,68,4,0,4,0,0,0,4,0,0,0,0,51284,0.247414
holdout2,syn-scale-free-50000-m4-v1,05b0186a56673b5665dd773738a943bf6d8ee364088949df2ed3c69d5d222ac8,hot-pool,70,100,balanced-random,small,137,0,4,ADES,2b2add228d85f3a59fd52b240fa6849c60247ef5003c40177845ad968bf470df,120,1,1,0,25165824,129678760,129677858,902,391582,2357093,391582,2357093,902,902,6600916,6600916,110,10,3,0,3,0,0,0,1,0,0,0,0,48404,0.262622
holdout2,syn-scale-free-50000-m4-v1,05b0186a56673b5665dd773738a943bf6d8ee364088949df2ed3c69d5d222ac8,hot-pool,70,100,balanced-random,small,137,0,5,ADES-V2,2b2add228d85f3a59fd52b240fa6849c60247ef5003c40177845ad968bf470df,120,1,1,0,25165824,95399810,95399459,351,468015,2406775,468015,2406775,351,351,2032,2032,120,0,0,0,0,0,0,0,0,0,0,0,0,41592,0.227326
holdout2,syn-scale-free-50000-m4-v1,05b0186a56673b5665dd773738a943bf6d8ee364088949df2ed3c69d5d222ac8,hot-pool,70,100,balanced-random,small,137,0,0,COLD,2b2add228d85f3a59fd52b240fa6849c60247ef5003c40177845ad968bf470df,120,1,1,0,50331648,95269880,95269349,531,463366,2411474,463366,2411474,531,531,0,0,120,0,0,0,0,0,0,0,0,0,0,0,0,42696,0.228282
holdout2,syn-scale-free-50000-m4-v1,05b0186a56673b5665dd773738a943bf6d8ee364088949df2ed3c69d5d222ac8,hot-pool,70,100,balanced-random,small,137,0,1,B3L,2b2add228d85f3a59fd52b240fa6849c60247ef5003c40177845ad968bf470df,120,1,1,0,50331648,706370396,706368864,1532,290,18070573,281,18070573,1532,1532,48400352,48400352,40,80,0,18,0,0,0,0,0,0,0,0,0,91352,0.844483
holdout2,syn-scale-free-50000-m4-v1,05b0186a56673b5665dd773738a943bf6d8ee364088949df2ed3c69d5d222ac8,hot-pool,70,100,balanced-random,small,137,0,2,FREQ-LRU-REPAIR,2b2add228d85f3a59fd52b240fa6849c60247ef5003c40177845ad968bf470df,120,1,1,0,50331648,115263442,115261839,1603,190,2353015,180,2353015,1603,1603,8801008,8801008,52,68,4,0,4,0,0,0,4,0,0,0,0,50072,0.248015
holdout2,syn-scale-free-50000-m4-v1,05b0186a56673b5665dd773738a943bf6d8ee364088949df2ed3c69d5d222ac8,hot-pool,70,100,balanced-random,small,137,0,3,ADES,2b2add228d85f3a59fd52b240fa6849c60247ef5003c40177845ad968bf470df,120,1,1,0,50331648,133873681,133872729,952,404155,2384494,404155,2384494,952,952,6600916,6600916,110,10,3,0,3,0,0,0,1,0,0,0,0,48532,0.266331
holdout2,syn-scale-free-50000-m4-v1,05b0186a56673b5665dd773738a943bf6d8ee364088949df2ed3c69d5d222ac8,hot-pool,70,100,balanced-random,small,137,0,4,ADES-V2,2b2add228d85f3a59fd52b240fa6849c60247ef5003c40177845ad968bf470df,120,1,1,0,50331648,93064373,93063993,380,455211,2378242,455211,2378242,380,380,2032,2032,120,0,0,0,0,0,0,0,0,0,0,0,0,41724,0.224683
holdout2,syn-scale-free-50000-m4-v1,05b0186a56673b5665dd773738a943bf6d8ee364088949df2ed3c69d5d222ac8,hot-pool,70,100,balanced-random,small,137,0,5,ADES-V3,2b2add228d85f3a59fd52b240fa6849c60247ef5003c40177845ad968bf470df,120,1,1,0,50331648,115045682,115044490,1192,225451,2323970,225451,2323970,1192,1192,6602288,6602288,91,29,3,0,3,0,0,0,2,0,0,0,0,47640,0.249127
holdout2,syn-scale-free-50000-m4-v1,05b0186a56673b5665dd773738a943bf6d8ee364088949df2ed3c69d5d222ac8,hot-pool,70,100,balanced-random,small,181,0,0,COLD,83252a70e4cef73b63d6757a4f81aa2c431857490c7d2e32e612ce85bb38127d,120,1,0,1,25165824,94390883,94390392,491,361074,2632497,361074,2632497,491,491,0,0,120,0,0,0,0,0,0,0,0,0,0,0,0,43056,0.227844
holdout2,syn-scale-free-50000-m4-v1,05b0186a56673b5665dd773738a943bf6d8ee364088949df2ed3c69d5d222ac8,hot-pool,70,100,balanced-random,small,181,0,1,B3L,83252a70e4cef73b63d6757a4f81aa2c431857490c7d2e32e612ce85bb38127d,120,1,0,1,25165824,503307238,503306507,731,251,18144762,250,18144762,731,731,24200176,24200176,28,92,0,17,0,0,0,0,0,0,0,0,0,67668,0.638772
holdout2,syn-scale-free-50000-m4-v1,05b0186a56673b5665dd773738a943bf6d8ee364088949df2ed3c69d5d222ac8,hot-pool,70,100,balanced-random,small,181,0,2,FREQ-LRU-REPAIR,83252a70e4cef73b63d6757a4f81aa2c431857490c7d2e32e612ce85bb38127d,120,1,0,1,25165824,104662864,104661942,922,171,1872288,170,1872288,922,922,8800816,8800816,40,80,4,0,4,0,0,0,4,0,0,0,0,51348,0.238268
holdout2,syn-scale-free-50000-m4-v1,05b0186a56673b5665dd773738a943bf6d8ee364088949df2ed3c69d5d222ac8,hot-pool,70,100,balanced-random,small,181,0,3,ADES,83252a70e4cef73b63d6757a4f81aa2c431857490c7d2e32e612ce85bb38127d,120,1,0,1,25165824,116210988,116209926,1062,249336,2757301,249336,2757301,1062,1062,6600724,6600724,95,25,3,0,3,0,0,0,3,0,0,0,0,47240,0.249139
holdout2,syn-scale-free-50000-m4-v1,05b0186a56673b5665dd773738a943bf6d8ee364088949df2ed3c69d5d222ac8,hot-pool,70,100,balanced-random,small,181,0,4,ADES-V2,83252a70e4cef73b63d6757a4f81aa2c431857490c7d2e32e612ce85bb38127d,120,1,0,1,25165824,91920018,91919668,350,354332,2682261,354332,2682261,350,350,2032,2032,120,0,0,0,0,0,0,0,0,0,0,0,0,41612,0.223534
holdout2,syn-scale-free-50000-m4-v1,05b0186a56673b5665dd773738a943bf6d8ee364088949df2ed3c69d5d222ac8,hot-pool,70,100,balanced-random,small,181,0,5,ADES-V3,83252a70e4cef73b63d6757a4f81aa2c431857490c7d2e32e612ce85bb38127d,120,1,0,1,25165824,120556041,120554498,1543,90870,2923061,90870,2923061,1543,1543,8802432,8802432,70,50,4,0,4,0,0,0,4,0,0,0,0,51108,0.253726
holdout2,syn-scale-free-50000-m4-v1,05b0186a56673b5665dd773738a943bf6d8ee364088949df2ed3c69d5d222ac8,hot-pool,70,100,balanced-random,small,181,0,0,B3L,83252a70e4cef73b63d6757a4f81aa2c431857490c7d2e32e612ce85bb38127d,120,1,0,1,50331648,512736551,512735208,1343,250,18488600,250,18488600,1343,1343,48400352,48400352,28,92,0,6,0,0,0,0,0,0,0,0,0,91340,0.654881
holdout2,syn-scale-free-50000-m4-v1,05b0186a56673b5665dd773738a943bf6d8ee364088949df2ed3c69d5d222ac8,hot-pool,70,100,balanced-random,small,181,0,1,FREQ-LRU-REPAIR,83252a70e4cef73b63d6757a4f81aa2c431857490c7d2e32e612ce85bb38127d,120,1,0,1,50331648,105224762,105223730,1032,161,1902544,160,1902544,1032,1032,8800816,8800816,40,80,4,0,4,0,0,0,4,0,0,0,0,50060,0.238462
holdout2,syn-scale-free-50000-m4-v1,05b0186a56673b5665dd773738a943bf6d8ee364088949df2ed3c69d5d222ac8,hot-pool,70,100,balanced-random,small,181,0,2,ADES,83252a70e4cef73b63d6757a4f81aa2c431857490c7d2e32e612ce85bb38127d,120,1,0,1,50331648,118928015,118927144,871,264344,2873989,264344,2873989,871,871,6600724,6600724,95,25,3,0,3,0,0,0,3,0,0,0,0,47648,0.251773
holdout2,syn-scale-free-50000-m4-v1,05b0186a56673b5665dd773738a943bf6d8ee364088949df2ed3c69d5d222ac8,hot-pool,70,100,balanced-random,small,181,0,3,ADES-V2,83252a70e4cef73b63d6757a4f81aa2c431857490c7d2e32e612ce85bb38127d,120,1,0,1,50331648,94145098,94144657,441,359772,2651514,359772,2651514,441,441,2032,2032,120,0,0,0,0,0,0,0,0,0,0,0,0,41500,0.226405
holdout2,syn-scale-free-50000-m4-v1,05b0186a56673b5665dd773738a943bf6d8ee364088949df2ed3c69d5d222ac8,hot-pool,70,100,balanced-random,small,181,0,4,ADES-V3,83252a70e4cef73b63d6757a4f81aa2c431857490c7d2e32e612ce85bb38127d,120,1,0,1,50331648,122894363,122893212,1151,92803,2967424,92803,2967424,1151,1151,8802432,8802432,70,50,4,0,4,0,0,0,4,0,0,0,0,50708,0.256266
holdout2,syn-scale-free-50000-m4-v1,05b0186a56673b5665dd773738a943bf6d8ee364088949df2ed3c69d5d222ac8,hot-pool,70,100,balanced-random,small,181,0,5,COLD,83252a70e4cef73b63d6757a4f81aa2c431857490c7d2e32e612ce85bb38127d,120,1,0,1,50331648,92277054,92276643,411,356345,2589417,356345,2589417,411,411,0,0,120,0,0,0,0,0,0,0,0,0,0,0,0,42596,0.222897
holdout2,syn-scale-free-50000-m4-v1,05b0186a56673b5665dd773738a943bf6d8ee364088949df2ed3c69d5d222ac8,hot-pool,70,10,increase-only,large,101,0,0,B3L,0238d3bdccc8435681e26c360bbe0a778d9aa021bb84e3b526006d5f8588d82e,120,11,11,0,25165824,721176019,721131626,44393,280,18089674,260,18089674,672,24235,24200176,24200176,41,79,0,30,0,0,0,0,0,0,0,0,0,67852,0.855573
holdout2,syn-scale-free-50000-m4-v1,05b0186a56673b5665dd773738a943bf6d8ee364088949df2ed3c69d5d222ac8,hot-pool,70,10,increase-only,large,101,0,1,FREQ-LRU-REPAIR,0238d3bdccc8435681e26c360bbe0a778d9aa021bb84e3b526006d5f8588d82e,120,11,11,0,25165824,134716510,134692686,23824,281,5290203,221,5290203,1292,8255,8801008,8801008,52,68,4,0,4,0,0,0,30,0,6,0,0,50084,0.268664
holdout2,syn-scale-free-50000-m4-v1,05b0186a56673b5665dd773738a943bf6d8ee364088949df2ed3c69d5d222ac8,hot-pool,70,10,increase-only,large,101,0,2,ADES,0238d3bdccc8435681e26c360bbe0a778d9aa021bb84e3b526006d5f8588d82e,120,11,11,0,25165824,142855797,142844766,11031,208580,4718826,229338,4718826,521,4128,6600916,6600916,93,27,3,0,3,0,0,0,11,0,2,0,0,48412,0.278500
holdout2,syn-scale-free-50000-m4-v1,05b0186a56673b5665dd773738a943bf6d8ee364088949df2ed3c69d5d222ac8,hot-pool,70,10,increase-only,large,101,0,3,ADES-V2,0238d3bdccc8435681e26c360bbe0a778d9aa021bb84e3b526006d5f8588d82e,120,11,11,0,25165824,103498816,103488266,10550,219299,3535575,254385,3535575,581,3868,2202132,2202132,97,23,1,0,1,0,0,0,9,0,2,0,0,44932,0.236700
holdout2,syn-scale-free-50000-m4-v1,05b0186a56673b5665dd773738a943bf6d8ee364088949df2ed3c69d5d222ac8,hot-pool,70,10,increase-only,large,101,0,4,ADES-V3,0238d3bdccc8435681e26c360bbe0a778d9aa021bb84e3b526006d5f8588d82e,120,11,11,0,25165824,133933693,133912425,21268,1342,5279550,501,5279550,1342,5971,8802432,8802432,60,60,4,0,4,0,0,0,27,0,5,0,0,51132,0.268792
holdout2,syn-scale-free-50000-m4-v1,05b0186a56673b5665dd773738a943bf6d8ee364088949df2ed3c69d5d222ac8,hot-pool,70,10,increase-only,large,101,0,5,COLD,0238d3bdccc8435681e26c360bbe0a778d9aa021bb84e3b526006d5f8588d82e,120,11,11,0,25165824,148837734,148834808,2926,463355,4796297,513880,4796297,231,421,0,0,120,0,0,0,0,0,0,0,0,0,0,0,0,41496,0.281255
holdout2,syn-scale-free-50000-m4-v1,05b0186a56673b5665dd773738a943bf6d8ee364088949df2ed3c69d5d222ac8,hot-pool,70,10,increase-only,large,101,0,0,FREQ-LRU-REPAIR,0238d3bdccc8435681e26c360bbe0a778d9aa021bb84e3b526006d5f8588d82e,120,11,11,0,50331648,129888042,129865211,22831,240,5049901,210,5049901,1192,7925,8801008,8801008,52,68,4,0,4,0,0,0,30,0,6,0,0,50044,0.264701
holdout2,syn-scale-free-50000-m4-v1,05b0186a56673b5665dd773738a943bf6d8ee364088949df2ed3c69d5d222ac8,hot-pool,70,10,increase-only,large,101,0,1,ADES,0238d3bdccc8435681e26c360bbe0a778d9aa021bb84e3b526006d5f8588d82e,120,11,11,0,50331648,142820496,142809465,11031,207278,4601985,216925,4601985,581,4058,6600916,6600916,93,27,3,0,3,0,0,0,11,0,2,0,0,47248,0.275807
holdout2,syn-scale-free-50000-m4-v1,05b0186a56673b5665dd773738a943bf6d8ee364088949df2ed3c69d5d222ac8,hot-pool,70,10,increase-only,large,101,0,2,ADES-V2,0238d3bdccc8435681e26c360bbe0a778d9aa021bb84e3b526006d5f8588d82e,120,11,11,0,50331648,104632940,104622311,10629,220092,3553355,253855,3553355,501,4298,2202132,2202132,97,23,1,0,1,0,0,0,9,0,2,0,0,44848,0.236918
holdout2,syn-scale-free-50000-m4-v1,05b0186a56673b5665dd773738a943bf6d8ee364088949df2ed3c69d5d222ac8,hot-pool,70,10,increase-only,large,101,0,3,ADES-V3,0238d3bdccc8435681e26c360bbe0a778d9aa021bb84e3b526006d5f8588d82e,120,11,11,0,50331648,129371699,129350720,20979,1252,5044132,651,5044132,1252,5931,8802432,8802432,60,60,4,0,4,0,0,0,27,0,5,0,0,51160,0.262899
holdout2,syn-scale-free-50000-m4-v1,05b0186a56673b5665dd773738a943bf6d8ee364088949df2ed3c69d5d222ac8,hot-pool,70,10,increase-only,large,101,0,4,COLD,0238d3bdccc8435681e26c360bbe0a778d9aa021bb84e3b526006d5f8588d82e,120,11,11,0,50331648,152925463,152922627,2836,465431,4982727,524982,4982727,241,431,0,0,120,0,0,0,0,0,0,0,0,0,0,0,0,42712,0.286682
holdout2,syn-scale-free-50000-m4-v1,05b0186a56673b5665dd773738a943bf6d8ee364088949df2ed3c69d5d222ac8,hot-pool,70,10,increase-only,large,101,0,5,B3L,0238d3bdccc8435681e26c360bbe0a778d9aa021bb84e3b526006d5f8588d82e,120,11,11,0,50331648,729109233,729041314,67919,270,18581114,260,18581114,1293,29956,48400352,48400352,40,80,0,18,0,0,0,0,0,0,0,0,0,91828,0.867620
holdout2,syn-scale-free-50000-m4-v1,05b0186a56673b5665dd773738a943bf6d8ee364088949df2ed3c69d5d222ac8,hot-pool,70,10,increase-only,large,137,0,0,FREQ-LRU-REPAIR,e8039cff599bf849ab729eb1193c47fcdea44020f343852df7dd56758c23d82d,120,11,11,0,25165824,128806925,128794580,12345,1203,4341940,370,4341940,1213,1573,8801120,8801120,59,61,4,0,4,0,0,0,36,0,0,0,0,51380,0.265049
holdout2,syn-scale-free-50000-m4-v1,05b0186a56673b5665dd773738a943bf6d8ee364088949df2ed3c69d5d222ac8,hot-pool,70,10,increase-only,large,137,0,1,ADES,e8039cff599bf849ab729eb1193c47fcdea44020f343852df7dd56758c23d82d,120,11,11,0,25165824,145135199,145130541,4658,312754,4243275,360403,4243275,391,811,6601028,6601028,109,11,3,0,3,0,0,0,7,0,0,0,0,47204,0.279135
holdout2,syn-scale-free-50000-m4-v1,05b0186a56673b5665dd773738a943bf6d8ee364088949df2ed3c69d5d222ac8,hot-pool,70,10,increase-only,large,137,0,2,ADES-V2,e8039cff599bf849ab729eb1193c47fcdea44020f343852df7dd56758c23d82d,120,11,11,0,25165824,102515075,102512491,2584,371053,3781683,429573,3781683,221,350,2032,2032,120,0,0,0,0,0,0,0,0,0,0,0,0,41620,0.234485
holdout2,syn-scale-free-50000-m4-v1,05b0186a56673b5665dd773738a943bf6d8ee364088949df2ed3c69d5d222ac8,hot-pool,70,10,increase-only,large,137,0,3,ADES-V3,e8039cff599bf849ab729eb1193c47fcdea44020f343852df7dd56758c23d82d,120,11,11,0,25165824,141019122,141007368,11754,110667,4341398,132578,4341398,1142,1693,8802432,8802432,77,43,4,0,4,0,0,0,28,0,0,0,0,50904,0.276203
holdout2,syn-scale-free-50000-m4-v1,05b0186a56673b5665dd773738a943bf6d8ee364088949df2ed3c69d5d222ac8,hot-pool,70,10,increase-only,large,137,0,4,COLD,e8039cff599bf849ab729eb1193c47fcdea44020f343852df7dd56758c23d82d,120,11,11,0,25165824,105068751,105065803,2948,372596,3986315,432057,3986315,251,491,0,0,120,0,0,0,0,0,0,0,0,0,0,0,0,41484,0.239930
holdout2,syn-scale-free-50000-m4-v1,05b0186a56673b5665dd773738a943bf6d8ee364088949df2ed3c69d5d222ac8,hot-pool,70,10,increase-only,large,137,0,5,B3L,e8039cff599bf849ab729eb1193c47fcdea44020f343852df7dd56758c23d82d,120,11,11,0,25165824,907818293,907808144,10149,430,18109323,311,18109323,622,3817,24200176,24200176,52,68,0,41,0,0,0,0,0,0,0,0,0,67716,1.043409
holdout2,syn-scale-free-50000-m4-v1,05b0186a56673b5665dd773738a943bf6d8ee364088949df2ed3c69d5d222ac8,hot-pool,70,10,increase-only,large,137,0,0,ADES,e8039cff599bf849ab729eb1193c47fcdea44020f343852df7dd56758c23d82d,120,11,11,0,50331648,145702286,145698027,4259,313145,4263122,362527,4263122,341,791,6601028,6601028,109,11,3,0,3,0,0,0,7,0,0,0,0,47308,0.278634
holdout2,syn-scale-free-50000-m4-v1,05b0186a56673b5665dd773738a943bf6d8ee364088949df2ed3c69d5d222ac8,hot-pool,70,10,increase-only,large,137,0,1,ADES-V2,e8039cff599bf849ab729eb1193c47fcdea44020f343852df7dd56758c23d82d,120,11,11,0,50331648,103311130,103308757,2373,365453,3908901,434311,3908901,200,370,2032,2032,120,0,0,0,0,0,0,0,0,0,0,0,0,41652,0.242500
holdout2,syn-scale-free-50000-m4-v1,05b0186a56673b5665dd773738a943bf6d8ee364088949df2ed3c69d5d222ac8,hot-pool,70,10,increase-only,large,137,0,2,ADES-V3,e8039cff599bf849ab729eb1193c47fcdea44020f343852df7dd56758c23d82d,120,11,11,0,50331648,139628370,139616957,11413,109696,4262310,141995,4262310,1052,1503,8802432,8802432,77,43,4,0,4,0,0,0,28,0,0,0,0,50904,0.273058
holdout2,syn-scale-free-50000-m4-v1,05b0186a56673b5665dd773738a943bf6d8ee364088949df2ed3c69d5d222ac8,hot-pool,70,10,increase-only,large,137,0,3,COLD,e8039cff599bf849ab729eb1193c47fcdea44020f343852df7dd56758c23d82d,120,11,11,0,50331648,105486317,105483683,2634,369801,3981296,435474,3981296,221,370,0,0,120,0,0,0,0,0,0,0,0,0,0,0,0,42704,0.239079
holdout2,syn-scale-free-50000-m4-v1,05b0186a56673b5665dd773738a943bf6d8ee364088949df2ed3c69d5d222ac8,hot-pool,70,10,increase-only,large,137,0,4,B3L,e8039cff599bf849ab729eb1193c47fcdea44020f343852df7dd56758c23d82d,120,11,11,0,50331648,835043895,835023436,20459,370,18449529,271,18449529,1232,8887,48400352,48400352,47,73,0,25,0,0,0,0,0,0,0,0,0,90144,0.971419
holdout2,syn-scale-free-50000-m4-v1,05b0186a56673b5665dd773738a943bf6d8ee364088949df2ed3c69d5d222ac8,hot-pool,70,10,increase-only,large,137,0,5,FREQ-LRU-REPAIR,e8039cff599bf849ab729eb1193c47fcdea44020f343852df7dd56758c23d82d,120,11,11,0,50331648,124657765,124646296,11469,1062,3921018,281,3921018,1151,1553,8801120,8801120,59,61,4,0,4,0,0,0,36,0,0,0,0,51396,0.257201
holdout2,syn-scale-free-50000-m4-v1,05b0186a56673b5665dd773738a943bf6d8ee364088949df2ed3c69d5d222ac8,hot-pool,70,10,increase-only,large,181,0,0,ADES,621bf0566b736fc4545350bfff27bce1c578d8045ee61bf3f4f44041c66dd2e8,120,11,11,0,25165824,146256436,146225307,31129,179656,3738027,222997,3738027,731,23303,8800864,8800864,89,31,4,0,4,0,0,0,18,0,1,0,0,50568,0.281183
holdout2,syn-scale-free-50000-m4-v1,05b0186a56673b5665dd773738a943bf6d8ee364088949df2ed3c69d5d222ac8,hot-pool,70,10,increase-only,large,181,0,1,ADES-V2,621bf0566b736fc4545350bfff27bce1c578d8045ee61bf3f4f44041c66dd2e8,120,11,11,0,25165824,100762009,100759433,2576,290392,3018253,312553,3018253,211,381,2032,2032,120,0,0,0,0,0,0,0,0,0,0,0,0,41556,0.234126
holdout2,syn-scale-free-50000-m4-v1,05b0186a56673b5665dd773738a943bf6d8ee364088949df2ed3c69d5d222ac8,hot-pool,70,10,increase-only,large,181,0,2,ADES-V3,621bf0566b736fc4545350bfff27bce1c578d8045ee61bf3f4f44041c66dd2e8,120,11,11,0,25165824,114123564,114059305,64259,291,3608645,241,3608645,1183,53179,8802432,8802432,48,72,4,0,4,0,0,0,31,0,3,0,0,50024,0.245521
holdout2,syn-scale-free-50000-m4-v1,05b0186a56673b5665dd773738a943bf6d8ee364088949df2ed3c69d5d222ac8,hot-pool,70,10,increase-only,large,181,0,3,COLD,621bf0566b736fc4545350bfff27bce1c578d8045ee61bf3f4f44041c66dd2e8,120,11,11,0,25165824,100643569,100640535,3034,290993,2917946,322712,2917946,270,470,0,0,120,0,0,0,0,0,0,0,0,0,0,0,0,41472,0.234801
holdout2,syn-scale-free-50000-m4-v1,05b0186a56673b5665dd773738a943bf6d8ee364088949df2ed3c69d5d222ac8,hot-pool,70,10,increase-only,large,181,0,4,B3L,621bf0566b736fc4545350bfff27bce1c578d8045ee61bf3f4f44041c66dd2e8,120,11,11,0,25165824,567289748,566999536,290212,241,19128311,230,19128311,742,278459,24200176,24200176,31,89,0,20,0,0,0,0,0,0,0,0,0,66616,0.703757
holdout2,syn-scale-free-50000-m4-v1,05b0186a56673b5665dd773738a943bf6d8ee364088949df2ed3c69d5d222ac8,hot-pool,70,10,increase-only,large,181,0,5,FREQ-LRU-REPAIR,621bf0566b736fc4545350bfff27bce1c578d8045ee61bf3f4f44041c66dd2e8,120,11,11,0,25165824,116645146,116522087,123059,220,3735432,181,3735432,1183,111708,8800864,8800864,43,77,4,0,4,0,0,0,35,0,4,0,0,50112,0.251531
holdout2,syn-scale-free-50000-m4-v1,05b0186a56673b5665dd773738a943bf6d8ee364088949df2ed3c69d5d222ac8,hot-pool,70,10,increase-only,large,181,0,0,ADES-V2,621bf0566b736fc4545350bfff27bce1c578d8045ee61bf3f4f44041c66dd2e8,120,11,11,0,50331648,103865693,103862877,2816,301233,3007133,328152,3007133,231,401,2032,2032,120,0,0,0,0,0,0,0,0,0,0,0,0,41660,0.239331
holdout2,syn-scale-free-50000-m4-v1,05b0186a56673b5665dd773738a943bf6d8ee364088949df2ed3c69d5d222ac8,hot-pool,70,10,increase-only,large,181,0,1,ADES-V3,621bf0566b736fc4545350bfff27bce1c578d8045ee61bf3f4f44041c66dd2e8,120,11,11,0,50331648,117241463,117173688,67775,331,3687407,281,3687407,1372,55093,8802432,8802432,48,72,4,0,4,0,0,0,31,0,3,0,0,51244,0.254835
holdout2,syn-scale-free-50000-m4-v1,05b0186a56673b5665dd773738a943bf6d8ee364088949df2ed3c69d5d222ac8,hot-pool,70,10,increase-only,large,181,0,2,COLD,621bf0566b736fc4545350bfff27bce1c578d8045ee61bf3f4f44041c66dd2e8,120,11,11,0,50331648,102870074,102867289,2785,295893,3028747,316601,3028747,221,430,0,0,120,0,0,0,0,0,0,0,0,0,0,0,0,41536,0.236752
holdout2,syn-scale-free-50000-m4-v1,05b0186a56673b5665dd773738a943bf6d8ee364088949df2ed3c69d5d222ac8,hot-pool,70,10,increase-only,large,181,0,3,B3L,621bf0566b736fc4545350bfff27bce1c578d8045ee61bf3f4f44041c66dd2e8,120,11,11,0,50331648,560692212,560367406,324806,250,18246448,241,18246448,1263,308396,48400352,48400352,31,89,0,9,0,0,0,0,0,0,0,0,0,91244,0.700499
holdout2,syn-scale-free-50000-m4-v1,05b0186a56673b5665dd773738a943bf6d8ee364088949df2ed3c69d5d222ac8,hot-pool,70,10,increase-only,large,181,0,4,FREQ-LRU-REPAIR,621bf0566b736fc4545350bfff27bce1c578d8045ee61bf3f4f44041c66dd2e8,120,11,11,0,50331648,115613148,115505168,107980,191,3730988,180,3730988,1162,96490,8800864,8800864,43,77,4,0,4,0,0,0,35,0,4,0,0,50080,0.249932
holdout2,syn-scale-free-50000-m4-v1,05b0186a56673b5665dd773738a943bf6d8ee364088949df2ed3c69d5d222ac8,hot-pool,70,10,increase-only,large,181,0,5,ADES,621bf0566b736fc4545350bfff27bce1c578d8045ee61bf3f4f44041c66dd2e8,120,11,11,0,50331648,144613382,144581091,32291,187200,3805657,206896,3805657,892,24265,8800864,8800864,89,31,4,0,4,0,0,0,18,0,1,0,0,50112,0.279202
holdout2,syn-scale-free-50000-m4-v1,05b0186a56673b5665dd773738a943bf6d8ee364088949df2ed3c69d5d222ac8,hot-pool,70,100,increase-only,large,101,0,0,ADES-V2,022ecd5b8f404e8ac90e3be550eca73de2a4eaa07c4ed6e71ef05c73349f4ff0,120,1,1,0,25165824,112623331,112622409,922,346117,2908033,346117,2908033,922,922,2202132,2202132,101,19,1,0,1,0,0,0,1,0,0,0,0,43536,0.247803
holdout2,syn-scale-free-50000-m4-v1,05b0186a56673b5665dd773738a943bf6d8ee364088949df2ed3c69d5d222ac8,hot-pool,70,100,increase-only,large,101,0,1,ADES-V3,022ecd5b8f404e8ac90e3be550eca73de2a4eaa07c4ed6e71ef05c73349f4ff0,120,1,1,0,25165824,123807536,123794061,13475,34144,2993403,34144,2993403,13475,13475,8802432,8802432,62,58,4,0,4,0,0,0,4,0,0,0,0,49372,0.257799
holdout2,syn-scale-free-50000-m4-v1,05b0186a56673b5665dd773738a943bf6d8ee364088949df2ed3c69d5d222ac8,hot-pool,70,100,increase-only,large,101,0,2,COLD,022ecd5b8f404e8ac90e3be550eca73de2a4eaa07c4ed6e71ef05c73349f4ff0,120,1,1,0,25165824,147956020,147955600,420,454639,5024287,454639,5024287,420,420,0,0,120,0,0,0,0,0,0,0,0,0,0,0,0,42736,0.278885
holdout2,syn-scale-free-50000-m4-v1,05b0186a56673b5665dd773738a943bf6d8ee364088949df2ed3c69d5d222ac8,hot-pool,70,100,increase-only,large,101,0,3,B3L,022ecd5b8f404e8ac90e3be550eca73de2a4eaa07c4ed6e71ef05c73349f4ff0,120,1,1,0,25165824,769934670,769933838,832,260,18487571,250,18487571,832,832,24200176,24200176,43,77,0,32,0,0,0,0,0,0,0,0,0,67668,0.905672
holdout2,syn-scale-free-50000-m4-v1,05b0186a56673b5665dd773738a943bf6d8ee364088949df2ed3c69d5d222ac8,hot-pool,70,100,increase-only,large,101,0,4,FREQ-LRU-REPAIR,022ecd5b8f404e8ac90e3be550eca73de2a4eaa07c4ed6e71ef05c73349f4ff0,120,1,1,0,25165824,123093038,123090984,2054,231,3202534,220,3202534,2054,2054,8801040,8801040,54,66,4,0,4,0,0,0,4,0,0,0,0,50992,0.257544
holdout2,syn-scale-free-50000-m4-v1,05b0186a56673b5665dd773738a943bf6d8ee364088949df2ed3c69d5d222ac8,hot-pool,70,100,increase-only,large,101,0,5,ADES,022ecd5b8f404e8ac90e3be550eca73de2a4eaa07c4ed6e71ef05c73349f4ff0,120,1,1,0,25165824,152212451,152210648,1803,241471,2896421,241471,2896421,1803,1803,8801040,8801040,90,30,4,0,4,0,0,0,3,0,0,0,0,50576,0.285467
holdout2,syn-scale-free-50000-m4-v1,05b0186a56673b5665dd773738a943bf6d8ee364088949df2ed3c69d5d222ac8,hot-pool,70,100,increase-only,large,101,0,0,ADES-V3,022ecd5b8f404e8ac90e3be550eca73de2a4eaa07c4ed6e71ef05c73349f4ff0,120,1,1,0,50331648,122744147,122742284,1863,34294,2972834,34294,2972834,1863,1863,8802432,8802432,62,58,4,0,4,0,0,0,4,0,0,0,0,50520,0.256355
holdout2,syn-scale-free-50000-m4-v1,05b0186a56673b5665dd773738a943bf6d8ee364088949df2ed3c69d5d222ac8,hot-pool,70,100,increase-only,large,101,0,1,COLD,022ecd5b8f404e8ac90e3be550eca73de2a4eaa07c4ed6e71ef05c73349f4ff0,120,1,1,0,50331648,149893001,149892470,531,470208,5079239,470208,5079239,531,531,0,0,120,0,0,0,0,0,0,0,0,0,0,0,0,41500,0.282088
holdout2,syn-scale-free-50000-m4-v1,05b0186a56673b5665dd773738a943bf6d8ee364088949df2ed3c69d5d222ac8,hot-pool,70,100,increase-only,large,101,0,2,B3L,022ecd5b8f404e8ac90e3be550eca73de2a4eaa07c4ed6e71ef05c73349f4ff0,120,1,1,0,50331648,757982160,757981118,1042,291,18570455,291,18570455,1042,1042,48400352,48400352,42,78,0,20,0,0,0,0,0,0,0,0,0,91320,0.895034
holdout2,syn-scale-free-50000-m4-v1,05b0186a56673b5665dd773738a943bf6d8ee364088949df2ed3c69d5d222ac8,hot-pool,70,100,increase-only,large,101,0,3,FREQ-LRU-REPAIR,022ecd5b8f404e8ac90e3be550eca73de2a4eaa07c4ed6e71ef05c73349f4ff0,120,1,1,0,50331648,120000942,119999159,1783,250,3152520,241,3152520,1783,1783,8801040,8801040,54,66,4,0,4,0,0,0,4,0,0,0,0,49676,0.253375
holdout2,syn-scale-free-50000-m4-v1,05b0186a56673b5665dd773738a943bf6d8ee364088949df2ed3c69d5d222ac8,hot-pool,70,100,increase-only,large,101,0,4,ADES,022ecd5b8f404e8ac90e3be550eca73de2a4eaa07c4ed6e71ef05c73349f4ff0,120,1,1,0,50331648,155475497,155474024,1473,246831,2953648,246831,2953648,1473,1473,8801040,8801040,90,30,4,0,4,0,0,0,3,0,0,0,0,50504,0.290268
holdout2,syn-scale-free-50000-m4-v1,05b0186a56673b5665dd773738a943bf6d8ee364088949df2ed3c69d5d222ac8,hot-pool,70,100,increase-only,large,101,0,5,ADES-V2,022ecd5b8f404e8ac90e3be550eca73de2a4eaa07c4ed6e71ef05c73349f4ff0,120,1,1,0,50331648,108314765,108313893,872,338412,2735901,338412,2735901,872,872,2202132,2202132,101,19,1,0,1,0,0,0,1,0,0,0,0,45424,0.240823
holdout2,syn-scale-free-50000-m4-v1,05b0186a56673b5665dd773738a943bf6d8ee364088949df2ed3c69d5d222ac8,hot-pool,70,100,increase-only,large,137,0,0,ADES-V3,dba85cfec1d4087c99bec5dfb8c8a94b42ec0391e0863ae62d60432c6bfc8dda,120,1,1,0,25165824,101606246,101604914,1332,243555,2157971,243555,2157971,1332,1332,4402144,4402144,94,26,2,0,2,0,0,0,2,0,0,0,0,45772,0.234442
holdout2,syn-scale-free-50000-m4-v1,05b0186a56673b5665dd773738a943bf6d8ee364088949df2ed3c69d5d222ac8,hot-pool,70,100,increase-only,large,137,0,1,COLD,dba85cfec1d4087c99bec5dfb8c8a94b42ec0391e0863ae62d60432c6bfc8dda,120,1,1,0,25165824,93316367,93315956,411,437848,2366490,437848,2366490,411,411,0,0,120,0,0,0,0,0,0,0,0,0,0,0,0,42648,0.225808
holdout2,syn-scale-free-50000-m4-v1,05b0186a56673b5665dd773738a943bf6d8ee364088949df2ed3c69d5d222ac8,hot-pool,70,100,increase-only,large,137,0,2,B3L,dba85cfec1d4087c99bec5dfb8c8a94b42ec0391e0863ae62d60432c6bfc8dda,120,1,1,0,25165824,784669509,784668527,982,281,18408435,280,18408435,982,982,24200176,24200176,44,76,0,33,0,0,0,0,0,0,0,0,0,66456,0.920313
holdout2,syn-scale-free-50000-m4-v1,05b0186a56673b5665dd773738a943bf6d8ee364088949df2ed3c69d5d222ac8,hot-pool,70,100,increase-only,large,137,0,3,FREQ-LRU-REPAIR,dba85cfec1d4087c99bec5dfb8c8a94b42ec0391e0863ae62d60432c6bfc8dda,120,1,1,0,25165824,115038755,115037202,1553,221,2325854,221,2325854,1553,1553,8801040,8801040,54,66,4,0,4,0,0,0,4,0,0,0,0,50080,0.248674
holdout2,syn-scale-free-50000-m4-v1,05b0186a56673b5665dd773738a943bf6d8ee364088949df2ed3c69d5d222ac8,hot-pool,70,100,increase-only,large,137,0,4,ADES,dba85cfec1d4087c99bec5dfb8c8a94b42ec0391e0863ae62d60432c6bfc8dda,120,1,1,0,25165824,92039341,92038439,902,298858,2008863,298858,2008863,902,902,2200764,2200764,110,10,1,0,1,0,0,0,1,0,0,0,0,44172,0.222785
holdout2,syn-scale-free-50000-m4-v1,05b0186a56673b5665dd773738a943bf6d8ee364088949df2ed3c69d5d222ac8,hot-pool,70,100,increase-only,large,137,0,5,ADES-V2,dba85cfec1d4087c99bec5dfb8c8a94b42ec0391e0863ae62d60432c6bfc8dda,120,1,1,0,25165824,95227297,95226936,361,431636,2391066,431636,2391066,361,361,2032,2032,120,0,0,0,0,0,0,0,0,0,0,0,0,43336,0.227292
holdout2,syn-scale-free-50000-m4-v1,05b0186a56673b5665dd773738a943bf6d8ee364088949df2ed3c69d5d222ac8,hot-pool,70,100,increase-only,large,137,0,0,COLD,dba85cfec1d4087c99bec5dfb8c8a94b42ec0391e0863ae62d60432c6bfc8dda,120,1,1,0,50331648,93936433,93936002,431,449429,2390165,449429,2390165,431,431,0,0,120,0,0,0,0,0,0,0,0,0,0,0,0,42680,0.226227
holdout2,syn-scale-free-50000-m4-v1,05b0186a56673b5665dd773738a943bf6d8ee364088949df2ed3c69d5d222ac8,hot-pool,70,100,increase-only,large,137,0,1,B3L,dba85cfec1d4087c99bec5dfb8c8a94b42ec0391e0863ae62d60432c6bfc8dda,120,1,1,0,50331648,750525799,750524406,1393,300,18287459,300,18287459,1393,1393,48400352,48400352,42,78,0,20,0,0,0,0,0,0,0,0,0,91312,0.886291
holdout2,syn-scale-free-50000-m4-v1,05b0186a56673b5665dd773738a943bf6d8ee364088949df2ed3c69d5d222ac8,hot-pool,70,100,increase-only,large,137,0,2,FREQ-LRU-REPAIR,dba85cfec1d4087c99bec5dfb8c8a94b42ec0391e0863ae62d60432c6bfc8dda,120,1,1,0,50331648,115329735,115328132,1603,230,2329671,220,2329671,1603,1603,8801040,8801040,54,66,4,0,4,0,0,0,4,0,0,0,0,51236,0.249953
holdout2,syn-scale-free-50000-m4-v1,05b0186a56673b5665dd773738a943bf6d8ee364088949df2ed3c69d5d222ac8,hot-pool,70,100,increase-only,large,137,0,3,ADES,dba85cfec1d4087c99bec5dfb8c8a94b42ec0391e0863ae62d60432c6bfc8dda,120,1,1,0,50331648,92894517,92893585,932,310820,2032807,310820,2032807,932,932,2200764,2200764,110,10,1,0,1,0,0,0,1,0,0,0,0,44816,0.225313
holdout2,syn-scale-free-50000-m4-v1,05b0186a56673b5665dd773738a943bf6d8ee364088949df2ed3c69d5d222ac8,hot-pool,70,100,increase-only,large,137,0,4,ADES-V2,dba85cfec1d4087c99bec5dfb8c8a94b42ec0391e0863ae62d60432c6bfc8dda,120,1,1,0,50331648,96501945,96501574,371,454098,2440899,454098,2440899,371,371,2032,2032,120,0,0,0,0,0,0,0,0,0,0,0,0,42900,0.229814
holdout2,syn-scale-free-50000-m4-v1,05b0186a56673b5665dd773738a943bf6d8ee364088949df2ed3c69d5d222ac8,hot-pool,70,100,increase-only,large,137,0,5,ADES-V3,dba85cfec1d4087c99bec5dfb8c8a94b42ec0391e0863ae62d60432c6bfc8dda,120,1,1,0,50331648,99343749,99341866,1883,235960,2008452,235960,2008452,1883,1883,4402144,4402144,94,26,2,0,2,0,0,0,2,0,0,0,0,46200,0.232356
holdout2,syn-scale-free-50000-m4-v1,05b0186a56673b5665dd773738a943bf6d8ee364088949df2ed3c69d5d222ac8,hot-pool,70,100,increase-only,large,181,0,0,COLD,72c87eaa141eecfbcb24b1ba847168ee7dc506ac8fdc25e67d81a7271c834871,120,1,1,0,25165824,107118997,107118556,441,459138,2987500,459138,2987500,441,441,0,0,120,0,0,0,0,0,0,0,0,0,0,0,0,42580,0.238287
holdout2,syn-scale-free-50000-m4-v1,05b0186a56673b5665dd773738a943bf6d8ee364088949df2ed3c69d5d222ac8,hot-pool,70,100,increase-only,large,181,0,1,B3L,72c87eaa141eecfbcb24b1ba847168ee7dc506ac8fdc25e67d81a7271c834871,120,1,1,0,25165824,497747915,497747244,671,271,18157287,270,18157287,671,671,24200176,24200176,28,92,0,17,0,0,0,0,0,0,0,0,0,67660,0.633026
holdout2,syn-scale-free-50000-m4-v1,05b0186a56673b5665dd773738a943bf6d8ee364088949df2ed3c69d5d222ac8,hot-pool,70,100,increase-only,large,181,0,2,FREQ-LRU-REPAIR,72c87eaa141eecfbcb24b1ba847168ee7dc506ac8fdc25e67d81a7271c834871,120,1,1,0,25165824,106601152,106599569,1583,160,2567356,160,2567356,1583,1583,8800816,8800816,40,80,4,0,4,0,0,0,4,0,0,0,0,50112,0.239544
holdout2,syn-scale-free-50000-m4-v1,05b0186a56673b5665dd773738a943bf6d8ee364088949df2ed3c69d5d222ac8,hot-pool,70,100,increase-only,large,181,0,3,ADES,72c87eaa141eecfbcb24b1ba847168ee7dc506ac8fdc25e67d81a7271c834871,120,1,1,0,25165824,145366708,145364975,1733,271257,3290697,271257,3290697,1733,1733,8800816,8800816,94,26,4,0,4,0,0,0,3,0,0,0,0,49292,0.279001
holdout2,syn-scale-free-50000-m4-v1,05b0186a56673b5665dd773738a943bf6d8ee364088949df2ed3c69d5d222ac8,hot-pool,70,100,increase-only,large,181,0,4,ADES-V2,72c87eaa141eecfbcb24b1ba847168ee7dc506ac8fdc25e67d81a7271c834871,120,1,1,0,25165824,109815483,109815132,351,472533,3038663,472533,3038663,351,351,2032,2032,120,0,0,0,0,0,0,0,0,0,0,0,0,41580,0.241504
holdout2,syn-scale-free-50000-m4-v1,05b0186a56673b5665dd773738a943bf6d8ee364088949df2ed3c69d5d222ac8,hot-pool,70,100,increase-only,large,181,0,5,ADES-V3,72c87eaa141eecfbcb24b1ba847168ee7dc506ac8fdc25e67d81a7271c834871,120,1,1,0,25165824,127048880,127047157,1723,109104,2987147,109104,2987147,1723,1723,8802432,8802432,70,50,4,0,4,0,0,0,4,0,0,0,0,49984,0.261122
holdout2,syn-scale-free-50000-m4-v1,05b0186a56673b5665dd773738a943bf6d8ee364088949df2ed3c69d5d222ac8,hot-pool,70,100,increase-only,large,181,0,0,B3L,72c87eaa141eecfbcb24b1ba847168ee7dc506ac8fdc25e67d81a7271c834871,120,1,1,0,50331648,506092935,506091202,1733,251,18252729,251,18252729,1733,1733,48400352,48400352,28,92,0,6,0,0,0,0,0,0,0,0,0,90048,0.642845
holdout2,syn-scale-free-50000-m4-v1,05b0186a56673b5665dd773738a943bf6d8ee364088949df2ed3c69d5d222ac8,hot-pool,70,100,increase-only,large,181,0,1,FREQ-LRU-REPAIR,72c87eaa141eecfbcb24b1ba847168ee7dc506ac8fdc25e67d81a7271c834871,120,1,1,0,50331648,110442069,110440126,1943,180,2673121,180,2673121,1943,1943,8800816,8800816,40,80,4,0,4,0,0,0,4,0,0,0,0,51252,0.245804
holdout2,syn-scale-free-50000-m4-v1,05b0186a56673b5665dd773738a943bf6d8ee364088949df2ed3c69d5d222ac8,hot-pool,70,100,increase-only,large,181,0,2,ADES,72c87eaa141eecfbcb24b1ba847168ee7dc506ac8fdc25e67d81a7271c834871,120,1,1,0,50331648,144846579,144845256,1323,276847,3133280,276847,3133280,1323,1323,8800816,8800816,94,26,4,0,4,0,0,0,3,0,0,0,0,50512,0.280147
holdout2,syn-scale-free-50000-m4-v1,05b0186a56673b5665dd773738a943bf6d8ee364088949df2ed3c69d5d222ac8,hot-pool,70,100,increase-only,large,181,0,3,ADES-V2,72c87eaa141eecfbcb24b1ba847168ee7dc506ac8fdc25e67d81a7271c834871,120,1,1,0,50331648,110040235,110039804,431,473114,3034966,473114,3034966,431,431,2032,2032,120,0,0,0,0,0,0,0,0,0,0,0,0,41600,0.242151
holdout2,syn-scale-free-50000-m4-v1,05b0186a56673b5665dd773738a943bf6d8ee364088949df2ed3c69d5d222ac8,hot-pool,70,100,increase-only,large,181,0,4,ADES-V3,72c87eaa141eecfbcb24b1ba847168ee7dc506ac8fdc25e67d81a7271c834871,120,1,1,0,50331648,123399455,123397772,1683,107581,2956780,107581,2956780,1683,1683,8802432,8802432,70,50,4,0,4,0,0,0,4,0,0,0,0,51156,0.256294
holdout2,syn-scale-free-50000-m4-v1,05b0186a56673b5665dd773738a943bf6d8ee364088949df2ed3c69d5d222ac8,hot-pool,70,100,increase-only,large,181,0,5,COLD,72c87eaa141eecfbcb24b1ba847168ee7dc506ac8fdc25e67d81a7271c834871,120,1,1,0,50331648,107430952,107430521,431,459468,2988829,459468,2988829,431,431,0,0,120,0,0,0,0,0,0,0,0,0,0,0,0,41420,0.239173
holdout2,syn-scale-free-50000-m4-v1,05b0186a56673b5665dd773738a943bf6d8ee364088949df2ed3c69d5d222ac8,rotating-hot,80,10,balanced-random,small,101,0,0,B3L,f085c69ae73893f3c4d999779ab6fce62abfed01d1be166adddb71a616db3fc4,120,11,5,6,25165824,593551719,593544734,6985,110,17983916,81,17983916,561,1013,24200176,24200176,34,86,0,23,0,0,0,0,0,0,0,0,0,68192,0.728130
holdout2,syn-scale-free-50000-m4-v1,05b0186a56673b5665dd773738a943bf6d8ee364088949df2ed3c69d5d222ac8,rotating-hot,80,10,balanced-random,small,101,0,1,FREQ-LRU-REPAIR,f085c69ae73893f3c4d999779ab6fce62abfed01d1be166adddb71a616db3fc4,120,11,5,6,25165824,129468659,129458689,9970,210,3672757,190,3672757,892,1553,8800848,8800848,42,78,4,0,4,0,0,0,35,0,0,0,0,50056,0.264385
holdout2,syn-scale-free-50000-m4-v1,05b0186a56673b5665dd773738a943bf6d8ee364088949df2ed3c69d5d222ac8,rotating-hot,80,10,balanced-random,small,101,0,2,ADES,f085c69ae73893f3c4d999779ab6fce62abfed01d1be166adddb71a616db3fc4,120,11,5,6,25165824,157006118,156999848,6270,164518,5709009,226513,5709009,510,1032,8800848,8800848,76,44,4,0,4,0,0,0,17,0,0,0,0,51208,0.291430
holdout2,syn-scale-free-50000-m4-v1,05b0186a56673b5665dd773738a943bf6d8ee364088949df2ed3c69d5d222ac8,rotating-hot,80,10,balanced-random,small,101,0,3,ADES-V2,f085c69ae73893f3c4d999779ab6fce62abfed01d1be166adddb71a616db3fc4,120,11,5,6,25165824,119788388,119779580,8808,113943,3540771,156041,3540771,822,1082,6602332,6602332,69,51,3,0,3,0,0,0,27,0,0,0,0,47904,0.253771
holdout2,syn-scale-free-50000-m4-v1,05b0186a56673b5665dd773738a943bf6d8ee364088949df2ed3c69d5d222ac8,rotating-hot,80,10,balanced-random,small,101,0,4,ADES-V3,f085c69ae73893f3c4d999779ab6fce62abfed01d1be166adddb71a616db3fc4,120,11,5,6,25165824,111506688,111495710,10978,220,3380862,201,3380862,911,1603,8802432,8802432,40,80,4,0,4,0,0,0,36,0,0,0,0,51208,0.245042
holdout2,syn-scale-free-50000-m4-v1,05b0186a56673b5665dd773738a943bf6d8ee364088949df2ed3c69d5d222ac8,rotating-hot,80,10,balanced-random,small,101,0,5,COLD,f085c69ae73893f3c4d999779ab6fce62abfed01d1be166adddb71a616db3fc4,120,11,5,6,25165824,154548450,154545532,2918,540189,5734266,675712,5734266,241,532,0,0,120,0,0,0,0,0,0,0,0,0,0,0,0,41472,0.289483
holdout2,syn-scale-free-50000-m4-v1,05b0186a56673b5665dd773738a943bf6d8ee364088949df2ed3c69d5d222ac8,rotating-hot,80,10,balanced-random,small,101,0,0,FREQ-LRU-REPAIR,f085c69ae73893f3c4d999779ab6fce62abfed01d1be166adddb71a616db3fc4,120,11,5,6,50331648,129995328,129985120,10208,231,3676073,211,3676073,862,1353,8800848,8800848,42,78,4,0,4,0,0,0,35,0,0,0,0,50048,0.265017
holdout2,syn-scale-free-50000-m4-v1,05b0186a56673b5665dd773738a943bf6d8ee364088949df2ed3c69d5d222ac8,rotating-hot,80,10,balanced-random,small,101,0,1,ADES,f085c69ae73893f3c4d999779ab6fce62abfed01d1be166adddb71a616db3fc4,120,11,5,6,50331648,156108234,156102282,5952,151684,5654387,224670,5654387,471,1002,8800848,8800848,76,44,4,0,4,0,0,0,17,0,0,0,0,50084,0.289296
holdout2,syn-scale-free-50000-m4-v1,05b0186a56673b5665dd773738a943bf6d8ee364088949df2ed3c69d5d222ac8,rotating-hot,80,10,balanced-random,small,101,0,2,ADES-V2,f085c69ae73893f3c4d999779ab6fce62abfed01d1be166adddb71a616db3fc4,120,11,5,6,50331648,119641366,119632118,9248,115997,3505084,156202,3505084,792,1383,6602332,6602332,69,51,3,0,3,0,0,0,27,0,0,0,0,49092,0.254312
holdout2,syn-scale-free-50000-m4-v1,05b0186a56673b5665dd773738a943bf6d8ee364088949df2ed3c69d5d222ac8,rotating-hot,80,10,balanced-random,small,101,0,3,ADES-V3,f085c69ae73893f3c4d999779ab6fce62abfed01d1be166adddb71a616db3fc4,120,11,5,6,50331648,114010748,113999086,11662,230,3480671,210,3480671,1022,1904,8802432,8802432,40,80,4,0,4,0,0,0,36,0,0,0,0,51788,0.248880
holdout2,syn-scale-free-50000-m4-v1,05b0186a56673b5665dd773738a943bf6d8ee364088949df2ed3c69d5d222ac8,rotating-hot,80,10,balanced-random,small,101,0,4,COLD,f085c69ae73893f3c4d999779ab6fce62abfed01d1be166adddb71a616db3fc4,120,11,5,6,50331648,149521335,149518651,2684,525131,5545880,637060,5545880,221,390,0,0,120,0,0,0,0,0,0,0,0,0,0,0,0,42668,0.281164
holdout2,syn-scale-free-50000-m4-v1,05b0186a56673b5665dd773738a943bf6d8ee364088949df2ed3c69d5d222ac8,rotating-hot,80,10,balanced-random,small,101,0,5,B3L,f085c69ae73893f3c4d999779ab6fce62abfed01d1be166adddb71a616db3fc4,120,11,5,6,50331648,542442907,542432529,10378,180,18303009,161,18303009,1112,1673,48400352,48400352,30,90,0,8,0,0,0,0,0,0,0,0,0,90112,0.680671
holdout2,syn-scale-free-50000-m4-v1,05b0186a56673b5665dd773738a943bf6d8ee364088949df2ed3c69d5d222ac8,rotating-hot,80,10,balanced-random,small,137,0,0,FREQ-LRU-REPAIR,416e47667d826048ee751f67ee358f3d6fce1889539aa9fd317b6c8b9e6f3e62,120,11,3,8,25165824,105760062,105747199,12863,180,2607911,140,2607911,872,3707,8800752,8800752,36,84,4,0,4,0,0,0,31,4,0,0,0,49952,0.239411
holdout2,syn-scale-free-50000-m4-v1,05b0186a56673b5665dd773738a943bf6d8ee364088949df2ed3c69d5d222ac8,rotating-hot,80,10,balanced-random,small,137,0,1,ADES,416e47667d826048ee751f67ee358f3d6fce1889539aa9fd317b6c8b9e6f3e62,120,11,3,8,25165824,120867900,120863572,4328,245328,2618852,288559,2618852,321,691,6600660,6600660,96,24,3,0,3,0,0,0,6,1,0,0,0,47776,0.253779
holdout2,syn-scale-free-50000-m4-v1,05b0186a56673b5665dd773738a943bf6d8ee364088949df2ed3c69d5d222ac8,rotating-hot,80,10,balanced-random,small,137,0,2,ADES-V2,416e47667d826048ee751f67ee358f3d6fce1889539aa9fd317b6c8b9e6f3e62,120,11,3,8,25165824,80788731,80781961,6770,262259,1718540,289100,1718540,441,2494,2202132,2202132,94,26,1,0,1,0,0,0,7,1,0,0,0,44744,0.213135
holdout2,syn-scale-free-50000-m4-v1,05b0186a56673b5665dd773738a943bf6d8ee364088949df2ed3c69d5d222ac8,rotating-hot,80,10,balanced-random,small,137,0,3,ADES-V3,416e47667d826048ee751f67ee358f3d6fce1889539aa9fd317b6c8b9e6f3e62,120,11,3,8,25165824,88954575,88937486,17089,261,1728179,211,1728179,741,9477,6602288,6602288,49,71,3,0,3,0,0,0,23,3,0,0,0,47596,0.221669
holdout2,syn-scale-free-50000-m4-v1,05b0186a56673b5665dd773738a943bf6d8ee364088949df2ed3c69d5d222ac8,rotating-hot,80,10,balanced-random,small,137,0,4,COLD,416e47667d826048ee751f67ee358f3d6fce1889539aa9fd317b6c8b9e6f3e62,120,11,3,8,25165824,79595724,79581819,13905,340456,1933131,361896,1933131,270,11271,0,0,120,0,0,0,0,0,0,0,0,0,0,0,0,42712,0.211993
holdout2,syn-scale-free-50000-m4-v1,05b0186a56673b5665dd773738a943bf6d8ee364088949df2ed3c69d5d222ac8,rotating-hot,80,10,balanced-random,small,137,0,5,B3L,416e47667d826048ee751f67ee358f3d6fce1889539aa9fd317b6c8b9e6f3e62,120,11,3,8,25165824,469349230,469341084,8146,110,18375384,80,18375384,632,2254,24200176,24200176,26,94,0,15,0,0,0,0,0,0,0,0,0,67672,0.606883
holdout2,syn-scale-free-50000-m4-v1,05b0186a56673b5665dd773738a943bf6d8ee364088949df2ed3c69d5d222ac8,rotating-hot,80,10,balanced-random,small,137,0,0,ADES,416e47667d826048ee751f67ee358f3d6fce1889539aa9fd317b6c8b9e6f3e62,120,11,3,8,50331648,121168160,121152673,15487,252552,2629882,292246,2629882,420,11261,6600660,6600660,96,24,3,0,3,0,0,0,6,1,0,0,0,47752,0.253598
holdout2,syn-scale-free-50000-m4-v1,05b0186a56673b5665dd773738a943bf6d8ee364088949df2ed3c69d5d222ac8,rotating-hot,80,10,balanced-random,small,137,0,1,ADES-V2,416e47667d826048ee751f67ee358f3d6fce1889539aa9fd317b6c8b9e6f3e62,120,11,3,8,50331648,80812375,80805845,6530,263421,1728148,293609,1728148,401,2614,2202132,2202132,94,26,1,0,1,0,0,0,7,1,0,0,0,43600,0.216527
holdout2,syn-scale-free-50000-m4-v1,05b0186a56673b5665dd773738a943bf6d8ee364088949df2ed3c69d5d222ac8,rotating-hot,80,10,balanced-random,small,137,0,2,ADES-V3,416e47667d826048ee751f67ee358f3d6fce1889539aa9fd317b6c8b9e6f3e62,120,11,3,8,50331648,88363555,88351881,11674,240,1737646,220,1737646,751,4027,6602288,6602288,49,71,3,0,3,0,0,0,23,3,0,0,0,48856,0.221892
holdout2,syn-scale-free-50000-m4-v1,05b0186a56673b5665dd773738a943bf6d8ee364088949df2ed3c69d5d222ac8,rotating-hot,80,10,balanced-random,small,137,0,3,COLD,416e47667d826048ee751f67ee358f3d6fce1889539aa9fd317b6c8b9e6f3e62,120,11,3,8,50331648,77880274,77877376,2898,321891,1898476,361695,1898476,241,361,0,0,120,0,0,0,0,0,0,0,0,0,0,0,0,41452,0.208679
holdout2,syn-scale-free-50000-m4-v1,05b0186a56673b5665dd773738a943bf6d8ee364088949df2ed3c69d5d222ac8,rotating-hot,80,10,balanced-random,small,137,0,4,B3L,416e47667d826048ee751f67ee358f3d6fce1889539aa9fd317b6c8b9e6f3e62,120,11,3,8,50331648,433710104,433693852,16252,160,18043374,151,18043374,962,7995,48400352,48400352,24,96,0,2,0,0,0,0,0,0,0,0,0,91332,0.569715
holdout2,syn-scale-free-50000-m4-v1,05b0186a56673b5665dd773738a943bf6d8ee364088949df2ed3c69d5d222ac8,rotating-hot,80,10,balanced-random,small,137,0,5,FREQ-LRU-REPAIR,416e47667d826048ee751f67ee358f3d6fce1889539aa9fd317b6c8b9e6f3e62,120,11,3,8,50331648,103010781,102999028,11753,140,2549762,131,2549762,871,3627,8800752,8800752,36,84,4,0,4,0,0,0,31,4,0,0,0,49968,0.236074
holdout2,syn-scale-free-50000-m4-v1,05b0186a56673b5665dd773738a943bf6d8ee364088949df2ed3c69d5d222ac8,rotating-hot,80,10,balanced-random,small,181,0,0,ADES,6b3b6ff27a9bd250ecb121156cd6987c48e9bbad39822975bb4ceeb61b6b27fc,120,11,4,7,25165824,150723258,150474223,249035,165038,3371217,193330,3371217,802,238215,8800800,8800800,81,39,4,0,4,0,0,0,14,2,5,0,0,50320,0.284350
holdout2,syn-scale-free-50000-m4-v1,05b0186a56673b5665dd773738a943bf6d8ee364088949df2ed3c69d5d222ac8,rotating-hot,80,10,balanced-random,small,181,0,1,ADES-V2,6b3b6ff27a9bd250ecb121156cd6987c48e9bbad39822975bb4ceeb61b6b27fc,120,11,4,7,25165824,112580186,112379159,201027,204332,3116211,236362,3116211,652,192379,4402232,4402232,89,31,2,0,2,0,0,0,12,2,3,0,0,46240,0.245314
holdout2,syn-scale-free-50000-m4-v1,05b0186a56673b5665dd773738a943bf6d8ee364088949df2ed3c69d5d222ac8,rotating-hot,80,10,balanced-random,small,181,0,2,ADES-V3,6b3b6ff27a9bd250ecb121156cd6987c48e9bbad39822975bb4ceeb61b6b27fc,120,11,4,7,25165824,119776547,119563650,212897,351,3529573,261,3529573,981,198161,8802432,8802432,51,69,4,0,4,0,0,0,25,2,6,0,0,50384,0.253425
holdout2,syn-scale-free-50000-m4-v1,05b0186a56673b5665dd773738a943bf6d8ee364088949df2ed3c69d5d222ac8,rotating-hot,80,10,balanced-random,small,181,0,3,COLD,6b3b6ff27a9bd250ecb121156cd6987c48e9bbad39822975bb4ceeb61b6b27fc,120,11,4,7,25165824,137201194,137198460,2734,406539,3682347,471120,3682347,231,400,0,0,120,0,0,0,0,0,0,0,0,0,0,0,0,42712,0.270264
holdout2,syn-scale-free-50000-m4-v1,05b0186a56673b5665dd773738a943bf6d8ee364088949df2ed3c69d5d222ac8,rotating-hot,80,10,balanced-random,small,181,0,4,B3L,6b3b6ff27a9bd250ecb121156cd6987c48e9bbad39822975bb4ceeb61b6b27fc,120,11,4,7,25165824,508178363,507627182,551181,170,18526193,150,18526193,852,521184,24200176,24200176,28,92,0,17,0,0,0,0,0,0,0,0,0,66580,0.643744
holdout2,syn-scale-free-50000-m4-v1,05b0186a56673b5665dd773738a943bf6d8ee364088949df2ed3c69d5d222ac8,rotating-hot,80,10,balanced-random,small,181,0,5,FREQ-LRU-REPAIR,6b3b6ff27a9bd250ecb121156cd6987c48e9bbad39822975bb4ceeb61b6b27fc,120,11,4,7,25165824,109136491,108930585,205906,180,3130837,161,3130837,932,191488,8800800,8800800,39,81,4,0,4,0,0,0,27,2,6,0,0,51052,0.242666
holdout2,syn-scale-free-50000-m4-v1,05b0186a56673b5665dd773738a943bf6d8ee364088949df2ed3c69d5d222ac8,rotating-hot,80,10,balanced-random,small,181,0,0,ADES-V2,6b3b6ff27a9bd250ecb121156cd6987c48e9bbad39822975bb4ceeb61b6b27fc,120,11,4,7,50331648,112275652,112076171,199481,212878,3052502,236592,3052502,691,190435,4402232,4402232,89,31,2,0,2,0,0,0,12,2,3,0,0,46856,0.245398
holdout2,syn-scale-free-50000-m4-v1,05b0186a56673b5665dd773738a943bf6d8ee364088949df2ed3c69d5d222ac8,rotating-hot,80,10,balanced-random,small,181,0,1,ADES-V3,6b3b6ff27a9bd250ecb121156cd6987c48e9bbad39822975bb4ceeb61b6b27fc,120,11,4,7,50331648,130920584,130704380,216204,361,3870774,280,3870774,1232,200765,8802432,8802432,52,68,4,0,4,0,0,0,25,2,6,0,0,50876,0.268918
holdout2,syn-scale-free-50000-m4-v1,05b0186a56673b5665dd773738a943bf6d8ee364088949df2ed3c69d5d222ac8,rotating-hot,80,10,balanced-random,small,181,0,2,COLD,6b3b6ff27a9bd250ecb121156cd6987c48e9bbad39822975bb4ceeb61b6b27fc,120,11,4,7,50331648,133653047,133650072,2975,395089,3599864,475918,3599864,220,531,0,0,120,0,0,0,0,0,0,0,0,0,0,0,0,41424,0.265145
holdout2,syn-scale-free-50000-m4-v1,05b0186a56673b5665dd773738a943bf6d8ee364088949df2ed3c69d5d222ac8,rotating-hot,80,10,balanced-random,small,181,0,3,B3L,6b3b6ff27a9bd250ecb121156cd6987c48e9bbad39822975bb4ceeb61b6b27fc,120,11,4,7,50331648,491479449,490873156,606293,231,18253474,181,18253474,1092,560858,48400352,48400352,27,93,0,5,0,0,0,0,0,0,0,0,0,90112,0.639629
holdout2,syn-scale-free-50000-m4-v1,05b0186a56673b5665dd773738a943bf6d8ee364088949df2ed3c69d5d222ac8,rotating-hot,80,10,balanced-random,small,181,0,4,FREQ-LRU-REPAIR,6b3b6ff27a9bd250ecb121156cd6987c48e9bbad39822975bb4ceeb61b6b27fc,120,11,4,7,50331648,111634175,111425573,208602,170,3116511,150,3116511,812,195946,8800800,8800800,39,81,4,0,4,0,0,0,27,2,6,0,0,51536,0.246554
holdout2,syn-scale-free-50000-m4-v1,05b0186a56673b5665dd773738a943bf6d8ee364088949df2ed3c69d5d222ac8,rotating-hot,80,10,balanced-random,small,181,0,5,ADES,6b3b6ff27a9bd250ecb121156cd6987c48e9bbad39822975bb4ceeb61b6b27fc,120,11,4,7,50331648,154880477,154655447,225030,163405,3558336,196137,3558336,682,214741,8800800,8800800,81,39,4,0,4,0,0,0,14,2,5,0,0,51540,0.290194
holdout2,syn-scale-free-50000-m4-v1,05b0186a56673b5665dd773738a943bf6d8ee364088949df2ed3c69d5d222ac8,rotating-hot,80,100,balanced-random,small,101,0,0,ADES-V2,2a66d671af6bf008bbe68c81bb3381b61a18799f0be3310daa674d37bc893e5a,120,1,0,1,25165824,102127742,102126640,1102,114343,2426142,114343,2426142,1102,1102,6602332,6602332,67,53,3,0,3,0,0,0,3,0,0,0,0,49492,0.235968
holdout2,syn-scale-free-50000-m4-v1,05b0186a56673b5665dd773738a943bf6d8ee364088949df2ed3c69d5d222ac8,rotating-hot,80,100,balanced-random,small,101,0,1,ADES-V3,2a66d671af6bf008bbe68c81bb3381b61a18799f0be3310daa674d37bc893e5a,120,1,0,1,25165824,98124390,98123217,1173,170,2128005,160,2128005,1173,1173,8802432,8802432,36,84,4,0,4,0,0,0,4,0,0,0,0,50524,0.231349
holdout2,syn-scale-free-50000-m4-v1,05b0186a56673b5665dd773738a943bf6d8ee364088949df2ed3c69d5d222ac8,rotating-hot,80,100,balanced-random,small,101,0,2,COLD,2a66d671af6bf008bbe68c81bb3381b61a18799f0be3310daa674d37bc893e5a,120,1,0,1,25165824,128772452,128772021,431,487961,4811387,487961,4811387,431,431,0,0,120,0,0,0,0,0,0,0,0,0,0,0,0,41380,0.260704
holdout2,syn-scale-free-50000-m4-v1,05b0186a56673b5665dd773738a943bf6d8ee364088949df2ed3c69d5d222ac8,rotating-hot,80,100,balanced-random,small,101,0,3,B3L,2a66d671af6bf008bbe68c81bb3381b61a18799f0be3310daa674d37bc893e5a,120,1,0,1,25165824,517975018,517974036,982,70,18163092,70,18163092,982,982,24200176,24200176,29,91,0,18,0,0,0,0,0,0,0,0,0,66572,0.653325
holdout2,syn-scale-free-50000-m4-v1,05b0186a56673b5665dd773738a943bf6d8ee364088949df2ed3c69d5d222ac8,rotating-hot,80,100,balanced-random,small,101,0,4,FREQ-LRU-REPAIR,2a66d671af6bf008bbe68c81bb3381b61a18799f0be3310daa674d37bc893e5a,120,1,0,1,25165824,111809535,111808172,1363,190,3312188,190,3312188,1363,1363,8800768,8800768,37,83,4,0,4,0,0,0,4,0,0,0,0,51104,0.246101
holdout2,syn-scale-free-50000-m4-v1,05b0186a56673b5665dd773738a943bf6d8ee364088949df2ed3c69d5d222ac8,rotating-hot,80,100,balanced-random,small,101,0,5,ADES,2a66d671af6bf008bbe68c81bb3381b61a18799f0be3310daa674d37bc893e5a,120,1,0,1,25165824,119949646,119948564,1082,164207,3085044,164207,3085044,1082,1082,6600676,6600676,77,43,3,0,3,0,0,0,3,0,0,0,0,48980,0.253678
holdout2,syn-scale-free-50000-m4-v1,05b0186a56673b5665dd773738a943bf6d8ee364088949df2ed3c69d5d222ac8,rotating-hot,80,100,balanced-random,small,101,0,0,ADES-V3,2a66d671af6bf008bbe68c81bb3381b61a18799f0be3310daa674d37bc893e5a,120,1,0,1,50331648,98102784,98101431,1353,180,2139788,171,2139788,1353,1353,8802432,8802432,36,84,4,0,4,0,0,0,4,0,0,0,0,51304,0.232957
holdout2,syn-scale-free-50000-m4-v1,05b0186a56673b5665dd773738a943bf6d8ee364088949df2ed3c69d5d222ac8,rotating-hot,80,100,balanced-random,small,101,0,1,COLD,2a66d671af6bf008bbe68c81bb3381b61a18799f0be3310daa674d37bc893e5a,120,1,0,1,50331648,128188561,128188180,381,478083,4859619,478083,4859619,381,381,0,0,120,0,0,0,0,0,0,0,0,0,0,0,0,41500,0.258847
holdout2,syn-scale-free-50000-m4-v1,05b0186a56673b5665dd773738a943bf6d8ee364088949df2ed3c69d5d222ac8,rotating-hot,80,100,balanced-random,small,101,0,2,B3L,2a66d671af6bf008bbe68c81bb3381b61a18799f0be3310daa674d37bc893e5a,120,1,0,1,50331648,455607001,455605368,1633,160,18238443,150,18238443,1633,1633,48400352,48400352,25,95,0,3,0,0,0,0,0,0,0,0,0,91788,0.593021
holdout2,syn-scale-free-50000-m4-v1,05b0186a56673b5665dd773738a943bf6d8ee364088949df2ed3c69d5d222ac8,rotating-hot,80,100,balanced-random,small,101,0,3,FREQ-LRU-REPAIR,2a66d671af6bf008bbe68c81bb3381b61a18799f0be3310daa674d37bc893e5a,120,1,0,1,50331648,110856680,110855628,1052,140,3311837,131,3311837,1052,1052,8800768,8800768,37,83,4,0,4,0,0,0,4,0,0,0,0,51204,0.244276
holdout2,syn-scale-free-50000-m4-v1,05b0186a56673b5665dd773738a943bf6d8ee364088949df2ed3c69d5d222ac8,rotating-hot,80,100,balanced-random,small,101,0,4,ADES,2a66d671af6bf008bbe68c81bb3381b61a18799f0be3310daa674d37bc893e5a,120,1,0,1,50331648,118865952,118864940,1012,156402,2982481,156402,2982481,1012,1012,6600676,6600676,77,43,3,0,3,0,0,0,3,0,0,0,0,47848,0.252380
holdout2,syn-scale-free-50000-m4-v1,05b0186a56673b5665dd773738a943bf6d8ee364088949df2ed3c69d5d222ac8,rotating-hot,80,100,balanced-random,small,101,0,5,ADES-V2,2a66d671af6bf008bbe68c81bb3381b61a18799f0be3310daa674d37bc893e5a,120,1,0,1,50331648,102389562,102388390,1172,121337,2389584,121337,2389584,1172,1172,6602332,6602332,67,53,3,0,3,0,0,0,3,0,0,0,0,49000,0.235019
holdout2,syn-scale-free-50000-m4-v1,05b0186a56673b5665dd773738a943bf6d8ee364088949df2ed3c69d5d222ac8,rotating-hot,80,100,balanced-random,small,137,0,0,ADES-V3,a78d3f86dc2d7849f326c71b4c4db7a92a8f7cc55e5176bbef7ad582bc53adfc,120,1,1,0,25165824,105584318,105582674,1644,231,2620356,230,2620356,1644,1644,8802432,8802432,49,71,4,0,4,0,0,0,4,0,0,0,0,49692,0.239734
holdout2,syn-scale-free-50000-m4-v1,05b0186a56673b5665dd773738a943bf6d8ee364088949df2ed3c69d5d222ac8,rotating-hot,80,100,balanced-random,small,137,0,1,COLD,a78d3f86dc2d7849f326c71b4c4db7a92a8f7cc55e5176bbef7ad582bc53adfc,120,1,1,0,25165824,80945006,80944555,451,312253,2531640,312253,2531640,451,451,0,0,120,0,0,0,0,0,0,0,0,0,0,0,0,42696,0.213257
holdout2,syn-scale-free-50000-m4-v1,05b0186a56673b5665dd773738a943bf6d8ee364088949df2ed3c69d5d222ac8,rotating-hot,80,100,balanced-random,small,137,0,2,B3L,a78d3f86dc2d7849f326c71b4c4db7a92a8f7cc55e5176bbef7ad582bc53adfc,120,1,1,0,25165824,368682290,368681599,691,130,18605418,130,18605418,691,691,24200176,24200176,20,100,0,9,0,0,0,0,0,0,0,0,0,66412,0.504744
holdout2,syn-scale-free-50000-m4-v1,05b0186a56673b5665dd773738a943bf6d8ee364088949df2ed3c69d5d222ac8,rotating-hot,80,100,balanced-random,small,137,0,3,FREQ-LRU-REPAIR,a78d3f86dc2d7849f326c71b4c4db7a92a8f7cc55e5176bbef7ad582bc53adfc,120,1,1,0,25165824,93906664,93905181,1483,130,1558722,130,1558722,1483,1483,8800672,8800672,31,89,4,0,4,0,0,0,4,0,0,0,0,49928,0.227064
holdout2,syn-scale-free-50000-m4-v1,05b0186a56673b5665dd773738a943bf6d8ee364088949df2ed3c69d5d222ac8,rotating-hot,80,100,balanced-random,small,137,0,4,ADES,a78d3f86dc2d7849f326c71b4c4db7a92a8f7cc55e5176bbef7ad582bc53adfc,120,1,1,0,25165824,93620333,93619171,1162,214491,1942730,214491,1942730,1162,1162,4400488,4400488,101,19,2,0,2,0,0,0,2,0,0,0,0,45680,0.225975
holdout2,syn-scale-free-50000-m4-v1,05b0186a56673b5665dd773738a943bf6d8ee364088949df2ed3c69d5d222ac8,rotating-hot,80,100,balanced-random,small,137,0,5,ADES-V2,a78d3f86dc2d7849f326c71b4c4db7a92a8f7cc55e5176bbef7ad582bc53adfc,120,1,1,0,25165824,83013081,83012260,821,228026,2206261,228026,2206261,821,821,2202132,2202132,104,16,1,0,1,0,0,0,1,0,0,0,0,44948,0.217250
holdout2,syn-scale-free-50000-m4-v1,05b0186a56673b5665dd773738a943bf6d8ee364088949df2ed3c69d5d222ac8,rotating-hot,80,100,balanced-random,small,137,0,0,COLD,a78d3f86dc2d7849f326c71b4c4db7a92a8f7cc55e5176bbef7ad582bc53adfc,120,1,1,0,50331648,83137907,83137476,431,313134,2587123,313134,2587123,431,431,0,0,120,0,0,0,0,0,0,0,0,0,0,0,0,42676,0.215972
holdout2,syn-scale-free-50000-m4-v1,05b0186a56673b5665dd773738a943bf6d8ee364088949df2ed3c69d5d222ac8,rotating-hot,80,100,balanced-random,small,137,0,1,B3L,a78d3f86dc2d7849f326c71b4c4db7a92a8f7cc55e5176bbef7ad582bc53adfc,120,1,1,0,50331648,347614465,347613223,1242,141,18250975,141,18250975,1242,1242,41800304,41800304,19,101,0,0,0,0,0,0,0,0,0,0,0,81476,0.483464
holdout2,syn-scale-free-50000-m4-v1,05b0186a56673b5665dd773738a943bf6d8ee364088949df2ed3c69d5d222ac8,rotating-hot,80,100,balanced-random,small,137,0,2,FREQ-LRU-REPAIR,a78d3f86dc2d7849f326c71b4c4db7a92a8f7cc55e5176bbef7ad582bc53adfc,120,1,1,0,50331648,94071759,94070086,1673,130,1570534,130,1570534,1673,1673,8800672,8800672,31,89,4,0,4,0,0,0,4,0,0,0,0,51044,0.227205
holdout2,syn-scale-free-50000-m4-v1,05b0186a56673b5665dd773738a943bf6d8ee364088949df2ed3c69d5d222ac8,rotating-hot,80,100,balanced-random,small,137,0,3,ADES,a78d3f86dc2d7849f326c71b4c4db7a92a8f7cc55e5176bbef7ad582bc53adfc,120,1,1,0,50331648,93566912,93565821,1091,219911,1946406,219911,1946406,1091,1091,4400488,4400488,101,19,2,0,2,0,0,0,2,0,0,0,0,46844,0.225187
holdout2,syn-scale-free-50000-m4-v1,05b0186a56673b5665dd773738a943bf6d8ee364088949df2ed3c69d5d222ac8,rotating-hot,80,100,balanced-random,small,137,0,4,ADES-V2,a78d3f86dc2d7849f326c71b4c4db7a92a8f7cc55e5176bbef7ad582bc53adfc,120,1,1,0,50331648,79123198,79122396,802,217957,2184179,217957,2184179,802,802,2202132,2202132,104,16,1,0,1,0,0,0,1,0,0,0,0,44148,0.210430
holdout2,syn-scale-free-50000-m4-v1,05b0186a56673b5665dd773738a943bf6d8ee364088949df2ed3c69d5d222ac8,rotating-hot,80,100,balanced-random,small,137,0,5,ADES-V3,a78d3f86dc2d7849f326c71b4c4db7a92a8f7cc55e5176bbef7ad582bc53adfc,120,1,1,0,50331648,103774746,103773033,1713,220,2573907,220,2573907,1713,1713,8802432,8802432,49,71,4,0,4,0,0,0,4,0,0,0,0,51024,0.238321
holdout2,syn-scale-free-50000-m4-v1,05b0186a56673b5665dd773738a943bf6d8ee364088949df2ed3c69d5d222ac8,rotating-hot,80,100,balanced-random,small,181,0,0,COLD,3eef313435afeef308988e9d3e42e9605e3dba3c171e4f9e86e69326754500a2,120,1,0,1,25165824,116945019,116944508,511,402051,3536666,402051,3536666,511,511,0,0,120,0,0,0,0,0,0,0,0,0,0,0,0,42736,0.250602
holdout2,syn-scale-free-50000-m4-v1,05b0186a56673b5665dd773738a943bf6d8ee364088949df2ed3c69d5d222ac8,rotating-hot,80,100,balanced-random,small,181,0,1,B3L,3eef313435afeef308988e9d3e42e9605e3dba3c171e4f9e86e69326754500a2,120,1,0,1,25165824,507479623,507478811,812,100,18473194,100,18473194,812,812,24200176,24200176,28,92,0,17,0,0,0,0,0,0,0,0,0,66452,0.643331
holdout2,syn-scale-free-50000-m4-v1,05b0186a56673b5665dd773738a943bf6d8ee364088949df2ed3c69d5d222ac8,rotating-hot,80,100,balanced-random,small,181,0,2,FREQ-LRU-REPAIR,3eef313435afeef308988e9d3e42e9605e3dba3c171e4f9e86e69326754500a2,120,1,0,1,25165824,106027058,106025986,1072,141,3095111,141,3095111,1072,1072,8800768,8800768,37,83,4,0,4,0,0,0,4,0,0,0,0,49356,0.238944
holdout2,syn-scale-free-50000-m4-v1,05b0186a56673b5665dd773738a943bf6d8ee364088949df2ed3c69d5d222ac8,rotating-hot,80,100,balanced-random,small,181,0,3,ADES,3eef313435afeef308988e9d3e42e9605e3dba3c171e4f9e86e69326754500a2,120,1,0,1,25165824,143981375,143980203,1172,238526,3209975,238526,3209975,1172,1172,8800768,8800768,83,37,4,0,4,0,0,0,4,0,0,0,0,50988,0.280871
holdout2,syn-scale-free-50000-m4-v1,05b0186a56673b5665dd773738a943bf6d8ee364088949df2ed3c69d5d222ac8,rotating-hot,80,100,balanced-random,small,181,0,4,ADES-V2,3eef313435afeef308988e9d3e42e9605e3dba3c171e4f9e86e69326754500a2,120,1,0,1,25165824,127582508,127581696,812,198972,3624831,198972,3624831,812,812,6602332,6602332,79,41,3,0,3,0,0,0,2,0,0,0,0,47228,0.260473
holdout2,syn-scale-free-50000-m4-v1,05b0186a56673b5665dd773738a943bf6d8ee364088949df2ed3c69d5d222ac8,rotating-hot,80,100,balanced-random,small,181,0,5,ADES-V3,3eef313435afeef308988e9d3e42e9605e3dba3c171e4f9e86e69326754500a2,120,1,0,1,25165824,107326051,107324899,1152,150,2940623,150,2940623,1152,1152,8802432,8802432,45,75,4,0,4,0,0,0,4,0,0,0,0,49352,0.241699
holdout2,syn-scale-free-50000-m4-v1,05b0186a56673b5665dd773738a943bf6d8ee364088949df2ed3c69d5d222ac8,rotating-hot,80,100,balanced-random,small,181,0,0,B3L,3eef313435afeef308988e9d3e42e9605e3dba3c171e4f9e86e69326754500a2,120,1,0,1,50331648,453035467,453033814,1653,230,18200665,230,18200665,1653,1653,48400352,48400352,25,95,0,3,0,0,0,0,0,0,0,0,0,91352,0.589745
holdout2,syn-scale-free-50000-m4-v1,05b0186a56673b5665dd773738a943bf6d8ee364088949df2ed3c69d5d222ac8,rotating-hot,80,100,balanced-random,small,181,0,1,FREQ-LRU-REPAIR,3eef313435afeef308988e9d3e42e9605e3dba3c171e4f9e86e69326754500a2,120,1,0,1,50331648,105863646,105862524,1122,140,3131079,140,3131079,1122,1122,8800768,8800768,37,83,4,0,4,0,0,0,4,0,0,0,0,50600,0.240441
holdout2,syn-scale-free-50000-m4-v1,05b0186a56673b5665dd773738a943bf6d8ee364088949df2ed3c69d5d222ac8,rotating-hot,80,100,balanced-random,small,181,0,2,ADES,3eef313435afeef308988e9d3e42e9605e3dba3c171e4f9e86e69326754500a2,120,1,0,1,50331648,143372383,143371081,1302,228417,3185369,228417,3185369,1302,1302,8800768,8800768,83,37,4,0,4,0,0,0,4,0,0,0,0,49828,0.276701
holdout2,syn-scale-free-50000-m4-v1,05b0186a56673b5665dd773738a943bf6d8ee364088949df2ed3c69d5d222ac8,rotating-hot,80,100,balanced-random,small,181,0,3,ADES-V2,3eef313435afeef308988e9d3e42e9605e3dba3c171e4f9e86e69326754500a2,120,1,0,1,50331648,128639241,128638429,812,201085,3609532,201085,3609532,812,812,6602332,6602332,79,41,3,0,3,0,0,0,2,0,0,0,0,48384,0.261866
holdout2,syn-scale-free-50000-m4-v1,05b0186a56673b5665dd773738a943bf6d8ee364088949df2ed3c69d5d222ac8,rotating-hot,80,100,balanced-random,small,181,0,4,ADES-V3,3eef313435afeef308988e9d3e42e9605e3dba3c171e4f9e86e69326754500a2,120,1,0,1,50331648,103847790,103846528,1262,151,2931385,151,2931385,1262,1262,8802432,8802432,45,75,4,0,4,0,0,0,4,0,0,0,0,50544,0.237323
holdout2,syn-scale-free-50000-m4-v1,05b0186a56673b5665dd773738a943bf6d8ee364088949df2ed3c69d5d222ac8,rotating-hot,80,100,balanced-random,small,181,0,5,COLD,3eef313435afeef308988e9d3e42e9605e3dba3c171e4f9e86e69326754500a2,120,1,0,1,50331648,113397652,113397221,431,404225,3400482,404225,3400482,431,431,0,0,120,0,0,0,0,0,0,0,0,0,0,0,0,41460,0.245943
holdout2,syn-scale-free-50000-m4-v1,05b0186a56673b5665dd773738a943bf6d8ee364088949df2ed3c69d5d222ac8,rotating-hot,80,10,increase-only,large,101,0,0,B3L,bf2e053291583b0cea3d6c2ab9d29e7d2adc6bbd4be633faf1fad04ceca143d5,120,11,11,0,25165824,505198753,505164907,33846,80,18420521,70,18420521,551,17082,24200176,24200176,28,92,0,17,0,0,0,0,0,0,0,0,0,67788,0.641416
holdout2,syn-scale-free-50000-m4-v1,05b0186a56673b5665dd773738a943bf6d8ee364088949df2ed3c69d5d222ac8,rotating-hot,80,10,increase-only,large,101,0,1,FREQ-LRU-REPAIR,bf2e053291583b0cea3d6c2ab9d29e7d2adc6bbd4be633faf1fad04ceca143d5,120,11,11,0,25165824,123668196,123650994,17202,201,4117421,180,4117421,1182,4588,8800752,8800752,36,84,4,0,4,0,0,0,30,0,5,0,0,51152,0.258601
holdout2,syn-scale-free-50000-m4-v1,05b0186a56673b5665dd773738a943bf6d8ee364088949df2ed3c69d5d222ac8,rotating-hot,80,10,increase-only,large,101,0,2,ADES,bf2e053291583b0cea3d6c2ab9d29e7d2adc6bbd4be633faf1fad04ceca143d5,120,11,11,0,25165824,143951545,143938652,12893,114133,3743653,162755,3743653,901,4138,8800752,8800752,74,46,4,0,4,0,0,0,21,0,5,0,0,50448,0.277163
holdout2,syn-scale-free-50000-m4-v1,05b0186a56673b5665dd773738a943bf6d8ee364088949df2ed3c69d5d222ac8,rotating-hot,80,10,increase-only,large,101,0,3,ADES-V2,bf2e053291583b0cea3d6c2ab9d29e7d2adc6bbd4be633faf1fad04ceca143d5,120,11,11,0,25165824,109331060,109318309,12751,87143,3131059,114264,3131059,942,3496,6602332,6602332,67,53,3,0,3,0,0,0,23,0,4,0,0,47792,0.242441
holdout2,syn-scale-free-50000-m4-v1,05b0186a56673b5665dd773738a943bf6d8ee364088949df2ed3c69d5d222ac8,rotating-hot,80,10,increase-only,large,101,0,4,ADES-V3,bf2e053291583b0cea3d6c2ab9d29e7d2adc6bbd4be633faf1fad04ceca143d5,120,11,11,0,25165824,96570518,96554748,15770,200,3085854,161,3085854,1183,4438,8802432,8802432,36,84,4,0,4,0,0,0,31,0,5,0,0,51248,0.230138
holdout2,syn-scale-free-50000-m4-v1,05b0186a56673b5665dd773738a943bf6d8ee364088949df2ed3c69d5d222ac8,rotating-hot,80,10,increase-only,large,101,0,5,COLD,bf2e053291583b0cea3d6c2ab9d29e7d2adc6bbd4be633faf1fad04ceca143d5,120,11,11,0,25165824,140429886,140427209,2677,477071,4489988,566948,4489988,221,421,0,0,120,0,0,0,0,0,0,0,0,0,0,0,0,41536,0.272377
holdout2,syn-scale-free-50000-m4-v1,05b0186a56673b5665dd773738a943bf6d8ee364088949df2ed3c69d5d222ac8,rotating-hot,80,10,increase-only,large,101,0,0,FREQ-LRU-REPAIR,bf2e053291583b0cea3d6c2ab9d29e7d2adc6bbd4be633faf1fad04ceca143d5,120,11,11,0,50331648,116763029,116747962,15067,170,3426491,150,3426491,1122,4258,8800752,8800752,36,84,4,0,4,0,0,0,30,0,5,0,0,50468,0.252338
holdout2,syn-scale-free-50000-m4-v1,05b0186a56673b5665dd773738a943bf6d8ee364088949df2ed3c69d5d222ac8,rotating-hot,80,10,increase-only,large,101,0,1,ADES,bf2e053291583b0cea3d6c2ab9d29e7d2adc6bbd4be633faf1fad04ceca143d5,120,11,11,0,50331648,140116607,140103784,12823,109705,3459703,151173,3459703,992,4007,8800752,8800752,74,46,4,0,4,0,0,0,21,0,5,0,0,50060,0.272669
holdout2,syn-scale-free-50000-m4-v1,05b0186a56673b5665dd773738a943bf6d8ee364088949df2ed3c69d5d222ac8,rotating-hot,80,10,increase-only,large,101,0,2,ADES-V2,bf2e053291583b0cea3d6c2ab9d29e7d2adc6bbd4be633faf1fad04ceca143d5,120,11,11,0,50331648,109566461,109552915,13546,91271,3143292,127829,3143292,952,3567,6602332,6602332,67,53,3,0,3,0,0,0,23,0,4,0,0,48988,0.243787
holdout2,syn-scale-free-50000-m4-v1,05b0186a56673b5665dd773738a943bf6d8ee364088949df2ed3c69d5d222ac8,rotating-hot,80,10,increase-only,large,101,0,3,ADES-V3,bf2e053291583b0cea3d6c2ab9d29e7d2adc6bbd4be633faf1fad04ceca143d5,120,11,11,0,50331648,95853732,95838273,15459,200,3043225,170,3043225,1262,4228,8802432,8802432,36,84,4,0,4,0,0,0,31,0,5,0,0,51212,0.229247
holdout2,syn-scale-free-50000-m4-v1,05b0186a56673b5665dd773738a943bf6d8ee364088949df2ed3c69d5d222ac8,rotating-hot,80,10,increase-only,large,101,0,4,COLD,bf2e053291583b0cea3d6c2ab9d29e7d2adc6bbd4be633faf1fad04ceca143d5,120,11,11,0,50331648,136821759,136819015,2744,472654,4365485,562360,4365485,210,391,0,0,120,0,0,0,0,0,0,0,0,0,0,0,0,41432,0.268598
holdout2,syn-scale-free-50000-m4-v1,05b0186a56673b5665dd773738a943bf6d8ee364088949df2ed3c69d5d222ac8,rotating-hot,80,10,increase-only,large,101,0,5,B3L,bf2e053291583b0cea3d6c2ab9d29e7d2adc6bbd4be633faf1fad04ceca143d5,120,11,11,0,50331648,444771106,444716595,54511,160,18558889,150,18558889,761,27622,48400352,48400352,24,96,0,2,0,0,0,0,0,0,0,0,0,89968,0.582203
holdout2,syn-scale-free-50000-m4-v1,05b0186a56673b5665dd773738a943bf6d8ee364088949df2ed3c69d5d222ac8,rotating-hot,80,10,increase-only,large,137,0,0,FREQ-LRU-REPAIR,908541128db91f699cbaa08a27cf1906138e2df404645c1f21f7c000d6a68bd8,120,11,11,0,25165824,101456731,101445019,11712,140,1847551,131,1847551,1002,2004,8800688,8800688,32,88,4,0,4,0,0,0,33,0,2,0,0,51632,0.237017
holdout2,syn-scale-free-50000-m4-v1,05b0186a56673b5665dd773738a943bf6d8ee364088949df2ed3c69d5d222ac8,rotating-hot,80,10,increase-only,large,137,0,1,ADES,908541128db91f699cbaa08a27cf1906138e2df404645c1f21f7c000d6a68bd8,120,11,11,0,25165824,94386866,94379062,7804,220191,2030714,248775,2030714,581,1753,4400504,4400504,94,26,2,0,2,0,0,0,11,0,1,0,0,47220,0.227266
holdout2,syn-scale-free-50000-m4-v1,05b0186a56673b5665dd773738a943bf6d8ee364088949df2ed3c69d5d222ac8,rotating-hot,80,10,increase-only,large,137,0,2,ADES-V2,908541128db91f699cbaa08a27cf1906138e2df404645c1f21f7c000d6a68bd8,120,11,11,0,25165824,87525892,87517465,8427,169706,1860686,208420,1860686,692,1523,4402232,4402232,81,39,2,0,2,0,0,0,17,0,1,0,0,46120,0.221675
holdout2,syn-scale-free-50000-m4-v1,05b0186a56673b5665dd773738a943bf6d8ee364088949df2ed3c69d5d222ac8,rotating-hot,80,10,increase-only,large,137,0,3,ADES-V3,908541128db91f699cbaa08a27cf1906138e2df404645c1f21f7c000d6a68bd8,120,11,11,0,25165824,75077673,75067733,9940,74338,1643761,110416,1643761,872,1763,4402144,4402144,69,51,2,0,2,0,0,0,18,0,1,0,0,46808,0.207592
holdout2,syn-scale-free-50000-m4-v1,05b0186a56673b5665dd773738a943bf6d8ee364088949df2ed3c69d5d222ac8,rotating-hot,80,10,increase-only,large,137,0,4,COLD,908541128db91f699cbaa08a27cf1906138e2df404645c1f21f7c000d6a68bd8,120,11,11,0,25165824,80481399,80478346,3053,311763,2327458,343471,2327458,270,470,0,0,120,0,0,0,0,0,0,0,0,0,0,0,0,41976,0.212514
holdout2,syn-scale-free-50000-m4-v1,05b0186a56673b5665dd773738a943bf6d8ee364088949df2ed3c69d5d222ac8,rotating-hot,80,10,increase-only,large,137,0,5,B3L,908541128db91f699cbaa08a27cf1906138e2df404645c1f21f7c000d6a68bd8,120,11,11,0,25165824,374120151,374092807,27344,140,18094883,90,18094883,672,21120,24200176,24200176,21,99,0,10,0,0,0,0,0,0,0,0,0,68176,0.509337
holdout2,syn-scale-free-50000-m4-v1,05b0186a56673b5665dd773738a943bf6d8ee364088949df2ed3c69d5d222ac8,rotating-hot,80,10,increase-only,large,137,0,0,ADES,908541128db91f699cbaa08a27cf1906138e2df404645c1f21f7c000d6a68bd8,120,11,11,0,50331648,94652051,94644807,7244,217336,2032878,240219,2032878,561,1703,4400504,4400504,94,26,2,0,2,0,0,0,11,0,1,0,0,46672,0.226503
holdout2,syn-scale-free-50000-m4-v1,05b0186a56673b5665dd773738a943bf6d8ee364088949df2ed3c69d5d222ac8,rotating-hot,80,10,increase-only,large,137,0,1,ADES-V2,908541128db91f699cbaa08a27cf1906138e2df404645c1f21f7c000d6a68bd8,120,11,11,0,50331648,87247859,87239473,8386,158757,1869222,209662,1869222,701,1734,4402232,4402232,81,39,2,0,2,0,0,0,17,0,1,0,0,45588,0.220679
holdout2,syn-scale-free-50000-m4-v1,05b0186a56673b5665dd773738a943bf6d8ee364088949df2ed3c69d5d222ac8,rotating-hot,80,10,increase-only,large,137,0,2,ADES-V3,908541128db91f699cbaa08a27cf1906138e2df404645c1f21f7c000d6a68bd8,120,11,11,0,50331648,73796891,73787311,9580,66955,1578940,109754,1578940,812,1774,4402144,4402144,69,51,2,0,2,0,0,0,18,0,1,0,0,46040,0.206345
holdout2,syn-scale-free-50000-m4-v1,05b0186a56673b5665dd773738a943bf6d8ee364088949df2ed3c69d5d222ac8,rotating-hot,80,10,increase-only,large,137,0,3,COLD,908541128db91f699cbaa08a27cf1906138e2df404645c1f21f7c000d6a68bd8,120,11,11,0,50331648,80473769,80471194,2575,313786,2330644,349002,2330644,221,390,0,0,120,0,0,0,0,0,0,0,0,0,0,0,0,42676,0.212930
holdout2,syn-scale-free-50000-m4-v1,05b0186a56673b5665dd773738a943bf6d8ee364088949df2ed3c69d5d222ac8,rotating-hot,80,10,increase-only,large,137,0,4,B3L,908541128db91f699cbaa08a27cf1906138e2df404645c1f21f7c000d6a68bd8,120,11,11,0,50331648,374405966,374374720,31246,150,18619373,141,18619373,741,23714,44000320,44000320,20,100,0,0,0,0,0,0,0,0,0,0,0,83688,0.511894
holdout2,syn-scale-free-50000-m4-v1,05b0186a56673b5665dd773738a943bf6d8ee364088949df2ed3c69d5d222ac8,rotating-hot,80,10,increase-only,large,137,0,5,FREQ-LRU-REPAIR,908541128db91f699cbaa08a27cf1906138e2df404645c1f21f7c000d6a68bd8,120,11,11,0,50331648,101689690,101677158,12532,140,1841430,130,1841430,1062,2424,8800688,8800688,32,88,4,0,4,0,0,0,33,0,2,0,0,50380,0.235534
holdout2,syn-scale-free-50000-m4-v1,05b0186a56673b5665dd773738a943bf6d8ee364088949df2ed3c69d5d222ac8,rotating-hot,80,10,increase-only,large,181,0,0,ADES,8ce50f7474ffa8dccefe867badf42f00117137c64cdf2aaf82c2fe673c1b5c2e,120,11,11,0,25165824,131616723,131607806,8917,247402,3546956,269003,3546956,701,1653,6600788,6600788,97,23,3,0,3,0,0,0,15,0,2,0,0,47624,0.264224
holdout2,syn-scale-free-50000-m4-v1,05b0186a56673b5665dd773738a943bf6d8ee364088949df2ed3c69d5d222ac8,rotating-hot,80,10,increase-only,large,181,0,1,ADES-V2,8ce50f7474ffa8dccefe867badf42f00117137c64cdf2aaf82c2fe673c1b5c2e,120,11,11,0,25165824,99748582,99738833,9749,208249,2906830,254946,2906830,752,1693,4402232,4402232,92,28,2,0,2,0,0,0,15,0,2,0,0,46716,0.232927
holdout2,syn-scale-free-50000-m4-v1,05b0186a56673b5665dd773738a943bf6d8ee364088949df2ed3c69d5d222ac8,rotating-hot,80,10,increase-only,large,181,0,2,ADES-V3,8ce50f7474ffa8dccefe867badf42f00117137c64cdf2aaf82c2fe673c1b5c2e,120,11,11,0,25165824,111658233,111646000,12233,361,3135598,241,3135598,972,1804,8802432,8802432,51,69,4,0,4,0,0,0,27,0,2,0,0,49880,0.244738
holdout2,syn-scale-free-50000-m4-v1,05b0186a56673b5665dd773738a943bf6d8ee364088949df2ed3c69d5d222ac8,rotating-hot,80,10,increase-only,large,181,0,3,COLD,8ce50f7474ffa8dccefe867badf42f00117137c64cdf2aaf82c2fe673c1b5c2e,120,11,11,0,25165824,107523632,107520736,2896,307104,3379714,350695,3379714,260,370,0,0,120,0,0,0,0,0,0,0,0,0,0,0,0,41500,0.238715
holdout2,syn-scale-free-50000-m4-v1,05b0186a56673b5665dd773738a943bf6d8ee364088949df2ed3c69d5d222ac8,rotating-hot,80,10,increase-only,large,181,0,4,B3L,8ce50f7474ffa8dccefe867badf42f00117137c64cdf2aaf82c2fe673c1b5c2e,120,11,11,0,25165824,640753322,640735820,17502,160,18040932,140,18040932,691,6823,24200176,24200176,36,84,0,25,0,0,0,0,0,0,0,0,0,66484,0.775772
holdout2,syn-scale-free-50000-m4-v1,05b0186a56673b5665dd773738a943bf6d8ee364088949df2ed3c69d5d222ac8,rotating-hot,80,10,increase-only,large,181,0,5,FREQ-LRU-REPAIR,8ce50f7474ffa8dccefe867badf42f00117137c64cdf2aaf82c2fe673c1b5c2e,120,11,11,0,25165824,108177039,108163242,13797,191,3072419,171,3072419,1172,2394,8800880,8800880,44,76,4,0,4,0,0,0,33,0,2,0,0,51012,0.241140
holdout2,syn-scale-free-50000-m4-v1,05b0186a56673b5665dd773738a943bf6d8ee364088949df2ed3c69d5d222ac8,rotating-hot,80,10,increase-only,large,181,0,0,ADES-V2,8ce50f7474ffa8dccefe867badf42f00117137c64cdf2aaf82c2fe673c1b5c2e,120,11,11,0,50331648,102609765,102599215,10550,225110,2916639,254225,2916639,842,1824,4402232,4402232,92,28,2,0,2,0,0,0,15,0,2,0,0,45608,0.237152
holdout2,syn-scale-free-50000-m4-v1,05b0186a56673b5665dd773738a943bf6d8ee364088949df2ed3c69d5d222ac8,rotating-hot,80,10,increase-only,large,181,0,1,ADES-V3,8ce50f7474ffa8dccefe867badf42f00117137c64cdf2aaf82c2fe673c1b5c2e,120,11,11,0,50331648,112279275,112265489,13786,401,3233120,281,3233120,1183,2154,8802432,8802432,51,69,4,0,4,0,0,0,27,0,2,0,0,49824,0.245334
holdout2,syn-scale-free-50000-m4-v1,05b0186a56673b5665dd773738a943bf6d8ee364088949df2ed3c69d5d222ac8,rotating-hot,80,10,increase-only,large,181,0,2,COLD,8ce50f7474ffa8dccefe867badf42f00117137c64cdf2aaf82c2fe673c1b5c2e,120,11,11,0,50331648,111051291,111048476,2815,312123,3646191,368689,3646191,230,552,0,0,120,0,0,0,0,0,0,0,0,0,0,0,0,43216,0.243939
holdout2,syn-scale-free-50000-m4-v1,05b0186a56673b5665dd773738a943bf6d8ee364088949df2ed3c69d5d222ac8,rotating-hot,80,10,increase-only,large,181,0,3,B3L,8ce50f7474ffa8dccefe867badf42f00117137c64cdf2aaf82c2fe673c1b5c2e,120,11,11,0,50331648,573490555,573464448,26107,221,18199580,171,18199580,1113,9548,48400352,48400352,32,88,0,10,0,0,0,0,0,0,0,0,0,91336,0.713550
holdout2,syn-scale-free-50000-m4-v1,05b0186a56673b5665dd773738a943bf6d8ee364088949df2ed3c69d5d222ac8,rotating-hot,80,10,increase-only,large,181,0,4,FREQ-LRU-REPAIR,8ce50f7474ffa8dccefe867badf42f00117137c64cdf2aaf82c2fe673c1b5c2e,120,11,11,0,50331648,107143242,107130570,12672,171,3050218,160,3050218,1051,2034,8800880,8800880,44,76,4,0,4,0,0,0,33,0,2,0,0,51040,0.240069
holdout2,syn-scale-free-50000-m4-v1,05b0186a56673b5665dd773738a943bf6d8ee364088949df2ed3c69d5d222ac8,rotating-hot,80,10,increase-only,large,181,0,5,ADES,8ce50f7474ffa8dccefe867badf42f00117137c64cdf2aaf82c2fe673c1b5c2e,120,11,11,0,50331648,135755185,135744355,10830,251701,3666081,273782,3666081,751,2385,6600788,6600788,97,23,3,0,3,0,0,0,15,0,2,0,0,48860,0.271431
holdout2,syn-scale-free-50000-m4-v1,05b0186a56673b5665dd773738a943bf6d8ee364088949df2ed3c69d5d222ac8,rotating-hot,80,100,increase-only,large,101,0,0,ADES-V2,9dfb93a664440a41657cedd4f20cfa4a913ade182710bebe508b70802b0e2e53,120,1,1,0,25165824,99081007,99079534,1473,113583,2366849,113583,2366849,1473,1473,6602332,6602332,67,53,3,0,3,0,0,0,3,0,0,0,0,47760,0.231363
holdout2,syn-scale-free-50000-m4-v1,05b0186a56673b5665dd773738a943bf6d8ee364088949df2ed3c69d5d222ac8,rotating-hot,80,100,increase-only,large,101,0,1,ADES-V3,9dfb93a664440a41657cedd4f20cfa4a913ade182710bebe508b70802b0e2e53,120,1,1,0,25165824,97445739,97443946,1793,140,2127141,140,2127141,1793,1793,8802432,8802432,35,85,4,0,4,0,0,0,4,0,0,0,0,51136,0.231266
holdout2,syn-scale-free-50000-m4-v1,05b0186a56673b5665dd773738a943bf6d8ee364088949df2ed3c69d5d222ac8,rotating-hot,80,100,increase-only,large,101,0,2,COLD,9dfb93a664440a41657cedd4f20cfa4a913ade182710bebe508b70802b0e2e53,120,1,1,0,25165824,131477244,131476652,592,438000,5003534,438000,5003534,592,592,0,0,120,0,0,0,0,0,0,0,0,0,0,0,0,41460,0.264617
holdout2,syn-scale-free-50000-m4-v1,05b0186a56673b5665dd773738a943bf6d8ee364088949df2ed3c69d5d222ac8,rotating-hot,80,100,increase-only,large,101,0,3,B3L,9dfb93a664440a41657cedd4f20cfa4a913ade182710bebe508b70802b0e2e53,120,1,1,0,25165824,499350917,499349555,1362,61,18182652,61,18182652,1362,1362,24200176,24200176,28,92,0,17,0,0,0,0,0,0,0,0,0,68136,0.636368
holdout2,syn-scale-free-50000-m4-v1,05b0186a56673b5665dd773738a943bf6d8ee364088949df2ed3c69d5d222ac8,rotating-hot,80,100,increase-only,large,101,0,4,FREQ-LRU-REPAIR,9dfb93a664440a41657cedd4f20cfa4a913ade182710bebe508b70802b0e2e53,120,1,1,0,25165824,109149729,109148126,1603,161,3282952,161,3282952,1603,1603,8800752,8800752,36,84,4,0,4,0,0,0,4,0,0,0,0,51236,0.241377
holdout2,syn-scale-free-50000-m4-v1,05b0186a56673b5665dd773738a943bf6d8ee364088949df2ed3c69d5d222ac8,rotating-hot,80,100,increase-only,large,101,0,5,ADES,9dfb93a664440a41657cedd4f20cfa4a913ade182710bebe508b70802b0e2e53,120,1,1,0,25165824,121333692,121332269,1423,154489,3055708,154489,3055708,1423,1423,6600660,6600660,76,44,3,0,3,0,0,0,3,0,0,0,0,49472,0.255787
holdout2,syn-scale-free-50000-m4-v1,05b0186a56673b5665dd773738a943bf6d8ee364088949df2ed3c69d5d222ac8,rotating-hot,80,100,increase-only,large,101,0,0,ADES-V3,9dfb93a664440a41657cedd4f20cfa4a913ade182710bebe508b70802b0e2e53,120,1,1,0,50331648,98146398,98144705,1693,191,2124188,191,2124188,1693,1693,8802432,8802432,35,85,4,0,4,0,0,0,4,0,0,0,0,50460,0.232588
holdout2,syn-scale-free-50000-m4-v1,05b0186a56673b5665dd773738a943bf6d8ee364088949df2ed3c69d5d222ac8,rotating-hot,80,100,increase-only,large,101,0,1,COLD,9dfb93a664440a41657cedd4f20cfa4a913ade182710bebe508b70802b0e2e53,120,1,1,0,50331648,130795764,130795374,390,446474,4923026,446474,4923026,390,390,0,0,120,0,0,0,0,0,0,0,0,0,0,0,0,41500,0.263346
holdout2,syn-scale-free-50000-m4-v1,05b0186a56673b5665dd773738a943bf6d8ee364088949df2ed3c69d5d222ac8,rotating-hot,80,100,increase-only,large,101,0,2,B3L,9dfb93a664440a41657cedd4f20cfa4a913ade182710bebe508b70802b0e2e53,120,1,1,0,50331648,435646902,435645449,1453,161,18208832,161,18208832,1453,1453,48400352,48400352,24,96,0,2,0,0,0,0,0,0,0,0,0,91276,0.572187
holdout2,syn-scale-free-50000-m4-v1,05b0186a56673b5665dd773738a943bf6d8ee364088949df2ed3c69d5d222ac8,rotating-hot,80,100,increase-only,large,101,0,3,FREQ-LRU-REPAIR,9dfb93a664440a41657cedd4f20cfa4a913ade182710bebe508b70802b0e2e53,120,1,1,0,50331648,112160127,112157993,2134,131,3406803,131,3406803,2134,2134,8800752,8800752,36,84,4,0,4,0,0,0,4,0,0,0,0,50452,0.247020
holdout2,syn-scale-free-50000-m4-v1,05b0186a56673b5665dd773738a943bf6d8ee364088949df2ed3c69d5d222ac8,rotating-hot,80,100,increase-only,large,101,0,4,ADES,9dfb93a664440a41657cedd4f20cfa4a913ade182710bebe508b70802b0e2e53,120,1,1,0,50331648,116195294,116193881,1413,155881,2937416,155881,2937416,1413,1413,6600660,6600660,76,44,3,0,3,0,0,0,3,0,0,0,0,47860,0.249105
holdout2,syn-scale-free-50000-m4-v1,05b0186a56673b5665dd773738a943bf6d8ee364088949df2ed3c69d5d222ac8,rotating-hot,80,100,increase-only,large,101,0,5,ADES-V2,9dfb93a664440a41657cedd4f20cfa4a913ade182710bebe508b70802b0e2e53,120,1,1,0,50331648,103583484,103581961,1523,134501,2472749,134501,2472749,1523,1523,6602332,6602332,67,53,3,0,3,0,0,0,3,0,0,0,0,48980,0.237307
holdout2,syn-scale-free-50000-m4-v1,05b0186a56673b5665dd773738a943bf6d8ee364088949df2ed3c69d5d222ac8,rotating-hot,80,100,increase-only,large,137,0,0,ADES-V3,85a33336943adebd4a24a1fa95ae780dccf5fdea44ed5a3f1a059ce1cefafeae,120,1,1,0,25165824,109811058,109807992,3066,290,2558239,251,2558239,3066,3066,8802432,8802432,56,64,4,0,4,0,0,0,1,0,2,0,0,49260,0.243538
holdout2,syn-scale-free-50000-m4-v1,05b0186a56673b5665dd773738a943bf6d8ee364088949df2ed3c69d5d222ac8,rotating-hot,80,100,increase-only,large,137,0,1,COLD,85a33336943adebd4a24a1fa95ae780dccf5fdea44ed5a3f1a059ce1cefafeae,120,1,1,0,25165824,80402082,80401611,471,312053,2339230,312053,2339230,471,471,0,0,120,0,0,0,0,0,0,0,0,0,0,0,0,42608,0.212247
holdout2,syn-scale-free-50000-m4-v1,05b0186a56673b5665dd773738a943bf6d8ee364088949df2ed3c69d5d222ac8,rotating-hot,80,100,increase-only,large,137,0,2,B3L,85a33336943adebd4a24a1fa95ae780dccf5fdea44ed5a3f1a059ce1cefafeae,120,1,1,0,25165824,384354716,384348133,6583,140,18555041,140,18555041,6583,6583,24200176,24200176,21,99,0,10,0,0,0,0,0,0,0,0,0,67628,0.520049
holdout2,syn-scale-free-50000-m4-v1,05b0186a56673b5665dd773738a943bf6d8ee364088949df2ed3c69d5d222ac8,rotating-hot,80,100,increase-only,large,137,0,3,FREQ-LRU-REPAIR,85a33336943adebd4a24a1fa95ae780dccf5fdea44ed5a3f1a059ce1cefafeae,120,1,1,0,25165824,95791395,95788169,3226,130,1832394,130,1832394,3226,3226,8800688,8800688,32,88,4,0,4,0,0,0,2,0,2,0,0,50420,0.229603
holdout2,syn-scale-free-50000-m4-v1,05b0186a56673b5665dd773738a943bf6d8ee364088949df2ed3c69d5d222ac8,rotating-hot,80,100,increase-only,large,137,0,4,ADES,85a33336943adebd4a24a1fa95ae780dccf5fdea44ed5a3f1a059ce1cefafeae,120,1,1,0,25165824,97004061,97001336,2725,218128,1942920,218128,1942920,2725,2725,4400504,4400504,102,18,2,0,2,0,0,0,1,0,1,0,0,46804,0.231830
holdout2,syn-scale-free-50000-m4-v1,05b0186a56673b5665dd773738a943bf6d8ee364088949df2ed3c69d5d222ac8,rotating-hot,80,100,increase-only,large,137,0,5,ADES-V2,85a33336943adebd4a24a1fa95ae780dccf5fdea44ed5a3f1a059ce1cefafeae,120,1,1,0,25165824,78486632,78485489,1143,216905,1822104,216905,1822104,1143,1143,2202132,2202132,104,16,1,0,1,0,0,0,1,0,0,0,0,44748,0.210757
holdout2,syn-scale-free-50000-m4-v1,05b0186a56673b5665dd773738a943bf6d8ee364088949df2ed3c69d5d222ac8,rotating-hot,80,100,increase-only,large,137,0,0,COLD,85a33336943adebd4a24a1fa95ae780dccf5fdea44ed5a3f1a059ce1cefafeae,120,1,1,0,50331648,81632140,81631760,380,322162,2355861,322162,2355861,380,380,0,0,120,0,0,0,0,0,0,0,0,0,0,0,0,41492,0.213852
holdout2,syn-scale-free-50000-m4-v1,05b0186a56673b5665dd773738a943bf6d8ee364088949df2ed3c69d5d222ac8,rotating-hot,80,100,increase-only,large,137,0,1,B3L,85a33336943adebd4a24a1fa95ae780dccf5fdea44ed5a3f1a059ce1cefafeae,120,1,1,0,50331648,372617872,372609316,8556,160,18561243,160,18561243,8556,8556,44000320,44000320,20,100,0,0,0,0,0,0,0,0,0,0,0,84704,0.509625
holdout2,syn-scale-free-50000-m4-v1,05b0186a56673b5665dd773738a943bf6d8ee364088949df2ed3c69d5d222ac8,rotating-hot,80,100,increase-only,large,137,0,2,FREQ-LRU-REPAIR,85a33336943adebd4a24a1fa95ae780dccf5fdea44ed5a3f1a059ce1cefafeae,120,1,1,0,50331648,95656371,95652563,3808,140,1834387,140,1834387,3808,3808,8800688,8800688,32,88,4,0,4,0,0,0,2,0,2,0,0,50004,0.228165
holdout2,syn-scale-free-50000-m4-v1,05b0186a56673b5665dd773738a943bf6d8ee364088949df2ed3c69d5d222ac8,rotating-hot,80,100,increase-only,large,137,0,3,ADES,85a33336943adebd4a24a1fa95ae780dccf5fdea44ed5a3f1a059ce1cefafeae,120,1,1,0,50331648,95689024,95686830,2194,215843,1945294,215843,1945294,2194,2194,4400504,4400504,102,18,2,0,2,0,0,0,1,0,1,0,0,46876,0.227952
holdout2,syn-scale-free-50000-m4-v1,05b0186a56673b5665dd773738a943bf6d8ee364088949df2ed3c69d5d222ac8,rotating-hot,80,100,increase-only,large,137,0,4,ADES-V2,85a33336943adebd4a24a1fa95ae780dccf5fdea44ed5a3f1a059ce1cefafeae,120,1,1,0,50331648,78541364,78540342,1022,218348,1899137,218348,1899137,1022,1022,2202132,2202132,104,16,1,0,1,0,0,0,1,0,0,0,0,43652,0.213341
holdout2,syn-scale-free-50000-m4-v1,05b0186a56673b5665dd773738a943bf6d8ee364088949df2ed3c69d5d222ac8,rotating-hot,80,100,increase-only,large,137,0,5,ADES-V3,85a33336943adebd4a24a1fa95ae780dccf5fdea44ed5a3f1a059ce1cefafeae,120,1,1,0,50331648,105658125,105654117,4008,251,2577025,250,2577025,4008,4008,8802432,8802432,50,70,4,0,4,0,0,0,2,0,2,0,0,50960,0.238882
holdout2,syn-scale-free-50000-m4-v1,05b0186a56673b5665dd773738a943bf6d8ee364088949df2ed3c69d5d222ac8,rotating-hot,80,100,increase-only,large,181,0,0,COLD,0b167e155a27cc863ddc8a0ffdbcd5ce609a0f4834f42923af7c8371cf67da15,120,1,1,0,25165824,116914916,116914174,742,410026,3700493,410026,3700493,742,742,0,0,120,0,0,0,0,0,0,0,0,0,0,0,0,41456,0.252756
holdout2,syn-scale-free-50000-m4-v1,05b0186a56673b5665dd773738a943bf6d8ee364088949df2ed3c69d5d222ac8,rotating-hot,80,100,increase-only,large,181,0,1,B3L,0b167e155a27cc863ddc8a0ffdbcd5ce609a0f4834f42923af7c8371cf67da15,120,1,1,0,25165824,514605828,514604966,862,120,18167528,110,18167528,862,862,24200176,24200176,29,91,0,18,0,0,0,0,0,0,0,0,0,66460,0.651457
holdout2,syn-scale-free-50000-m4-v1,05b0186a56673b5665dd773738a943bf6d8ee364088949df2ed3c69d5d222ac8,rotating-hot,80,100,increase-only,large,181,0,2,FREQ-LRU-REPAIR,0b167e155a27cc863ddc8a0ffdbcd5ce609a0f4834f42923af7c8371cf67da15,120,1,1,0,25165824,106346433,106344509,1924,160,3091174,160,3091174,1924,1924,8800784,8800784,38,82,4,0,4,0,0,0,4,0,0,0,0,50516,0.239899
holdout2,syn-scale-free-50000-m4-v1,05b0186a56673b5665dd773738a943bf6d8ee364088949df2ed3c69d5d222ac8,rotating-hot,80,100,increase-only,large,181,0,3,ADES,0b167e155a27cc863ddc8a0ffdbcd5ce609a0f4834f42923af7c8371cf67da15,120,1,1,0,25165824,140521019,140519416,1603,224219,3049347,224219,3049347,1603,1603,8800784,8800784,84,36,4,0,4,0,0,0,4,0,0,0,0,49324,0.273568
holdout2,syn-scale-free-50000-m4-v1,05b0186a56673b5665dd773738a943bf6d8ee364088949df2ed3c69d5d222ac8,rotating-hot,80,100,increase-only,large,181,0,4,ADES-V2,0b167e155a27cc863ddc8a0ffdbcd5ce609a0f4834f42923af7c8371cf67da15,120,1,1,0,25165824,125925364,125924182,1182,197849,3651692,197849,3651692,1182,1182,6602332,6602332,79,41,3,0,3,0,0,0,2,0,0,0,0,47212,0.259328
holdout2,syn-scale-free-50000-m4-v1,05b0186a56673b5665dd773738a943bf6d8ee364088949df2ed3c69d5d222ac8,rotating-hot,80,100,increase-only,large,181,0,5,ADES-V3,0b167e155a27cc863ddc8a0ffdbcd5ce609a0f4834f42923af7c8371cf67da15,120,1,1,0,25165824,107863504,107861480,2024,210,2944941,181,2944941,2024,2024,8802432,8802432,46,74,4,0,4,0,0,0,4,0,0,0,0,49296,0.242020
holdout2,syn-scale-free-50000-m4-v1,05b0186a56673b5665dd773738a943bf6d8ee364088949df2ed3c69d5d222ac8,rotating-hot,80,100,increase-only,large,181,0,0,B3L,0b167e155a27cc863ddc8a0ffdbcd5ce609a0f4834f42923af7c8371cf67da15,120,1,1,0,50331648,470216453,470214539,1914,170,18198930,170,18198930,1914,1914,48400352,48400352,26,94,0,4,0,0,0,0,0,0,0,0,0,90532,0.608555
holdout2,syn-scale-free-50000-m4-v1,05b0186a56673b5665dd773738a943bf6d8ee364088949df2ed3c69d5d222ac8,rotating-hot,80,100,increase-only,large,181,0,1,FREQ-LRU-REPAIR,0b167e155a27cc863ddc8a0ffdbcd5ce609a0f4834f42923af7c8371cf67da15,120,1,1,0,50331648,106690922,106689299,1623,160,3089272,160,3089272,1623,1623,8800784,8800784,38,82,4,0,4,0,0,0,4,0,0,0,0,50504,0.240554
holdout2,syn-scale-free-50000-m4-v1,05b0186a56673b5665dd773738a943bf6d8ee364088949df2ed3c69d5d222ac8,rotating-hot,80,100,increase-only,large,181,0,2,ADES,0b167e155a27cc863ddc8a0ffdbcd5ce609a0f4834f42923af7c8371cf67da15,120,1,1,0,50331648,143421821,143420208,1613,227926,3190952,227926,3190952,1613,1613,8800784,8800784,84,36,4,0,4,0,0,0,4,0,0,0,0,50516,0.277821
holdout2,syn-scale-free-50000-m4-v1,05b0186a56673b5665dd773738a943bf6d8ee364088949df2ed3c69d5d222ac8,rotating-hot,80,100,increase-only,large,181,0,3,ADES-V2,0b167e155a27cc863ddc8a0ffdbcd5ce609a0f4834f42923af7c8371cf67da15,120,1,1,0,50331648,127255335,127254002,1333,198461,3618340,198461,3618340,1333,1333,6602332,6602332,79,41,3,0,3,0,0,0,2,0,0,0,0,47192,0.260237
holdout2,syn-scale-free-50000-m4-v1,05b0186a56673b5665dd773738a943bf6d8ee364088949df2ed3c69d5d222ac8,rotating-hot,80,100,increase-only,large,181,0,4,ADES-V3,0b167e155a27cc863ddc8a0ffdbcd5ce609a0f4834f42923af7c8371cf67da15,120,1,1,0,50331648,104971281,104969147,2134,181,2921698,180,2921698,2134,2134,8802432,8802432,46,74,4,0,4,0,0,0,4,0,0,0,0,49352,0.237563
holdout2,syn-scale-free-50000-m4-v1,05b0186a56673b5665dd773738a943bf6d8ee364088949df2ed3c69d5d222ac8,rotating-hot,80,100,increase-only,large,181,0,5,COLD,0b167e155a27cc863ddc8a0ffdbcd5ce609a0f4834f42923af7c8371cf67da15,120,1,1,0,50331648,115152832,115152291,541,404235,3621386,404235,3621386,541,541,0,0,120,0,0,0,0,0,0,0,0,0,0,0,0,42696,0.247831
holdout2,syn-small-world-50000-k8-r10-v1,08abafb16a2f58def0f2310fdedc18d5cdc4870e51b2f3f4cda02b2c8a04de55,hot-pool,70,10,balanced-random,small,101,0,0,B3L,522b0671a66af4509741d3fbe8508d8b8b488a281051be44996d8dcc7bad22fc,120,11,4,7,25165824,657150080,657132348,17732,300,17035927,260,17035927,771,7173,24200176,24200176,40,80,0,29,0,0,0,0,0,0,0,0,0,66232,0.785166
holdout2,syn-small-world-50000-k8-r10-v1,08abafb16a2f58def0f2310fdedc18d5cdc4870e51b2f3f4cda02b2c8a04de55,hot-pool,70,10,balanced-random,small,101,0,1,FREQ-LRU-REPAIR,522b0671a66af4509741d3fbe8508d8b8b488a281051be44996d8dcc7bad22fc,120,11,4,7,25165824,79571503,79562648,8855,211,380681,170,380681,781,1102,8801008,8801008,52,68,4,0,4,0,0,0,36,0,0,0,0,47992,0.206134
holdout2,syn-small-world-50000-k8-r10-v1,08abafb16a2f58def0f2310fdedc18d5cdc4870e51b2f3f4cda02b2c8a04de55,hot-pool,70,10,balanced-random,small,101,0,2,ADES,522b0671a66af4509741d3fbe8508d8b8b488a281051be44996d8dcc7bad22fc,120,11,4,7,25165824,20875829,20873331,2498,149790,351768,153297,351768,201,421,640,640,120,0,0,0,0,0,0,0,0,0,0,0,0,38808,0.145330
holdout2,syn-small-world-50000-k8-r10-v1,08abafb16a2f58def0f2310fdedc18d5cdc4870e51b2f3f4cda02b2c8a04de55,hot-pool,70,10,balanced-random,small,101,0,3,ADES-V2,522b0671a66af4509741d3fbe8508d8b8b488a281051be44996d8dcc7bad22fc,120,11,4,7,25165824,20786966,20784552,2414,146073,348231,153096,348231,200,351,2032,2032,120,0,0,0,0,0,0,0,0,0,0,0,0,40036,0.145318
holdout2,syn-small-world-50000-k8-r10-v1,08abafb16a2f58def0f2310fdedc18d5cdc4870e51b2f3f4cda02b2c8a04de55,hot-pool,70,10,balanced-random,small,101,0,4,ADES-V3,522b0671a66af4509741d3fbe8508d8b8b488a281051be44996d8dcc7bad22fc,120,11,4,7,25165824,20624271,20621878,2393,144380,346567,150461,346567,200,350,1856,1856,120,0,0,0,0,0,0,0,0,0,0,0,0,38604,0.142806
holdout2,syn-small-world-50000-k8-r10-v1,08abafb16a2f58def0f2310fdedc18d5cdc4870e51b2f3f4cda02b2c8a04de55,hot-pool,70,10,balanced-random,small,101,0,5,COLD,522b0671a66af4509741d3fbe8508d8b8b488a281051be44996d8dcc7bad22fc,120,11,4,7,25165824,20632832,20630215,2617,145592,337661,152465,337661,220,371,0,0,120,0,0,0,0,0,0,0,0,0,0,0,0,38632,0.144428
holdout2,syn-small-world-50000-k8-r10-v1,08abafb16a2f58def0f2310fdedc18d5cdc4870e51b2f3f4cda02b2c8a04de55,hot-pool,70,10,balanced-random,small,101,0,0,FREQ-LRU-REPAIR,522b0671a66af4509741d3fbe8508d8b8b488a281051be44996d8dcc7bad22fc,120,11,4,7,50331648,79156653,79148135,8518,221,356065,160,356065,781,1013,8801008,8801008,52,68,4,0,4,0,0,0,36,0,0,0,0,49092,0.203899
holdout2,syn-small-world-50000-k8-r10-v1,08abafb16a2f58def0f2310fdedc18d5cdc4870e51b2f3f4cda02b2c8a04de55,hot-pool,70,10,balanced-random,small,101,0,1,ADES,522b0671a66af4509741d3fbe8508d8b8b488a281051be44996d8dcc7bad22fc,120,11,4,7,50331648,20796332,20793869,2463,143899,339624,152425,339624,200,351,640,640,120,0,0,0,0,0,0,0,0,0,0,0,0,38848,0.144291
holdout2,syn-small-world-50000-k8-r10-v1,08abafb16a2f58def0f2310fdedc18d5cdc4870e51b2f3f4cda02b2c8a04de55,hot-pool,70,10,balanced-random,small,101,0,2,ADES-V2,522b0671a66af4509741d3fbe8508d8b8b488a281051be44996d8dcc7bad22fc,120,11,4,7,50331648,20873044,20870149,2895,144490,342400,153266,342400,201,601,2032,2032,120,0,0,0,0,0,0,0,0,0,0,0,0,40040,0.145063
holdout2,syn-small-world-50000-k8-r10-v1,08abafb16a2f58def0f2310fdedc18d5cdc4870e51b2f3f4cda02b2c8a04de55,hot-pool,70,10,balanced-random,small,101,0,3,ADES-V3,522b0671a66af4509741d3fbe8508d8b8b488a281051be44996d8dcc7bad22fc,120,11,4,7,50331648,20959840,20957096,2744,146303,351958,153076,351958,210,411,1856,1856,120,0,0,0,0,0,0,0,0,0,0,0,0,39848,0.145204
holdout2,syn-small-world-50000-k8-r10-v1,08abafb16a2f58def0f2310fdedc18d5cdc4870e51b2f3f4cda02b2c8a04de55,hot-pool,70,10,balanced-random,small,101,0,4,COLD,522b0671a66af4509741d3fbe8508d8b8b488a281051be44996d8dcc7bad22fc,120,11,4,7,50331648,21204689,21202265,2424,145482,349153,154289,349153,191,461,0,0,120,0,0,0,0,0,0,0,0,0,0,0,0,40364,0.145581
holdout2,syn-small-world-50000-k8-r10-v1,08abafb16a2f58def0f2310fdedc18d5cdc4870e51b2f3f4cda02b2c8a04de55,hot-pool,70,10,balanced-random,small,101,0,5,B3L,522b0671a66af4509741d3fbe8508d8b8b488a281051be44996d8dcc7bad22fc,120,11,4,7,50331648,669070964,669038473,32491,331,17132247,290,17132247,1413,11321,48400352,48400352,40,80,0,18,0,0,0,0,0,0,0,0,0,89216,0.800701
holdout2,syn-small-world-50000-k8-r10-v1,08abafb16a2f58def0f2310fdedc18d5cdc4870e51b2f3f4cda02b2c8a04de55,hot-pool,70,10,balanced-random,small,137,0,0,FREQ-LRU-REPAIR,aa7136bd994fa22531577d75d8a13144fdb13afce28d3a998fc6b37b7a6e72ea,120,11,7,4,25165824,79235489,79212417,23072,221,404145,200,404145,1092,9497,8800976,8800976,50,70,4,0,4,0,0,0,32,2,4,0,0,48024,0.206083
holdout2,syn-small-world-50000-k8-r10-v1,08abafb16a2f58def0f2310fdedc18d5cdc4870e51b2f3f4cda02b2c8a04de55,hot-pool,70,10,balanced-random,small,137,0,1,ADES,aa7136bd994fa22531577d75d8a13144fdb13afce28d3a998fc6b37b7a6e72ea,120,11,7,4,25165824,20217311,20214955,2356,141955,343661,156793,343661,191,351,608,608,120,0,0,0,0,0,0,0,0,0,0,0,0,40516,0.147534
holdout2,syn-small-world-50000-k8-r10-v1,08abafb16a2f58def0f2310fdedc18d5cdc4870e51b2f3f4cda02b2c8a04de55,hot-pool,70,10,balanced-random,small,137,0,2,ADES-V2,aa7136bd994fa22531577d75d8a13144fdb13afce28d3a998fc6b37b7a6e72ea,120,11,7,4,25165824,20262837,20260552,2285,135302,358880,158436,358880,200,330,2032,2032,120,0,0,0,0,0,0,0,0,0,0,0,0,40048,0.144189
holdout2,syn-small-world-50000-k8-r10-v1,08abafb16a2f58def0f2310fdedc18d5cdc4870e51b2f3f4cda02b2c8a04de55,hot-pool,70,10,balanced-random,small,137,0,3,ADES-V3,aa7136bd994fa22531577d75d8a13144fdb13afce28d3a998fc6b37b7a6e72ea,120,11,7,4,25165824,20212612,20210231,2381,136545,343842,153978,343842,200,370,1856,1856,120,0,0,0,0,0,0,0,0,0,0,0,0,39736,0.144458
holdout2,syn-small-world-50000-k8-r10-v1,08abafb16a2f58def0f2310fdedc18d5cdc4870e51b2f3f4cda02b2c8a04de55,hot-pool,70,10,balanced-random,small,137,0,4,COLD,aa7136bd994fa22531577d75d8a13144fdb13afce28d3a998fc6b37b7a6e72ea,120,11,7,4,25165824,19973502,19971049,2453,139421,340405,153457,340405,200,441,0,0,120,0,0,0,0,0,0,0,0,0,0,0,0,39792,0.143531
holdout2,syn-small-world-50000-k8-r10-v1,08abafb16a2f58def0f2310fdedc18d5cdc4870e51b2f3f4cda02b2c8a04de55,hot-pool,70,10,balanced-random,small,137,0,5,B3L,aa7136bd994fa22531577d75d8a13144fdb13afce28d3a998fc6b37b7a6e72ea,120,11,7,4,25165824,676452160,676408057,44103,261,17072967,250,17072967,742,27091,24200176,24200176,41,79,0,30,0,0,0,0,0,0,0,0,0,65152,0.807161
holdout2,syn-small-world-50000-k8-r10-v1,08abafb16a2f58def0f2310fdedc18d5cdc4870e51b2f3f4cda02b2c8a04de55,hot-pool,70,10,balanced-random,small,137,0,0,ADES,aa7136bd994fa22531577d75d8a13144fdb13afce28d3a998fc6b37b7a6e72ea,120,11,7,4,50331648,20180857,20178584,2273,142596,345856,158536,345856,200,321,608,608,120,0,0,0,0,0,0,0,0,0,0,0,0,40024,0.143678
holdout2,syn-small-world-50000-k8-r10-v1,08abafb16a2f58def0f2310fdedc18d5cdc4870e51b2f3f4cda02b2c8a04de55,hot-pool,70,10,balanced-random,small,137,0,1,ADES-V2,aa7136bd994fa22531577d75d8a13144fdb13afce28d3a998fc6b37b7a6e72ea,120,11,7,4,50331648,20153920,20151656,2264,139812,360012,150921,360012,191,331,2032,2032,120,0,0,0,0,0,0,0,0,0,0,0,0,40052,0.144489
holdout2,syn-small-world-50000-k8-r10-v1,08abafb16a2f58def0f2310fdedc18d5cdc4870e51b2f3f4cda02b2c8a04de55,hot-pool,70,10,balanced-random,small,137,0,2,ADES-V3,aa7136bd994fa22531577d75d8a13144fdb13afce28d3a998fc6b37b7a6e72ea,120,11,7,4,50331648,20627233,20624828,2405,142927,354361,156943,354361,201,351,1856,1856,120,0,0,0,0,0,0,0,0,0,0,0,0,39812,0.144869
holdout2,syn-small-world-50000-k8-r10-v1,08abafb16a2f58def0f2310fdedc18d5cdc4870e51b2f3f4cda02b2c8a04de55,hot-pool,70,10,balanced-random,small,137,0,3,COLD,aa7136bd994fa22531577d75d8a13144fdb13afce28d3a998fc6b37b7a6e72ea,120,11,7,4,50331648,20328407,20326039,2368,142346,362497,157454,362497,201,381,0,0,120,0,0,0,0,0,0,0,0,0,0,0,0,39888,0.144121
holdout2,syn-small-world-50000-k8-r10-v1,08abafb16a2f58def0f2310fdedc18d5cdc4870e51b2f3f4cda02b2c8a04de55,hot-pool,70,10,balanced-random,small,137,0,4,B3L,aa7136bd994fa22531577d75d8a13144fdb13afce28d3a998fc6b37b7a6e72ea,120,11,7,4,50331648,641436773,641377162,59611,310,17184094,280,17184094,1302,26850,48400352,48400352,38,82,0,16,0,0,0,0,0,0,0,0,0,88660,0.769625
holdout2,syn-small-world-50000-k8-r10-v1,08abafb16a2f58def0f2310fdedc18d5cdc4870e51b2f3f4cda02b2c8a04de55,hot-pool,70,10,balanced-random,small,137,0,5,FREQ-LRU-REPAIR,aa7136bd994fa22531577d75d8a13144fdb13afce28d3a998fc6b37b7a6e72ea,120,11,7,4,50331648,79073937,79051366,22571,221,388546,200,388546,1062,10159,8800976,8800976,50,70,4,0,4,0,0,0,32,2,4,0,0,49200,0.206283
holdout2,syn-small-world-50000-k8-r10-v1,08abafb16a2f58def0f2310fdedc18d5cdc4870e51b2f3f4cda02b2c8a04de55,hot-pool,70,10,balanced-random,small,181,0,0,ADES,f6302acc723ad06699a15c25cc3053defbc6cc79381e115bfc001be3298fa7b5,120,11,6,5,25165824,20689954,20687511,2443,143759,323173,151794,323173,210,380,432,432,120,0,0,0,0,0,0,0,0,0,0,0,0,38760,0.146059
holdout2,syn-small-world-50000-k8-r10-v1,08abafb16a2f58def0f2310fdedc18d5cdc4870e51b2f3f4cda02b2c8a04de55,hot-pool,70,10,balanced-random,small,181,0,1,ADES-V2,f6302acc723ad06699a15c25cc3053defbc6cc79381e115bfc001be3298fa7b5,120,11,6,5,25165824,20316934,20314241,2693,141966,319837,146514,319837,200,731,2032,2032,120,0,0,0,0,0,0,0,0,0,0,0,0,39308,0.144634
holdout2,syn-small-world-50000-k8-r10-v1,08abafb16a2f58def0f2310fdedc18d5cdc4870e51b2f3f4cda02b2c8a04de55,hot-pool,70,10,balanced-random,small,181,0,2,ADES-V3,f6302acc723ad06699a15c25cc3053defbc6cc79381e115bfc001be3298fa7b5,120,11,6,5,25165824,21194175,21191172,3003,146454,338021,155039,338021,230,621,1856,1856,120,0,0,0,0,0,0,0,0,0,0,0,0,39976,0.147435
holdout2,syn-small-world-50000-k8-r10-v1,08abafb16a2f58def0f2310fdedc18d5cdc4870e51b2f3f4cda02b2c8a04de55,hot-pool,70,10,balanced-random,small,181,0,3,COLD,f6302acc723ad06699a15c25cc3053defbc6cc79381e115bfc001be3298fa7b5,120,11,6,5,25165824,20688540,20685873,2667,145341,320688,150441,320688,201,381,0,0,120,0,0,0,0,0,0,0,0,0,0,0,0,38612,0.144566
holdout2,syn-small-world-50000-k8-r10-v1,08abafb16a2f58def0f2310fdedc18d5cdc4870e51b2f3f4cda02b2c8a04de55,hot-pool,70,10,balanced-random,small,181,0,4,B3L,f6302acc723ad06699a15c25cc3053defbc6cc79381e115bfc001be3298fa7b5,120,11,6,5,25165824,448229900,448221371,8529,241,16968528,210,16968528,671,1203,24200176,24200176,27,93,0,16,0,0,0,0,0,0,0,0,0,66264,0.575901
holdout2,syn-small-world-50000-k8-r10-v1,08abafb16a2f58def0f2310fdedc18d5cdc4870e51b2f3f4cda02b2c8a04de55,hot-pool,70,10,balanced-random,small,181,0,5,FREQ-LRU-REPAIR,f6302acc723ad06699a15c25cc3053defbc6cc79381e115bfc001be3298fa7b5,120,11,6,5,25165824,77324320,77313769,10551,150,402401,140,402401,1022,1162,8800800,8800800,39,81,4,0,4,0,0,0,39,1,0,0,0,48032,0.202256
holdout2,syn-small-world-50000-k8-r10-v1,08abafb16a2f58def0f2310fdedc18d5cdc4870e51b2f3f4cda02b2c8a04de55,hot-pool,70,10,balanced-random,small,181,0,0,ADES-V2,f6302acc723ad06699a15c25cc3053defbc6cc79381e115bfc001be3298fa7b5,120,11,6,5,50331648,20400052,20397614,2438,143959,320109,150210,320109,201,381,2032,2032,120,0,0,0,0,0,0,0,0,0,0,0,0,39332,0.145053
holdout2,syn-small-world-50000-k8-r10-v1,08abafb16a2f58def0f2310fdedc18d5cdc4870e51b2f3f4cda02b2c8a04de55,hot-pool,70,10,balanced-random,small,181,0,1,ADES-V3,f6302acc723ad06699a15c25cc3053defbc6cc79381e115bfc001be3298fa7b5,120,11,6,5,50331648,20197641,20195133,2508,139140,323204,146603,323204,201,391,1856,1856,120,0,0,0,0,0,0,0,0,0,0,0,0,39804,0.145124
holdout2,syn-small-world-50000-k8-r10-v1,08abafb16a2f58def0f2310fdedc18d5cdc4870e51b2f3f4cda02b2c8a04de55,hot-pool,70,10,balanced-random,small,181,0,2,COLD,f6302acc723ad06699a15c25cc3053defbc6cc79381e115bfc001be3298fa7b5,120,11,6,5,50331648,20302381,20299915,2466,141264,321190,147095,321190,200,390,0,0,120,0,0,0,0,0,0,0,0,0,0,0,0,38700,0.143896
holdout2,syn-small-world-50000-k8-r10-v1,08abafb16a2f58def0f2310fdedc18d5cdc4870e51b2f3f4cda02b2c8a04de55,hot-pool,70,10,balanced-random,small,181,0,3,B3L,f6302acc723ad06699a15c25cc3053defbc6cc79381e115bfc001be3298fa7b5,120,11,6,5,50331648,470281006,470266888,14118,310,17513837,271,17513837,962,4448,48400352,48400352,27,93,0,5,0,0,0,0,0,0,0,0,0,88660,0.601226
holdout2,syn-small-world-50000-k8-r10-v1,08abafb16a2f58def0f2310fdedc18d5cdc4870e51b2f3f4cda02b2c8a04de55,hot-pool,70,10,balanced-random,small,181,0,4,FREQ-LRU-REPAIR,f6302acc723ad06699a15c25cc3053defbc6cc79381e115bfc001be3298fa7b5,120,11,6,5,50331648,77847162,77836582,10580,151,410867,141,410867,1012,1172,8800800,8800800,39,81,4,0,4,0,0,0,39,1,0,0,0,49576,0.204356
holdout2,syn-small-world-50000-k8-r10-v1,08abafb16a2f58def0f2310fdedc18d5cdc4870e51b2f3f4cda02b2c8a04de55,hot-pool,70,10,balanced-random,small,181,0,5,ADES,f6302acc723ad06699a15c25cc3053defbc6cc79381e115bfc001be3298fa7b5,120,11,6,5,50331648,20576161,20573849,2312,146403,315309,150330,315309,190,361,432,432,120,0,0,0,0,0,0,0,0,0,0,0,0,38844,0.144057
holdout2,syn-small-world-50000-k8-r10-v1,08abafb16a2f58def0f2310fdedc18d5cdc4870e51b2f3f4cda02b2c8a04de55,hot-pool,70,100,balanced-random,small,101,0,0,ADES-V2,48fb1ea0270eeba44a9441b983fc8862b5057aca6ea2c32a476a3d308b4f4b8c,120,1,1,0,25165824,21588996,21588665,331,157725,361506,157725,361506,331,331,2032,2032,120,0,0,0,0,0,0,0,0,0,0,0,0,40004,0.147318
holdout2,syn-small-world-50000-k8-r10-v1,08abafb16a2f58def0f2310fdedc18d5cdc4870e51b2f3f4cda02b2c8a04de55,hot-pool,70,100,balanced-random,small,101,0,1,ADES-V3,48fb1ea0270eeba44a9441b983fc8862b5057aca6ea2c32a476a3d308b4f4b8c,120,1,1,0,25165824,20914546,20914145,401,152084,339183,152084,339183,401,401,1856,1856,120,0,0,0,0,0,0,0,0,0,0,0,0,39896,0.145664
holdout2,syn-small-world-50000-k8-r10-v1,08abafb16a2f58def0f2310fdedc18d5cdc4870e51b2f3f4cda02b2c8a04de55,hot-pool,70,100,balanced-random,small,101,0,2,COLD,48fb1ea0270eeba44a9441b983fc8862b5057aca6ea2c32a476a3d308b4f4b8c,120,1,1,0,25165824,21071318,21070797,521,148818,349753,148818,349753,521,521,0,0,120,0,0,0,0,0,0,0,0,0,0,0,0,39860,0.145806
holdout2,syn-small-world-50000-k8-r10-v1,08abafb16a2f58def0f2310fdedc18d5cdc4870e51b2f3f4cda02b2c8a04de55,hot-pool,70,100,balanced-random,small,101,0,3,B3L,48fb1ea0270eeba44a9441b983fc8862b5057aca6ea2c32a476a3d308b4f4b8c,120,1,1,0,25165824,662936052,662935461,591,250,17133996,241,17133996,591,591,24200176,24200176,40,80,0,29,0,0,0,0,0,0,0,0,0,65068,0.791685
holdout2,syn-small-world-50000-k8-r10-v1,08abafb16a2f58def0f2310fdedc18d5cdc4870e51b2f3f4cda02b2c8a04de55,hot-pool,70,100,balanced-random,small,101,0,4,FREQ-LRU-REPAIR,48fb1ea0270eeba44a9441b983fc8862b5057aca6ea2c32a476a3d308b4f4b8c,120,1,1,0,25165824,79582534,79580991,1543,170,353170,170,353170,1543,1543,8800992,8800992,51,69,4,0,4,0,0,0,4,0,0,0,0,49608,0.206108
holdout2,syn-small-world-50000-k8-r10-v1,08abafb16a2f58def0f2310fdedc18d5cdc4870e51b2f3f4cda02b2c8a04de55,hot-pool,70,100,balanced-random,small,101,0,5,ADES,48fb1ea0270eeba44a9441b983fc8862b5057aca6ea2c32a476a3d308b4f4b8c,120,1,1,0,25165824,25346766,25346456,310,180167,426797,180167,426797,310,310,624,624,120,0,0,0,0,0,0,0,0,0,0,0,0,38720,0.150252
holdout2,syn-small-world-50000-k8-r10-v1,08abafb16a2f58def0f2310fdedc18d5cdc4870e51b2f3f4cda02b2c8a04de55,hot-pool,70,100,balanced-random,small,101,0,0,ADES-V3,48fb1ea0270eeba44a9441b983fc8862b5057aca6ea2c32a476a3d308b4f4b8c,120,1,1,0,50331648,20897378,20897007,371,152425,344554,152425,344554,371,371,1856,1856,120,0,0,0,0,0,0,0,0,0,0,0,0,38592,0.146159
holdout2,syn-small-world-50000-k8-r10-v1,08abafb16a2f58def0f2310fdedc18d5cdc4870e51b2f3f4cda02b2c8a04de55,hot-pool,70,100,balanced-random,small,101,0,1,COLD,48fb1ea0270eeba44a9441b983fc8862b5057aca6ea2c32a476a3d308b4f4b8c,120,1,1,0,50331648,20746908,20746528,380,152224,348631,152224,348631,380,380,0,0,120,0,0,0,0,0,0,0,0,0,0,0,0,39796,0.144663
holdout2,syn-small-world-50000-k8-r10-v1,08abafb16a2f58def0f2310fdedc18d5cdc4870e51b2f3f4cda02b2c8a04de55,hot-pool,70,100,balanced-random,small,101,0,2,B3L,48fb1ea0270eeba44a9441b983fc8862b5057aca6ea2c32a476a3d308b4f4b8c,120,1,1,0,50331648,660520802,660519249,1553,290,17331345,281,17331345,1553,1553,48400352,48400352,39,81,0,17,0,0,0,0,0,0,0,0,0,89852,0.789871
holdout2,syn-small-world-50000-k8-r10-v1,08abafb16a2f58def0f2310fdedc18d5cdc4870e51b2f3f4cda02b2c8a04de55,hot-pool,70,100,balanced-random,small,101,0,3,FREQ-LRU-REPAIR,48fb1ea0270eeba44a9441b983fc8862b5057aca6ea2c32a476a3d308b4f4b8c,120,1,1,0,50331648,79756485,79755003,1482,190,348451,190,348451,1482,1482,8800992,8800992,51,69,4,0,4,0,0,0,4,0,0,0,0,49208,0.206093
holdout2,syn-small-world-50000-k8-r10-v1,08abafb16a2f58def0f2310fdedc18d5cdc4870e51b2f3f4cda02b2c8a04de55,hot-pool,70,100,balanced-random,small,101,0,4,ADES,48fb1ea0270eeba44a9441b983fc8862b5057aca6ea2c32a476a3d308b4f4b8c,120,1,1,0,50331648,20943476,20943136,340,150892,342319,150892,342319,340,340,624,624,120,0,0,0,0,0,0,0,0,0,0,0,0,40556,0.145124
holdout2,syn-small-world-50000-k8-r10-v1,08abafb16a2f58def0f2310fdedc18d5cdc4870e51b2f3f4cda02b2c8a04de55,hot-pool,70,100,balanced-random,small,101,0,5,ADES-V2,48fb1ea0270eeba44a9441b983fc8862b5057aca6ea2c32a476a3d308b4f4b8c,120,1,1,0,50331648,20979963,20979633,330,151443,346006,151443,346006,330,330,2032,2032,120,0,0,0,0,0,0,0,0,0,0,0,0,40016,0.145843
holdout2,syn-small-world-50000-k8-r10-v1,08abafb16a2f58def0f2310fdedc18d5cdc4870e51b2f3f4cda02b2c8a04de55,hot-pool,70,100,balanced-random,small,137,0,0,ADES-V3,a79c6b2ad4305d0b59e59e4ac008b9149d464c0bb183256f7a49ef3df0956d13,120,1,1,0,25165824,20941584,20941163,421,157555,344954,157555,344954,421,421,1856,1856,120,0,0,0,0,0,0,0,0,0,0,0,0,39872,0.145627
holdout2,syn-small-world-50000-k8-r10-v1,08abafb16a2f58def0f2310fdedc18d5cdc4870e51b2f3f4cda02b2c8a04de55,hot-pool,70,100,balanced-random,small,137,0,1,COLD,a79c6b2ad4305d0b59e59e4ac008b9149d464c0bb183256f7a49ef3df0956d13,120,1,1,0,25165824,21004647,21004166,481,164638,346968,164638,346968,481,481,0,0,120,0,0,0,0,0,0,0,0,0,0,0,0,39864,0.145753
holdout2,syn-small-world-50000-k8-r10-v1,08abafb16a2f58def0f2310fdedc18d5cdc4870e51b2f3f4cda02b2c8a04de55,hot-pool,70,100,balanced-random,small,137,0,2,B3L,a79c6b2ad4305d0b59e59e4ac008b9149d464c0bb183256f7a49ef3df0956d13,120,1,1,0,25165824,696137976,696137164,812,240,17119840,231,17119840,812,812,24200176,24200176,42,78,0,31,0,0,0,0,0,0,0,0,0,66188,0.823392
holdout2,syn-small-world-50000-k8-r10-v1,08abafb16a2f58def0f2310fdedc18d5cdc4870e51b2f3f4cda02b2c8a04de55,hot-pool,70,100,balanced-random,small,137,0,3,FREQ-LRU-REPAIR,a79c6b2ad4305d0b59e59e4ac008b9149d464c0bb183256f7a49ef3df0956d13,120,1,1,0,25165824,80115947,80114374,1573,211,345345,210,345345,1573,1573,8801008,8801008,52,68,4,0,4,0,0,0,4,0,0,0,0,47976,0.205039
holdout2,syn-small-world-50000-k8-r10-v1,08abafb16a2f58def0f2310fdedc18d5cdc4870e51b2f3f4cda02b2c8a04de55,hot-pool,70,100,balanced-random,small,137,0,4,ADES,a79c6b2ad4305d0b59e59e4ac008b9149d464c0bb183256f7a49ef3df0956d13,120,1,1,0,25165824,21053992,21053612,380,164628,359371,164628,359371,380,380,640,640,120,0,0,0,0,0,0,0,0,0,0,0,0,40056,0.144912
holdout2,syn-small-world-50000-k8-r10-v1,08abafb16a2f58def0f2310fdedc18d5cdc4870e51b2f3f4cda02b2c8a04de55,hot-pool,70,100,balanced-random,small,137,0,5,ADES-V2,a79c6b2ad4305d0b59e59e4ac008b9149d464c0bb183256f7a49ef3df0956d13,120,1,1,0,25165824,21606687,21606357,330,168304,363410,168304,363410,330,330,2032,2032,120,0,0,0,0,0,0,0,0,0,0,0,0,38800,0.145932
holdout2,syn-small-world-50000-k8-r10-v1,08abafb16a2f58def0f2310fdedc18d5cdc4870e51b2f3f4cda02b2c8a04de55,hot-pool,70,100,balanced-random,small,137,0,0,COLD,a79c6b2ad4305d0b59e59e4ac008b9149d464c0bb183256f7a49ef3df0956d13,120,1,1,0,50331648,23061372,23060831,541,176770,383516,176770,383516,541,541,0,0,120,0,0,0,0,0,0,0,0,0,0,0,0,39852,0.149924
holdout2,syn-small-world-50000-k8-r10-v1,08abafb16a2f58def0f2310fdedc18d5cdc4870e51b2f3f4cda02b2c8a04de55,hot-pool,70,100,balanced-random,small,137,0,1,B3L,a79c6b2ad4305d0b59e59e4ac008b9149d464c0bb183256f7a49ef3df0956d13,120,1,1,0,50331648,679330310,679328647,1663,301,17400865,301,17400865,1663,1663,48400352,48400352,40,80,0,18,0,0,0,0,0,0,0,0,0,88720,0.809981
holdout2,syn-small-world-50000-k8-r10-v1,08abafb16a2f58def0f2310fdedc18d5cdc4870e51b2f3f4cda02b2c8a04de55,hot-pool,70,100,balanced-random,small,137,0,2,FREQ-LRU-REPAIR,a79c6b2ad4305d0b59e59e4ac008b9149d464c0bb183256f7a49ef3df0956d13,120,1,1,0,50331648,82208859,82207095,1764,200,351957,190,351957,1764,1764,8801008,8801008,52,68,4,0,4,0,0,0,4,0,0,0,0,48384,0.208547
holdout2,syn-small-world-50000-k8-r10-v1,08abafb16a2f58def0f2310fdedc18d5cdc4870e51b2f3f4cda02b2c8a04de55,hot-pool,70,100,balanced-random,small,137,0,3,ADES,a79c6b2ad4305d0b59e59e4ac008b9149d464c0bb183256f7a49ef3df0956d13,120,1,1,0,50331648,23338903,23338181,722,178954,393545,178954,393545,722,722,640,640,120,0,0,0,0,0,0,0,0,0,0,0,0,38812,0.147346
holdout2,syn-small-world-50000-k8-r10-v1,08abafb16a2f58def0f2310fdedc18d5cdc4870e51b2f3f4cda02b2c8a04de55,hot-pool,70,100,balanced-random,small,137,0,4,ADES-V2,a79c6b2ad4305d0b59e59e4ac008b9149d464c0bb183256f7a49ef3df0956d13,120,1,1,0,50331648,21341775,21341425,350,158787,352939,158787,352939,350,350,2032,2032,120,0,0,0,0,0,0,0,0,0,0,0,0,38900,0.145912
holdout2,syn-small-world-50000-k8-r10-v1,08abafb16a2f58def0f2310fdedc18d5cdc4870e51b2f3f4cda02b2c8a04de55,hot-pool,70,100,balanced-random,small,137,0,5,ADES-V3,a79c6b2ad4305d0b59e59e4ac008b9149d464c0bb183256f7a49ef3df0956d13,120,1,1,0,50331648,21123128,21122717,411,158896,345846,158896,345846,411,411,1856,1856,120,0,0,0,0,0,0,0,0,0,0,0,0,39796,0.146294
holdout2,syn-small-world-50000-k8-r10-v1,08abafb16a2f58def0f2310fdedc18d5cdc4870e51b2f3f4cda02b2c8a04de55,hot-pool,70,100,balanced-random,small,181,0,0,COLD,27bfe1c0b3c6aa5c784f63f673a3cf091a8e3be15a224cfb476b552416455f37,120,1,0,1,25165824,20472648,20472267,381,146143,320989,146143,320989,381,381,0,0,120,0,0,0,0,0,0,0,0,0,0,0,0,39876,0.144855
holdout2,syn-small-world-50000-k8-r10-v1,08abafb16a2f58def0f2310fdedc18d5cdc4870e51b2f3f4cda02b2c8a04de55,hot-pool,70,100,balanced-random,small,181,0,1,B3L,27bfe1c0b3c6aa5c784f63f673a3cf091a8e3be15a224cfb476b552416455f37,120,1,0,1,25165824,468964373,468963581,792,210,17162209,210,17162209,792,792,24200176,24200176,28,92,0,17,0,0,0,0,0,0,0,0,0,66156,0.598014
holdout2,syn-small-world-50000-k8-r10-v1,08abafb16a2f58def0f2310fdedc18d5cdc4870e51b2f3f4cda02b2c8a04de55,hot-pool,70,100,balanced-random,small,181,0,2,FREQ-LRU-REPAIR,27bfe1c0b3c6aa5c784f63f673a3cf091a8e3be15a224cfb476b552416455f37,120,1,0,1,25165824,77765038,77764087,951,140,391211,140,391211,951,951,8800816,8800816,40,80,4,0,4,0,0,0,4,0,0,0,0,48400,0.203111
holdout2,syn-small-world-50000-k8-r10-v1,08abafb16a2f58def0f2310fdedc18d5cdc4870e51b2f3f4cda02b2c8a04de55,hot-pool,70,100,balanced-random,small,181,0,3,ADES,27bfe1c0b3c6aa5c784f63f673a3cf091a8e3be15a224cfb476b552416455f37,120,1,0,1,25165824,20421165,20420784,381,144700,321661,144700,321661,381,381,448,448,120,0,0,0,0,0,0,0,0,0,0,0,0,40024,0.144454
holdout2,syn-small-world-50000-k8-r10-v1,08abafb16a2f58def0f2310fdedc18d5cdc4870e51b2f3f4cda02b2c8a04de55,hot-pool,70,100,balanced-random,small,181,0,4,ADES-V2,27bfe1c0b3c6aa5c784f63f673a3cf091a8e3be15a224cfb476b552416455f37,120,1,0,1,25165824,20569779,20569438,341,146594,325749,146594,325749,341,341,2032,2032,120,0,0,0,0,0,0,0,0,0,0,0,0,38836,0.143619
holdout2,syn-small-world-50000-k8-r10-v1,08abafb16a2f58def0f2310fdedc18d5cdc4870e51b2f3f4cda02b2c8a04de55,hot-pool,70,100,balanced-random,small,181,0,5,ADES-V3,27bfe1c0b3c6aa5c784f63f673a3cf091a8e3be15a224cfb476b552416455f37,120,1,0,1,25165824,20555629,20555269,360,147195,324837,147195,324837,360,360,1856,1856,120,0,0,0,0,0,0,0,0,0,0,0,0,38632,0.144388
holdout2,syn-small-world-50000-k8-r10-v1,08abafb16a2f58def0f2310fdedc18d5cdc4870e51b2f3f4cda02b2c8a04de55,hot-pool,70,100,balanced-random,small,181,0,0,B3L,27bfe1c0b3c6aa5c784f63f673a3cf091a8e3be15a224cfb476b552416455f37,120,1,0,1,50331648,486896433,486895441,992,251,17522712,251,17522712,992,992,48400352,48400352,28,92,0,6,0,0,0,0,0,0,0,0,0,88736,0.615751
holdout2,syn-small-world-50000-k8-r10-v1,08abafb16a2f58def0f2310fdedc18d5cdc4870e51b2f3f4cda02b2c8a04de55,hot-pool,70,100,balanced-random,small,181,0,1,FREQ-LRU-REPAIR,27bfe1c0b3c6aa5c784f63f673a3cf091a8e3be15a224cfb476b552416455f37,120,1,0,1,50331648,77628450,77627438,1012,150,389518,141,389518,1012,1012,8800816,8800816,40,80,4,0,4,0,0,0,4,0,0,0,0,47960,0.202252
holdout2,syn-small-world-50000-k8-r10-v1,08abafb16a2f58def0f2310fdedc18d5cdc4870e51b2f3f4cda02b2c8a04de55,hot-pool,70,100,balanced-random,small,181,0,2,ADES,27bfe1c0b3c6aa5c784f63f673a3cf091a8e3be15a224cfb476b552416455f37,120,1,0,1,50331648,20651133,20650763,370,148768,327601,148768,327601,370,370,448,448,120,0,0,0,0,0,0,0,0,0,0,0,0,38756,0.143929
holdout2,syn-small-world-50000-k8-r10-v1,08abafb16a2f58def0f2310fdedc18d5cdc4870e51b2f3f4cda02b2c8a04de55,hot-pool,70,100,balanced-random,small,181,0,3,ADES-V2,27bfe1c0b3c6aa5c784f63f673a3cf091a8e3be15a224cfb476b552416455f37,120,1,0,1,50331648,20907569,20907209,360,147225,336388,147225,336388,360,360,2032,2032,120,0,0,0,0,0,0,0,0,0,0,0,0,40012,0.145110
holdout2,syn-small-world-50000-k8-r10-v1,08abafb16a2f58def0f2310fdedc18d5cdc4870e51b2f3f4cda02b2c8a04de55,hot-pool,70,100,balanced-random,small,181,0,4,ADES-V3,27bfe1c0b3c6aa5c784f63f673a3cf091a8e3be15a224cfb476b552416455f37,120,1,0,1,50331648,20281036,20280756,280,144309,319456,144309,319456,280,280,1856,1856,120,0,0,0,0,0,0,0,0,0,0,0,0,39872,0.143918
holdout2,syn-small-world-50000-k8-r10-v1,08abafb16a2f58def0f2310fdedc18d5cdc4870e51b2f3f4cda02b2c8a04de55,hot-pool,70,100,balanced-random,small,181,0,5,COLD,27bfe1c0b3c6aa5c784f63f673a3cf091a8e3be15a224cfb476b552416455f37,120,1,0,1,50331648,20429470,20429089,381,145262,333633,145262,333633,381,381,0,0,120,0,0,0,0,0,0,0,0,0,0,0,0,39792,0.143569
holdout2,syn-small-world-50000-k8-r10-v1,08abafb16a2f58def0f2310fdedc18d5cdc4870e51b2f3f4cda02b2c8a04de55,hot-pool,70,10,increase-only,large,101,0,0,B3L,25736c236f5451eac13917c840c5005881e2054a79c56e252ca06910e133dc3e,120,11,11,0,25165824,676736868,676721147,15721,281,17174422,270,17174422,621,7634,24200176,24200176,41,79,0,30,0,0,0,0,0,0,0,0,0,66184,0.804703
holdout2,syn-small-world-50000-k8-r10-v1,08abafb16a2f58def0f2310fdedc18d5cdc4870e51b2f3f4cda02b2c8a04de55,hot-pool,70,10,increase-only,large,101,0,1,FREQ-LRU-REPAIR,25736c236f5451eac13917c840c5005881e2054a79c56e252ca06910e133dc3e,120,11,11,0,25165824,79535197,79522913,12284,260,385050,210,385050,1002,3117,8801008,8801008,52,68,4,0,4,0,0,0,34,0,2,0,0,47896,0.205060
holdout2,syn-small-world-50000-k8-r10-v1,08abafb16a2f58def0f2310fdedc18d5cdc4870e51b2f3f4cda02b2c8a04de55,hot-pool,70,10,increase-only,large,101,0,2,ADES,25736c236f5451eac13917c840c5005881e2054a79c56e252ca06910e133dc3e,120,11,11,0,25165824,20484934,20482459,2475,140072,354412,144580,354412,200,351,640,640,120,0,0,0,0,0,0,0,0,0,0,0,0,40012,0.145902
holdout2,syn-small-world-50000-k8-r10-v1,08abafb16a2f58def0f2310fdedc18d5cdc4870e51b2f3f4cda02b2c8a04de55,hot-pool,70,10,increase-only,large,101,0,3,ADES-V2,25736c236f5451eac13917c840c5005881e2054a79c56e252ca06910e133dc3e,120,11,11,0,25165824,20448239,20445905,2334,140472,355284,145140,355284,201,310,2032,2032,120,0,0,0,0,0,0,0,0,0,0,0,0,40004,0.144320
holdout2,syn-small-world-50000-k8-r10-v1,08abafb16a2f58def0f2310fdedc18d5cdc4870e51b2f3f4cda02b2c8a04de55,hot-pool,70,10,increase-only,large,101,0,4,ADES-V3,25736c236f5451eac13917c840c5005881e2054a79c56e252ca06910e133dc3e,120,11,11,0,25165824,20210692,20208216,2476,136134,353230,142687,353230,201,351,1856,1856,120,0,0,0,0,0,0,0,0,0,0,0,0,39188,0.144020
holdout2,syn-small-world-50000-k8-r10-v1,08abafb16a2f58def0f2310fdedc18d5cdc4870e51b2f3f4cda02b2c8a04de55,hot-pool,70,10,increase-only,large,101,0,5,COLD,25736c236f5451eac13917c840c5005881e2054a79c56e252ca06910e133dc3e,120,11,11,0,25165824,20333729,20331344,2385,136996,362236,143208,362236,201,361,0,0,120,0,0,0,0,0,0,0,0,0,0,0,0,39780,0.143702
holdout2,syn-small-world-50000-k8-r10-v1,08abafb16a2f58def0f2310fdedc18d5cdc4870e51b2f3f4cda02b2c8a04de55,hot-pool,70,10,increase-only,large,101,0,0,FREQ-LRU-REPAIR,25736c236f5451eac13917c840c5005881e2054a79c56e252ca06910e133dc3e,120,11,11,0,50331648,79724064,79711831,12233,210,381803,160,381803,1032,3005,8801008,8801008,52,68,4,0,4,0,0,0,34,0,2,0,0,48436,0.205399
holdout2,syn-small-world-50000-k8-r10-v1,08abafb16a2f58def0f2310fdedc18d5cdc4870e51b2f3f4cda02b2c8a04de55,hot-pool,70,10,increase-only,large,101,0,1,ADES,25736c236f5451eac13917c840c5005881e2054a79c56e252ca06910e133dc3e,120,11,11,0,50331648,20261328,20258971,2357,137997,344353,141965,344353,191,331,640,640,120,0,0,0,0,0,0,0,0,0,0,0,0,39996,0.146615
holdout2,syn-small-world-50000-k8-r10-v1,08abafb16a2f58def0f2310fdedc18d5cdc4870e51b2f3f4cda02b2c8a04de55,hot-pool,70,10,increase-only,large,101,0,2,ADES-V2,25736c236f5451eac13917c840c5005881e2054a79c56e252ca06910e133dc3e,120,11,11,0,50331648,20349021,20346716,2305,137387,348712,142406,348712,191,331,2032,2032,120,0,0,0,0,0,0,0,0,0,0,0,0,38740,0.144879
holdout2,syn-small-world-50000-k8-r10-v1,08abafb16a2f58def0f2310fdedc18d5cdc4870e51b2f3f4cda02b2c8a04de55,hot-pool,70,10,increase-only,large,101,0,3,ADES-V3,25736c236f5451eac13917c840c5005881e2054a79c56e252ca06910e133dc3e,120,11,11,0,50331648,20238194,20235138,3056,140071,349373,142166,349373,220,591,1856,1856,120,0,0,0,0,0,0,0,0,0,0,0,0,39800,0.146611
holdout2,syn-small-world-50000-k8-r10-v1,08abafb16a2f58def0f2310fdedc18d5cdc4870e51b2f3f4cda02b2c8a04de55,hot-pool,70,10,increase-only,large,101,0,4,COLD,25736c236f5451eac13917c840c5005881e2054a79c56e252ca06910e133dc3e,120,11,11,0,50331648,20185498,20182641,2857,136344,341968,145152,341968,201,781,0,0,120,0,0,0,0,0,0,0,0,0,0,0,0,38452,0.144574
holdout2,syn-small-world-50000-k8-r10-v1,08abafb16a2f58def0f2310fdedc18d5cdc4870e51b2f3f4cda02b2c8a04de55,hot-pool,70,10,increase-only,large,101,0,5,B3L,25736c236f5451eac13917c840c5005881e2054a79c56e252ca06910e133dc3e,120,11,11,0,50331648,672608175,672582661,25514,300,17260993,271,17260993,1332,10359,48400352,48400352,40,80,0,18,0,0,0,0,0,0,0,0,0,88644,0.803740
holdout2,syn-small-world-50000-k8-r10-v1,08abafb16a2f58def0f2310fdedc18d5cdc4870e51b2f3f4cda02b2c8a04de55,hot-pool,70,10,increase-only,large,137,0,0,FREQ-LRU-REPAIR,efe8f3fd4f1db843f0dabdf15c4a71a99b3d023dc983bbd50c4c0d6af2b05c5d,120,11,11,0,25165824,80998517,80959854,38663,1312,342630,341,342630,1322,13886,8801120,8801120,59,61,4,0,4,0,0,0,28,0,8,0,0,49148,0.206816
holdout2,syn-small-world-50000-k8-r10-v1,08abafb16a2f58def0f2310fdedc18d5cdc4870e51b2f3f4cda02b2c8a04de55,hot-pool,70,10,increase-only,large,137,0,1,ADES,efe8f3fd4f1db843f0dabdf15c4a71a99b3d023dc983bbd50c4c0d6af2b05c5d,120,11,11,0,25165824,20340641,20338257,2384,140832,307114,145943,307114,200,340,752,752,120,0,0,0,0,0,0,0,0,0,0,0,0,38848,0.144515
holdout2,syn-small-world-50000-k8-r10-v1,08abafb16a2f58def0f2310fdedc18d5cdc4870e51b2f3f4cda02b2c8a04de55,hot-pool,70,10,increase-only,large,137,0,2,ADES-V2,efe8f3fd4f1db843f0dabdf15c4a71a99b3d023dc983bbd50c4c0d6af2b05c5d,120,11,11,0,25165824,20696083,20693559,2524,142165,314758,151012,314758,191,320,2032,2032,120,0,0,0,0,0,0,0,0,0,0,0,0,40044,0.145651
holdout2,syn-small-world-50000-k8-r10-v1,08abafb16a2f58def0f2310fdedc18d5cdc4870e51b2f3f4cda02b2c8a04de55,hot-pool,70,10,increase-only,large,137,0,3,ADES-V3,efe8f3fd4f1db843f0dabdf15c4a71a99b3d023dc983bbd50c4c0d6af2b05c5d,120,11,11,0,25165824,20089305,20086709,2596,141244,301663,148147,301663,200,531,1856,1856,120,0,0,0,0,0,0,0,0,0,0,0,0,38608,0.143044
holdout2,syn-small-world-50000-k8-r10-v1,08abafb16a2f58def0f2310fdedc18d5cdc4870e51b2f3f4cda02b2c8a04de55,hot-pool,70,10,increase-only,large,137,0,4,COLD,efe8f3fd4f1db843f0dabdf15c4a71a99b3d023dc983bbd50c4c0d6af2b05c5d,120,11,11,0,25165824,19978079,19975745,2334,144540,305771,148998,305771,200,351,0,0,120,0,0,0,0,0,0,0,0,0,0,0,0,39856,0.143770
holdout2,syn-small-world-50000-k8-r10-v1,08abafb16a2f58def0f2310fdedc18d5cdc4870e51b2f3f4cda02b2c8a04de55,hot-pool,70,10,increase-only,large,137,0,5,B3L,efe8f3fd4f1db843f0dabdf15c4a71a99b3d023dc983bbd50c4c0d6af2b05c5d,120,11,11,0,25165824,861405956,861141854,264102,430,17123014,331,17123014,791,234759,24200176,24200176,52,68,0,41,0,0,0,0,0,0,0,0,0,65576,0.989206
holdout2,syn-small-world-50000-k8-r10-v1,08abafb16a2f58def0f2310fdedc18d5cdc4870e51b2f3f4cda02b2c8a04de55,hot-pool,70,10,increase-only,large,137,0,0,ADES,efe8f3fd4f1db843f0dabdf15c4a71a99b3d023dc983bbd50c4c0d6af2b05c5d,120,11,11,0,50331648,20345030,20342085,2945,142175,315730,149910,315730,250,441,752,752,120,0,0,0,0,0,0,0,0,0,0,0,0,38752,0.144808
holdout2,syn-small-world-50000-k8-r10-v1,08abafb16a2f58def0f2310fdedc18d5cdc4870e51b2f3f4cda02b2c8a04de55,hot-pool,70,10,increase-only,large,137,0,1,ADES-V2,efe8f3fd4f1db843f0dabdf15c4a71a99b3d023dc983bbd50c4c0d6af2b05c5d,120,11,11,0,50331648,20148064,20145648,2416,144019,301062,149740,301062,200,341,2032,2032,120,0,0,0,0,0,0,0,0,0,0,0,0,39368,0.144083
holdout2,syn-small-world-50000-k8-r10-v1,08abafb16a2f58def0f2310fdedc18d5cdc4870e51b2f3f4cda02b2c8a04de55,hot-pool,70,10,increase-only,large,137,0,2,ADES-V3,efe8f3fd4f1db843f0dabdf15c4a71a99b3d023dc983bbd50c4c0d6af2b05c5d,120,11,11,0,50331648,20118781,20116235,2546,142136,306313,149951,306313,201,391,1856,1856,120,0,0,0,0,0,0,0,0,0,0,0,0,39728,0.145369
holdout2,syn-small-world-50000-k8-r10-v1,08abafb16a2f58def0f2310fdedc18d5cdc4870e51b2f3f4cda02b2c8a04de55,hot-pool,70,10,increase-only,large,137,0,3,COLD,efe8f3fd4f1db843f0dabdf15c4a71a99b3d023dc983bbd50c4c0d6af2b05c5d,120,11,11,0,50331648,20002207,19999721,2486,139070,302545,146804,302545,211,361,0,0,120,0,0,0,0,0,0,0,0,0,0,0,0,39744,0.144749
holdout2,syn-small-world-50000-k8-r10-v1,08abafb16a2f58def0f2310fdedc18d5cdc4870e51b2f3f4cda02b2c8a04de55,hot-pool,70,10,increase-only,large,137,0,4,B3L,efe8f3fd4f1db843f0dabdf15c4a71a99b3d023dc983bbd50c4c0d6af2b05c5d,120,11,11,0,50331648,788300078,787950112,349966,380,17147039,291,17147039,1502,291375,48400352,48400352,47,73,0,25,0,0,0,0,0,0,0,0,0,88716,0.917343
holdout2,syn-small-world-50000-k8-r10-v1,08abafb16a2f58def0f2310fdedc18d5cdc4870e51b2f3f4cda02b2c8a04de55,hot-pool,70,10,increase-only,large,137,0,5,FREQ-LRU-REPAIR,efe8f3fd4f1db843f0dabdf15c4a71a99b3d023dc983bbd50c4c0d6af2b05c5d,120,11,11,0,50331648,80503462,80469598,33864,1163,342660,261,342660,1213,12333,8801120,8801120,59,61,4,0,4,0,0,0,28,0,8,0,0,47976,0.206255
holdout2,syn-small-world-50000-k8-r10-v1,08abafb16a2f58def0f2310fdedc18d5cdc4870e51b2f3f4cda02b2c8a04de55,hot-pool,70,10,increase-only,large,181,0,0,ADES,a8484cdb45c6db5e6545fccee0c50f5469049096ce7031eb011e8903c65bb758,120,11,11,0,25165824,22242881,22240466,2415,149990,335496,154048,335496,200,351,496,496,120,0,0,0,0,0,0,0,0,0,0,0,0,40108,0.147245
holdout2,syn-small-world-50000-k8-r10-v1,08abafb16a2f58def0f2310fdedc18d5cdc4870e51b2f3f4cda02b2c8a04de55,hot-pool,70,10,increase-only,large,181,0,1,ADES-V2,a8484cdb45c6db5e6545fccee0c50f5469049096ce7031eb011e8903c65bb758,120,11,11,0,25165824,22425616,22423010,2606,146784,346748,156312,346748,201,380,2032,2032,120,0,0,0,0,0,0,0,0,0,0,0,0,38956,0.148388
holdout2,syn-small-world-50000-k8-r10-v1,08abafb16a2f58def0f2310fdedc18d5cdc4870e51b2f3f4cda02b2c8a04de55,hot-pool,70,10,increase-only,large,181,0,2,ADES-V3,a8484cdb45c6db5e6545fccee0c50f5469049096ce7031eb011e8903c65bb758,120,11,11,0,25165824,23661642,23659138,2504,153176,371664,162794,371664,201,390,1856,1856,120,0,0,0,0,0,0,0,0,0,0,0,0,38720,0.148050
holdout2,syn-small-world-50000-k8-r10-v1,08abafb16a2f58def0f2310fdedc18d5cdc4870e51b2f3f4cda02b2c8a04de55,hot-pool,70,10,increase-only,large,181,0,3,COLD,a8484cdb45c6db5e6545fccee0c50f5469049096ce7031eb011e8903c65bb758,120,11,11,0,25165824,22185824,22183346,2478,146224,340616,158185,340616,201,391,0,0,120,0,0,0,0,0,0,0,0,0,0,0,0,39448,0.146612
holdout2,syn-small-world-50000-k8-r10-v1,08abafb16a2f58def0f2310fdedc18d5cdc4870e51b2f3f4cda02b2c8a04de55,hot-pool,70,10,increase-only,large,181,0,4,B3L,a8484cdb45c6db5e6545fccee0c50f5469049096ce7031eb011e8903c65bb758,120,11,11,0,25165824,515515174,515492043,23131,231,17135843,201,17135843,721,7364,24200176,24200176,31,89,0,20,0,0,0,0,0,0,0,0,0,66384,0.643031
holdout2,syn-small-world-50000-k8-r10-v1,08abafb16a2f58def0f2310fdedc18d5cdc4870e51b2f3f4cda02b2c8a04de55,hot-pool,70,10,increase-only,large,181,0,5,FREQ-LRU-REPAIR,a8484cdb45c6db5e6545fccee0c50f5469049096ce7031eb011e8903c65bb758,120,11,11,0,25165824,79881476,79864666,16810,170,392123,141,392123,1082,3767,8800864,8800864,43,77,4,0,4,0,0,0,35,0,4,0,0,47976,0.205624
holdout2,syn-small-world-50000-k8-r10-v1,08abafb16a2f58def0f2310fdedc18d5cdc4870e51b2f3f4cda02b2c8a04de55,hot-pool,70,10,increase-only,large,181,0,0,ADES-V2,a8484cdb45c6db5e6545fccee0c50f5469049096ce7031eb011e8903c65bb758,120,11,11,0,50331648,22428274,22425872,2402,146604,350274,156042,350274,200,330,2032,2032,120,0,0,0,0,0,0,0,0,0,0,0,0,39552,0.147084
holdout2,syn-small-world-50000-k8-r10-v1,08abafb16a2f58def0f2310fdedc18d5cdc4870e51b2f3f4cda02b2c8a04de55,hot-pool,70,10,increase-only,large,181,0,1,ADES-V3,a8484cdb45c6db5e6545fccee0c50f5469049096ce7031eb011e8903c65bb758,120,11,11,0,50331648,22693037,22690431,2606,150010,348461,156843,348461,210,360,1856,1856,120,0,0,0,0,0,0,0,0,0,0,0,0,40036,0.147689
holdout2,syn-small-world-50000-k8-r10-v1,08abafb16a2f58def0f2310fdedc18d5cdc4870e51b2f3f4cda02b2c8a04de55,hot-pool,70,10,increase-only,large,181,0,2,COLD,a8484cdb45c6db5e6545fccee0c50f5469049096ce7031eb011e8903c65bb758,120,11,11,0,50331648,22131464,22128673,2791,146654,341929,155331,341929,201,461,0,0,120,0,0,0,0,0,0,0,0,0,0,0,0,38872,0.145282
holdout2,syn-small-world-50000-k8-r10-v1,08abafb16a2f58def0f2310fdedc18d5cdc4870e51b2f3f4cda02b2c8a04de55,hot-pool,70,10,increase-only,large,181,0,3,B3L,a8484cdb45c6db5e6545fccee0c50f5469049096ce7031eb011e8903c65bb758,120,11,11,0,50331648,526677249,526625751,51498,260,17193029,250,17193029,1443,23173,48400352,48400352,31,89,0,9,0,0,0,0,0,0,0,0,0,89908,0.655940
holdout2,syn-small-world-50000-k8-r10-v1,08abafb16a2f58def0f2310fdedc18d5cdc4870e51b2f3f4cda02b2c8a04de55,hot-pool,70,10,increase-only,large,181,0,4,FREQ-LRU-REPAIR,a8484cdb45c6db5e6545fccee0c50f5469049096ce7031eb011e8903c65bb758,120,11,11,0,50331648,80383336,80365674,17662,211,392133,180,392133,1142,3627,8800864,8800864,43,77,4,0,4,0,0,0,35,0,4,0,0,49148,0.206389
holdout2,syn-small-world-50000-k8-r10-v1,08abafb16a2f58def0f2310fdedc18d5cdc4870e51b2f3f4cda02b2c8a04de55,hot-pool,70,10,increase-only,large,181,0,5,ADES,a8484cdb45c6db5e6545fccee0c50f5469049096ce7031eb011e8903c65bb758,120,11,11,0,50331648,22202467,22200102,2365,146904,345235,158617,345235,200,351,496,496,120,0,0,0,0,0,0,0,0,0,0,0,0,39028,0.146683
holdout2,syn-small-world-50000-k8-r10-v1,08abafb16a2f58def0f2310fdedc18d5cdc4870e51b2f3f4cda02b2c8a04de55,hot-pool,70,100,increase-only,large,101,0,0,ADES-V2,d4053d2ec7f93fe677d2398b589769f9d68fe0a405bf2bb91ef4fe776a063c8f,120,1,1,0,25165824,21125816,21125466,350,158826,343662,158826,343662,350,350,2032,2032,120,0,0,0,0,0,0,0,0,0,0,0,0,40076,0.146946
holdout2,syn-small-world-50000-k8-r10-v1,08abafb16a2f58def0f2310fdedc18d5cdc4870e51b2f3f4cda02b2c8a04de55,hot-pool,70,100,increase-only,large,101,0,1,ADES-V3,d4053d2ec7f93fe677d2398b589769f9d68fe0a405bf2bb91ef4fe776a063c8f,120,1,1,0,25165824,21154783,21154353,430,155721,347048,155721,347048,430,430,1856,1856,120,0,0,0,0,0,0,0,0,0,0,0,0,38668,0.144083
holdout2,syn-small-world-50000-k8-r10-v1,08abafb16a2f58def0f2310fdedc18d5cdc4870e51b2f3f4cda02b2c8a04de55,hot-pool,70,100,increase-only,large,101,0,2,COLD,d4053d2ec7f93fe677d2398b589769f9d68fe0a405bf2bb91ef4fe776a063c8f,120,1,1,0,25165824,21415434,21415043,391,154389,347610,154389,347610,391,391,0,0,120,0,0,0,0,0,0,0,0,0,0,0,0,39800,0.146093
holdout2,syn-small-world-50000-k8-r10-v1,08abafb16a2f58def0f2310fdedc18d5cdc4870e51b2f3f4cda02b2c8a04de55,hot-pool,70,100,increase-only,large,101,0,3,B3L,d4053d2ec7f93fe677d2398b589769f9d68fe0a405bf2bb91ef4fe776a063c8f,120,1,1,0,25165824,706335772,706326605,9167,271,16963461,270,16963461,9167,9167,24200176,24200176,43,77,0,32,0,0,0,0,0,0,0,0,0,65148,0.836423
holdout2,syn-small-world-50000-k8-r10-v1,08abafb16a2f58def0f2310fdedc18d5cdc4870e51b2f3f4cda02b2c8a04de55,hot-pool,70,100,increase-only,large,101,0,4,FREQ-LRU-REPAIR,d4053d2ec7f93fe677d2398b589769f9d68fe0a405bf2bb91ef4fe776a063c8f,120,1,1,0,25165824,79882781,79879224,3557,190,356546,180,356546,3557,3557,8801040,8801040,54,66,4,0,4,0,0,0,3,0,1,0,0,49052,0.207436
holdout2,syn-small-world-50000-k8-r10-v1,08abafb16a2f58def0f2310fdedc18d5cdc4870e51b2f3f4cda02b2c8a04de55,hot-pool,70,100,increase-only,large,101,0,5,ADES,d4053d2ec7f93fe677d2398b589769f9d68fe0a405bf2bb91ef4fe776a063c8f,120,1,1,0,25165824,21026089,21025768,321,158557,341609,158557,341609,321,321,672,672,120,0,0,0,0,0,0,0,0,0,0,0,0,38840,0.145387
holdout2,syn-small-world-50000-k8-r10-v1,08abafb16a2f58def0f2310fdedc18d5cdc4870e51b2f3f4cda02b2c8a04de55,hot-pool,70,100,increase-only,large,101,0,0,ADES-V3,d4053d2ec7f93fe677d2398b589769f9d68fe0a405bf2bb91ef4fe776a063c8f,120,1,1,0,50331648,20949346,20948955,391,155290,348251,155290,348251,391,391,1856,1856,120,0,0,0,0,0,0,0,0,0,0,0,0,38588,0.143930
holdout2,syn-small-world-50000-k8-r10-v1,08abafb16a2f58def0f2310fdedc18d5cdc4870e51b2f3f4cda02b2c8a04de55,hot-pool,70,100,increase-only,large,101,0,1,COLD,d4053d2ec7f93fe677d2398b589769f9d68fe0a405bf2bb91ef4fe776a063c8f,120,1,1,0,50331648,21117950,21117479,471,158316,340586,158316,340586,471,471,0,0,120,0,0,0,0,0,0,0,0,0,0,0,0,39880,0.144460
holdout2,syn-small-world-50000-k8-r10-v1,08abafb16a2f58def0f2310fdedc18d5cdc4870e51b2f3f4cda02b2c8a04de55,hot-pool,70,100,increase-only,large,101,0,2,B3L,d4053d2ec7f93fe677d2398b589769f9d68fe0a405bf2bb91ef4fe776a063c8f,120,1,1,0,50331648,699099581,699086898,12683,311,17067254,311,17067254,12683,12683,48400352,48400352,42,78,0,20,0,0,0,0,0,0,0,0,0,90000,0.828276
holdout2,syn-small-world-50000-k8-r10-v1,08abafb16a2f58def0f2310fdedc18d5cdc4870e51b2f3f4cda02b2c8a04de55,hot-pool,70,100,increase-only,large,101,0,3,FREQ-LRU-REPAIR,d4053d2ec7f93fe677d2398b589769f9d68fe0a405bf2bb91ef4fe776a063c8f,120,1,1,0,50331648,79719294,79715778,3516,210,363068,200,363068,3516,3516,8801040,8801040,54,66,4,0,4,0,0,0,3,0,1,0,0,48076,0.203927
holdout2,syn-small-world-50000-k8-r10-v1,08abafb16a2f58def0f2310fdedc18d5cdc4870e51b2f3f4cda02b2c8a04de55,hot-pool,70,100,increase-only,large,101,0,4,ADES,d4053d2ec7f93fe677d2398b589769f9d68fe0a405bf2bb91ef4fe776a063c8f,120,1,1,0,50331648,21061277,21060927,350,156592,349022,156592,349022,350,350,672,672,120,0,0,0,0,0,0,0,0,0,0,0,0,38868,0.144905
holdout2,syn-small-world-50000-k8-r10-v1,08abafb16a2f58def0f2310fdedc18d5cdc4870e51b2f3f4cda02b2c8a04de55,hot-pool,70,100,increase-only,large,101,0,5,ADES-V2,d4053d2ec7f93fe677d2398b589769f9d68fe0a405bf2bb91ef4fe776a063c8f,120,1,1,0,50331648,21007398,21007038,360,155901,346066,155901,346066,360,360,2032,2032,120,0,0,0,0,0,0,0,0,0,0,0,0,39980,0.143993
holdout2,syn-small-world-50000-k8-r10-v1,08abafb16a2f58def0f2310fdedc18d5cdc4870e51b2f3f4cda02b2c8a04de55,hot-pool,70,100,increase-only,large,137,0,0,ADES-V3,fdd8e28078f4e7f436966a41d6500e25e9414fef703cde7b513c09d8922bd393,120,1,1,0,25165824,21296146,21295796,350,160119,354032,160119,354032,350,350,1856,1856,120,0,0,0,0,0,0,0,0,0,0,0,0,38644,0.146247
holdout2,syn-small-world-50000-k8-r10-v1,08abafb16a2f58def0f2310fdedc18d5cdc4870e51b2f3f4cda02b2c8a04de55,hot-pool,70,100,increase-only,large,137,0,1,COLD,fdd8e28078f4e7f436966a41d6500e25e9414fef703cde7b513c09d8922bd393,120,1,1,0,25165824,21496638,21496207,431,158255,348841,158255,348841,431,431,0,0,120,0,0,0,0,0,0,0,0,0,0,0,0,39816,0.146513
holdout2,syn-small-world-50000-k8-r10-v1,08abafb16a2f58def0f2310fdedc18d5cdc4870e51b2f3f4cda02b2c8a04de55,hot-pool,70,100,increase-only,large,137,0,2,B3L,fdd8e28078f4e7f436966a41d6500e25e9414fef703cde7b513c09d8922bd393,120,1,1,0,25165824,734934642,734933931,711,280,17292424,280,17292424,711,711,24200176,24200176,44,76,0,33,0,0,0,0,0,0,0,0,0,66228,0.861417
holdout2,syn-small-world-50000-k8-r10-v1,08abafb16a2f58def0f2310fdedc18d5cdc4870e51b2f3f4cda02b2c8a04de55,hot-pool,70,100,increase-only,large,137,0,3,FREQ-LRU-REPAIR,fdd8e28078f4e7f436966a41d6500e25e9414fef703cde7b513c09d8922bd393,120,1,1,0,25165824,81165219,81163736,1483,241,347509,231,347509,1483,1483,8801040,8801040,54,66,4,0,4,0,0,0,4,0,0,0,0,47956,0.206425
holdout2,syn-small-world-50000-k8-r10-v1,08abafb16a2f58def0f2310fdedc18d5cdc4870e51b2f3f4cda02b2c8a04de55,hot-pool,70,100,increase-only,large,137,0,4,ADES,fdd8e28078f4e7f436966a41d6500e25e9414fef703cde7b513c09d8922bd393,120,1,1,0,25165824,21434995,21434624,371,157605,360964,157605,360964,371,371,672,672,120,0,0,0,0,0,0,0,0,0,0,0,0,40040,0.145820
holdout2,syn-small-world-50000-k8-r10-v1,08abafb16a2f58def0f2310fdedc18d5cdc4870e51b2f3f4cda02b2c8a04de55,hot-pool,70,100,increase-only,large,137,0,5,ADES-V2,fdd8e28078f4e7f436966a41d6500e25e9414fef703cde7b513c09d8922bd393,120,1,1,0,25165824,21868211,21867840,371,159599,365863,159599,365863,371,371,2032,2032,120,0,0,0,0,0,0,0,0,0,0,0,0,40040,0.149414
holdout2,syn-small-world-50000-k8-r10-v1,08abafb16a2f58def0f2310fdedc18d5cdc4870e51b2f3f4cda02b2c8a04de55,hot-pool,70,100,increase-only,large,137,0,0,COLD,fdd8e28078f4e7f436966a41d6500e25e9414fef703cde7b513c09d8922bd393,120,1,1,0,50331648,21440362,21439971,391,158656,363068,158656,363068,391,391,0,0,120,0,0,0,0,0,0,0,0,0,0,0,0,39892,0.145617
holdout2,syn-small-world-50000-k8-r10-v1,08abafb16a2f58def0f2310fdedc18d5cdc4870e51b2f3f4cda02b2c8a04de55,hot-pool,70,100,increase-only,large,137,0,1,B3L,fdd8e28078f4e7f436966a41d6500e25e9414fef703cde7b513c09d8922bd393,120,1,1,0,50331648,704742197,704740864,1333,290,17209238,281,17209238,1333,1333,48400352,48400352,42,78,0,20,0,0,0,0,0,0,0,0,0,88756,0.833658
holdout2,syn-small-world-50000-k8-r10-v1,08abafb16a2f58def0f2310fdedc18d5cdc4870e51b2f3f4cda02b2c8a04de55,hot-pool,70,100,increase-only,large,137,0,2,FREQ-LRU-REPAIR,fdd8e28078f4e7f436966a41d6500e25e9414fef703cde7b513c09d8922bd393,120,1,1,0,50331648,81919676,81917653,2023,261,370362,260,370362,2023,2023,8801040,8801040,54,66,4,0,4,0,0,0,4,0,0,0,0,48452,0.208488
holdout2,syn-small-world-50000-k8-r10-v1,08abafb16a2f58def0f2310fdedc18d5cdc4870e51b2f3f4cda02b2c8a04de55,hot-pool,70,100,increase-only,large,137,0,3,ADES,fdd8e28078f4e7f436966a41d6500e25e9414fef703cde7b513c09d8922bd393,120,1,1,0,50331648,21569457,21569087,370,158075,351156,158075,351156,370,370,672,672,120,0,0,0,0,0,0,0,0,0,0,0,0,38848,0.145315
holdout2,syn-small-world-50000-k8-r10-v1,08abafb16a2f58def0f2310fdedc18d5cdc4870e51b2f3f4cda02b2c8a04de55,hot-pool,70,100,increase-only,large,137,0,4,ADES-V2,fdd8e28078f4e7f436966a41d6500e25e9414fef703cde7b513c09d8922bd393,120,1,1,0,50331648,21319959,21319628,331,155760,368088,155760,368088,331,331,2032,2032,120,0,0,0,0,0,0,0,0,0,0,0,0,40016,0.146411
holdout2,syn-small-world-50000-k8-r10-v1,08abafb16a2f58def0f2310fdedc18d5cdc4870e51b2f3f4cda02b2c8a04de55,hot-pool,70,100,increase-only,large,137,0,5,ADES-V3,fdd8e28078f4e7f436966a41d6500e25e9414fef703cde7b513c09d8922bd393,120,1,1,0,50331648,21458117,21457716,401,156913,352419,156913,352419,401,401,1856,1856,120,0,0,0,0,0,0,0,0,0,0,0,0,38552,0.144066
holdout2,syn-small-world-50000-k8-r10-v1,08abafb16a2f58def0f2310fdedc18d5cdc4870e51b2f3f4cda02b2c8a04de55,hot-pool,70,100,increase-only,large,181,0,0,COLD,7855341bacc2773db38d3fcb0f5849938755c7015bd0f96a16a9bcbf60aa4c3a,120,1,1,0,25165824,20976044,20975663,381,150210,332762,150210,332762,381,381,0,0,120,0,0,0,0,0,0,0,0,0,0,0,0,38688,0.145643
holdout2,syn-small-world-50000-k8-r10-v1,08abafb16a2f58def0f2310fdedc18d5cdc4870e51b2f3f4cda02b2c8a04de55,hot-pool,70,100,increase-only,large,181,0,1,B3L,7855341bacc2773db38d3fcb0f5849938755c7015bd0f96a16a9bcbf60aa4c3a,120,1,1,0,25165824,481868147,481867496,651,241,17514939,240,17514939,651,651,24200176,24200176,28,92,0,17,0,0,0,0,0,0,0,0,0,66264,0.611815
holdout2,syn-small-world-50000-k8-r10-v1,08abafb16a2f58def0f2310fdedc18d5cdc4870e51b2f3f4cda02b2c8a04de55,hot-pool,70,100,increase-only,large,181,0,2,FREQ-LRU-REPAIR,7855341bacc2773db38d3fcb0f5849938755c7015bd0f96a16a9bcbf60aa4c3a,120,1,1,0,25165824,79625346,79623873,1473,140,389487,140,389487,1473,1473,8800816,8800816,40,80,4,0,4,0,0,0,4,0,0,0,0,49696,0.206528
holdout2,syn-small-world-50000-k8-r10-v1,08abafb16a2f58def0f2310fdedc18d5cdc4870e51b2f3f4cda02b2c8a04de55,hot-pool,70,100,increase-only,large,181,0,3,ADES,7855341bacc2773db38d3fcb0f5849938755c7015bd0f96a16a9bcbf60aa4c3a,120,1,1,0,25165824,21075542,21075192,350,152735,323013,152735,323013,350,350,448,448,120,0,0,0,0,0,0,0,0,0,0,0,0,38848,0.146041
holdout2,syn-small-world-50000-k8-r10-v1,08abafb16a2f58def0f2310fdedc18d5cdc4870e51b2f3f4cda02b2c8a04de55,hot-pool,70,100,increase-only,large,181,0,4,ADES-V2,7855341bacc2773db38d3fcb0f5849938755c7015bd0f96a16a9bcbf60aa4c3a,120,1,1,0,25165824,21126956,21126516,440,152334,322583,152334,322583,440,440,2032,2032,120,0,0,0,0,0,0,0,0,0,0,0,0,38764,0.145002
holdout2,syn-small-world-50000-k8-r10-v1,08abafb16a2f58def0f2310fdedc18d5cdc4870e51b2f3f4cda02b2c8a04de55,hot-pool,70,100,increase-only,large,181,0,5,ADES-V3,7855341bacc2773db38d3fcb0f5849938755c7015bd0f96a16a9bcbf60aa4c3a,120,1,1,0,25165824,21234834,21234323,511,151623,337471,151623,337471,511,511,1856,1856,120,0,0,0,0,0,0,0,0,0,0,0,0,38528,0.144333
holdout2,syn-small-world-50000-k8-r10-v1,08abafb16a2f58def0f2310fdedc18d5cdc4870e51b2f3f4cda02b2c8a04de55,hot-pool,70,100,increase-only,large,181,0,0,B3L,7855341bacc2773db38d3fcb0f5849938755c7015bd0f96a16a9bcbf60aa4c3a,120,1,1,0,50331648,513431265,513430023,1242,251,17532743,251,17532743,1242,1242,48400352,48400352,28,92,0,6,0,0,0,0,0,0,0,0,0,88744,0.783033
holdout2,syn-small-world-50000-k8-r10-v1,08abafb16a2f58def0f2310fdedc18d5cdc4870e51b2f3f4cda02b2c8a04de55,hot-pool,70,100,increase-only,large,181,0,1,FREQ-LRU-REPAIR,7855341bacc2773db38d3fcb0f5849938755c7015bd0f96a16a9bcbf60aa4c3a,120,1,1,0,50331648,113529858,113528144,1714,151,590283,151,590283,1714,1714,8800816,8800816,40,80,4,0,4,0,0,0,4,0,0,0,0,48472,0.307043
holdout2,syn-small-world-50000-k8-r10-v1,08abafb16a2f58def0f2310fdedc18d5cdc4870e51b2f3f4cda02b2c8a04de55,hot-pool,70,100,increase-only,large,181,0,2,ADES,7855341bacc2773db38d3fcb0f5849938755c7015bd0f96a16a9bcbf60aa4c3a,120,1,1,0,50331648,21137492,21137121,371,151343,334655,151343,334655,371,371,448,448,120,0,0,0,0,0,0,0,0,0,0,0,0,38756,0.159348
holdout2,syn-small-world-50000-k8-r10-v1,08abafb16a2f58def0f2310fdedc18d5cdc4870e51b2f3f4cda02b2c8a04de55,hot-pool,70,100,increase-only,large,181,0,3,ADES-V2,7855341bacc2773db38d3fcb0f5849938755c7015bd0f96a16a9bcbf60aa4c3a,120,1,1,0,50331648,21760959,21760609,350,157224,341719,157224,341719,350,350,2032,2032,120,0,0,0,0,0,0,0,0,0,0,0,0,40468,0.147647
holdout2,syn-small-world-50000-k8-r10-v1,08abafb16a2f58def0f2310fdedc18d5cdc4870e51b2f3f4cda02b2c8a04de55,hot-pool,70,100,increase-only,large,181,0,4,ADES-V3,7855341bacc2773db38d3fcb0f5849938755c7015bd0f96a16a9bcbf60aa4c3a,120,1,1,0,50331648,20930578,20930217,361,148377,336058,148377,336058,361,361,1856,1856,120,0,0,0,0,0,0,0,0,0,0,0,0,40380,0.145035
holdout2,syn-small-world-50000-k8-r10-v1,08abafb16a2f58def0f2310fdedc18d5cdc4870e51b2f3f4cda02b2c8a04de55,hot-pool,70,100,increase-only,large,181,0,5,COLD,7855341bacc2773db38d3fcb0f5849938755c7015bd0f96a16a9bcbf60aa4c3a,120,1,1,0,50331648,21114078,21113687,391,151253,327121,151253,327121,391,391,0,0,120,0,0,0,0,0,0,0,0,0,0,0,0,38604,0.146407
holdout2,syn-small-world-50000-k8-r10-v1,08abafb16a2f58def0f2310fdedc18d5cdc4870e51b2f3f4cda02b2c8a04de55,rotating-hot,80,10,balanced-random,small,101,0,0,B3L,3301669465809f6184e8b939d9597a7516a6626cae18ddc410386bb30863ed33,120,11,5,6,25165824,567369037,567337460,31577,150,17167390,100,17167390,822,14036,24200176,24200176,34,86,0,23,0,0,0,0,0,0,0,0,0,65136,0.696939
holdout2,syn-small-world-50000-k8-r10-v1,08abafb16a2f58def0f2310fdedc18d5cdc4870e51b2f3f4cda02b2c8a04de55,rotating-hot,80,10,balanced-random,small,101,0,1,FREQ-LRU-REPAIR,3301669465809f6184e8b939d9597a7516a6626cae18ddc410386bb30863ed33,120,11,5,6,25165824,77887633,77872614,15019,160,389117,140,389117,952,6092,8800848,8800848,42,78,4,0,4,0,0,0,31,2,2,0,0,49124,0.209800
holdout2,syn-small-world-50000-k8-r10-v1,08abafb16a2f58def0f2310fdedc18d5cdc4870e51b2f3f4cda02b2c8a04de55,rotating-hot,80,10,balanced-random,small,101,0,2,ADES,3301669465809f6184e8b939d9597a7516a6626cae18ddc410386bb30863ed33,120,11,5,6,25165824,19945199,19942815,2384,130684,351446,140192,351446,191,431,480,480,120,0,0,0,0,0,0,0,0,0,0,0,0,40556,0.145261
holdout2,syn-small-world-50000-k8-r10-v1,08abafb16a2f58def0f2310fdedc18d5cdc4870e51b2f3f4cda02b2c8a04de55,rotating-hot,80,10,balanced-random,small,101,0,3,ADES-V2,3301669465809f6184e8b939d9597a7516a6626cae18ddc410386bb30863ed33,120,11,5,6,25165824,19957807,19955319,2488,129532,350495,143678,350495,201,441,2032,2032,120,0,0,0,0,0,0,0,0,0,0,0,0,40520,0.153231
holdout2,syn-small-world-50000-k8-r10-v1,08abafb16a2f58def0f2310fdedc18d5cdc4870e51b2f3f4cda02b2c8a04de55,rotating-hot,80,10,balanced-random,small,101,0,4,ADES-V3,3301669465809f6184e8b939d9597a7516a6626cae18ddc410386bb30863ed33,120,11,5,6,25165824,36687671,36684936,2735,122088,387884,130394,387884,200,561,2202000,2202000,111,9,1,0,1,0,0,0,1,0,0,0,0,41376,0.160944
holdout2,syn-small-world-50000-k8-r10-v1,08abafb16a2f58def0f2310fdedc18d5cdc4870e51b2f3f4cda02b2c8a04de55,rotating-hot,80,10,balanced-random,small,101,0,5,COLD,3301669465809f6184e8b939d9597a7516a6626cae18ddc410386bb30863ed33,120,11,5,6,25165824,19972435,19970063,2372,125955,386943,140522,386943,190,390,0,0,120,0,0,0,0,0,0,0,0,0,0,0,0,39840,0.144536
holdout2,syn-small-world-50000-k8-r10-v1,08abafb16a2f58def0f2310fdedc18d5cdc4870e51b2f3f4cda02b2c8a04de55,rotating-hot,80,10,balanced-random,small,101,0,0,FREQ-LRU-REPAIR,3301669465809f6184e8b939d9597a7516a6626cae18ddc410386bb30863ed33,120,11,5,6,50331648,77682038,77667019,15019,160,376854,150,376854,912,5811,8800848,8800848,42,78,4,0,4,0,0,0,31,2,2,0,0,48012,0.203452
holdout2,syn-small-world-50000-k8-r10-v1,08abafb16a2f58def0f2310fdedc18d5cdc4870e51b2f3f4cda02b2c8a04de55,rotating-hot,80,10,balanced-random,small,101,0,1,ADES,3301669465809f6184e8b939d9597a7516a6626cae18ddc410386bb30863ed33,120,11,5,6,50331648,20521215,20518671,2544,139460,362517,146043,362517,201,491,480,480,120,0,0,0,0,0,0,0,0,0,0,0,0,40068,0.146881
holdout2,syn-small-world-50000-k8-r10-v1,08abafb16a2f58def0f2310fdedc18d5cdc4870e51b2f3f4cda02b2c8a04de55,rotating-hot,80,10,balanced-random,small,101,0,2,ADES-V2,3301669465809f6184e8b939d9597a7516a6626cae18ddc410386bb30863ed33,120,11,5,6,50331648,19973080,19970687,2393,131817,351536,139460,351536,191,320,2032,2032,120,0,0,0,0,0,0,0,0,0,0,0,0,38824,0.143856
holdout2,syn-small-world-50000-k8-r10-v1,08abafb16a2f58def0f2310fdedc18d5cdc4870e51b2f3f4cda02b2c8a04de55,rotating-hot,80,10,balanced-random,small,101,0,3,ADES-V3,3301669465809f6184e8b939d9597a7516a6626cae18ddc410386bb30863ed33,120,11,5,6,50331648,36566464,36563455,3009,121046,382424,127458,382424,201,501,2202000,2202000,111,9,1,0,1,0,0,0,1,0,0,0,0,43184,0.161770
holdout2,syn-small-world-50000-k8-r10-v1,08abafb16a2f58def0f2310fdedc18d5cdc4870e51b2f3f4cda02b2c8a04de55,rotating-hot,80,10,balanced-random,small,101,0,4,COLD,3301669465809f6184e8b939d9597a7516a6626cae18ddc410386bb30863ed33,120,11,5,6,50331648,20079229,20076854,2375,128980,386371,144380,386371,201,351,0,0,120,0,0,0,0,0,0,0,0,0,0,0,0,38616,0.144310
holdout2,syn-small-world-50000-k8-r10-v1,08abafb16a2f58def0f2310fdedc18d5cdc4870e51b2f3f4cda02b2c8a04de55,rotating-hot,80,10,balanced-random,small,101,0,5,B3L,3301669465809f6184e8b939d9597a7516a6626cae18ddc410386bb30863ed33,120,11,5,6,50331648,509650315,509613175,37140,210,17167039,171,17167039,1263,14467,48400352,48400352,30,90,0,8,0,0,0,0,0,0,0,0,0,89908,0.638243
holdout2,syn-small-world-50000-k8-r10-v1,08abafb16a2f58def0f2310fdedc18d5cdc4870e51b2f3f4cda02b2c8a04de55,rotating-hot,80,10,balanced-random,small,137,0,0,FREQ-LRU-REPAIR,9999eb4b67f117162e326fe17ed13fb3a5c1749115181e3b56ce1221d4a4f640,120,11,3,8,25165824,77022099,77012188,9911,130,400519,130,400519,842,1783,8800752,8800752,36,84,4,0,4,0,0,0,33,2,0,0,0,47892,0.203969
holdout2,syn-small-world-50000-k8-r10-v1,08abafb16a2f58def0f2310fdedc18d5cdc4870e51b2f3f4cda02b2c8a04de55,rotating-hot,80,10,balanced-random,small,137,0,1,ADES,9999eb4b67f117162e326fe17ed13fb3a5c1749115181e3b56ce1221d4a4f640,120,11,3,8,25165824,20980852,20978558,2294,141895,340657,145472,340657,200,341,384,384,120,0,0,0,0,0,0,0,0,0,0,0,0,39360,0.146244
holdout2,syn-small-world-50000-k8-r10-v1,08abafb16a2f58def0f2310fdedc18d5cdc4870e51b2f3f4cda02b2c8a04de55,rotating-hot,80,10,balanced-random,small,137,0,2,ADES-V2,9999eb4b67f117162e326fe17ed13fb3a5c1749115181e3b56ce1221d4a4f640,120,11,3,8,25165824,20787427,20785121,2306,143698,343642,147525,343642,200,341,2032,2032,120,0,0,0,0,0,0,0,0,0,0,0,0,39384,0.144142
holdout2,syn-small-world-50000-k8-r10-v1,08abafb16a2f58def0f2310fdedc18d5cdc4870e51b2f3f4cda02b2c8a04de55,rotating-hot,80,10,balanced-random,small,137,0,3,ADES-V3,9999eb4b67f117162e326fe17ed13fb3a5c1749115181e3b56ce1221d4a4f640,120,11,3,8,25165824,20603381,20600956,2425,141364,362246,148257,362246,200,391,1856,1856,120,0,0,0,0,0,0,0,0,0,0,0,0,38572,0.143379
holdout2,syn-small-world-50000-k8-r10-v1,08abafb16a2f58def0f2310fdedc18d5cdc4870e51b2f3f4cda02b2c8a04de55,rotating-hot,80,10,balanced-random,small,137,0,4,COLD,9999eb4b67f117162e326fe17ed13fb3a5c1749115181e3b56ce1221d4a4f640,120,11,3,8,25165824,20492512,20490158,2354,139531,336128,147736,336128,200,371,0,0,120,0,0,0,0,0,0,0,0,0,0,0,0,39972,0.145559
holdout2,syn-small-world-50000-k8-r10-v1,08abafb16a2f58def0f2310fdedc18d5cdc4870e51b2f3f4cda02b2c8a04de55,rotating-hot,80,10,balanced-random,small,137,0,5,B3L,9999eb4b67f117162e326fe17ed13fb3a5c1749115181e3b56ce1221d4a4f640,120,11,3,8,25165824,433614708,433605411,9297,150,17053671,130,17053671,671,2594,24200176,24200176,26,94,0,15,0,0,0,0,0,0,0,0,0,66332,0.560536
holdout2,syn-small-world-50000-k8-r10-v1,08abafb16a2f58def0f2310fdedc18d5cdc4870e51b2f3f4cda02b2c8a04de55,rotating-hot,80,10,balanced-random,small,137,0,0,ADES,9999eb4b67f117162e326fe17ed13fb3a5c1749115181e3b56ce1221d4a4f640,120,11,3,8,50331648,20866266,20863810,2456,143147,348181,152475,348181,201,321,384,384,120,0,0,0,0,0,0,0,0,0,0,0,0,39984,0.144334
holdout2,syn-small-world-50000-k8-r10-v1,08abafb16a2f58def0f2310fdedc18d5cdc4870e51b2f3f4cda02b2c8a04de55,rotating-hot,80,10,balanced-random,small,137,0,1,ADES-V2,9999eb4b67f117162e326fe17ed13fb3a5c1749115181e3b56ce1221d4a4f640,120,11,3,8,50331648,20694498,20692184,2314,138689,337882,144299,337882,191,350,2032,2032,120,0,0,0,0,0,0,0,0,0,0,0,0,38876,0.143253
holdout2,syn-small-world-50000-k8-r10-v1,08abafb16a2f58def0f2310fdedc18d5cdc4870e51b2f3f4cda02b2c8a04de55,rotating-hot,80,10,balanced-random,small,137,0,2,ADES-V3,9999eb4b67f117162e326fe17ed13fb3a5c1749115181e3b56ce1221d4a4f640,120,11,3,8,50331648,20514022,20511646,2376,140322,340135,144220,340135,200,351,1856,1856,120,0,0,0,0,0,0,0,0,0,0,0,0,38676,0.143807
holdout2,syn-small-world-50000-k8-r10-v1,08abafb16a2f58def0f2310fdedc18d5cdc4870e51b2f3f4cda02b2c8a04de55,rotating-hot,80,10,balanced-random,small,137,0,3,COLD,9999eb4b67f117162e326fe17ed13fb3a5c1749115181e3b56ce1221d4a4f640,120,11,3,8,50331648,20692502,20690057,2445,141955,337861,149279,337861,201,450,0,0,120,0,0,0,0,0,0,0,0,0,0,0,0,38560,0.149243
holdout2,syn-small-world-50000-k8-r10-v1,08abafb16a2f58def0f2310fdedc18d5cdc4870e51b2f3f4cda02b2c8a04de55,rotating-hot,80,10,balanced-random,small,137,0,4,B3L,9999eb4b67f117162e326fe17ed13fb3a5c1749115181e3b56ce1221d4a4f640,120,11,3,8,50331648,412252859,412236920,15939,171,17179276,151,17179276,1192,5039,48400352,48400352,24,96,0,2,0,0,0,0,0,0,0,0,0,89288,0.541194
holdout2,syn-small-world-50000-k8-r10-v1,08abafb16a2f58def0f2310fdedc18d5cdc4870e51b2f3f4cda02b2c8a04de55,rotating-hot,80,10,balanced-random,small,137,0,5,FREQ-LRU-REPAIR,9999eb4b67f117162e326fe17ed13fb3a5c1749115181e3b56ce1221d4a4f640,120,11,3,8,50331648,77073829,77064019,9810,130,389658,130,389658,802,1794,8800752,8800752,36,84,4,0,4,0,0,0,33,2,0,0,0,49140,0.202921
holdout2,syn-small-world-50000-k8-r10-v1,08abafb16a2f58def0f2310fdedc18d5cdc4870e51b2f3f4cda02b2c8a04de55,rotating-hot,80,10,balanced-random,small,181,0,0,ADES,9e321e721c8b82062803019c6e910d349dc6b15279abae9796c714d31e0eeffa,120,11,4,7,25165824,20240840,20238465,2375,133219,347980,146043,347980,201,320,432,432,120,0,0,0,0,0,0,0,0,0,0,0,0,38740,0.144116
holdout2,syn-small-world-50000-k8-r10-v1,08abafb16a2f58def0f2310fdedc18d5cdc4870e51b2f3f4cda02b2c8a04de55,rotating-hot,80,10,balanced-random,small,181,0,1,ADES-V2,9e321e721c8b82062803019c6e910d349dc6b15279abae9796c714d31e0eeffa,120,11,4,7,25165824,20377688,20375095,2593,137356,341748,153247,341748,200,641,2032,2032,120,0,0,0,0,0,0,0,0,0,0,0,0,39220,0.144040
holdout2,syn-small-world-50000-k8-r10-v1,08abafb16a2f58def0f2310fdedc18d5cdc4870e51b2f3f4cda02b2c8a04de55,rotating-hot,80,10,balanced-random,small,181,0,2,ADES-V3,9e321e721c8b82062803019c6e910d349dc6b15279abae9796c714d31e0eeffa,120,11,4,7,25165824,20045561,20043076,2485,132638,344974,146013,344974,200,481,1856,1856,120,0,0,0,0,0,0,0,0,0,0,0,0,38780,0.144475
holdout2,syn-small-world-50000-k8-r10-v1,08abafb16a2f58def0f2310fdedc18d5cdc4870e51b2f3f4cda02b2c8a04de55,rotating-hot,80,10,balanced-random,small,181,0,3,COLD,9e321e721c8b82062803019c6e910d349dc6b15279abae9796c714d31e0eeffa,120,11,4,7,25165824,19951322,19948947,2375,135633,335607,145171,335607,201,361,0,0,120,0,0,0,0,0,0,0,0,0,0,0,0,38728,0.143605
holdout2,syn-small-world-50000-k8-r10-v1,08abafb16a2f58def0f2310fdedc18d5cdc4870e51b2f3f4cda02b2c8a04de55,rotating-hot,80,10,balanced-random,small,181,0,4,B3L,9e321e721c8b82062803019c6e910d349dc6b15279abae9796c714d31e0eeffa,120,11,4,7,25165824,468993454,468954571,38883,160,17130834,151,17130834,671,20919,24200176,24200176,28,92,0,17,0,0,0,0,0,0,0,0,0,66304,0.595215
holdout2,syn-small-world-50000-k8-r10-v1,08abafb16a2f58def0f2310fdedc18d5cdc4870e51b2f3f4cda02b2c8a04de55,rotating-hot,80,10,balanced-random,small,181,0,5,FREQ-LRU-REPAIR,9e321e721c8b82062803019c6e910d349dc6b15279abae9796c714d31e0eeffa,120,11,4,7,25165824,78194185,78182973,11212,140,384438,130,384438,782,3316,8800800,8800800,39,81,4,0,4,0,0,0,33,2,0,0,0,49184,0.204690
holdout2,syn-small-world-50000-k8-r10-v1,08abafb16a2f58def0f2310fdedc18d5cdc4870e51b2f3f4cda02b2c8a04de55,rotating-hot,80,10,balanced-random,small,181,0,0,ADES-V2,9e321e721c8b82062803019c6e910d349dc6b15279abae9796c714d31e0eeffa,120,11,4,7,50331648,20165623,20163331,2292,139761,342710,153166,342710,190,340,2032,2032,120,0,0,0,0,0,0,0,0,0,0,0,0,39972,0.143964
holdout2,syn-small-world-50000-k8-r10-v1,08abafb16a2f58def0f2310fdedc18d5cdc4870e51b2f3f4cda02b2c8a04de55,rotating-hot,80,10,balanced-random,small,181,0,1,ADES-V3,9e321e721c8b82062803019c6e910d349dc6b15279abae9796c714d31e0eeffa,120,11,4,7,50331648,20118413,20115558,2855,136445,346357,144160,346357,201,581,1856,1856,120,0,0,0,0,0,0,0,0,0,0,0,0,39788,0.143766
holdout2,syn-small-world-50000-k8-r10-v1,08abafb16a2f58def0f2310fdedc18d5cdc4870e51b2f3f4cda02b2c8a04de55,rotating-hot,80,10,balanced-random,small,181,0,2,COLD,9e321e721c8b82062803019c6e910d349dc6b15279abae9796c714d31e0eeffa,120,11,4,7,50331648,19811605,19809100,2505,134812,334635,143218,334635,200,450,0,0,120,0,0,0,0,0,0,0,0,0,0,0,0,40260,0.143899
holdout2,syn-small-world-50000-k8-r10-v1,08abafb16a2f58def0f2310fdedc18d5cdc4870e51b2f3f4cda02b2c8a04de55,rotating-hot,80,10,balanced-random,small,181,0,3,B3L,9e321e721c8b82062803019c6e910d349dc6b15279abae9796c714d31e0eeffa,120,11,4,7,50331648,461910468,461858991,51477,170,17188732,160,17188732,1072,22472,48400352,48400352,27,93,0,5,0,0,0,0,0,0,0,0,0,89836,0.590659
holdout2,syn-small-world-50000-k8-r10-v1,08abafb16a2f58def0f2310fdedc18d5cdc4870e51b2f3f4cda02b2c8a04de55,rotating-hot,80,10,balanced-random,small,181,0,4,FREQ-LRU-REPAIR,9e321e721c8b82062803019c6e910d349dc6b15279abae9796c714d31e0eeffa,120,11,4,7,50331648,77948495,77937076,11419,150,399687,140,399687,801,3396,8800800,8800800,39,81,4,0,4,0,0,0,33,2,0,0,0,49104,0.204311
holdout2,syn-small-world-50000-k8-r10-v1,08abafb16a2f58def0f2310fdedc18d5cdc4870e51b2f3f4cda02b2c8a04de55,rotating-hot,80,10,balanced-random,small,181,0,5,ADES,9e321e721c8b82062803019c6e910d349dc6b15279abae9796c714d31e0eeffa,120,11,4,7,50331648,20037887,20035622,2265,139281,332331,150331,332331,191,321,432,432,120,0,0,0,0,0,0,0,0,0,0,0,0,39984,0.144353
holdout2,syn-small-world-50000-k8-r10-v1,08abafb16a2f58def0f2310fdedc18d5cdc4870e51b2f3f4cda02b2c8a04de55,rotating-hot,80,100,balanced-random,small,101,0,0,ADES-V2,c098dbd6009f50dedebeb6ef11493200781d53ee6770cfb041963d1583b602df,120,1,0,1,25165824,19330485,19330145,340,145361,319827,145361,319827,340,340,2032,2032,120,0,0,0,0,0,0,0,0,0,0,0,0,38840,0.143965
holdout2,syn-small-world-50000-k8-r10-v1,08abafb16a2f58def0f2310fdedc18d5cdc4870e51b2f3f4cda02b2c8a04de55,rotating-hot,80,100,balanced-random,small,101,0,1,ADES-V3,c098dbd6009f50dedebeb6ef11493200781d53ee6770cfb041963d1583b602df,120,1,0,1,25165824,19110998,19110578,420,142226,324907,142226,324907,420,420,1856,1856,120,0,0,0,0,0,0,0,0,0,0,0,0,38636,0.143735
holdout2,syn-small-world-50000-k8-r10-v1,08abafb16a2f58def0f2310fdedc18d5cdc4870e51b2f3f4cda02b2c8a04de55,rotating-hot,80,100,balanced-random,small,101,0,2,COLD,c098dbd6009f50dedebeb6ef11493200781d53ee6770cfb041963d1583b602df,120,1,0,1,25165824,19047313,19046902,411,142957,310189,142957,310189,411,411,0,0,120,0,0,0,0,0,0,0,0,0,0,0,0,40284,0.143964
holdout2,syn-small-world-50000-k8-r10-v1,08abafb16a2f58def0f2310fdedc18d5cdc4870e51b2f3f4cda02b2c8a04de55,rotating-hot,80,100,balanced-random,small,101,0,3,B3L,c098dbd6009f50dedebeb6ef11493200781d53ee6770cfb041963d1583b602df,120,1,0,1,25165824,492166800,492166019,781,70,17338591,70,17338591,781,781,24200176,24200176,29,91,0,18,0,0,0,0,0,0,0,0,0,66284,0.621608
holdout2,syn-small-world-50000-k8-r10-v1,08abafb16a2f58def0f2310fdedc18d5cdc4870e51b2f3f4cda02b2c8a04de55,rotating-hot,80,100,balanced-random,small,101,0,4,FREQ-LRU-REPAIR,c098dbd6009f50dedebeb6ef11493200781d53ee6770cfb041963d1583b602df,120,1,0,1,25165824,77948542,77947561,981,160,313005,150,313005,981,981,8800768,8800768,37,83,4,0,4,0,0,0,4,0,0,0,0,47928,0.204976
holdout2,syn-small-world-50000-k8-r10-v1,08abafb16a2f58def0f2310fdedc18d5cdc4870e51b2f3f4cda02b2c8a04de55,rotating-hot,80,100,balanced-random,small,101,0,5,ADES,c098dbd6009f50dedebeb6ef11493200781d53ee6770cfb041963d1583b602df,120,1,0,1,25165824,19267088,19266737,351,144821,321410,144821,321410,351,351,400,400,120,0,0,0,0,0,0,0,0,0,0,0,0,40068,0.143917
holdout2,syn-small-world-50000-k8-r10-v1,08abafb16a2f58def0f2310fdedc18d5cdc4870e51b2f3f4cda02b2c8a04de55,rotating-hot,80,100,balanced-random,small,101,0,0,ADES-V3,c098dbd6009f50dedebeb6ef11493200781d53ee6770cfb041963d1583b602df,120,1,0,1,50331648,19002958,19002547,411,141775,308256,141775,308256,411,411,1856,1856,120,0,0,0,0,0,0,0,0,0,0,0,0,39812,0.144025
holdout2,syn-small-world-50000-k8-r10-v1,08abafb16a2f58def0f2310fdedc18d5cdc4870e51b2f3f4cda02b2c8a04de55,rotating-hot,80,100,balanced-random,small,101,0,1,COLD,c098dbd6009f50dedebeb6ef11493200781d53ee6770cfb041963d1583b602df,120,1,0,1,50331648,19446101,19445601,500,146203,317123,146203,317123,500,500,0,0,120,0,0,0,0,0,0,0,0,0,0,0,0,39776,0.144043
holdout2,syn-small-world-50000-k8-r10-v1,08abafb16a2f58def0f2310fdedc18d5cdc4870e51b2f3f4cda02b2c8a04de55,rotating-hot,80,100,balanced-random,small,101,0,2,B3L,c098dbd6009f50dedebeb6ef11493200781d53ee6770cfb041963d1583b602df,120,1,0,1,50331648,427418854,427417381,1473,161,17127056,161,17127056,1473,1473,48400352,48400352,25,95,0,3,0,0,0,0,0,0,0,0,0,89844,0.558023
holdout2,syn-small-world-50000-k8-r10-v1,08abafb16a2f58def0f2310fdedc18d5cdc4870e51b2f3f4cda02b2c8a04de55,rotating-hot,80,100,balanced-random,small,101,0,3,FREQ-LRU-REPAIR,c098dbd6009f50dedebeb6ef11493200781d53ee6770cfb041963d1583b602df,120,1,0,1,50331648,76842294,76841332,962,130,309168,130,309168,962,962,8800768,8800768,37,83,4,0,4,0,0,0,4,0,0,0,0,47880,0.202498
holdout2,syn-small-world-50000-k8-r10-v1,08abafb16a2f58def0f2310fdedc18d5cdc4870e51b2f3f4cda02b2c8a04de55,rotating-hot,80,100,balanced-random,small,101,0,4,ADES,c098dbd6009f50dedebeb6ef11493200781d53ee6770cfb041963d1583b602df,120,1,0,1,50331648,19283541,19282970,571,144550,307204,144550,307204,571,571,400,400,120,0,0,0,0,0,0,0,0,0,0,0,0,40016,0.143605
holdout2,syn-small-world-50000-k8-r10-v1,08abafb16a2f58def0f2310fdedc18d5cdc4870e51b2f3f4cda02b2c8a04de55,rotating-hot,80,100,balanced-random,small,101,0,5,ADES-V2,c098dbd6009f50dedebeb6ef11493200781d53ee6770cfb041963d1583b602df,120,1,0,1,50331648,19128085,19127765,320,144009,304830,144009,304830,320,320,2032,2032,120,0,0,0,0,0,0,0,0,0,0,0,0,39324,0.143538
holdout2,syn-small-world-50000-k8-r10-v1,08abafb16a2f58def0f2310fdedc18d5cdc4870e51b2f3f4cda02b2c8a04de55,rotating-hot,80,100,balanced-random,small,137,0,0,ADES-V3,43e6afef57c62de9eb550022b7a22e01bf30e4f8356794e4195ad819a1122d7c,120,1,1,0,25165824,20140661,20140311,350,139641,318165,139641,318165,350,350,1856,1856,120,0,0,0,0,0,0,0,0,0,0,0,0,39772,0.144173
holdout2,syn-small-world-50000-k8-r10-v1,08abafb16a2f58def0f2310fdedc18d5cdc4870e51b2f3f4cda02b2c8a04de55,rotating-hot,80,100,balanced-random,small,137,0,1,COLD,43e6afef57c62de9eb550022b7a22e01bf30e4f8356794e4195ad819a1122d7c,120,1,1,0,25165824,20222845,20222475,370,139070,321401,139070,321401,370,370,0,0,120,0,0,0,0,0,0,0,0,0,0,0,0,38584,0.145985
holdout2,syn-small-world-50000-k8-r10-v1,08abafb16a2f58def0f2310fdedc18d5cdc4870e51b2f3f4cda02b2c8a04de55,rotating-hot,80,100,balanced-random,small,137,0,2,B3L,43e6afef57c62de9eb550022b7a22e01bf30e4f8356794e4195ad819a1122d7c,120,1,1,0,25165824,338353317,338352575,742,140,17163950,140,17163950,742,742,24200176,24200176,20,100,0,9,0,0,0,0,0,0,0,0,0,66748,0.465989
holdout2,syn-small-world-50000-k8-r10-v1,08abafb16a2f58def0f2310fdedc18d5cdc4870e51b2f3f4cda02b2c8a04de55,rotating-hot,80,100,balanced-random,small,137,0,3,FREQ-LRU-REPAIR,43e6afef57c62de9eb550022b7a22e01bf30e4f8356794e4195ad819a1122d7c,120,1,1,0,25165824,77115991,77114177,1814,130,322182,130,322182,1814,1814,8800672,8800672,31,89,4,0,4,0,0,0,4,0,0,0,0,49156,0.202880
holdout2,syn-small-world-50000-k8-r10-v1,08abafb16a2f58def0f2310fdedc18d5cdc4870e51b2f3f4cda02b2c8a04de55,rotating-hot,80,100,balanced-random,small,137,0,4,ADES,43e6afef57c62de9eb550022b7a22e01bf30e4f8356794e4195ad819a1122d7c,120,1,1,0,25165824,20319392,20319071,321,137537,318956,137537,318956,321,321,304,304,120,0,0,0,0,0,0,0,0,0,0,0,0,38856,0.144380
holdout2,syn-small-world-50000-k8-r10-v1,08abafb16a2f58def0f2310fdedc18d5cdc4870e51b2f3f4cda02b2c8a04de55,rotating-hot,80,100,balanced-random,small,137,0,5,ADES-V2,43e6afef57c62de9eb550022b7a22e01bf30e4f8356794e4195ad819a1122d7c,120,1,1,0,25165824,20351263,20350922,341,140333,322623,140333,322623,341,341,2032,2032,120,0,0,0,0,0,0,0,0,0,0,0,0,39308,0.144931
holdout2,syn-small-world-50000-k8-r10-v1,08abafb16a2f58def0f2310fdedc18d5cdc4870e51b2f3f4cda02b2c8a04de55,rotating-hot,80,100,balanced-random,small,137,0,0,COLD,43e6afef57c62de9eb550022b7a22e01bf30e4f8356794e4195ad819a1122d7c,120,1,1,0,50331648,20151304,20150873,431,143578,316061,143578,316061,431,431,0,0,120,0,0,0,0,0,0,0,0,0,0,0,0,39828,0.145137
holdout2,syn-small-world-50000-k8-r10-v1,08abafb16a2f58def0f2310fdedc18d5cdc4870e51b2f3f4cda02b2c8a04de55,rotating-hot,80,100,balanced-random,small,137,0,1,B3L,43e6afef57c62de9eb550022b7a22e01bf30e4f8356794e4195ad819a1122d7c,120,1,1,0,50331648,327380040,327378948,1092,151,17114948,151,17114948,1092,1092,41800304,41800304,19,101,0,0,0,0,0,0,0,0,0,0,0,80128,0.455198
holdout2,syn-small-world-50000-k8-r10-v1,08abafb16a2f58def0f2310fdedc18d5cdc4870e51b2f3f4cda02b2c8a04de55,rotating-hot,80,100,balanced-random,small,137,0,2,FREQ-LRU-REPAIR,43e6afef57c62de9eb550022b7a22e01bf30e4f8356794e4195ad819a1122d7c,120,1,1,0,50331648,76776679,76775086,1593,131,321460,131,321460,1593,1593,8800672,8800672,31,89,4,0,4,0,0,0,4,0,0,0,0,49112,0.202389
holdout2,syn-small-world-50000-k8-r10-v1,08abafb16a2f58def0f2310fdedc18d5cdc4870e51b2f3f4cda02b2c8a04de55,rotating-hot,80,100,balanced-random,small,137,0,3,ADES,43e6afef57c62de9eb550022b7a22e01bf30e4f8356794e4195ad819a1122d7c,120,1,1,0,50331648,20348275,20347894,381,142357,318044,142357,318044,381,381,304,304,120,0,0,0,0,0,0,0,0,0,0,0,0,39484,0.144535
holdout2,syn-small-world-50000-k8-r10-v1,08abafb16a2f58def0f2310fdedc18d5cdc4870e51b2f3f4cda02b2c8a04de55,rotating-hot,80,100,balanced-random,small,137,0,4,ADES-V2,43e6afef57c62de9eb550022b7a22e01bf30e4f8356794e4195ad819a1122d7c,120,1,1,0,50331648,20115544,20115203,341,134210,311422,134210,311422,341,341,2032,2032,120,0,0,0,0,0,0,0,0,0,0,0,0,38816,0.144581
holdout2,syn-small-world-50000-k8-r10-v1,08abafb16a2f58def0f2310fdedc18d5cdc4870e51b2f3f4cda02b2c8a04de55,rotating-hot,80,100,balanced-random,small,137,0,5,ADES-V3,43e6afef57c62de9eb550022b7a22e01bf30e4f8356794e4195ad819a1122d7c,120,1,1,0,50331648,20155429,20155008,421,139691,317984,139691,317984,421,421,1856,1856,120,0,0,0,0,0,0,0,0,0,0,0,0,38616,0.144344
holdout2,syn-small-world-50000-k8-r10-v1,08abafb16a2f58def0f2310fdedc18d5cdc4870e51b2f3f4cda02b2c8a04de55,rotating-hot,80,100,balanced-random,small,181,0,0,COLD,34ba2ef18fcf45741f3d147c033cb0f719affa17d19ac2b9e7281bce1067f6ba,120,1,0,1,25165824,20722201,20721791,410,148357,339655,148357,339655,410,410,0,0,120,0,0,0,0,0,0,0,0,0,0,0,0,40052,0.145429
holdout2,syn-small-world-50000-k8-r10-v1,08abafb16a2f58def0f2310fdedc18d5cdc4870e51b2f3f4cda02b2c8a04de55,rotating-hot,80,100,balanced-random,small,181,0,1,B3L,34ba2ef18fcf45741f3d147c033cb0f719affa17d19ac2b9e7281bce1067f6ba,120,1,0,1,25165824,468712695,468701905,10790,80,17190710,80,17190710,10790,10790,24200176,24200176,28,92,0,17,0,0,0,0,0,0,0,0,0,65040,0.595896
holdout2,syn-small-world-50000-k8-r10-v1,08abafb16a2f58def0f2310fdedc18d5cdc4870e51b2f3f4cda02b2c8a04de55,rotating-hot,80,100,balanced-random,small,181,0,2,FREQ-LRU-REPAIR,34ba2ef18fcf45741f3d147c033cb0f719affa17d19ac2b9e7281bce1067f6ba,120,1,0,1,25165824,77029361,77025243,4118,140,336378,140,336378,4118,4118,8800768,8800768,37,83,4,0,4,0,0,0,3,1,0,0,0,47888,0.202181
holdout2,syn-small-world-50000-k8-r10-v1,08abafb16a2f58def0f2310fdedc18d5cdc4870e51b2f3f4cda02b2c8a04de55,rotating-hot,80,100,balanced-random,small,181,0,3,ADES,34ba2ef18fcf45741f3d147c033cb0f719affa17d19ac2b9e7281bce1067f6ba,120,1,0,1,25165824,21117058,21116737,321,152104,337651,152104,337651,321,321,400,400,120,0,0,0,0,0,0,0,0,0,0,0,0,38992,0.145590
holdout2,syn-small-world-50000-k8-r10-v1,08abafb16a2f58def0f2310fdedc18d5cdc4870e51b2f3f4cda02b2c8a04de55,rotating-hot,80,100,balanced-random,small,181,0,4,ADES-V2,34ba2ef18fcf45741f3d147c033cb0f719affa17d19ac2b9e7281bce1067f6ba,120,1,0,1,25165824,20883831,20883451,380,151864,336889,151864,336889,380,380,2032,2032,120,0,0,0,0,0,0,0,0,0,0,0,0,38960,0.144239
holdout2,syn-small-world-50000-k8-r10-v1,08abafb16a2f58def0f2310fdedc18d5cdc4870e51b2f3f4cda02b2c8a04de55,rotating-hot,80,100,balanced-random,small,181,0,5,ADES-V3,34ba2ef18fcf45741f3d147c033cb0f719affa17d19ac2b9e7281bce1067f6ba,120,1,0,1,25165824,20841044,20840663,381,149980,343231,149980,343231,381,381,1856,1856,120,0,0,0,0,0,0,0,0,0,0,0,0,38836,0.144652
holdout2,syn-small-world-50000-k8-r10-v1,08abafb16a2f58def0f2310fdedc18d5cdc4870e51b2f3f4cda02b2c8a04de55,rotating-hot,80,100,balanced-random,small,181,0,0,B3L,34ba2ef18fcf45741f3d147c033cb0f719affa17d19ac2b9e7281bce1067f6ba,120,1,0,1,50331648,427861558,427847512,14046,161,17154332,160,17154332,14046,14046,48400352,48400352,25,95,0,3,0,0,0,0,0,0,0,0,0,89908,0.558933
holdout2,syn-small-world-50000-k8-r10-v1,08abafb16a2f58def0f2310fdedc18d5cdc4870e51b2f3f4cda02b2c8a04de55,rotating-hot,80,100,balanced-random,small,181,0,1,FREQ-LRU-REPAIR,34ba2ef18fcf45741f3d147c033cb0f719affa17d19ac2b9e7281bce1067f6ba,120,1,0,1,50331648,77263989,77260343,3646,140,322883,140,322883,3646,3646,8800768,8800768,37,83,4,0,4,0,0,0,3,1,0,0,0,49144,0.204066
holdout2,syn-small-world-50000-k8-r10-v1,08abafb16a2f58def0f2310fdedc18d5cdc4870e51b2f3f4cda02b2c8a04de55,rotating-hot,80,100,balanced-random,small,181,0,2,ADES,34ba2ef18fcf45741f3d147c033cb0f719affa17d19ac2b9e7281bce1067f6ba,120,1,0,1,50331648,21033783,21033332,451,151764,334064,151764,334064,451,451,400,400,120,0,0,0,0,0,0,0,0,0,0,0,0,38972,0.144568
holdout2,syn-small-world-50000-k8-r10-v1,08abafb16a2f58def0f2310fdedc18d5cdc4870e51b2f3f4cda02b2c8a04de55,rotating-hot,80,100,balanced-random,small,181,0,3,ADES-V2,34ba2ef18fcf45741f3d147c033cb0f719affa17d19ac2b9e7281bce1067f6ba,120,1,0,1,50331648,20814458,20814007,451,150691,332131,150691,332131,451,451,2032,2032,120,0,0,0,0,0,0,0,0,0,0,0,0,40156,0.145149
holdout2,syn-small-world-50000-k8-r10-v1,08abafb16a2f58def0f2310fdedc18d5cdc4870e51b2f3f4cda02b2c8a04de55,rotating-hot,80,100,balanced-random,small,181,0,4,ADES-V3,34ba2ef18fcf45741f3d147c033cb0f719affa17d19ac2b9e7281bce1067f6ba,120,1,0,1,50331648,20820491,20819859,632,150020,348170,150020,348170,632,632,1856,1856,120,0,0,0,0,0,0,0,0,0,0,0,0,38792,0.143716
holdout2,syn-small-world-50000-k8-r10-v1,08abafb16a2f58def0f2310fdedc18d5cdc4870e51b2f3f4cda02b2c8a04de55,rotating-hot,80,100,balanced-random,small,181,0,5,COLD,34ba2ef18fcf45741f3d147c033cb0f719affa17d19ac2b9e7281bce1067f6ba,120,1,0,1,50331648,20818848,20818407,441,148637,338763,148637,338763,441,441,0,0,120,0,0,0,0,0,0,0,0,0,0,0,0,40036,0.145221
holdout2,syn-small-world-50000-k8-r10-v1,08abafb16a2f58def0f2310fdedc18d5cdc4870e51b2f3f4cda02b2c8a04de55,rotating-hot,80,10,increase-only,large,101,0,0,B3L,9fca5503e83bb5bf161652e2e55fffc62751dc566f96abcc5107ab94f95e5c74,120,11,11,0,25165824,464687908,464675684,12224,90,17059059,80,17059059,631,6412,24200176,24200176,28,92,0,17,0,0,0,0,0,0,0,0,0,65044,0.594684
holdout2,syn-small-world-50000-k8-r10-v1,08abafb16a2f58def0f2310fdedc18d5cdc4870e51b2f3f4cda02b2c8a04de55,rotating-hot,80,10,increase-only,large,101,0,1,FREQ-LRU-REPAIR,9fca5503e83bb5bf161652e2e55fffc62751dc566f96abcc5107ab94f95e5c74,120,11,11,0,25165824,76442122,76429931,12191,150,305310,140,305310,991,3046,8800752,8800752,36,84,4,0,4,0,0,0,33,0,2,0,0,47848,0.202044
holdout2,syn-small-world-50000-k8-r10-v1,08abafb16a2f58def0f2310fdedc18d5cdc4870e51b2f3f4cda02b2c8a04de55,rotating-hot,80,10,increase-only,large,101,0,2,ADES,9fca5503e83bb5bf161652e2e55fffc62751dc566f96abcc5107ab94f95e5c74,120,11,11,0,25165824,19993033,19990208,2825,141444,315850,146484,315850,220,501,384,384,120,0,0,0,0,0,0,0,0,0,0,0,0,40060,0.145657
holdout2,syn-small-world-50000-k8-r10-v1,08abafb16a2f58def0f2310fdedc18d5cdc4870e51b2f3f4cda02b2c8a04de55,rotating-hot,80,10,increase-only,large,101,0,3,ADES-V2,9fca5503e83bb5bf161652e2e55fffc62751dc566f96abcc5107ab94f95e5c74,120,11,11,0,25165824,19609622,19606997,2625,138158,304359,144090,304359,201,341,2032,2032,120,0,0,0,0,0,0,0,0,0,0,0,0,38864,0.143227
holdout2,syn-small-world-50000-k8-r10-v1,08abafb16a2f58def0f2310fdedc18d5cdc4870e51b2f3f4cda02b2c8a04de55,rotating-hot,80,10,increase-only,large,101,0,4,ADES-V3,9fca5503e83bb5bf161652e2e55fffc62751dc566f96abcc5107ab94f95e5c74,120,11,11,0,25165824,19353015,19350291,2724,139580,306623,145973,306623,201,460,1856,1856,120,0,0,0,0,0,0,0,0,0,0,0,0,39900,0.143042
holdout2,syn-small-world-50000-k8-r10-v1,08abafb16a2f58def0f2310fdedc18d5cdc4870e51b2f3f4cda02b2c8a04de55,rotating-hot,80,10,increase-only,large,101,0,5,COLD,9fca5503e83bb5bf161652e2e55fffc62751dc566f96abcc5107ab94f95e5c74,120,11,11,0,25165824,19388626,19386120,2506,135774,297525,144870,297525,201,351,0,0,120,0,0,0,0,0,0,0,0,0,0,0,0,38568,0.142985
holdout2,syn-small-world-50000-k8-r10-v1,08abafb16a2f58def0f2310fdedc18d5cdc4870e51b2f3f4cda02b2c8a04de55,rotating-hot,80,10,increase-only,large,101,0,0,FREQ-LRU-REPAIR,9fca5503e83bb5bf161652e2e55fffc62751dc566f96abcc5107ab94f95e5c74,120,11,11,0,50331648,76372762,76360841,11921,131,299530,130,299530,1002,2805,8800752,8800752,36,84,4,0,4,0,0,0,33,0,2,0,0,47952,0.201775
holdout2,syn-small-world-50000-k8-r10-v1,08abafb16a2f58def0f2310fdedc18d5cdc4870e51b2f3f4cda02b2c8a04de55,rotating-hot,80,10,increase-only,large,101,0,1,ADES,9fca5503e83bb5bf161652e2e55fffc62751dc566f96abcc5107ab94f95e5c74,120,11,11,0,50331648,19547732,19545034,2698,137006,297897,143859,297897,200,552,384,384,120,0,0,0,0,0,0,0,0,0,0,0,0,40056,0.145840
holdout2,syn-small-world-50000-k8-r10-v1,08abafb16a2f58def0f2310fdedc18d5cdc4870e51b2f3f4cda02b2c8a04de55,rotating-hot,80,10,increase-only,large,101,0,2,ADES-V2,9fca5503e83bb5bf161652e2e55fffc62751dc566f96abcc5107ab94f95e5c74,120,11,11,0,50331648,19639722,19637396,2326,141013,298217,146955,298217,191,321,2032,2032,120,0,0,0,0,0,0,0,0,0,0,0,0,38784,0.143059
holdout2,syn-small-world-50000-k8-r10-v1,08abafb16a2f58def0f2310fdedc18d5cdc4870e51b2f3f4cda02b2c8a04de55,rotating-hot,80,10,increase-only,large,101,0,3,ADES-V3,9fca5503e83bb5bf161652e2e55fffc62751dc566f96abcc5107ab94f95e5c74,120,11,11,0,50331648,19354248,19351381,2867,136725,297516,142797,297516,240,471,1856,1856,120,0,0,0,0,0,0,0,0,0,0,0,0,39152,0.142894
holdout2,syn-small-world-50000-k8-r10-v1,08abafb16a2f58def0f2310fdedc18d5cdc4870e51b2f3f4cda02b2c8a04de55,rotating-hot,80,10,increase-only,large,101,0,4,COLD,9fca5503e83bb5bf161652e2e55fffc62751dc566f96abcc5107ab94f95e5c74,120,11,11,0,50331648,19514252,19511376,2876,136736,309828,143598,309828,201,731,0,0,120,0,0,0,0,0,0,0,0,0,0,0,0,39864,0.142894
holdout2,syn-small-world-50000-k8-r10-v1,08abafb16a2f58def0f2310fdedc18d5cdc4870e51b2f3f4cda02b2c8a04de55,rotating-hot,80,10,increase-only,large,101,0,5,B3L,9fca5503e83bb5bf161652e2e55fffc62751dc566f96abcc5107ab94f95e5c74,120,11,11,0,50331648,412688301,412663717,24584,160,17200733,150,17200733,862,16962,48400352,48400352,24,96,0,2,0,0,0,0,0,0,0,0,0,89888,0.541923
holdout2,syn-small-world-50000-k8-r10-v1,08abafb16a2f58def0f2310fdedc18d5cdc4870e51b2f3f4cda02b2c8a04de55,rotating-hot,80,10,increase-only,large,137,0,0,FREQ-LRU-REPAIR,e4c5a2d56d594a4d582aa5d10d90ac205ae521f7ea62ed364bf3ad1783d80f01,120,11,11,0,25165824,76456808,76426182,30626,131,352559,130,352559,1072,17072,8800688,8800688,32,88,4,0,4,0,0,0,32,0,3,0,0,49124,0.203785
holdout2,syn-small-world-50000-k8-r10-v1,08abafb16a2f58def0f2310fdedc18d5cdc4870e51b2f3f4cda02b2c8a04de55,rotating-hot,80,10,increase-only,large,137,0,1,ADES,e4c5a2d56d594a4d582aa5d10d90ac205ae521f7ea62ed364bf3ad1783d80f01,120,11,11,0,25165824,19584788,19582304,2484,136044,319427,140041,319427,200,320,320,320,120,0,0,0,0,0,0,0,0,0,0,0,0,39980,0.143018
holdout2,syn-small-world-50000-k8-r10-v1,08abafb16a2f58def0f2310fdedc18d5cdc4870e51b2f3f4cda02b2c8a04de55,rotating-hot,80,10,increase-only,large,137,0,2,ADES-V2,e4c5a2d56d594a4d582aa5d10d90ac205ae521f7ea62ed364bf3ad1783d80f01,120,11,11,0,25165824,19868291,19865904,2387,135683,331630,142847,331630,200,321,2032,2032,120,0,0,0,0,0,0,0,0,0,0,0,0,39980,0.143542
holdout2,syn-small-world-50000-k8-r10-v1,08abafb16a2f58def0f2310fdedc18d5cdc4870e51b2f3f4cda02b2c8a04de55,rotating-hot,80,10,increase-only,large,137,0,3,ADES-V3,e4c5a2d56d594a4d582aa5d10d90ac205ae521f7ea62ed364bf3ad1783d80f01,120,11,11,0,25165824,19489883,19487429,2454,134030,327542,141865,327542,200,360,1856,1856,120,0,0,0,0,0,0,0,0,0,0,0,0,39760,0.143301
holdout2,syn-small-world-50000-k8-r10-v1,08abafb16a2f58def0f2310fdedc18d5cdc4870e51b2f3f4cda02b2c8a04de55,rotating-hot,80,10,increase-only,large,137,0,4,COLD,e4c5a2d56d594a4d582aa5d10d90ac205ae521f7ea62ed364bf3ad1783d80f01,120,11,11,0,25165824,19658699,19655823,2876,137506,329345,141874,329345,201,712,0,0,120,0,0,0,0,0,0,0,0,0,0,0,0,39772,0.143554
holdout2,syn-small-world-50000-k8-r10-v1,08abafb16a2f58def0f2310fdedc18d5cdc4870e51b2f3f4cda02b2c8a04de55,rotating-hot,80,10,increase-only,large,137,0,5,B3L,e4c5a2d56d594a4d582aa5d10d90ac205ae521f7ea62ed364bf3ad1783d80f01,120,11,11,0,25165824,356558552,356273808,284744,120,17156280,80,17156280,551,263412,24200176,24200176,21,99,0,10,0,0,0,0,0,0,0,0,0,66272,0.483751
holdout2,syn-small-world-50000-k8-r10-v1,08abafb16a2f58def0f2310fdedc18d5cdc4870e51b2f3f4cda02b2c8a04de55,rotating-hot,80,10,increase-only,large,137,0,0,ADES,e4c5a2d56d594a4d582aa5d10d90ac205ae521f7ea62ed364bf3ad1783d80f01,120,11,11,0,50331648,19640578,19638066,2512,130503,324176,143258,324176,200,531,320,320,120,0,0,0,0,0,0,0,0,0,0,0,0,38620,0.145855
holdout2,syn-small-world-50000-k8-r10-v1,08abafb16a2f58def0f2310fdedc18d5cdc4870e51b2f3f4cda02b2c8a04de55,rotating-hot,80,10,increase-only,large,137,0,1,ADES-V2,e4c5a2d56d594a4d582aa5d10d90ac205ae521f7ea62ed364bf3ad1783d80f01,120,11,11,0,50331648,19849174,19846811,2363,130604,323385,147696,323385,191,340,2032,2032,120,0,0,0,0,0,0,0,0,0,0,0,0,38884,0.144460
holdout2,syn-small-world-50000-k8-r10-v1,08abafb16a2f58def0f2310fdedc18d5cdc4870e51b2f3f4cda02b2c8a04de55,rotating-hot,80,10,increase-only,large,137,0,2,ADES-V3,e4c5a2d56d594a4d582aa5d10d90ac205ae521f7ea62ed364bf3ad1783d80f01,120,11,11,0,50331648,19699950,19697244,2706,133449,322372,142366,322372,201,570,1856,1856,120,0,0,0,0,0,0,0,0,0,0,0,0,38560,0.142784
holdout2,syn-small-world-50000-k8-r10-v1,08abafb16a2f58def0f2310fdedc18d5cdc4870e51b2f3f4cda02b2c8a04de55,rotating-hot,80,10,increase-only,large,137,0,3,COLD,e4c5a2d56d594a4d582aa5d10d90ac205ae521f7ea62ed364bf3ad1783d80f01,120,11,11,0,50331648,19536518,19534045,2473,136936,326290,144850,326290,200,470,0,0,120,0,0,0,0,0,0,0,0,0,0,0,0,40360,0.144469
holdout2,syn-small-world-50000-k8-r10-v1,08abafb16a2f58def0f2310fdedc18d5cdc4870e51b2f3f4cda02b2c8a04de55,rotating-hot,80,10,increase-only,large,137,0,4,B3L,e4c5a2d56d594a4d582aa5d10d90ac205ae521f7ea62ed364bf3ad1783d80f01,120,11,11,0,50331648,345375572,345077414,298158,150,17168854,131,17168854,902,257571,44000320,44000320,20,100,0,0,0,0,0,0,0,0,0,0,0,83436,0.473741
holdout2,syn-small-world-50000-k8-r10-v1,08abafb16a2f58def0f2310fdedc18d5cdc4870e51b2f3f4cda02b2c8a04de55,rotating-hot,80,10,increase-only,large,137,0,5,FREQ-LRU-REPAIR,e4c5a2d56d594a4d582aa5d10d90ac205ae521f7ea62ed364bf3ad1783d80f01,120,11,11,0,50331648,76999696,76968798,30898,130,356827,120,356827,962,17673,8800688,8800688,32,88,4,0,4,0,0,0,32,0,3,0,0,47880,0.202625
holdout2,syn-small-world-50000-k8-r10-v1,08abafb16a2f58def0f2310fdedc18d5cdc4870e51b2f3f4cda02b2c8a04de55,rotating-hot,80,10,increase-only,large,181,0,0,ADES,2128cb402ed4b6f752c9f0c10b2be82b24fbe34694ee965709b03a76652666ad,120,11,11,0,25165824,19864341,19861863,2478,138729,332812,144850,332812,200,461,512,512,120,0,0,0,0,0,0,0,0,0,0,0,0,40016,0.144107
holdout2,syn-small-world-50000-k8-r10-v1,08abafb16a2f58def0f2310fdedc18d5cdc4870e51b2f3f4cda02b2c8a04de55,rotating-hot,80,10,increase-only,large,181,0,1,ADES-V2,2128cb402ed4b6f752c9f0c10b2be82b24fbe34694ee965709b03a76652666ad,120,11,11,0,25165824,19791384,19788829,2555,132458,333673,142947,333673,200,411,2032,2032,120,0,0,0,0,0,0,0,0,0,0,0,0,40068,0.143300
holdout2,syn-small-world-50000-k8-r10-v1,08abafb16a2f58def0f2310fdedc18d5cdc4870e51b2f3f4cda02b2c8a04de55,rotating-hot,80,10,increase-only,large,181,0,2,ADES-V3,2128cb402ed4b6f752c9f0c10b2be82b24fbe34694ee965709b03a76652666ad,120,11,11,0,25165824,19627959,19625525,2434,133149,329165,143398,329165,200,451,1856,1856,120,0,0,0,0,0,0,0,0,0,0,0,0,38596,0.143669
holdout2,syn-small-world-50000-k8-r10-v1,08abafb16a2f58def0f2310fdedc18d5cdc4870e51b2f3f4cda02b2c8a04de55,rotating-hot,80,10,increase-only,large,181,0,3,COLD,2128cb402ed4b6f752c9f0c10b2be82b24fbe34694ee965709b03a76652666ad,120,11,11,0,25165824,19607394,19605060,2334,132337,333483,145592,333483,200,361,0,0,120,0,0,0,0,0,0,0,0,0,0,0,0,39888,0.144882
holdout2,syn-small-world-50000-k8-r10-v1,08abafb16a2f58def0f2310fdedc18d5cdc4870e51b2f3f4cda02b2c8a04de55,rotating-hot,80,10,increase-only,large,181,0,4,B3L,2128cb402ed4b6f752c9f0c10b2be82b24fbe34694ee965709b03a76652666ad,120,11,11,0,25165824,594195625,594179654,15971,120,17089725,111,17089725,612,5500,24200176,24200176,36,84,0,25,0,0,0,0,0,0,0,0,0,65024,0.721988
holdout2,syn-small-world-50000-k8-r10-v1,08abafb16a2f58def0f2310fdedc18d5cdc4870e51b2f3f4cda02b2c8a04de55,rotating-hot,80,10,increase-only,large,181,0,5,FREQ-LRU-REPAIR,2128cb402ed4b6f752c9f0c10b2be82b24fbe34694ee965709b03a76652666ad,120,11,11,0,25165824,78491641,78477364,14277,141,343732,140,343732,1132,2424,8800880,8800880,44,76,4,0,4,0,0,0,31,0,4,0,0,47988,0.205764
holdout2,syn-small-world-50000-k8-r10-v1,08abafb16a2f58def0f2310fdedc18d5cdc4870e51b2f3f4cda02b2c8a04de55,rotating-hot,80,10,increase-only,large,181,0,0,ADES-V2,2128cb402ed4b6f752c9f0c10b2be82b24fbe34694ee965709b03a76652666ad,120,11,11,0,50331648,20065559,20063096,2463,136766,339004,148527,339004,200,321,2032,2032,120,0,0,0,0,0,0,0,0,0,0,0,0,40048,0.145823
holdout2,syn-small-world-50000-k8-r10-v1,08abafb16a2f58def0f2310fdedc18d5cdc4870e51b2f3f4cda02b2c8a04de55,rotating-hot,80,10,increase-only,large,181,0,1,ADES-V3,2128cb402ed4b6f752c9f0c10b2be82b24fbe34694ee965709b03a76652666ad,120,11,11,0,50331648,19483779,19481322,2457,129361,327221,142346,327221,201,381,1856,1856,120,0,0,0,0,0,0,0,0,0,0,0,0,39868,0.143940
holdout2,syn-small-world-50000-k8-r10-v1,08abafb16a2f58def0f2310fdedc18d5cdc4870e51b2f3f4cda02b2c8a04de55,rotating-hot,80,10,increase-only,large,181,0,2,COLD,2128cb402ed4b6f752c9f0c10b2be82b24fbe34694ee965709b03a76652666ad,120,11,11,0,50331648,19481061,19478585,2476,131054,332972,142296,332972,191,391,0,0,120,0,0,0,0,0,0,0,0,0,0,0,0,38708,0.143766
holdout2,syn-small-world-50000-k8-r10-v1,08abafb16a2f58def0f2310fdedc18d5cdc4870e51b2f3f4cda02b2c8a04de55,rotating-hot,80,10,increase-only,large,181,0,3,B3L,2128cb402ed4b6f752c9f0c10b2be82b24fbe34694ee965709b03a76652666ad,120,11,11,0,50331648,541088403,541060620,27783,231,17167912,190,17167912,1302,9638,48400352,48400352,32,88,0,10,0,0,0,0,0,0,0,0,0,89868,0.670572
holdout2,syn-small-world-50000-k8-r10-v1,08abafb16a2f58def0f2310fdedc18d5cdc4870e51b2f3f4cda02b2c8a04de55,rotating-hot,80,10,increase-only,large,181,0,4,FREQ-LRU-REPAIR,2128cb402ed4b6f752c9f0c10b2be82b24fbe34694ee965709b03a76652666ad,120,11,11,0,50331648,78944431,78917811,26620,191,353651,160,353651,1182,12794,8800880,8800880,44,76,4,0,4,0,0,0,31,0,4,0,0,49160,0.204412
holdout2,syn-small-world-50000-k8-r10-v1,08abafb16a2f58def0f2310fdedc18d5cdc4870e51b2f3f4cda02b2c8a04de55,rotating-hot,80,10,increase-only,large,181,0,5,ADES,2128cb402ed4b6f752c9f0c10b2be82b24fbe34694ee965709b03a76652666ad,120,11,11,0,50331648,19669769,19667394,2375,132287,333834,143598,333834,200,321,512,512,120,0,0,0,0,0,0,0,0,0,0,0,0,40512,0.143709
holdout2,syn-small-world-50000-k8-r10-v1,08abafb16a2f58def0f2310fdedc18d5cdc4870e51b2f3f4cda02b2c8a04de55,rotating-hot,80,100,increase-only,large,101,0,0,ADES-V2,e68a63842ccaa793d0567c6b579fc0ebde641ecda143582302599dac8e760872,120,1,1,0,25165824,18991346,18991005,341,143368,301383,143368,301383,341,341,2032,2032,120,0,0,0,0,0,0,0,0,0,0,0,0,39940,0.143528
holdout2,syn-small-world-50000-k8-r10-v1,08abafb16a2f58def0f2310fdedc18d5cdc4870e51b2f3f4cda02b2c8a04de55,rotating-hot,80,100,increase-only,large,101,0,1,ADES-V3,e68a63842ccaa793d0567c6b579fc0ebde641ecda143582302599dac8e760872,120,1,1,0,25165824,18931287,18930906,381,142386,309789,142386,309789,381,381,1856,1856,120,0,0,0,0,0,0,0,0,0,0,0,0,39864,0.142989
holdout2,syn-small-world-50000-k8-r10-v1,08abafb16a2f58def0f2310fdedc18d5cdc4870e51b2f3f4cda02b2c8a04de55,rotating-hot,80,100,increase-only,large,101,0,2,COLD,e68a63842ccaa793d0567c6b579fc0ebde641ecda143582302599dac8e760872,120,1,1,0,25165824,18941860,18941479,381,142747,308716,142747,308716,381,381,0,0,120,0,0,0,0,0,0,0,0,0,0,0,0,39800,0.144308
holdout2,syn-small-world-50000-k8-r10-v1,08abafb16a2f58def0f2310fdedc18d5cdc4870e51b2f3f4cda02b2c8a04de55,rotating-hot,80,100,increase-only,large,101,0,3,B3L,e68a63842ccaa793d0567c6b579fc0ebde641ecda143582302599dac8e760872,120,1,1,0,25165824,468174479,468173598,881,70,17143347,70,17143347,881,881,24200176,24200176,28,92,0,17,0,0,0,0,0,0,0,0,0,66296,0.596274
holdout2,syn-small-world-50000-k8-r10-v1,08abafb16a2f58def0f2310fdedc18d5cdc4870e51b2f3f4cda02b2c8a04de55,rotating-hot,80,100,increase-only,large,101,0,4,FREQ-LRU-REPAIR,e68a63842ccaa793d0567c6b579fc0ebde641ecda143582302599dac8e760872,120,1,1,0,25165824,76785195,76783612,1583,131,308947,131,308947,1583,1583,8800752,8800752,36,84,4,0,4,0,0,0,4,0,0,0,0,49208,0.203422
holdout2,syn-small-world-50000-k8-r10-v1,08abafb16a2f58def0f2310fdedc18d5cdc4870e51b2f3f4cda02b2c8a04de55,rotating-hot,80,100,increase-only,large,101,0,5,ADES,e68a63842ccaa793d0567c6b579fc0ebde641ecda143582302599dac8e760872,120,1,1,0,25165824,19351076,19350716,360,148277,307565,148277,307565,360,360,384,384,120,0,0,0,0,0,0,0,0,0,0,0,0,40000,0.144586
holdout2,syn-small-world-50000-k8-r10-v1,08abafb16a2f58def0f2310fdedc18d5cdc4870e51b2f3f4cda02b2c8a04de55,rotating-hot,80,100,increase-only,large,101,0,0,ADES-V3,e68a63842ccaa793d0567c6b579fc0ebde641ecda143582302599dac8e760872,120,1,1,0,50331648,19226948,19226517,431,143047,313786,143047,313786,431,431,1856,1856,120,0,0,0,0,0,0,0,0,0,0,0,0,39072,0.142951
holdout2,syn-small-world-50000-k8-r10-v1,08abafb16a2f58def0f2310fdedc18d5cdc4870e51b2f3f4cda02b2c8a04de55,rotating-hot,80,100,increase-only,large,101,0,1,COLD,e68a63842ccaa793d0567c6b579fc0ebde641ecda143582302599dac8e760872,120,1,1,0,50331648,18920146,18919745,401,145602,308026,145602,308026,401,401,0,0,120,0,0,0,0,0,0,0,0,0,0,0,0,38616,0.142952
holdout2,syn-small-world-50000-k8-r10-v1,08abafb16a2f58def0f2310fdedc18d5cdc4870e51b2f3f4cda02b2c8a04de55,rotating-hot,80,100,increase-only,large,101,0,2,B3L,e68a63842ccaa793d0567c6b579fc0ebde641ecda143582302599dac8e760872,120,1,1,0,50331648,412957298,412955724,1574,200,17215973,190,17215973,1574,1574,48400352,48400352,24,96,0,2,0,0,0,0,0,0,0,0,0,88780,0.543166
holdout2,syn-small-world-50000-k8-r10-v1,08abafb16a2f58def0f2310fdedc18d5cdc4870e51b2f3f4cda02b2c8a04de55,rotating-hot,80,100,increase-only,large,101,0,3,FREQ-LRU-REPAIR,e68a63842ccaa793d0567c6b579fc0ebde641ecda143582302599dac8e760872,120,1,1,0,50331648,76626718,76625104,1614,131,316421,130,316421,1614,1614,8800752,8800752,36,84,4,0,4,0,0,0,4,0,0,0,0,48464,0.201910
holdout2,syn-small-world-50000-k8-r10-v1,08abafb16a2f58def0f2310fdedc18d5cdc4870e51b2f3f4cda02b2c8a04de55,rotating-hot,80,100,increase-only,large,101,0,4,ADES,e68a63842ccaa793d0567c6b579fc0ebde641ecda143582302599dac8e760872,120,1,1,0,50331648,19236174,19235703,471,145893,305150,145893,305150,471,471,384,384,120,0,0,0,0,0,0,0,0,0,0,0,0,38776,0.142658
holdout2,syn-small-world-50000-k8-r10-v1,08abafb16a2f58def0f2310fdedc18d5cdc4870e51b2f3f4cda02b2c8a04de55,rotating-hot,80,100,increase-only,large,101,0,5,ADES-V2,e68a63842ccaa793d0567c6b579fc0ebde641ecda143582302599dac8e760872,120,1,1,0,50331648,19124055,19123574,481,145652,300942,145652,300942,481,481,2032,2032,120,0,0,0,0,0,0,0,0,0,0,0,0,38804,0.144116
holdout2,syn-small-world-50000-k8-r10-v1,08abafb16a2f58def0f2310fdedc18d5cdc4870e51b2f3f4cda02b2c8a04de55,rotating-hot,80,100,increase-only,large,137,0,0,ADES-V3,fa13c73f19d72056744781681470cffdbf5e8e9e400b0baf82cdc1c9cb28d3cd,120,1,1,0,25165824,19987321,19986930,391,135423,326570,135423,326570,391,391,1856,1856,120,0,0,0,0,0,0,0,0,0,0,0,0,38560,0.143557
holdout2,syn-small-world-50000-k8-r10-v1,08abafb16a2f58def0f2310fdedc18d5cdc4870e51b2f3f4cda02b2c8a04de55,rotating-hot,80,100,increase-only,large,137,0,1,COLD,fa13c73f19d72056744781681470cffdbf5e8e9e400b0baf82cdc1c9cb28d3cd,120,1,1,0,25165824,19878391,19877980,411,133069,314087,133069,314087,411,411,0,0,120,0,0,0,0,0,0,0,0,0,0,0,0,38732,0.144836
holdout2,syn-small-world-50000-k8-r10-v1,08abafb16a2f58def0f2310fdedc18d5cdc4870e51b2f3f4cda02b2c8a04de55,rotating-hot,80,100,increase-only,large,137,0,2,B3L,fa13c73f19d72056744781681470cffdbf5e8e9e400b0baf82cdc1c9cb28d3cd,120,1,1,0,25165824,355278822,355278201,621,140,17116867,140,17116867,621,621,24200176,24200176,21,99,0,10,0,0,0,0,0,0,0,0,0,65124,0.481524
holdout2,syn-small-world-50000-k8-r10-v1,08abafb16a2f58def0f2310fdedc18d5cdc4870e51b2f3f4cda02b2c8a04de55,rotating-hot,80,100,increase-only,large,137,0,3,FREQ-LRU-REPAIR,fa13c73f19d72056744781681470cffdbf5e8e9e400b0baf82cdc1c9cb28d3cd,120,1,1,0,25165824,76866909,76865467,1442,130,322051,130,322051,1442,1442,8800688,8800688,32,88,4,0,4,0,0,0,4,0,0,0,0,48468,0.205983
holdout2,syn-small-world-50000-k8-r10-v1,08abafb16a2f58def0f2310fdedc18d5cdc4870e51b2f3f4cda02b2c8a04de55,rotating-hot,80,100,increase-only,large,137,0,4,ADES,fa13c73f19d72056744781681470cffdbf5e8e9e400b0baf82cdc1c9cb28d3cd,120,1,1,0,25165824,20078106,20077745,361,140082,314528,140082,314528,361,361,320,320,120,0,0,0,0,0,0,0,0,0,0,0,0,38844,0.144830
holdout2,syn-small-world-50000-k8-r10-v1,08abafb16a2f58def0f2310fdedc18d5cdc4870e51b2f3f4cda02b2c8a04de55,rotating-hot,80,100,increase-only,large,137,0,5,ADES-V2,fa13c73f19d72056744781681470cffdbf5e8e9e400b0baf82cdc1c9cb28d3cd,120,1,1,0,25165824,20080519,20080168,351,133900,316732,133900,316732,351,351,2032,2032,120,0,0,0,0,0,0,0,0,0,0,0,0,38744,0.143535
holdout2,syn-small-world-50000-k8-r10-v1,08abafb16a2f58def0f2310fdedc18d5cdc4870e51b2f3f4cda02b2c8a04de55,rotating-hot,80,100,increase-only,large,137,0,0,COLD,fa13c73f19d72056744781681470cffdbf5e8e9e400b0baf82cdc1c9cb28d3cd,120,1,1,0,50331648,19923261,19922860,401,136505,313335,136505,313335,401,401,0,0,120,0,0,0,0,0,0,0,0,0,0,0,0,39836,0.144049
holdout2,syn-small-world-50000-k8-r10-v1,08abafb16a2f58def0f2310fdedc18d5cdc4870e51b2f3f4cda02b2c8a04de55,rotating-hot,80,100,increase-only,large,137,0,1,B3L,fa13c73f19d72056744781681470cffdbf5e8e9e400b0baf82cdc1c9cb28d3cd,120,1,1,0,50331648,344901525,344900383,1142,150,17174616,150,17174616,1142,1142,44000320,44000320,20,100,0,0,0,0,0,0,0,0,0,0,0,82312,0.473487
holdout2,syn-small-world-50000-k8-r10-v1,08abafb16a2f58def0f2310fdedc18d5cdc4870e51b2f3f4cda02b2c8a04de55,rotating-hot,80,100,increase-only,large,137,0,2,FREQ-LRU-REPAIR,fa13c73f19d72056744781681470cffdbf5e8e9e400b0baf82cdc1c9cb28d3cd,120,1,1,0,50331648,76761772,76760259,1513,130,341208,130,341208,1513,1513,8800688,8800688,32,88,4,0,4,0,0,0,4,0,0,0,0,49084,0.202714
holdout2,syn-small-world-50000-k8-r10-v1,08abafb16a2f58def0f2310fdedc18d5cdc4870e51b2f3f4cda02b2c8a04de55,rotating-hot,80,100,increase-only,large,137,0,3,ADES,fa13c73f19d72056744781681470cffdbf5e8e9e400b0baf82cdc1c9cb28d3cd,120,1,1,0,50331648,20019036,20007344,11692,136705,315830,136705,315830,11692,11692,320,320,120,0,0,0,0,0,0,0,0,0,0,0,0,39308,0.145721
holdout2,syn-small-world-50000-k8-r10-v1,08abafb16a2f58def0f2310fdedc18d5cdc4870e51b2f3f4cda02b2c8a04de55,rotating-hot,80,100,increase-only,large,137,0,4,ADES-V2,fa13c73f19d72056744781681470cffdbf5e8e9e400b0baf82cdc1c9cb28d3cd,120,1,1,0,50331648,20190208,20189747,461,141565,325268,141565,325268,461,461,2032,2032,120,0,0,0,0,0,0,0,0,0,0,0,0,38868,0.143326
holdout2,syn-small-world-50000-k8-r10-v1,08abafb16a2f58def0f2310fdedc18d5cdc4870e51b2f3f4cda02b2c8a04de55,rotating-hot,80,100,increase-only,large,137,0,5,ADES-V3,fa13c73f19d72056744781681470cffdbf5e8e9e400b0baf82cdc1c9cb28d3cd,120,1,1,0,50331648,20065274,20064763,511,137456,317533,137456,317533,511,511,1856,1856,120,0,0,0,0,0,0,0,0,0,0,0,0,39800,0.143404
holdout2,syn-small-world-50000-k8-r10-v1,08abafb16a2f58def0f2310fdedc18d5cdc4870e51b2f3f4cda02b2c8a04de55,rotating-hot,80,100,increase-only,large,181,0,0,COLD,b9a64b39ca169cab03dec1d648419bbe3e8ddc0251b994d42cc4de28d7928496,120,1,1,0,25165824,20912105,20911705,400,150982,347810,150982,347810,400,400,0,0,120,0,0,0,0,0,0,0,0,0,0,0,0,38808,0.145685
holdout2,syn-small-world-50000-k8-r10-v1,08abafb16a2f58def0f2310fdedc18d5cdc4870e51b2f3f4cda02b2c8a04de55,rotating-hot,80,100,increase-only,large,181,0,1,B3L,b9a64b39ca169cab03dec1d648419bbe3e8ddc0251b994d42cc4de28d7928496,120,1,1,0,25165824,484299222,484298390,832,80,17108883,80,17108883,832,832,24200176,24200176,29,91,0,18,0,0,0,0,0,0,0,0,0,65008,0.611397
holdout2,syn-small-world-50000-k8-r10-v1,08abafb16a2f58def0f2310fdedc18d5cdc4870e51b2f3f4cda02b2c8a04de55,rotating-hot,80,100,increase-only,large,181,0,2,FREQ-LRU-REPAIR,b9a64b39ca169cab03dec1d648419bbe3e8ddc0251b994d42cc4de28d7928496,120,1,1,0,25165824,77700822,77699189,1633,140,322352,140,322352,1633,1633,8800784,8800784,38,82,4,0,4,0,0,0,4,0,0,0,0,48432,0.202252
holdout2,syn-small-world-50000-k8-r10-v1,08abafb16a2f58def0f2310fdedc18d5cdc4870e51b2f3f4cda02b2c8a04de55,rotating-hot,80,100,increase-only,large,181,0,3,ADES,b9a64b39ca169cab03dec1d648419bbe3e8ddc0251b994d42cc4de28d7928496,120,1,1,0,25165824,21099511,21099150,361,150571,342630,150571,342630,361,361,416,416,120,0,0,0,0,0,0,0,0,0,0,0,0,39064,0.145617
holdout2,syn-small-world-50000-k8-r10-v1,08abafb16a2f58def0f2310fdedc18d5cdc4870e51b2f3f4cda02b2c8a04de55,rotating-hot,80,100,increase-only,large,181,0,4,ADES-V2,b9a64b39ca169cab03dec1d648419bbe3e8ddc0251b994d42cc4de28d7928496,120,1,1,0,25165824,20940962,20940621,341,150862,338151,150862,338151,341,341,2032,2032,120,0,0,0,0,0,0,0,0,0,0,0,0,39480,0.145139
holdout2,syn-small-world-50000-k8-r10-v1,08abafb16a2f58def0f2310fdedc18d5cdc4870e51b2f3f4cda02b2c8a04de55,rotating-hot,80,100,increase-only,large,181,0,5,ADES-V3,b9a64b39ca169cab03dec1d648419bbe3e8ddc0251b994d42cc4de28d7928496,120,1,1,0,25165824,20958210,20957849,361,145852,348821,145852,348821,361,361,1856,1856,120,0,0,0,0,0,0,0,0,0,0,0,0,38876,0.145283
holdout2,syn-small-world-50000-k8-r10-v1,08abafb16a2f58def0f2310fdedc18d5cdc4870e51b2f3f4cda02b2c8a04de55,rotating-hot,80,100,increase-only,large,181,0,0,B3L,b9a64b39ca169cab03dec1d648419bbe3e8ddc0251b994d42cc4de28d7928496,120,1,1,0,50331648,444382223,444380540,1683,200,17143317,180,17143317,1683,1683,48400352,48400352,26,94,0,4,0,0,0,0,0,0,0,0,0,89180,0.573419
holdout2,syn-small-world-50000-k8-r10-v1,08abafb16a2f58def0f2310fdedc18d5cdc4870e51b2f3f4cda02b2c8a04de55,rotating-hot,80,100,increase-only,large,181,0,1,FREQ-LRU-REPAIR,b9a64b39ca169cab03dec1d648419bbe3e8ddc0251b994d42cc4de28d7928496,120,1,1,0,50331648,77429508,77427754,1754,140,337641,140,337641,1754,1754,8800784,8800784,38,82,4,0,4,0,0,0,4,0,0,0,0,49068,0.206673
holdout2,syn-small-world-50000-k8-r10-v1,08abafb16a2f58def0f2310fdedc18d5cdc4870e51b2f3f4cda02b2c8a04de55,rotating-hot,80,100,increase-only,large,181,0,2,ADES,b9a64b39ca169cab03dec1d648419bbe3e8ddc0251b994d42cc4de28d7928496,120,1,1,0,50331648,21110287,21109906,381,152956,351226,152956,351226,381,381,416,416,120,0,0,0,0,0,0,0,0,0,0,0,0,38984,0.145558
holdout2,syn-small-world-50000-k8-r10-v1,08abafb16a2f58def0f2310fdedc18d5cdc4870e51b2f3f4cda02b2c8a04de55,rotating-hot,80,100,increase-only,large,181,0,3,ADES-V2,b9a64b39ca169cab03dec1d648419bbe3e8ddc0251b994d42cc4de28d7928496,120,1,1,0,50331648,21526251,21525900,351,153837,349764,153837,349764,351,351,2032,2032,120,0,0,0,0,0,0,0,0,0,0,0,0,40196,0.146319
holdout2,syn-small-world-50000-k8-r10-v1,08abafb16a2f58def0f2310fdedc18d5cdc4870e51b2f3f4cda02b2c8a04de55,rotating-hot,80,100,increase-only,large,181,0,4,ADES-V3,b9a64b39ca169cab03dec1d648419bbe3e8ddc0251b994d42cc4de28d7928496,120,1,1,0,50331648,20909899,20909518,381,144580,351737,144580,351737,381,381,1856,1856,120,0,0,0,0,0,0,0,0,0,0,0,0,38860,0.145123
holdout2,syn-small-world-50000-k8-r10-v1,08abafb16a2f58def0f2310fdedc18d5cdc4870e51b2f3f4cda02b2c8a04de55,rotating-hot,80,100,increase-only,large,181,0,5,COLD,b9a64b39ca169cab03dec1d648419bbe3e8ddc0251b994d42cc4de28d7928496,120,1,1,0,50331648,20873098,20872727,371,149449,342410,149449,342410,371,371,0,0,120,0,0,0,0,0,0,0,0,0,0,0,0,38872,0.145510
