phase,graph_id,graph_sha256,family,update_interval,update_mode,seed,repeat,execution_order,profile,trace_sha256,queries,updates,increase_count,decrease_count,budget_bytes,algorithm_ns,query_ns,update_ns,operation_p50_ns,operation_p95_ns,query_p50_ns,query_p95_ns,update_p50_ns,update_p95_ns,accounted_bytes,peak_accounted_bytes,cold_queries,resident_queries,promotions,evictions,rebuilds,repair_aborts,cooldown_blocks,admission_rejections,filtered_updates,decrease_repairs,increase_repairs,memory_budget_rejections,memory_metadata_prunes,peak_rss_kb,wall_s
development,ny-road-distance,7b2446c7ffe6179efbc42af6812448e8cb782f12968ca2bb1d50d979343056d4,uniform,5,strict-alternating,7,0,0,B3L,b3375eeba6b29960f5cface76beb76048f0a564a368629bd3ccd552ce7ca1e8a,60,11,6,5,16777216,3426058914,3426040420,18494,56697447,59957519,57273179,59957519,972,7634,11631240,11631240,60,0,0,59,0,0,0,0,0,0,0,0,0,117096,3.811922
development,ny-road-distance,7b2446c7ffe6179efbc42af6812448e8cb782f12968ca2bb1d50d979343056d4,uniform,5,strict-alternating,7,0,1,FREQ-LRU-REPAIR,b3375eeba6b29960f5cface76beb76048f0a564a368629bd3ccd552ce7ca1e8a,60,11,6,5,16777216,912064788,912059389,5399,7226719,31598221,11424347,31598221,501,701,960,960,60,0,0,0,0,0,0,0,0,0,0,0,0,99380,1.278966
development,ny-road-distance,7b2446c7ffe6179efbc42af6812448e8cb782f12968ca2bb1d50d979343056d4,uniform,5,strict-alternating,7,0,2,ADES,b3375eeba6b29960f5cface76beb76048f0a564a368629bd3ccd552ce7ca1e8a,60,11,6,5,16777216,912637496,912631623,5873,7549651,33189234,12331978,33189234,451,1002,960,960,60,0,0,0,0,0,0,0,0,0,0,0,0,99528,1.280241
development,ny-road-distance,7b2446c7ffe6179efbc42af6812448e8cb782f12968ca2bb1d50d979343056d4,uniform,5,strict-alternating,7,0,3,ADES-V2,b3375eeba6b29960f5cface76beb76048f0a564a368629bd3ccd552ce7ca1e8a,60,11,6,5,16777216,903373345,903367325,6020,7047134,34328254,12063426,34328254,491,811,1856,1856,60,0,0,0,0,0,0,0,0,0,0,0,0,98524,1.275263
development,ny-road-distance,7b2446c7ffe6179efbc42af6812448e8cb782f12968ca2bb1d50d979343056d4,uniform,5,strict-alternating,7,0,4,COLD,b3375eeba6b29960f5cface76beb76048f0a564a368629bd3ccd552ce7ca1e8a,60,11,6,5,16777216,901977948,901969954,7994,7501558,32649096,11287496,32649096,711,1162,0,0,60,0,0,0,0,0,0,0,0,0,0,0,0,98552,1.269835
development,ny-road-distance,7b2446c7ffe6179efbc42af6812448e8cb782f12968ca2bb1d50d979343056d4,uniform,5,strict-alternating,7,1,0,FREQ-LRU-REPAIR,b3375eeba6b29960f5cface76beb76048f0a564a368629bd3ccd552ce7ca1e8a,60,11,6,5,16777216,1027284995,1027278501,6494,9458459,35466629,13669539,35466629,602,812,960,960,60,0,0,0,0,0,0,0,0,0,0,0,0,99424,1.403777
development,ny-road-distance,7b2446c7ffe6179efbc42af6812448e8cb782f12968ca2bb1d50d979343056d4,uniform,5,strict-alternating,7,1,1,ADES,b3375eeba6b29960f5cface76beb76048f0a564a368629bd3ccd552ce7ca1e8a,60,11,6,5,16777216,981840700,981834100,6600,8257563,34152162,12544284,34152162,611,811,960,960,60,0,0,0,0,0,0,0,0,0,0,0,0,99516,1.356876
development,ny-road-distance,7b2446c7ffe6179efbc42af6812448e8cb782f12968ca2bb1d50d979343056d4,uniform,5,strict-alternating,7,1,2,ADES-V2,b3375eeba6b29960f5cface76beb76048f0a564a368629bd3ccd552ce7ca1e8a,60,11,6,5,16777216,908099757,908094256,5501,7435693,32730005,12310288,32730005,471,872,1856,1856,60,0,0,0,0,0,0,0,0,0,0,0,0,97456,1.273304
development,ny-road-distance,7b2446c7ffe6179efbc42af6812448e8cb782f12968ca2bb1d50d979343056d4,uniform,5,strict-alternating,7,1,3,COLD,b3375eeba6b29960f5cface76beb76048f0a564a368629bd3ccd552ce7ca1e8a,60,11,6,5,16777216,928197837,928189672,8165,7583479,32695300,12090098,32695300,721,962,0,0,60,0,0,0,0,0,0,0,0,0,0,0,0,97500,1.295378
development,ny-road-distance,7b2446c7ffe6179efbc42af6812448e8cb782f12968ca2bb1d50d979343056d4,uniform,5,strict-alternating,7,1,4,B3L,b3375eeba6b29960f5cface76beb76048f0a564a368629bd3ccd552ce7ca1e8a,60,11,6,5,16777216,3420966324,3420951976,14348,56603944,59276947,57020511,59276947,581,5430,11631240,11631240,60,0,0,59,0,0,0,0,0,0,0,0,0,117008,3.789958
development,ny-road-distance,7b2446c7ffe6179efbc42af6812448e8cb782f12968ca2bb1d50d979343056d4,uniform,5,strict-alternating,7,0,0,FREQ-LRU-REPAIR,b3375eeba6b29960f5cface76beb76048f0a564a368629bd3ccd552ce7ca1e8a,60,11,6,5,67108864,961470401,961463549,6852,7787535,34791357,12771816,34791357,581,992,960,960,60,0,0,0,0,0,0,0,0,0,0,0,0,99452,1.330033
development,ny-road-distance,7b2446c7ffe6179efbc42af6812448e8cb782f12968ca2bb1d50d979343056d4,uniform,5,strict-alternating,7,0,1,ADES,b3375eeba6b29960f5cface76beb76048f0a564a368629bd3ccd552ce7ca1e8a,60,11,6,5,67108864,975477618,975469892,7726,8851300,34259667,12049515,34259667,672,1093,960,960,60,0,0,0,0,0,0,0,0,0,0,0,0,98988,1.342863
development,ny-road-distance,7b2446c7ffe6179efbc42af6812448e8cb782f12968ca2bb1d50d979343056d4,uniform,5,strict-alternating,7,0,2,ADES-V2,b3375eeba6b29960f5cface76beb76048f0a564a368629bd3ccd552ce7ca1e8a,60,11,6,5,67108864,949328268,949321933,6335,7844325,33272560,12490466,33272560,551,1153,1856,1856,60,0,0,0,0,0,0,0,0,0,0,0,0,98592,1.316539
development,ny-road-distance,7b2446c7ffe6179efbc42af6812448e8cb782f12968ca2bb1d50d979343056d4,uniform,5,strict-alternating,7,0,3,COLD,b3375eeba6b29960f5cface76beb76048f0a564a368629bd3ccd552ce7ca1e8a,60,11,6,5,67108864,951578284,951568958,9326,7869794,34221284,12375454,34221284,862,1091,0,0,60,0,0,0,0,0,0,0,0,0,0,0,0,97532,1.317787
development,ny-road-distance,7b2446c7ffe6179efbc42af6812448e8cb782f12968ca2bb1d50d979343056d4,uniform,5,strict-alternating,7,0,4,B3L,b3375eeba6b29960f5cface76beb76048f0a564a368629bd3ccd552ce7ca1e8a,60,11,6,5,67108864,3347771902,3347735795,36107,55132734,60134888,55491030,60134888,2805,13305,58156200,58156200,60,0,0,55,0,0,0,0,0,0,0,0,0,162520,3.719128
development,ny-road-distance,7b2446c7ffe6179efbc42af6812448e8cb782f12968ca2bb1d50d979343056d4,uniform,5,strict-alternating,7,1,0,ADES,b3375eeba6b29960f5cface76beb76048f0a564a368629bd3ccd552ce7ca1e8a,60,11,6,5,67108864,911091298,911086468,4830,7139635,33502836,13097640,33502836,421,581,960,960,60,0,0,0,0,0,0,0,0,0,0,0,0,99488,1.273599
development,ny-road-distance,7b2446c7ffe6179efbc42af6812448e8cb782f12968ca2bb1d50d979343056d4,uniform,5,strict-alternating,7,1,1,ADES-V2,b3375eeba6b29960f5cface76beb76048f0a564a368629bd3ccd552ce7ca1e8a,60,11,6,5,67108864,902601277,902595846,5431,7438261,32750044,10952645,32750044,450,782,1856,1856,60,0,0,0,0,0,0,0,0,0,0,0,0,98528,1.266608
development,ny-road-distance,7b2446c7ffe6179efbc42af6812448e8cb782f12968ca2bb1d50d979343056d4,uniform,5,strict-alternating,7,1,2,COLD,b3375eeba6b29960f5cface76beb76048f0a564a368629bd3ccd552ce7ca1e8a,60,11,6,5,67108864,873435962,873427977,7985,7339116,31103468,11893617,31103468,651,1433,0,0,60,0,0,0,0,0,0,0,0,0,0,0,0,98612,1.243247
development,ny-road-distance,7b2446c7ffe6179efbc42af6812448e8cb782f12968ca2bb1d50d979343056d4,uniform,5,strict-alternating,7,1,3,B3L,b3375eeba6b29960f5cface76beb76048f0a564a368629bd3ccd552ce7ca1e8a,60,11,6,5,67108864,3383676033,3383638744,37289,55915577,59936920,56529120,59936920,2214,15188,58156200,58156200,60,0,0,55,0,0,0,0,0,0,0,0,0,163540,3.755474
development,ny-road-distance,7b2446c7ffe6179efbc42af6812448e8cb782f12968ca2bb1d50d979343056d4,uniform,5,strict-alternating,7,1,4,FREQ-LRU-REPAIR,b3375eeba6b29960f5cface76beb76048f0a564a368629bd3ccd552ce7ca1e8a,60,11,6,5,67108864,884268893,884264106,4787,7146335,31426606,11892910,31426606,381,741,960,960,60,0,0,0,0,0,0,0,0,0,0,0,0,100516,1.252566
development,ny-road-distance,7b2446c7ffe6179efbc42af6812448e8cb782f12968ca2bb1d50d979343056d4,uniform,5,strict-alternating,17,0,0,FREQ-LRU-REPAIR,6dc26e3593ad3bec65c22ed135144add927b385e4b624c6e57278b5e1152074d,60,11,6,5,16777216,1065368405,1065350330,18075,13396575,35031927,17583975,35031927,561,12113,960,960,60,0,0,0,0,0,0,0,0,0,0,0,0,100608,1.439796
development,ny-road-distance,7b2446c7ffe6179efbc42af6812448e8cb782f12968ca2bb1d50d979343056d4,uniform,5,strict-alternating,17,0,1,ADES,6dc26e3593ad3bec65c22ed135144add927b385e4b624c6e57278b5e1152074d,60,11,6,5,16777216,1050926259,1050921898,4361,14027470,33729762,17089184,33729762,371,572,960,960,60,0,0,0,0,0,0,0,0,0,0,0,0,100528,1.420890
development,ny-road-distance,7b2446c7ffe6179efbc42af6812448e8cb782f12968ca2bb1d50d979343056d4,uniform,5,strict-alternating,17,0,2,ADES-V2,6dc26e3593ad3bec65c22ed135144add927b385e4b624c6e57278b5e1152074d,60,11,6,5,16777216,1059855130,1059849230,5900,14192148,35073604,17688740,35073604,521,1011,1856,1856,60,0,0,0,0,0,0,0,0,0,0,0,0,98532,1.433870
development,ny-road-distance,7b2446c7ffe6179efbc42af6812448e8cb782f12968ca2bb1d50d979343056d4,uniform,5,strict-alternating,17,0,3,COLD,6dc26e3593ad3bec65c22ed135144add927b385e4b624c6e57278b5e1152074d,60,11,6,5,16777216,1126744624,1126732682,11942,14694182,36350021,19353622,36350021,1082,1553,0,0,60,0,0,0,0,0,0,0,0,0,0,0,0,97548,1.500670
development,ny-road-distance,7b2446c7ffe6179efbc42af6812448e8cb782f12968ca2bb1d50d979343056d4,uniform,5,strict-alternating,17,0,4,B3L,6dc26e3593ad3bec65c22ed135144add927b385e4b624c6e57278b5e1152074d,60,11,6,5,16777216,3327779156,3327744963,34193,54560520,59572584,55085464,59572584,992,19456,11631240,11631240,60,0,0,59,0,0,0,0,0,0,0,0,0,117056,3.700935
development,ny-road-distance,7b2446c7ffe6179efbc42af6812448e8cb782f12968ca2bb1d50d979343056d4,uniform,5,strict-alternating,17,1,0,ADES,6dc26e3593ad3bec65c22ed135144add927b385e4b624c6e57278b5e1152074d,60,11,6,5,16777216,1024010787,1024005358,5429,12639077,34791231,17239285,34791231,531,781,960,960,60,0,0,0,0,0,0,0,0,0,0,0,0,100464,1.392259
development,ny-road-distance,7b2446c7ffe6179efbc42af6812448e8cb782f12968ca2bb1d50d979343056d4,uniform,5,strict-alternating,17,1,1,ADES-V2,6dc26e3593ad3bec65c22ed135144add927b385e4b624c6e57278b5e1152074d,60,11,6,5,16777216,1034887579,1034881369,6210,13997828,33310313,16741447,33310313,541,981,1856,1856,60,0,0,0,0,0,0,0,0,0,0,0,0,97520,1.402677
development,ny-road-distance,7b2446c7ffe6179efbc42af6812448e8cb782f12968ca2bb1d50d979343056d4,uniform,5,strict-alternating,17,1,2,COLD,6dc26e3593ad3bec65c22ed135144add927b385e4b624c6e57278b5e1152074d,60,11,6,5,16777216,1054135447,1054125338,10109,13237091,33991582,17884405,33991582,891,1212,0,0,60,0,0,0,0,0,0,0,0,0,0,0,0,98620,1.422988
development,ny-road-distance,7b2446c7ffe6179efbc42af6812448e8cb782f12968ca2bb1d50d979343056d4,uniform,5,strict-alternating,17,1,3,B3L,6dc26e3593ad3bec65c22ed135144add927b385e4b624c6e57278b5e1152074d,60,11,6,5,16777216,3432137932,3432102407,35525,56642410,60076765,57442008,60076765,791,21279,11631240,11631240,60,0,0,59,0,0,0,0,0,0,0,0,0,117032,3.806740
development,ny-road-distance,7b2446c7ffe6179efbc42af6812448e8cb782f12968ca2bb1d50d979343056d4,uniform,5,strict-alternating,17,1,4,FREQ-LRU-REPAIR,6dc26e3593ad3bec65c22ed135144add927b385e4b624c6e57278b5e1152074d,60,11,6,5,16777216,1121883666,1121877525,6141,14652566,37186289,18535837,37186289,531,811,960,960,60,0,0,0,0,0,0,0,0,0,0,0,0,99448,1.494556
development,ny-road-distance,7b2446c7ffe6179efbc42af6812448e8cb782f12968ca2bb1d50d979343056d4,uniform,5,strict-alternating,17,0,0,ADES,6dc26e3593ad3bec65c22ed135144add927b385e4b624c6e57278b5e1152074d,60,11,6,5,67108864,1018961256,1018954122,7134,13326116,33260939,17194269,33260939,591,952,960,960,60,0,0,0,0,0,0,0,0,0,0,0,0,100604,1.387752
development,ny-road-distance,7b2446c7ffe6179efbc42af6812448e8cb782f12968ca2bb1d50d979343056d4,uniform,5,strict-alternating,17,0,1,ADES-V2,6dc26e3593ad3bec65c22ed135144add927b385e4b624c6e57278b5e1152074d,60,11,6,5,67108864,1080074951,1080067986,6965,14331819,35098641,17978419,35098641,611,962,1856,1856,60,0,0,0,0,0,0,0,0,0,0,0,0,98556,1.449596
development,ny-road-distance,7b2446c7ffe6179efbc42af6812448e8cb782f12968ca2bb1d50d979343056d4,uniform,5,strict-alternating,17,0,2,COLD,6dc26e3593ad3bec65c22ed135144add927b385e4b624c6e57278b5e1152074d,60,11,6,5,67108864,1045929818,1045920703,9115,13918850,35001687,17011749,35001687,832,1412,0,0,60,0,0,0,0,0,0,0,0,0,0,0,0,98616,1.417474
development,ny-road-distance,7b2446c7ffe6179efbc42af6812448e8cb782f12968ca2bb1d50d979343056d4,uniform,5,strict-alternating,17,0,3,B3L,6dc26e3593ad3bec65c22ed135144add927b385e4b624c6e57278b5e1152074d,60,11,6,5,67108864,3469475407,3469376724,98683,56796794,61128049,57761003,61128049,3025,56946,58156200,58156200,60,0,0,55,0,0,0,0,0,0,0,0,0,162472,3.846922
development,ny-road-distance,7b2446c7ffe6179efbc42af6812448e8cb782f12968ca2bb1d50d979343056d4,uniform,5,strict-alternating,17,0,4,FREQ-LRU-REPAIR,6dc26e3593ad3bec65c22ed135144add927b385e4b624c6e57278b5e1152074d,60,11,6,5,67108864,1135624762,1135618732,6030,14978361,36533998,18788454,36533998,562,912,960,960,60,0,0,0,0,0,0,0,0,0,0,0,0,100508,1.511077
development,ny-road-distance,7b2446c7ffe6179efbc42af6812448e8cb782f12968ca2bb1d50d979343056d4,uniform,5,strict-alternating,17,1,0,ADES-V2,6dc26e3593ad3bec65c22ed135144add927b385e4b624c6e57278b5e1152074d,60,11,6,5,67108864,1113042787,1113035250,7537,14588068,35449247,18480817,35449247,652,912,1856,1856,60,0,0,0,0,0,0,0,0,0,0,0,0,98652,1.483685
development,ny-road-distance,7b2446c7ffe6179efbc42af6812448e8cb782f12968ca2bb1d50d979343056d4,uniform,5,strict-alternating,17,1,1,COLD,6dc26e3593ad3bec65c22ed135144add927b385e4b624c6e57278b5e1152074d,60,11,6,5,67108864,1052400162,1052388970,11192,13641514,34595020,17305480,34595020,1002,1523,0,0,60,0,0,0,0,0,0,0,0,0,0,0,0,97508,1.418653
development,ny-road-distance,7b2446c7ffe6179efbc42af6812448e8cb782f12968ca2bb1d50d979343056d4,uniform,5,strict-alternating,17,1,2,B3L,6dc26e3593ad3bec65c22ed135144add927b385e4b624c6e57278b5e1152074d,60,11,6,5,67108864,3394167744,3394069323,98421,56095325,59650175,56609381,59650175,2434,57817,58156200,58156200,60,0,0,55,0,0,0,0,0,0,0,0,0,163492,3.767460
development,ny-road-distance,7b2446c7ffe6179efbc42af6812448e8cb782f12968ca2bb1d50d979343056d4,uniform,5,strict-alternating,17,1,3,FREQ-LRU-REPAIR,6dc26e3593ad3bec65c22ed135144add927b385e4b624c6e57278b5e1152074d,60,11,6,5,67108864,1069947051,1069940127,6924,14272742,35177986,17673897,35177986,611,762,960,960,60,0,0,0,0,0,0,0,0,0,0,0,0,99572,1.436266
development,ny-road-distance,7b2446c7ffe6179efbc42af6812448e8cb782f12968ca2bb1d50d979343056d4,uniform,5,strict-alternating,17,1,4,ADES,6dc26e3593ad3bec65c22ed135144add927b385e4b624c6e57278b5e1152074d,60,11,6,5,67108864,1084123537,1084116544,6993,14377197,34549315,18097306,34549315,591,982,960,960,60,0,0,0,0,0,0,0,0,0,0,0,0,100528,1.455410
development,ny-road-distance,7b2446c7ffe6179efbc42af6812448e8cb782f12968ca2bb1d50d979343056d4,uniform,5,strict-alternating,29,0,0,ADES,f7a8109e4989891bb2e8dc5c7648c71f5356782fc19756b31afd3ef730fa1246,60,11,6,5,16777216,915935526,915930987,4539,8976527,34593422,10848373,34593422,381,541,960,960,60,0,0,0,0,0,0,0,0,0,0,0,0,99440,1.282771
development,ny-road-distance,7b2446c7ffe6179efbc42af6812448e8cb782f12968ca2bb1d50d979343056d4,uniform,5,strict-alternating,29,0,1,ADES-V2,f7a8109e4989891bb2e8dc5c7648c71f5356782fc19756b31afd3ef730fa1246,60,11,6,5,16777216,904470417,904464296,6121,8992116,34162420,10731305,34162420,521,1022,1856,1856,60,0,0,0,0,0,0,0,0,0,0,0,0,97564,1.273060
development,ny-road-distance,7b2446c7ffe6179efbc42af6812448e8cb782f12968ca2bb1d50d979343056d4,uniform,5,strict-alternating,29,0,2,COLD,f7a8109e4989891bb2e8dc5c7648c71f5356782fc19756b31afd3ef730fa1246,60,11,6,5,16777216,928804995,928794756,10239,9259063,36154380,10997240,36154380,1002,1183,0,0,60,0,0,0,0,0,0,0,0,0,0,0,0,97488,1.294126
development,ny-road-distance,7b2446c7ffe6179efbc42af6812448e8cb782f12968ca2bb1d50d979343056d4,uniform,5,strict-alternating,29,0,3,B3L,f7a8109e4989891bb2e8dc5c7648c71f5356782fc19756b31afd3ef730fa1246,60,11,6,5,16777216,3281396776,3281378583,18193,53947174,58336467,54317893,58336467,1433,5350,11631240,11631240,60,0,0,59,0,0,0,0,0,0,0,0,0,116600,3.651769
development,ny-road-distance,7b2446c7ffe6179efbc42af6812448e8cb782f12968ca2bb1d50d979343056d4,uniform,5,strict-alternating,29,0,4,FREQ-LRU-REPAIR,f7a8109e4989891bb2e8dc5c7648c71f5356782fc19756b31afd3ef730fa1246,60,11,6,5,16777216,916738788,916733420,5368,9299219,33966049,10434874,33966049,490,701,960,960,60,0,0,0,0,0,0,0,0,0,0,0,0,100408,1.279549
development,ny-road-distance,7b2446c7ffe6179efbc42af6812448e8cb782f12968ca2bb1d50d979343056d4,uniform,5,strict-alternating,29,1,0,ADES-V2,f7a8109e4989891bb2e8dc5c7648c71f5356782fc19756b31afd3ef730fa1246,60,11,6,5,16777216,908997341,908991730,5611,9450892,34925947,10382827,34925947,511,721,1856,1856,60,0,0,0,0,0,0,0,0,0,0,0,0,97476,1.276292
development,ny-road-distance,7b2446c7ffe6179efbc42af6812448e8cb782f12968ca2bb1d50d979343056d4,uniform,5,strict-alternating,29,1,1,COLD,f7a8109e4989891bb2e8dc5c7648c71f5356782fc19756b31afd3ef730fa1246,60,11,6,5,16777216,916737966,916728859,9107,9273712,34989135,10746434,34989135,882,1112,0,0,60,0,0,0,0,0,0,0,0,0,0,0,0,97484,1.285481
development,ny-road-distance,7b2446c7ffe6179efbc42af6812448e8cb782f12968ca2bb1d50d979343056d4,uniform,5,strict-alternating,29,1,2,B3L,f7a8109e4989891bb2e8dc5c7648c71f5356782fc19756b31afd3ef730fa1246,60,11,6,5,16777216,3306602395,3306581467,20928,54323905,59272097,54551068,59272097,1032,5130,11631240,11631240,60,0,0,59,0,0,0,0,0,0,0,0,0,116948,3.673701
development,ny-road-distance,7b2446c7ffe6179efbc42af6812448e8cb782f12968ca2bb1d50d979343056d4,uniform,5,strict-alternating,29,1,3,FREQ-LRU-REPAIR,f7a8109e4989891bb2e8dc5c7648c71f5356782fc19756b31afd3ef730fa1246,60,11,6,5,16777216,897861859,897855305,6554,8915284,34379026,10431708,34379026,612,1052,960,960,60,0,0,0,0,0,0,0,0,0,0,0,0,100588,1.267452
development,ny-road-distance,7b2446c7ffe6179efbc42af6812448e8cb782f12968ca2bb1d50d979343056d4,uniform,5,strict-alternating,29,1,4,ADES,f7a8109e4989891bb2e8dc5c7648c71f5356782fc19756b31afd3ef730fa1246,60,11,6,5,16777216,924723182,924716348,6834,9114594,34884628,11494807,34884628,602,902,960,960,60,0,0,0,0,0,0,0,0,0,0,0,0,100580,1.292996
development,ny-road-distance,7b2446c7ffe6179efbc42af6812448e8cb782f12968ca2bb1d50d979343056d4,uniform,5,strict-alternating,29,0,0,ADES-V2,f7a8109e4989891bb2e8dc5c7648c71f5356782fc19756b31afd3ef730fa1246,60,11,6,5,67108864,940115201,940110012,5189,9038693,36378831,11107737,36378831,400,872,1856,1856,60,0,0,0,0,0,0,0,0,0,0,0,0,98520,1.337617
development,ny-road-distance,7b2446c7ffe6179efbc42af6812448e8cb782f12968ca2bb1d50d979343056d4,uniform,5,strict-alternating,29,0,1,COLD,f7a8109e4989891bb2e8dc5c7648c71f5356782fc19756b31afd3ef730fa1246,60,11,6,5,67108864,907913419,907906287,7132,8901427,34964036,10596144,34964036,641,852,0,0,60,0,0,0,0,0,0,0,0,0,0,0,0,97536,1.274492
development,ny-road-distance,7b2446c7ffe6179efbc42af6812448e8cb782f12968ca2bb1d50d979343056d4,uniform,5,strict-alternating,29,0,2,B3L,f7a8109e4989891bb2e8dc5c7648c71f5356782fc19756b31afd3ef730fa1246,60,11,6,5,67108864,3371658509,3371604541,53968,55129282,59934622,55969738,59934622,2714,14838,58156200,58156200,60,0,0,55,0,0,0,0,0,0,0,0,0,161416,3.745218
development,ny-road-distance,7b2446c7ffe6179efbc42af6812448e8cb782f12968ca2bb1d50d979343056d4,uniform,5,strict-alternating,29,0,3,FREQ-LRU-REPAIR,f7a8109e4989891bb2e8dc5c7648c71f5356782fc19756b31afd3ef730fa1246,60,11,6,5,67108864,919655592,919650221,5371,9326391,35389064,11018222,35389064,411,741,960,960,60,0,0,0,0,0,0,0,0,0,0,0,0,99460,1.286019
development,ny-road-distance,7b2446c7ffe6179efbc42af6812448e8cb782f12968ca2bb1d50d979343056d4,uniform,5,strict-alternating,29,0,4,ADES,f7a8109e4989891bb2e8dc5c7648c71f5356782fc19756b31afd3ef730fa1246,60,11,6,5,67108864,962162278,962156084,6194,9715105,35727025,11043830,35727025,551,792,960,960,60,0,0,0,0,0,0,0,0,0,0,0,0,99588,1.327836
development,ny-road-distance,7b2446c7ffe6179efbc42af6812448e8cb782f12968ca2bb1d50d979343056d4,uniform,5,strict-alternating,29,1,0,COLD,f7a8109e4989891bb2e8dc5c7648c71f5356782fc19756b31afd3ef730fa1246,60,11,6,5,67108864,959465920,959456774,9146,10469410,35453175,11825566,35453175,822,1133,0,0,60,0,0,0,0,0,0,0,0,0,0,0,0,97540,1.325142
development,ny-road-distance,7b2446c7ffe6179efbc42af6812448e8cb782f12968ca2bb1d50d979343056d4,uniform,5,strict-alternating,29,1,1,B3L,f7a8109e4989891bb2e8dc5c7648c71f5356782fc19756b31afd3ef730fa1246,60,11,6,5,67108864,3365918299,3365862678,55621,55300003,59517409,55624238,59517409,2254,15849,58156200,58156200,60,0,0,55,0,0,0,0,0,0,0,0,0,162596,3.744571
development,ny-road-distance,7b2446c7ffe6179efbc42af6812448e8cb782f12968ca2bb1d50d979343056d4,uniform,5,strict-alternating,29,1,2,FREQ-LRU-REPAIR,f7a8109e4989891bb2e8dc5c7648c71f5356782fc19756b31afd3ef730fa1246,60,11,6,5,67108864,917831994,917826504,5490,9187732,34413834,10729884,34413834,501,591,960,960,60,0,0,0,0,0,0,0,0,0,0,0,0,100548,1.283660
development,ny-road-distance,7b2446c7ffe6179efbc42af6812448e8cb782f12968ca2bb1d50d979343056d4,uniform,5,strict-alternating,29,1,3,ADES,f7a8109e4989891bb2e8dc5c7648c71f5356782fc19756b31afd3ef730fa1246,60,11,6,5,67108864,922276297,922268432,7865,9129793,34495386,10539690,34495386,732,1032,960,960,60,0,0,0,0,0,0,0,0,0,0,0,0,99540,1.293377
development,ny-road-distance,7b2446c7ffe6179efbc42af6812448e8cb782f12968ca2bb1d50d979343056d4,uniform,5,strict-alternating,29,1,4,ADES-V2,f7a8109e4989891bb2e8dc5c7648c71f5356782fc19756b31afd3ef730fa1246,60,11,6,5,67108864,901337402,901331631,5771,8635965,34284063,10323177,34284063,521,701,1856,1856,60,0,0,0,0,0,0,0,0,0,0,0,0,97536,1.266733
development,ny-road-distance,7b2446c7ffe6179efbc42af6812448e8cb782f12968ca2bb1d50d979343056d4,uniform,50,strict-alternating,7,0,0,ADES-V2,2eaec015b6bd7647cb23a560ac5ece358a34db680e5dffd12fec2565d21dfaf4,60,1,1,0,16777216,914082092,914081351,741,14076780,34299880,14076780,34299880,741,741,1856,1856,60,0,0,0,0,0,0,0,0,0,0,0,0,98684,1.280460
development,ny-road-distance,7b2446c7ffe6179efbc42af6812448e8cb782f12968ca2bb1d50d979343056d4,uniform,50,strict-alternating,7,0,1,COLD,2eaec015b6bd7647cb23a560ac5ece358a34db680e5dffd12fec2565d21dfaf4,60,1,1,0,16777216,945638486,945637404,1082,15065051,35048204,15065051,35048204,1082,1082,0,0,60,0,0,0,0,0,0,0,0,0,0,0,0,98536,1.314215
development,ny-road-distance,7b2446c7ffe6179efbc42af6812448e8cb782f12968ca2bb1d50d979343056d4,uniform,50,strict-alternating,7,0,2,B3L,2eaec015b6bd7647cb23a560ac5ece358a34db680e5dffd12fec2565d21dfaf4,60,1,1,0,16777216,3331989644,3331989043,601,55022999,59600747,55022999,59600747,601,601,11631240,11631240,60,0,0,59,0,0,0,0,0,0,0,0,0,117092,3.699774
development,ny-road-distance,7b2446c7ffe6179efbc42af6812448e8cb782f12968ca2bb1d50d979343056d4,uniform,50,strict-alternating,7,0,3,FREQ-LRU-REPAIR,2eaec015b6bd7647cb23a560ac5ece358a34db680e5dffd12fec2565d21dfaf4,60,1,1,0,16777216,927813144,927812563,581,14141078,34877232,14141078,34877232,581,581,960,960,60,0,0,0,0,0,0,0,0,0,0,0,0,100592,1.296961
development,ny-road-distance,7b2446c7ffe6179efbc42af6812448e8cb782f12968ca2bb1d50d979343056d4,uniform,50,strict-alternating,7,0,4,ADES,2eaec015b6bd7647cb23a560ac5ece358a34db680e5dffd12fec2565d21dfaf4,60,1,1,0,16777216,914067172,914066561,611,13761791,35559994,13761791,35559994,611,611,960,960,60,0,0,0,0,0,0,0,0,0,0,0,0,99468,1.284902
development,ny-road-distance,7b2446c7ffe6179efbc42af6812448e8cb782f12968ca2bb1d50d979343056d4,uniform,50,strict-alternating,7,1,0,COLD,2eaec015b6bd7647cb23a560ac5ece358a34db680e5dffd12fec2565d21dfaf4,60,1,1,0,16777216,900188336,900187435,901,13594059,35143298,13594059,35143298,901,901,0,0,60,0,0,0,0,0,0,0,0,0,0,0,0,97076,1.272294
development,ny-road-distance,7b2446c7ffe6179efbc42af6812448e8cb782f12968ca2bb1d50d979343056d4,uniform,50,strict-alternating,7,1,1,B3L,2eaec015b6bd7647cb23a560ac5ece358a34db680e5dffd12fec2565d21dfaf4,60,1,1,0,16777216,3374151119,3374150567,552,56176282,59462293,56176282,59462293,552,552,11631240,11631240,60,0,0,59,0,0,0,0,0,0,0,0,0,117072,3.743135
development,ny-road-distance,7b2446c7ffe6179efbc42af6812448e8cb782f12968ca2bb1d50d979343056d4,uniform,50,strict-alternating,7,1,2,FREQ-LRU-REPAIR,2eaec015b6bd7647cb23a560ac5ece358a34db680e5dffd12fec2565d21dfaf4,60,1,1,0,16777216,914843503,914843072,431,13796888,35091160,13796888,35091160,431,431,960,960,60,0,0,0,0,0,0,0,0,0,0,0,0,99380,1.283546
development,ny-road-distance,7b2446c7ffe6179efbc42af6812448e8cb782f12968ca2bb1d50d979343056d4,uniform,50,strict-alternating,7,1,3,ADES,2eaec015b6bd7647cb23a560ac5ece358a34db680e5dffd12fec2565d21dfaf4,60,1,1,0,16777216,932999528,932999157,371,14231548,37451977,14231548,37451977,371,371,960,960,60,0,0,0,0,0,0,0,0,0,0,0,0,100620,1.308984
development,ny-road-distance,7b2446c7ffe6179efbc42af6812448e8cb782f12968ca2bb1d50d979343056d4,uniform,50,strict-alternating,7,1,4,ADES-V2,2eaec015b6bd7647cb23a560ac5ece358a34db680e5dffd12fec2565d21dfaf4,60,1,1,0,16777216,895292300,895291559,741,14035171,35177972,14035171,35177972,741,741,1856,1856,60,0,0,0,0,0,0,0,0,0,0,0,0,97472,1.262031
development,ny-road-distance,7b2446c7ffe6179efbc42af6812448e8cb782f12968ca2bb1d50d979343056d4,uniform,50,strict-alternating,7,0,0,COLD,2eaec015b6bd7647cb23a560ac5ece358a34db680e5dffd12fec2565d21dfaf4,60,1,1,0,67108864,942923439,942922688,751,14432912,35449708,14432912,35449708,751,751,0,0,60,0,0,0,0,0,0,0,0,0,0,0,0,97352,1.311254
development,ny-road-distance,7b2446c7ffe6179efbc42af6812448e8cb782f12968ca2bb1d50d979343056d4,uniform,50,strict-alternating,7,0,1,B3L,2eaec015b6bd7647cb23a560ac5ece358a34db680e5dffd12fec2565d21dfaf4,60,1,1,0,67108864,3328629100,3328627958,1142,55547391,58657118,55547391,58657118,1142,1142,58156200,58156200,60,0,0,55,0,0,0,0,0,0,0,0,0,161616,3.696617
development,ny-road-distance,7b2446c7ffe6179efbc42af6812448e8cb782f12968ca2bb1d50d979343056d4,uniform,50,strict-alternating,7,0,2,FREQ-LRU-REPAIR,2eaec015b6bd7647cb23a560ac5ece358a34db680e5dffd12fec2565d21dfaf4,60,1,1,0,67108864,935401482,935400850,632,15216726,33583290,15216726,33583290,632,632,960,960,60,0,0,0,0,0,0,0,0,0,0,0,0,100532,1.299995
development,ny-road-distance,7b2446c7ffe6179efbc42af6812448e8cb782f12968ca2bb1d50d979343056d4,uniform,50,strict-alternating,7,0,3,ADES,2eaec015b6bd7647cb23a560ac5ece358a34db680e5dffd12fec2565d21dfaf4,60,1,1,0,67108864,892127841,892127190,651,14296222,32255216,14296222,32255216,651,651,960,960,60,0,0,0,0,0,0,0,0,0,0,0,0,99512,1.259120
development,ny-road-distance,7b2446c7ffe6179efbc42af6812448e8cb782f12968ca2bb1d50d979343056d4,uniform,50,strict-alternating,7,0,4,ADES-V2,2eaec015b6bd7647cb23a560ac5ece358a34db680e5dffd12fec2565d21dfaf4,60,1,1,0,67108864,910420432,910419901,531,14223396,34619680,14223396,34619680,531,531,1856,1856,60,0,0,0,0,0,0,0,0,0,0,0,0,97400,1.274397
development,ny-road-distance,7b2446c7ffe6179efbc42af6812448e8cb782f12968ca2bb1d50d979343056d4,uniform,50,strict-alternating,7,1,0,B3L,2eaec015b6bd7647cb23a560ac5ece358a34db680e5dffd12fec2565d21dfaf4,60,1,1,0,67108864,3301169181,3301168430,751,55011959,58682636,55011959,58682636,751,751,58156200,58156200,60,0,0,55,0,0,0,0,0,0,0,0,0,161528,3.670307
development,ny-road-distance,7b2446c7ffe6179efbc42af6812448e8cb782f12968ca2bb1d50d979343056d4,uniform,50,strict-alternating,7,1,1,FREQ-LRU-REPAIR,2eaec015b6bd7647cb23a560ac5ece358a34db680e5dffd12fec2565d21dfaf4,60,1,1,0,67108864,914672981,914672610,371,13974077,34861139,13974077,34861139,371,371,960,960,60,0,0,0,0,0,0,0,0,0,0,0,0,99528,1.280871
development,ny-road-distance,7b2446c7ffe6179efbc42af6812448e8cb782f12968ca2bb1d50d979343056d4,uniform,50,strict-alternating,7,1,2,ADES,2eaec015b6bd7647cb23a560ac5ece358a34db680e5dffd12fec2565d21dfaf4,60,1,1,0,67108864,909898654,909898163,491,13896371,34854496,13896371,34854496,491,491,960,960,60,0,0,0,0,0,0,0,0,0,0,0,0,99588,1.276192
development,ny-road-distance,7b2446c7ffe6179efbc42af6812448e8cb782f12968ca2bb1d50d979343056d4,uniform,50,strict-alternating,7,1,3,ADES-V2,2eaec015b6bd7647cb23a560ac5ece358a34db680e5dffd12fec2565d21dfaf4,60,1,1,0,67108864,909001749,909001318,431,13698744,32162582,13698744,32162582,431,431,1856,1856,60,0,0,0,0,0,0,0,0,0,0,0,0,97444,1.276494
development,ny-road-distance,7b2446c7ffe6179efbc42af6812448e8cb782f12968ca2bb1d50d979343056d4,uniform,50,strict-alternating,7,1,4,COLD,2eaec015b6bd7647cb23a560ac5ece358a34db680e5dffd12fec2565d21dfaf4,60,1,1,0,67108864,943209954,943208942,1012,14988665,34257484,14988665,34257484,1012,1012,0,0,60,0,0,0,0,0,0,0,0,0,0,0,0,98540,1.308895
development,ny-road-distance,7b2446c7ffe6179efbc42af6812448e8cb782f12968ca2bb1d50d979343056d4,uniform,50,strict-alternating,17,0,0,COLD,979d91488f0110d7457b417b7b6ec8631a368c8fedeaa71f30b9c6abbf457e01,60,1,1,0,16777216,1044074266,1044073565,701,16886261,33002498,16886261,33002498,701,701,0,0,60,0,0,0,0,0,0,0,0,0,0,0,0,98600,1.411694
development,ny-road-distance,7b2446c7ffe6179efbc42af6812448e8cb782f12968ca2bb1d50d979343056d4,uniform,50,strict-alternating,17,0,1,B3L,979d91488f0110d7457b417b7b6ec8631a368c8fedeaa71f30b9c6abbf457e01,60,1,1,0,16777216,3315279682,3315279341,341,54733381,58881597,54733381,58881597,341,341,11631240,11631240,60,0,0,59,0,0,0,0,0,0,0,0,0,117096,3.680621
development,ny-road-distance,7b2446c7ffe6179efbc42af6812448e8cb782f12968ca2bb1d50d979343056d4,uniform,50,strict-alternating,17,0,2,FREQ-LRU-REPAIR,979d91488f0110d7457b417b7b6ec8631a368c8fedeaa71f30b9c6abbf457e01,60,1,1,0,16777216,1056831529,1056830908,621,17229334,33199201,17229334,33199201,621,621,960,960,60,0,0,0,0,0,0,0,0,0,0,0,0,100552,1.423782
development,ny-road-distance,7b2446c7ffe6179efbc42af6812448e8cb782f12968ca2bb1d50d979343056d4,uniform,50,strict-alternating,17,0,3,ADES,979d91488f0110d7457b417b7b6ec8631a368c8fedeaa71f30b9c6abbf457e01,60,1,1,0,16777216,1091007038,1091006617,421,18482648,33878707,18482648,33878707,421,421,960,960,60,0,0,0,0,0,0,0,0,0,0,0,0,99532,1.457599
development,ny-road-distance,7b2446c7ffe6179efbc42af6812448e8cb782f12968ca2bb1d50d979343056d4,uniform,50,strict-alternating,17,0,4,ADES-V2,979d91488f0110d7457b417b7b6ec8631a368c8fedeaa71f30b9c6abbf457e01,60,1,1,0,16777216,1102501231,1102500830,401,18621116,33931435,18621116,33931435,401,401,1856,1856,60,0,0,0,0,0,0,0,0,0,0,0,0,97464,1.469472
development,ny-road-distance,7b2446c7ffe6179efbc42af6812448e8cb782f12968ca2bb1d50d979343056d4,uniform,50,strict-alternating,17,1,0,B3L,979d91488f0110d7457b417b7b6ec8631a368c8fedeaa71f30b9c6abbf457e01,60,1,1,0,16777216,3304326274,3304325703,571,55072907,58550003,55072907,58550003,571,571,11631240,11631240,60,0,0,59,0,0,0,0,0,0,0,0,0,117140,3.673737
development,ny-road-distance,7b2446c7ffe6179efbc42af6812448e8cb782f12968ca2bb1d50d979343056d4,uniform,50,strict-alternating,17,1,1,FREQ-LRU-REPAIR,979d91488f0110d7457b417b7b6ec8631a368c8fedeaa71f30b9c6abbf457e01,60,1,1,0,16777216,1115818073,1115817461,612,18263997,34689578,18263997,34689578,612,612,960,960,60,0,0,0,0,0,0,0,0,0,0,0,0,99496,1.528620
development,ny-road-distance,7b2446c7ffe6179efbc42af6812448e8cb782f12968ca2bb1d50d979343056d4,uniform,50,strict-alternating,17,1,2,ADES,979d91488f0110d7457b417b7b6ec8631a368c8fedeaa71f30b9c6abbf457e01,60,1,1,0,16777216,1043312907,1043312527,380,17738908,33635384,17738908,33635384,380,380,960,960,60,0,0,0,0,0,0,0,0,0,0,0,0,100588,1.410880
development,ny-road-distance,7b2446c7ffe6179efbc42af6812448e8cb782f12968ca2bb1d50d979343056d4,uniform,50,strict-alternating,17,1,3,ADES-V2,979d91488f0110d7457b417b7b6ec8631a368c8fedeaa71f30b9c6abbf457e01,60,1,1,0,16777216,1047265413,1047264973,440,16518374,34013689,16518374,34013689,440,440,1856,1856,60,0,0,0,0,0,0,0,0,0,0,0,0,97448,1.418920
development,ny-road-distance,7b2446c7ffe6179efbc42af6812448e8cb782f12968ca2bb1d50d979343056d4,uniform,50,strict-alternating,17,1,4,COLD,979d91488f0110d7457b417b7b6ec8631a368c8fedeaa71f30b9c6abbf457e01,60,1,1,0,16777216,1115691293,1115690061,1232,18608759,33760658,18608759,33760658,1232,1232,0,0,60,0,0,0,0,0,0,0,0,0,0,0,0,98588,1.482175
development,ny-road-distance,7b2446c7ffe6179efbc42af6812448e8cb782f12968ca2bb1d50d979343056d4,uniform,50,strict-alternating,17,0,0,B3L,979d91488f0110d7457b417b7b6ec8631a368c8fedeaa71f30b9c6abbf457e01,60,1,1,0,67108864,3389871819,3389870938,881,56301799,60993072,56301799,60993072,881,881,58156200,58156200,60,0,0,55,0,0,0,0,0,0,0,0,0,161488,3.761972
development,ny-road-distance,7b2446c7ffe6179efbc42af6812448e8cb782f12968ca2bb1d50d979343056d4,uniform,50,strict-alternating,17,0,1,FREQ-LRU-REPAIR,979d91488f0110d7457b417b7b6ec8631a368c8fedeaa71f30b9c6abbf457e01,60,1,1,0,67108864,1169753918,1169753267,651,20126014,35686544,20126014,35686544,651,651,960,960,60,0,0,0,0,0,0,0,0,0,0,0,0,99492,1.539311
development,ny-road-distance,7b2446c7ffe6179efbc42af6812448e8cb782f12968ca2bb1d50d979343056d4,uniform,50,strict-alternating,17,0,2,ADES,979d91488f0110d7457b417b7b6ec8631a368c8fedeaa71f30b9c6abbf457e01,60,1,1,0,67108864,1193657988,1193657327,661,19941059,34961593,19941059,34961593,661,661,960,960,60,0,0,0,0,0,0,0,0,0,0,0,0,100508,1.574561
development,ny-road-distance,7b2446c7ffe6179efbc42af6812448e8cb782f12968ca2bb1d50d979343056d4,uniform,50,strict-alternating,17,0,3,ADES-V2,979d91488f0110d7457b417b7b6ec8631a368c8fedeaa71f30b9c6abbf457e01,60,1,1,0,67108864,1158801753,1158801052,701,19631693,35918255,19631693,35918255,701,701,1856,1856,60,0,0,0,0,0,0,0,0,0,0,0,0,98524,1.527319
development,ny-road-distance,7b2446c7ffe6179efbc42af6812448e8cb782f12968ca2bb1d50d979343056d4,uniform,50,strict-alternating,17,0,4,COLD,979d91488f0110d7457b417b7b6ec8631a368c8fedeaa71f30b9c6abbf457e01,60,1,1,0,67108864,1181191846,1181191015,831,19596908,35552574,19596908,35552574,831,831,0,0,60,0,0,0,0,0,0,0,0,0,0,0,0,97452,1.554962
development,ny-road-distance,7b2446c7ffe6179efbc42af6812448e8cb782f12968ca2bb1d50d979343056d4,uniform,50,strict-alternating,17,1,0,FREQ-LRU-REPAIR,979d91488f0110d7457b417b7b6ec8631a368c8fedeaa71f30b9c6abbf457e01,60,1,1,0,67108864,1155249194,1155248413,781,19273533,35782190,19273533,35782190,781,781,960,960,60,0,0,0,0,0,0,0,0,0,0,0,0,99448,1.527071
development,ny-road-distance,7b2446c7ffe6179efbc42af6812448e8cb782f12968ca2bb1d50d979343056d4,uniform,50,strict-alternating,17,1,1,ADES,979d91488f0110d7457b417b7b6ec8631a368c8fedeaa71f30b9c6abbf457e01,60,1,1,0,67108864,1118221619,1118220757,862,18946451,34979101,18946451,34979101,862,862,960,960,60,0,0,0,0,0,0,0,0,0,0,0,0,100536,1.487609
development,ny-road-distance,7b2446c7ffe6179efbc42af6812448e8cb782f12968ca2bb1d50d979343056d4,uniform,50,strict-alternating,17,1,2,ADES-V2,979d91488f0110d7457b417b7b6ec8631a368c8fedeaa71f30b9c6abbf457e01,60,1,1,0,67108864,1101538158,1101537597,561,18641954,34360452,18641954,34360452,561,561,1856,1856,60,0,0,0,0,0,0,0,0,0,0,0,0,97028,1.472699
development,ny-road-distance,7b2446c7ffe6179efbc42af6812448e8cb782f12968ca2bb1d50d979343056d4,uniform,50,strict-alternating,17,1,3,COLD,979d91488f0110d7457b417b7b6ec8631a368c8fedeaa71f30b9c6abbf457e01,60,1,1,0,67108864,1155455195,1155453963,1232,19316009,35731506,19316009,35731506,1232,1232,0,0,60,0,0,0,0,0,0,0,0,0,0,0,0,98508,1.527877
development,ny-road-distance,7b2446c7ffe6179efbc42af6812448e8cb782f12968ca2bb1d50d979343056d4,uniform,50,strict-alternating,17,1,4,B3L,979d91488f0110d7457b417b7b6ec8631a368c8fedeaa71f30b9c6abbf457e01,60,1,1,0,67108864,3483626435,3483625303,1132,57908194,62385364,57908194,62385364,1132,1132,58156200,58156200,60,0,0,55,0,0,0,0,0,0,0,0,0,161572,3.862856
development,ny-road-distance,7b2446c7ffe6179efbc42af6812448e8cb782f12968ca2bb1d50d979343056d4,uniform,50,strict-alternating,29,0,0,B3L,ec08d53d41c33504f8e1c2c46cd4a3b42ef9aac8fa245edd15d6a18e8acc0e4c,60,1,1,0,16777216,3461157282,3461156511,771,57715777,60922500,57715777,60922500,771,771,11631240,11631240,60,0,0,59,0,0,0,0,0,0,0,0,0,117104,3.836661
development,ny-road-distance,7b2446c7ffe6179efbc42af6812448e8cb782f12968ca2bb1d50d979343056d4,uniform,50,strict-alternating,29,0,1,FREQ-LRU-REPAIR,ec08d53d41c33504f8e1c2c46cd4a3b42ef9aac8fa245edd15d6a18e8acc0e4c,60,1,1,0,16777216,1018643267,1018642806,461,12986505,37813047,12986505,37813047,461,461,960,960,60,0,0,0,0,0,0,0,0,0,0,0,0,100440,1.390197
development,ny-road-distance,7b2446c7ffe6179efbc42af6812448e8cb782f12968ca2bb1d50d979343056d4,uniform,50,strict-alternating,29,0,2,ADES,ec08d53d41c33504f8e1c2c46cd4a3b42ef9aac8fa245edd15d6a18e8acc0e4c,60,1,1,0,16777216,1025835956,1025835245,711,12742169,38562194,12742169,38562194,711,711,960,960,60,0,0,0,0,0,0,0,0,0,0,0,0,100536,1.400267
development,ny-road-distance,7b2446c7ffe6179efbc42af6812448e8cb782f12968ca2bb1d50d979343056d4,uniform,50,strict-alternating,29,0,3,ADES-V2,ec08d53d41c33504f8e1c2c46cd4a3b42ef9aac8fa245edd15d6a18e8acc0e4c,60,1,1,0,16777216,1054755205,1054754604,601,13731432,39671680,13731432,39671680,601,601,1856,1856,60,0,0,0,0,0,0,0,0,0,0,0,0,98560,1.429502
development,ny-road-distance,7b2446c7ffe6179efbc42af6812448e8cb782f12968ca2bb1d50d979343056d4,uniform,50,strict-alternating,29,0,4,COLD,ec08d53d41c33504f8e1c2c46cd4a3b42ef9aac8fa245edd15d6a18e8acc0e4c,60,1,1,0,16777216,1080215119,1080213957,1162,13286142,40455411,13286142,40455411,1162,1162,0,0,60,0,0,0,0,0,0,0,0,0,0,0,0,98564,1.462917
development,ny-road-distance,7b2446c7ffe6179efbc42af6812448e8cb782f12968ca2bb1d50d979343056d4,uniform,50,strict-alternating,29,1,0,FREQ-LRU-REPAIR,ec08d53d41c33504f8e1c2c46cd4a3b42ef9aac8fa245edd15d6a18e8acc0e4c,60,1,1,0,16777216,1077719716,1077719065,651,13754025,39912420,13754025,39912420,651,651,960,960,60,0,0,0,0,0,0,0,0,0,0,0,0,100468,1.458549
development,ny-road-distance,7b2446c7ffe6179efbc42af6812448e8cb782f12968ca2bb1d50d979343056d4,uniform,50,strict-alternating,29,1,1,ADES,ec08d53d41c33504f8e1c2c46cd4a3b42ef9aac8fa245edd15d6a18e8acc0e4c,60,1,1,0,16777216,1095564194,1095563282,912,13723642,40185373,13723642,40185373,912,912,960,960,60,0,0,0,0,0,0,0,0,0,0,0,0,99520,1.472552
development,ny-road-distance,7b2446c7ffe6179efbc42af6812448e8cb782f12968ca2bb1d50d979343056d4,uniform,50,strict-alternating,29,1,2,ADES-V2,ec08d53d41c33504f8e1c2c46cd4a3b42ef9aac8fa245edd15d6a18e8acc0e4c,60,1,1,0,16777216,1074275713,1074274751,962,13923215,39780899,13923215,39780899,962,962,1856,1856,60,0,0,0,0,0,0,0,0,0,0,0,0,97496,1.454112
development,ny-road-distance,7b2446c7ffe6179efbc42af6812448e8cb782f12968ca2bb1d50d979343056d4,uniform,50,strict-alternating,29,1,3,COLD,ec08d53d41c33504f8e1c2c46cd4a3b42ef9aac8fa245edd15d6a18e8acc0e4c,60,1,1,0,16777216,1040940498,1040939106,1392,12918562,38875923,12918562,38875923,1392,1392,0,0,60,0,0,0,0,0,0,0,0,0,0,0,0,98612,1.420847
development,ny-road-distance,7b2446c7ffe6179efbc42af6812448e8cb782f12968ca2bb1d50d979343056d4,uniform,50,strict-alternating,29,1,4,B3L,ec08d53d41c33504f8e1c2c46cd4a3b42ef9aac8fa245edd15d6a18e8acc0e4c,60,1,1,0,16777216,3380711597,3380711236,361,56463036,59569664,56463036,59569664,361,361,11631240,11631240,60,0,0,59,0,0,0,0,0,0,0,0,0,116044,3.754928
development,ny-road-distance,7b2446c7ffe6179efbc42af6812448e8cb782f12968ca2bb1d50d979343056d4,uniform,50,strict-alternating,29,0,0,FREQ-LRU-REPAIR,ec08d53d41c33504f8e1c2c46cd4a3b42ef9aac8fa245edd15d6a18e8acc0e4c,60,1,1,0,67108864,936952694,936951902,792,12184884,34426778,12184884,34426778,792,792,960,960,60,0,0,0,0,0,0,0,0,0,0,0,0,100596,1.305824
development,ny-road-distance,7b2446c7ffe6179efbc42af6812448e8cb782f12968ca2bb1d50d979343056d4,uniform,50,strict-alternating,29,0,1,ADES,ec08d53d41c33504f8e1c2c46cd4a3b42ef9aac8fa245edd15d6a18e8acc0e4c,60,1,1,0,67108864,929544999,929543817,1182,11632876,35225006,11632876,35225006,1182,1182,960,960,60,0,0,0,0,0,0,0,0,0,0,0,0,100616,1.297098
development,ny-road-distance,7b2446c7ffe6179efbc42af6812448e8cb782f12968ca2bb1d50d979343056d4,uniform,50,strict-alternating,29,0,2,ADES-V2,ec08d53d41c33504f8e1c2c46cd4a3b42ef9aac8fa245edd15d6a18e8acc0e4c,60,1,1,0,67108864,985987468,985986927,541,12429900,36548361,12429900,36548361,541,541,1856,1856,60,0,0,0,0,0,0,0,0,0,0,0,0,98664,1.368275
development,ny-road-distance,7b2446c7ffe6179efbc42af6812448e8cb782f12968ca2bb1d50d979343056d4,uniform,50,strict-alternating,29,0,3,COLD,ec08d53d41c33504f8e1c2c46cd4a3b42ef9aac8fa245edd15d6a18e8acc0e4c,60,1,1,0,67108864,963397650,963396898,752,14314543,37433931,14314543,37433931,752,752,0,0,60,0,0,0,0,0,0,0,0,0,0,0,0,98568,1.329510
development,ny-road-distance,7b2446c7ffe6179efbc42af6812448e8cb782f12968ca2bb1d50d979343056d4,uniform,50,strict-alternating,29,0,4,B3L,ec08d53d41c33504f8e1c2c46cd4a3b42ef9aac8fa245edd15d6a18e8acc0e4c,60,1,1,0,67108864,3340011072,3340010130,942,55359411,59079684,55359411,59079684,942,942,58156200,58156200,60,0,0,55,0,0,0,0,0,0,0,0,0,161040,3.715472
development,ny-road-distance,7b2446c7ffe6179efbc42af6812448e8cb782f12968ca2bb1d50d979343056d4,uniform,50,strict-alternating,29,1,0,ADES,ec08d53d41c33504f8e1c2c46cd4a3b42ef9aac8fa245edd15d6a18e8acc0e4c,60,1,1,0,67108864,983030148,983029647,501,12613303,37085243,12613303,37085243,501,501,960,960,60,0,0,0,0,0,0,0,0,0,0,0,0,99588,1.347138
development,ny-road-distance,7b2446c7ffe6179efbc42af6812448e8cb782f12968ca2bb1d50d979343056d4,uniform,50,strict-alternating,29,1,1,ADES-V2,ec08d53d41c33504f8e1c2c46cd4a3b42ef9aac8fa245edd15d6a18e8acc0e4c,60,1,1,0,67108864,966431121,966430590,531,13337191,36613755,13337191,36613755,531,531,1856,1856,60,0,0,0,0,0,0,0,0,0,0,0,0,98492,1.335701
development,ny-road-distance,7b2446c7ffe6179efbc42af6812448e8cb782f12968ca2bb1d50d979343056d4,uniform,50,strict-alternating,29,1,2,COLD,ec08d53d41c33504f8e1c2c46cd4a3b42ef9aac8fa245edd15d6a18e8acc0e4c,60,1,1,0,67108864,992916445,992915193,1252,12512335,37639666,12512335,37639666,1252,1252,0,0,60,0,0,0,0,0,0,0,0,0,0,0,0,96968,1.363992
development,ny-road-distance,7b2446c7ffe6179efbc42af6812448e8cb782f12968ca2bb1d50d979343056d4,uniform,50,strict-alternating,29,1,3,B3L,ec08d53d41c33504f8e1c2c46cd4a3b42ef9aac8fa245edd15d6a18e8acc0e4c,60,1,1,0,67108864,3477305119,3477304107,1012,57682831,62445007,57682831,62445007,1012,1012,58156200,58156200,60,0,0,55,0,0,0,0,0,0,0,0,0,162584,3.853683
development,ny-road-distance,7b2446c7ffe6179efbc42af6812448e8cb782f12968ca2bb1d50d979343056d4,uniform,50,strict-alternating,29,1,4,FREQ-LRU-REPAIR,ec08d53d41c33504f8e1c2c46cd4a3b42ef9aac8fa245edd15d6a18e8acc0e4c,60,1,1,0,67108864,1026621991,1026621200,791,13580079,39307616,13580079,39307616,791,791,960,960,60,0,0,0,0,0,0,0,0,0,0,0,0,99532,1.398878
development,ny-road-distance,7b2446c7ffe6179efbc42af6812448e8cb782f12968ca2bb1d50d979343056d4,single-hot,5,strict-alternating,7,0,0,FREQ-LRU-REPAIR,bf0e11ac998957d70c953bbab8938af21b29e4e3d414df4e828655a119d517d8,60,11,6,5,16777216,155955989,155939279,16710,301,9229105,291,9229105,1032,4569,11631364,11631364,6,54,1,0,1,0,0,0,6,3,2,0,0,109324,0.535698
development,ny-road-distance,7b2446c7ffe6179efbc42af6812448e8cb782f12968ca2bb1d50d979343056d4,single-hot,5,strict-alternating,7,0,1,ADES,bf0e11ac998957d70c953bbab8938af21b29e4e3d414df4e828655a119d517d8,60,11,6,5,16777216,166094952,166077802,17150,311,9788100,301,9788100,951,4769,11631364,11631364,6,54,1,0,1,0,0,0,6,3,2,0,0,109864,0.549458
development,ny-road-distance,7b2446c7ffe6179efbc42af6812448e8cb782f12968ca2bb1d50d979343056d4,single-hot,5,strict-alternating,7,0,2,ADES-V2,bf0e11ac998957d70c953bbab8938af21b29e4e3d414df4e828655a119d517d8,60,11,6,5,16777216,132353267,132336636,16631,320,7240463,301,7240463,982,4548,11633224,11633224,4,56,1,0,1,0,0,0,6,3,2,0,0,109996,0.510621
development,ny-road-distance,7b2446c7ffe6179efbc42af6812448e8cb782f12968ca2bb1d50d979343056d4,single-hot,5,strict-alternating,7,0,3,COLD,bf0e11ac998957d70c953bbab8938af21b29e4e3d414df4e828655a119d517d8,60,11,6,5,16777216,875499536,875489577,9959,11551095,35403032,13990080,35403032,901,1302,0,0,60,0,0,0,0,0,0,0,0,0,0,0,0,98556,1.251670
development,ny-road-distance,7b2446c7ffe6179efbc42af6812448e8cb782f12968ca2bb1d50d979343056d4,single-hot,5,strict-alternating,7,0,4,B3L,bf0e11ac998957d70c953bbab8938af21b29e4e3d414df4e828655a119d517d8,60,11,6,5,16777216,304021300,304007535,13765,151,58842700,150,58842700,862,3898,11631240,11631240,5,55,0,4,0,0,0,0,0,0,0,0,0,117104,0.682801
development,ny-road-distance,7b2446c7ffe6179efbc42af6812448e8cb782f12968ca2bb1d50d979343056d4,single-hot,5,strict-alternating,7,1,0,ADES,bf0e11ac998957d70c953bbab8938af21b29e4e3d414df4e828655a119d517d8,60,11,6,5,16777216,152126044,152110513,15531,300,8961669,281,8961669,902,3928,11631364,11631364,6,54,1,0,1,0,0,0,6,3,2,0,0,109904,0.523523
development,ny-road-distance,7b2446c7ffe6179efbc42af6812448e8cb782f12968ca2bb1d50d979343056d4,single-hot,5,strict-alternating,7,1,1,ADES-V2,bf0e11ac998957d70c953bbab8938af21b29e4e3d414df4e828655a119d517d8,60,11,6,5,16777216,126637641,126623191,14450,301,6996338,220,6996338,842,3647,11633224,11633224,4,56,1,0,1,0,0,0,6,3,2,0,0,109356,0.500023
development,ny-road-distance,7b2446c7ffe6179efbc42af6812448e8cb782f12968ca2bb1d50d979343056d4,single-hot,5,strict-alternating,7,1,2,COLD,bf0e11ac998957d70c953bbab8938af21b29e4e3d414df4e828655a119d517d8,60,11,6,5,16777216,769226148,769217383,8765,10522788,34481925,12456762,34481925,812,1212,0,0,60,0,0,0,0,0,0,0,0,0,0,0,0,97512,1.138804
development,ny-road-distance,7b2446c7ffe6179efbc42af6812448e8cb782f12968ca2bb1d50d979343056d4,single-hot,5,strict-alternating,7,1,3,B3L,bf0e11ac998957d70c953bbab8938af21b29e4e3d414df4e828655a119d517d8,60,11,6,5,16777216,295328151,295315489,12662,130,57958924,120,57958924,390,3777,11631240,11631240,5,55,0,4,0,0,0,0,0,0,0,0,0,116064,0.664592
development,ny-road-distance,7b2446c7ffe6179efbc42af6812448e8cb782f12968ca2bb1d50d979343056d4,single-hot,5,strict-alternating,7,1,4,FREQ-LRU-REPAIR,bf0e11ac998957d70c953bbab8938af21b29e4e3d414df4e828655a119d517d8,60,11,6,5,16777216,153026999,153011422,15577,300,9409294,251,9409294,892,4048,11631364,11631364,6,54,1,0,1,0,0,0,6,3,2,0,0,110840,0.535234
development,ny-road-distance,7b2446c7ffe6179efbc42af6812448e8cb782f12968ca2bb1d50d979343056d4,single-hot,5,strict-alternating,7,0,0,ADES,bf0e11ac998957d70c953bbab8938af21b29e4e3d414df4e828655a119d517d8,60,11,6,5,67108864,152729630,152715135,14495,290,8812782,230,8812782,771,3977,11631364,11631364,6,54,1,0,1,0,0,0,6,3,2,0,0,110952,0.532055
development,ny-road-distance,7b2446c7ffe6179efbc42af6812448e8cb782f12968ca2bb1d50d979343056d4,single-hot,5,strict-alternating,7,0,1,ADES-V2,bf0e11ac998957d70c953bbab8938af21b29e4e3d414df4e828655a119d517d8,60,11,6,5,67108864,132026161,132011585,14576,220,7196761,210,7196761,1002,3486,11633224,11633224,4,56,1,0,1,0,0,0,6,3,2,0,0,109828,0.517926
development,ny-road-distance,7b2446c7ffe6179efbc42af6812448e8cb782f12968ca2bb1d50d979343056d4,single-hot,5,strict-alternating,7,0,2,COLD,bf0e11ac998957d70c953bbab8938af21b29e4e3d414df4e828655a119d517d8,60,11,6,5,67108864,843074772,843062478,12294,10982025,33634105,13380741,33634105,1153,1553,0,0,60,0,0,0,0,0,0,0,0,0,0,0,0,98516,1.228911
development,ny-road-distance,7b2446c7ffe6179efbc42af6812448e8cb782f12968ca2bb1d50d979343056d4,single-hot,5,strict-alternating,7,0,3,B3L,bf0e11ac998957d70c953bbab8938af21b29e4e3d414df4e828655a119d517d8,60,11,6,5,67108864,189708019,189646303,61716,240,39714,220,1252,551,39714,34893720,34893720,3,57,0,0,0,0,0,0,0,0,0,0,0,127396,0.565367
development,ny-road-distance,7b2446c7ffe6179efbc42af6812448e8cb782f12968ca2bb1d50d979343056d4,single-hot,5,strict-alternating,7,0,4,FREQ-LRU-REPAIR,bf0e11ac998957d70c953bbab8938af21b29e4e3d414df4e828655a119d517d8,60,11,6,5,67108864,141811822,141798796,13026,200,8096495,191,8096495,801,3507,11631364,11631364,6,54,1,0,1,0,0,0,6,3,2,0,0,110960,0.518832
development,ny-road-distance,7b2446c7ffe6179efbc42af6812448e8cb782f12968ca2bb1d50d979343056d4,single-hot,5,strict-alternating,7,1,0,ADES-V2,bf0e11ac998957d70c953bbab8938af21b29e4e3d414df4e828655a119d517d8,60,11,6,5,67108864,131985306,131969129,16177,301,7190989,290,7190989,922,4508,11633224,11633224,4,56,1,0,1,0,0,0,6,3,2,0,0,109356,0.510902
development,ny-road-distance,7b2446c7ffe6179efbc42af6812448e8cb782f12968ca2bb1d50d979343056d4,single-hot,5,strict-alternating,7,1,1,COLD,bf0e11ac998957d70c953bbab8938af21b29e4e3d414df4e828655a119d517d8,60,11,6,5,67108864,813727127,813717740,9387,11276140,35642198,12938978,35642198,822,1362,0,0,60,0,0,0,0,0,0,0,0,0,0,0,0,96904,1.192696
development,ny-road-distance,7b2446c7ffe6179efbc42af6812448e8cb782f12968ca2bb1d50d979343056d4,single-hot,5,strict-alternating,7,1,2,B3L,bf0e11ac998957d70c953bbab8938af21b29e4e3d414df4e828655a119d517d8,60,11,6,5,67108864,189789564,189717980,71584,250,50774,240,742,521,50774,34893720,34893720,3,57,0,0,0,0,0,0,0,0,0,0,0,127440,0.571205
development,ny-road-distance,7b2446c7ffe6179efbc42af6812448e8cb782f12968ca2bb1d50d979343056d4,single-hot,5,strict-alternating,7,1,3,FREQ-LRU-REPAIR,bf0e11ac998957d70c953bbab8938af21b29e4e3d414df4e828655a119d517d8,60,11,6,5,67108864,152976449,152961420,15029,301,9027871,281,9027871,1012,3697,11631364,11631364,6,54,1,0,1,0,0,0,6,3,2,0,0,109288,0.530356
development,ny-road-distance,7b2446c7ffe6179efbc42af6812448e8cb782f12968ca2bb1d50d979343056d4,single-hot,5,strict-alternating,7,1,4,ADES,bf0e11ac998957d70c953bbab8938af21b29e4e3d414df4e828655a119d517d8,60,11,6,5,67108864,150835649,150820562,15087,321,8903540,301,8903540,922,4489,11631364,11631364,6,54,1,0,1,0,0,0,6,3,2,0,0,109772,0.520577
development,ny-road-distance,7b2446c7ffe6179efbc42af6812448e8cb782f12968ca2bb1d50d979343056d4,single-hot,5,strict-alternating,17,0,0,ADES,35533e5b1e7830e0bb8b1faad6a3b923781da44480c1522ad27981e32f2d7899,60,11,6,5,16777216,217479478,217448482,30996,321,27902355,300,27902355,2444,7503,11631428,11631428,12,48,1,0,1,0,0,0,4,3,3,0,0,110908,0.588805
development,ny-road-distance,7b2446c7ffe6179efbc42af6812448e8cb782f12968ca2bb1d50d979343056d4,single-hot,5,strict-alternating,17,0,1,ADES-V2,35533e5b1e7830e0bb8b1faad6a3b923781da44480c1522ad27981e32f2d7899,60,11,6,5,16777216,147646477,147618880,27597,300,10958878,221,10958878,1933,6913,11633224,11633224,8,52,1,0,1,0,0,0,4,3,4,0,0,109832,0.523250
development,ny-road-distance,7b2446c7ffe6179efbc42af6812448e8cb782f12968ca2bb1d50d979343056d4,single-hot,5,strict-alternating,17,0,2,COLD,35533e5b1e7830e0bb8b1faad6a3b923781da44480c1522ad27981e32f2d7899,60,11,6,5,16777216,709859518,709848049,11469,7635376,28432783,8251344,28432783,1062,1372,0,0,60,0,0,0,0,0,0,0,0,0,0,0,0,97536,1.081841
development,ny-road-distance,7b2446c7ffe6179efbc42af6812448e8cb782f12968ca2bb1d50d979343056d4,single-hot,5,strict-alternating,17,0,3,B3L,35533e5b1e7830e0bb8b1faad6a3b923781da44480c1522ad27981e32f2d7899,60,11,6,5,16777216,692920854,692902378,18476,160,58787427,150,58787427,1303,5931,11631240,11631240,12,48,0,11,0,0,0,0,0,0,0,0,0,117092,1.062100
development,ny-road-distance,7b2446c7ffe6179efbc42af6812448e8cb782f12968ca2bb1d50d979343056d4,single-hot,5,strict-alternating,17,0,4,FREQ-LRU-REPAIR,35533e5b1e7830e0bb8b1faad6a3b923781da44480c1522ad27981e32f2d7899,60,11,6,5,16777216,178295071,178263443,31628,321,26209781,310,26209781,2365,6372,11631428,11631428,10,50,1,0,1,0,0,0,4,3,4,0,0,110904,0.551326
development,ny-road-distance,7b2446c7ffe6179efbc42af6812448e8cb782f12968ca2bb1d50d979343056d4,single-hot,5,strict-alternating,17,1,0,ADES-V2,35533e5b1e7830e0bb8b1faad6a3b923781da44480c1522ad27981e32f2d7899,60,11,6,5,16777216,149965100,149936493,28607,221,13321770,201,13321770,2215,7304,11633224,11633224,8,52,1,0,1,0,0,0,4,3,4,0,0,109920,0.526585
development,ny-road-distance,7b2446c7ffe6179efbc42af6812448e8cb782f12968ca2bb1d50d979343056d4,single-hot,5,strict-alternating,17,1,1,COLD,35533e5b1e7830e0bb8b1faad6a3b923781da44480c1522ad27981e32f2d7899,60,11,6,5,16777216,738378538,738366072,12466,8123975,29253903,9131353,29253903,1092,1884,0,0,60,0,0,0,0,0,0,0,0,0,0,0,0,97460,1.111223
development,ny-road-distance,7b2446c7ffe6179efbc42af6812448e8cb782f12968ca2bb1d50d979343056d4,single-hot,5,strict-alternating,17,1,2,B3L,35533e5b1e7830e0bb8b1faad6a3b923781da44480c1522ad27981e32f2d7899,60,11,6,5,16777216,698200388,698180811,19577,241,58643849,171,58643849,1783,4398,11631240,11631240,12,48,0,11,0,0,0,0,0,0,0,0,0,117156,1.073730
development,ny-road-distance,7b2446c7ffe6179efbc42af6812448e8cb782f12968ca2bb1d50d979343056d4,single-hot,5,strict-alternating,17,1,3,FREQ-LRU-REPAIR,35533e5b1e7830e0bb8b1faad6a3b923781da44480c1522ad27981e32f2d7899,60,11,6,5,16777216,179405594,179375106,30488,321,25135781,311,25135781,2415,7674,11631428,11631428,10,50,1,0,1,0,0,0,4,3,4,0,0,110864,0.555807
development,ny-road-distance,7b2446c7ffe6179efbc42af6812448e8cb782f12968ca2bb1d50d979343056d4,single-hot,5,strict-alternating,17,1,4,ADES,35533e5b1e7830e0bb8b1faad6a3b923781da44480c1522ad27981e32f2d7899,60,11,6,5,16777216,221212651,221182315,30336,320,28241206,310,28241206,2304,6933,11631428,11631428,12,48,1,0,1,0,0,0,4,3,3,0,0,110808,0.595926
development,ny-road-distance,7b2446c7ffe6179efbc42af6812448e8cb782f12968ca2bb1d50d979343056d4,single-hot,5,strict-alternating,17,0,0,ADES-V2,35533e5b1e7830e0bb8b1faad6a3b923781da44480c1522ad27981e32f2d7899,60,11,6,5,67108864,150693100,150663483,29617,310,12332568,291,12332568,2094,7524,11633224,11633224,8,52,1,0,1,0,0,0,4,3,4,0,0,109792,0.535386
development,ny-road-distance,7b2446c7ffe6179efbc42af6812448e8cb782f12968ca2bb1d50d979343056d4,single-hot,5,strict-alternating,17,0,1,COLD,35533e5b1e7830e0bb8b1faad6a3b923781da44480c1522ad27981e32f2d7899,60,11,6,5,67108864,696113663,696103936,9727,7016322,27013850,8530023,27013850,942,1112,0,0,60,0,0,0,0,0,0,0,0,0,0,0,0,98528,1.075823
development,ny-road-distance,7b2446c7ffe6179efbc42af6812448e8cb782f12968ca2bb1d50d979343056d4,single-hot,5,strict-alternating,17,0,2,B3L,35533e5b1e7830e0bb8b1faad6a3b923781da44480c1522ad27981e32f2d7899,60,11,6,5,67108864,424066616,424025920,40696,261,61265845,260,61265845,2064,9898,58156200,58156200,7,53,0,2,0,0,0,0,0,0,0,0,0,161920,0.796403
development,ny-road-distance,7b2446c7ffe6179efbc42af6812448e8cb782f12968ca2bb1d50d979343056d4,single-hot,5,strict-alternating,17,0,3,FREQ-LRU-REPAIR,35533e5b1e7830e0bb8b1faad6a3b923781da44480c1522ad27981e32f2d7899,60,11,6,5,67108864,158665127,158639359,25768,290,22143366,230,22143366,1783,5861,11631428,11631428,10,50,1,0,1,0,0,0,4,3,4,0,0,110024,0.527714
development,ny-road-distance,7b2446c7ffe6179efbc42af6812448e8cb782f12968ca2bb1d50d979343056d4,single-hot,5,strict-alternating,17,0,4,ADES,35533e5b1e7830e0bb8b1faad6a3b923781da44480c1522ad27981e32f2d7899,60,11,6,5,67108864,206675711,206651035,24676,320,24831253,310,24831253,1703,5741,11631428,11631428,12,48,1,0,1,0,0,0,4,3,3,0,0,110832,0.601789
development,ny-road-distance,7b2446c7ffe6179efbc42af6812448e8cb782f12968ca2bb1d50d979343056d4,single-hot,5,strict-alternating,17,1,0,COLD,35533e5b1e7830e0bb8b1faad6a3b923781da44480c1522ad27981e32f2d7899,60,11,6,5,67108864,700343560,700335265,8295,7362277,28278776,8145646,28278776,701,1042,0,0,60,0,0,0,0,0,0,0,0,0,0,0,0,98508,1.069572
development,ny-road-distance,7b2446c7ffe6179efbc42af6812448e8cb782f12968ca2bb1d50d979343056d4,single-hot,5,strict-alternating,17,1,1,B3L,35533e5b1e7830e0bb8b1faad6a3b923781da44480c1522ad27981e32f2d7899,60,11,6,5,67108864,429597838,429542484,55354,281,61412808,251,61412808,2074,21309,58156200,58156200,7,53,0,2,0,0,0,0,0,0,0,0,0,163368,0.804721
development,ny-road-distance,7b2446c7ffe6179efbc42af6812448e8cb782f12968ca2bb1d50d979343056d4,single-hot,5,strict-alternating,17,1,2,FREQ-LRU-REPAIR,35533e5b1e7830e0bb8b1faad6a3b923781da44480c1522ad27981e32f2d7899,60,11,6,5,67108864,176002588,175972994,29594,201,27444783,200,27444783,1923,8216,11631428,11631428,10,50,1,0,1,0,0,0,4,3,4,0,0,110924,0.550241
development,ny-road-distance,7b2446c7ffe6179efbc42af6812448e8cb782f12968ca2bb1d50d979343056d4,single-hot,5,strict-alternating,17,1,3,ADES,35533e5b1e7830e0bb8b1faad6a3b923781da44480c1522ad27981e32f2d7899,60,11,6,5,67108864,207360418,207336222,24196,270,21233430,220,21233430,1913,6232,11631428,11631428,12,48,1,0,1,0,0,0,4,3,3,0,0,109652,0.587137
development,ny-road-distance,7b2446c7ffe6179efbc42af6812448e8cb782f12968ca2bb1d50d979343056d4,single-hot,5,strict-alternating,17,1,4,ADES-V2,35533e5b1e7830e0bb8b1faad6a3b923781da44480c1522ad27981e32f2d7899,60,11,6,5,67108864,148044489,148018591,25898,301,12114670,221,12114670,2074,5270,11633224,11633224,8,52,1,0,1,0,0,0,4,3,4,0,0,110924,0.545125
development,ny-road-distance,7b2446c7ffe6179efbc42af6812448e8cb782f12968ca2bb1d50d979343056d4,single-hot,5,strict-alternating,29,0,0,ADES-V2,c0ea680dbbd0ea32d9ec1ef5b06700a9a972eba422e17b4b0ad2bc5a130210a6,60,11,6,5,16777216,86148059,86107776,40283,200,20989,181,1162,661,20989,11633224,11633224,3,57,1,0,1,0,0,0,6,2,3,0,0,109816,0.453590
development,ny-road-distance,7b2446c7ffe6179efbc42af6812448e8cb782f12968ca2bb1d50d979343056d4,single-hot,5,strict-alternating,29,0,1,COLD,c0ea680dbbd0ea32d9ec1ef5b06700a9a972eba422e17b4b0ad2bc5a130210a6,60,11,6,5,16777216,933551346,933543322,8024,13248323,27070165,15673341,27070165,621,1082,0,0,60,0,0,0,0,0,0,0,0,0,0,0,0,98596,1.304472
development,ny-road-distance,7b2446c7ffe6179efbc42af6812448e8cb782f12968ca2bb1d50d979343056d4,single-hot,5,strict-alternating,29,0,2,B3L,c0ea680dbbd0ea32d9ec1ef5b06700a9a972eba422e17b4b0ad2bc5a130210a6,60,11,6,5,16777216,176156121,176121845,34276,150,16631,140,480,490,16631,11631240,11631240,3,57,0,2,0,0,0,0,0,0,0,0,0,117056,0.554513
development,ny-road-distance,7b2446c7ffe6179efbc42af6812448e8cb782f12968ca2bb1d50d979343056d4,single-hot,5,strict-alternating,29,0,3,FREQ-LRU-REPAIR,c0ea680dbbd0ea32d9ec1ef5b06700a9a972eba422e17b4b0ad2bc5a130210a6,60,11,6,5,16777216,149144900,149098797,46103,221,7828395,210,7828395,671,24596,11631348,11631348,5,55,1,0,1,0,0,0,6,2,3,0,0,109832,0.521688
development,ny-road-distance,7b2446c7ffe6179efbc42af6812448e8cb782f12968ca2bb1d50d979343056d4,single-hot,5,strict-alternating,29,0,4,ADES,c0ea680dbbd0ea32d9ec1ef5b06700a9a972eba422e17b4b0ad2bc5a130210a6,60,11,6,5,16777216,156399005,156349794,49211,220,8046652,210,8046652,682,26639,11631348,11631348,5,55,1,0,1,0,0,0,6,2,3,0,0,110836,0.528456
development,ny-road-distance,7b2446c7ffe6179efbc42af6812448e8cb782f12968ca2bb1d50d979343056d4,single-hot,5,strict-alternating,29,1,0,COLD,c0ea680dbbd0ea32d9ec1ef5b06700a9a972eba422e17b4b0ad2bc5a130210a6,60,11,6,5,16777216,994436879,994428655,8224,13196386,29316871,17459309,29316871,711,1403,0,0,60,0,0,0,0,0,0,0,0,0,0,0,0,97436,1.360857
development,ny-road-distance,7b2446c7ffe6179efbc42af6812448e8cb782f12968ca2bb1d50d979343056d4,single-hot,5,strict-alternating,29,1,1,B3L,c0ea680dbbd0ea32d9ec1ef5b06700a9a972eba422e17b4b0ad2bc5a130210a6,60,11,6,5,16777216,175466842,175432709,34133,140,19115,80,601,461,19115,11631240,11631240,3,57,0,2,0,0,0,0,0,0,0,0,0,117104,0.548404
development,ny-road-distance,7b2446c7ffe6179efbc42af6812448e8cb782f12968ca2bb1d50d979343056d4,single-hot,5,strict-alternating,29,1,2,FREQ-LRU-REPAIR,c0ea680dbbd0ea32d9ec1ef5b06700a9a972eba422e17b4b0ad2bc5a130210a6,60,11,6,5,16777216,142068322,142021294,47028,220,7586865,210,7586865,721,25538,11631348,11631348,5,55,1,0,1,0,0,0,6,2,3,0,0,109792,0.512541
development,ny-road-distance,7b2446c7ffe6179efbc42af6812448e8cb782f12968ca2bb1d50d979343056d4,single-hot,5,strict-alternating,29,1,3,ADES,c0ea680dbbd0ea32d9ec1ef5b06700a9a972eba422e17b4b0ad2bc5a130210a6,60,11,6,5,16777216,150788541,150749857,38684,181,7357227,130,7357227,581,20438,11631348,11631348,5,55,1,0,1,0,0,0,6,2,3,0,0,109888,0.521641
development,ny-road-distance,7b2446c7ffe6179efbc42af6812448e8cb782f12968ca2bb1d50d979343056d4,single-hot,5,strict-alternating,29,1,4,ADES-V2,c0ea680dbbd0ea32d9ec1ef5b06700a9a972eba422e17b4b0ad2bc5a130210a6,60,11,6,5,16777216,82208575,82166438,42137,210,22602,190,812,621,22602,11633224,11633224,3,57,1,0,1,0,0,0,6,2,3,0,0,110872,0.455022
development,ny-road-distance,7b2446c7ffe6179efbc42af6812448e8cb782f12968ca2bb1d50d979343056d4,single-hot,5,strict-alternating,29,0,0,COLD,c0ea680dbbd0ea32d9ec1ef5b06700a9a972eba422e17b4b0ad2bc5a130210a6,60,11,6,5,67108864,969958146,969947358,10788,14878721,29807546,16198570,29807546,1001,1393,0,0,60,0,0,0,0,0,0,0,0,0,0,0,0,98548,1.346568
development,ny-road-distance,7b2446c7ffe6179efbc42af6812448e8cb782f12968ca2bb1d50d979343056d4,single-hot,5,strict-alternating,29,0,1,B3L,c0ea680dbbd0ea32d9ec1ef5b06700a9a972eba422e17b4b0ad2bc5a130210a6,60,11,6,5,67108864,121709048,120068621,1640427,230,393003,220,491,902,1204885,23262480,23262480,2,58,0,0,0,0,0,0,0,0,0,0,0,116072,0.492541
development,ny-road-distance,7b2446c7ffe6179efbc42af6812448e8cb782f12968ca2bb1d50d979343056d4,single-hot,5,strict-alternating,29,0,2,FREQ-LRU-REPAIR,c0ea680dbbd0ea32d9ec1ef5b06700a9a972eba422e17b4b0ad2bc5a130210a6,60,11,6,5,67108864,150564912,150521419,43493,210,7909998,200,7909998,622,23423,11631348,11631348,5,55,1,0,1,0,0,0,6,2,3,0,0,110920,0.518675
development,ny-road-distance,7b2446c7ffe6179efbc42af6812448e8cb782f12968ca2bb1d50d979343056d4,single-hot,5,strict-alternating,29,0,3,ADES,c0ea680dbbd0ea32d9ec1ef5b06700a9a972eba422e17b4b0ad2bc5a130210a6,60,11,6,5,67108864,153145354,153100921,44433,211,8596937,201,8596937,691,23944,11631348,11631348,5,55,1,0,1,0,0,0,6,2,3,0,0,109808,0.522182
development,ny-road-distance,7b2446c7ffe6179efbc42af6812448e8cb782f12968ca2bb1d50d979343056d4,single-hot,5,strict-alternating,29,0,4,ADES-V2,c0ea680dbbd0ea32d9ec1ef5b06700a9a972eba422e17b4b0ad2bc5a130210a6,60,11,6,5,67108864,82570493,82527221,43272,210,21740,190,781,671,21740,11633224,11633224,3,57,1,0,1,0,0,0,6,2,3,0,0,110868,0.450508
development,ny-road-distance,7b2446c7ffe6179efbc42af6812448e8cb782f12968ca2bb1d50d979343056d4,single-hot,5,strict-alternating,29,1,0,B3L,c0ea680dbbd0ea32d9ec1ef5b06700a9a972eba422e17b4b0ad2bc5a130210a6,60,11,6,5,67108864,123994409,122012965,1981444,241,470396,240,581,1042,1468877,23262480,23262480,2,58,0,0,0,0,0,0,0,0,0,0,0,117096,0.494494
development,ny-road-distance,7b2446c7ffe6179efbc42af6812448e8cb782f12968ca2bb1d50d979343056d4,single-hot,5,strict-alternating,29,1,1,FREQ-LRU-REPAIR,c0ea680dbbd0ea32d9ec1ef5b06700a9a972eba422e17b4b0ad2bc5a130210a6,60,11,6,5,67108864,148581873,148540277,41596,210,7467032,190,7467032,621,22291,11631348,11631348,5,55,1,0,1,0,0,0,6,2,3,0,0,109832,0.517895
development,ny-road-distance,7b2446c7ffe6179efbc42af6812448e8cb782f12968ca2bb1d50d979343056d4,single-hot,5,strict-alternating,29,1,2,ADES,c0ea680dbbd0ea32d9ec1ef5b06700a9a972eba422e17b4b0ad2bc5a130210a6,60,11,6,5,67108864,149421565,149377131,44434,211,7653841,210,7653841,661,24566,11631348,11631348,5,55,1,0,1,0,0,0,6,2,3,0,0,109776,0.521252
development,ny-road-distance,7b2446c7ffe6179efbc42af6812448e8cb782f12968ca2bb1d50d979343056d4,single-hot,5,strict-alternating,29,1,3,ADES-V2,c0ea680dbbd0ea32d9ec1ef5b06700a9a972eba422e17b4b0ad2bc5a130210a6,60,11,6,5,67108864,84267707,84225248,42459,210,22893,190,602,711,22893,11633224,11633224,3,57,1,0,1,0,0,0,6,2,3,0,0,109772,0.455542
development,ny-road-distance,7b2446c7ffe6179efbc42af6812448e8cb782f12968ca2bb1d50d979343056d4,single-hot,5,strict-alternating,29,1,4,COLD,c0ea680dbbd0ea32d9ec1ef5b06700a9a972eba422e17b4b0ad2bc5a130210a6,60,11,6,5,67108864,936445401,936435833,9568,12979733,28484700,15480522,28484700,882,1102,0,0,60,0,0,0,0,0,0,0,0,0,0,0,0,97120,1.309816
development,ny-road-distance,7b2446c7ffe6179efbc42af6812448e8cb782f12968ca2bb1d50d979343056d4,single-hot,50,strict-alternating,7,0,0,COLD,de1fb5d76bfa10ca86074432e99b66a17ebf1f1868a23f63be78d1e9cf790513,60,1,1,0,16777216,713917528,713916466,1062,10779424,33763025,10779424,33763025,1062,1062,0,0,60,0,0,0,0,0,0,0,0,0,0,0,0,97540,1.084512
development,ny-road-distance,7b2446c7ffe6179efbc42af6812448e8cb782f12968ca2bb1d50d979343056d4,single-hot,50,strict-alternating,7,0,1,B3L,de1fb5d76bfa10ca86074432e99b66a17ebf1f1868a23f63be78d1e9cf790513,60,1,1,0,16777216,295107476,295104811,2665,150,57120743,140,57120743,2665,2665,11631240,11631240,5,55,0,4,0,0,0,0,0,0,0,0,0,116092,0.668279
development,ny-road-distance,7b2446c7ffe6179efbc42af6812448e8cb782f12968ca2bb1d50d979343056d4,single-hot,50,strict-alternating,7,0,2,FREQ-LRU-REPAIR,de1fb5d76bfa10ca86074432e99b66a17ebf1f1868a23f63be78d1e9cf790513,60,1,1,0,16777216,146880406,146876910,3496,220,9231820,220,9231820,3496,3496,11631364,11631364,6,54,1,0,1,0,0,0,0,0,1,0,0,109792,0.517279
development,ny-road-distance,7b2446c7ffe6179efbc42af6812448e8cb782f12968ca2bb1d50d979343056d4,single-hot,50,strict-alternating,7,0,3,ADES,de1fb5d76bfa10ca86074432e99b66a17ebf1f1868a23f63be78d1e9cf790513,60,1,1,0,16777216,139181563,139178187,3376,200,7701339,200,7701339,3376,3376,11631364,11631364,6,54,1,0,1,0,0,0,0,0,1,0,0,109924,0.508787
development,ny-road-distance,7b2446c7ffe6179efbc42af6812448e8cb782f12968ca2bb1d50d979343056d4,single-hot,50,strict-alternating,7,0,4,ADES-V2,de1fb5d76bfa10ca86074432e99b66a17ebf1f1868a23f63be78d1e9cf790513,60,1,1,0,16777216,129852841,129849866,2975,291,7103745,291,7103745,2975,2975,11633224,11633224,4,56,1,0,1,0,0,0,0,0,1,0,0,109812,0.502088
development,ny-road-distance,7b2446c7ffe6179efbc42af6812448e8cb782f12968ca2bb1d50d979343056d4,single-hot,50,strict-alternating,7,1,0,B3L,de1fb5d76bfa10ca86074432e99b66a17ebf1f1868a23f63be78d1e9cf790513,60,1,1,0,16777216,287152921,287149415,3506,70,55645895,60,55645895,3506,3506,11631240,11631240,5,55,0,4,0,0,0,0,0,0,0,0,0,116128,0.657611
development,ny-road-distance,7b2446c7ffe6179efbc42af6812448e8cb782f12968ca2bb1d50d979343056d4,single-hot,50,strict-alternating,7,1,1,FREQ-LRU-REPAIR,de1fb5d76bfa10ca86074432e99b66a17ebf1f1868a23f63be78d1e9cf790513,60,1,1,0,16777216,144350622,144347867,2755,210,8910241,210,8910241,2755,2755,11631364,11631364,6,54,1,0,1,0,0,0,0,0,1,0,0,110852,0.515729
development,ny-road-distance,7b2446c7ffe6179efbc42af6812448e8cb782f12968ca2bb1d50d979343056d4,single-hot,50,strict-alternating,7,1,2,ADES,de1fb5d76bfa10ca86074432e99b66a17ebf1f1868a23f63be78d1e9cf790513,60,1,1,0,16777216,141298390,141295415,2975,220,8284506,211,8284506,2975,2975,11631364,11631364,6,54,1,0,1,0,0,0,0,0,1,0,0,109852,0.511954
development,ny-road-distance,7b2446c7ffe6179efbc42af6812448e8cb782f12968ca2bb1d50d979343056d4,single-hot,50,strict-alternating,7,1,3,ADES-V2,de1fb5d76bfa10ca86074432e99b66a17ebf1f1868a23f63be78d1e9cf790513,60,1,1,0,16777216,128932723,128929426,3297,211,7066035,211,7066035,3297,3297,11633224,11633224,4,56,1,0,1,0,0,0,0,0,1,0,0,110936,0.499109
development,ny-road-distance,7b2446c7ffe6179efbc42af6812448e8cb782f12968ca2bb1d50d979343056d4,single-hot,50,strict-alternating,7,1,4,COLD,de1fb5d76bfa10ca86074432e99b66a17ebf1f1868a23f63be78d1e9cf790513,60,1,1,0,16777216,717561701,717560870,831,10593186,33305563,10593186,33305563,831,831,0,0,60,0,0,0,0,0,0,0,0,0,0,0,0,97480,1.088016
development,ny-road-distance,7b2446c7ffe6179efbc42af6812448e8cb782f12968ca2bb1d50d979343056d4,single-hot,50,strict-alternating,7,0,0,B3L,de1fb5d76bfa10ca86074432e99b66a17ebf1f1868a23f63be78d1e9cf790513,60,1,1,0,67108864,183864533,183861367,3166,230,3166,211,772,3166,3166,34893720,34893720,3,57,0,0,0,0,0,0,0,0,0,0,0,128420,0.553616
development,ny-road-distance,7b2446c7ffe6179efbc42af6812448e8cb782f12968ca2bb1d50d979343056d4,single-hot,50,strict-alternating,7,0,1,FREQ-LRU-REPAIR,de1fb5d76bfa10ca86074432e99b66a17ebf1f1868a23f63be78d1e9cf790513,60,1,1,0,67108864,142940593,142937447,3146,300,8113697,291,8113697,3146,3146,11631364,11631364,6,54,1,0,1,0,0,0,0,0,1,0,0,109836,0.512442
development,ny-road-distance,7b2446c7ffe6179efbc42af6812448e8cb782f12968ca2bb1d50d979343056d4,single-hot,50,strict-alternating,7,0,2,ADES,de1fb5d76bfa10ca86074432e99b66a17ebf1f1868a23f63be78d1e9cf790513,60,1,1,0,67108864,147514228,147511373,2855,281,8838457,281,8838457,2855,2855,11631364,11631364,6,54,1,0,1,0,0,0,0,0,1,0,0,110984,0.516366
development,ny-road-distance,7b2446c7ffe6179efbc42af6812448e8cb782f12968ca2bb1d50d979343056d4,single-hot,50,strict-alternating,7,0,3,ADES-V2,de1fb5d76bfa10ca86074432e99b66a17ebf1f1868a23f63be78d1e9cf790513,60,1,1,0,67108864,129743749,129740523,3226,300,7119955,290,7119955,3226,3226,11633224,11633224,4,56,1,0,1,0,0,0,0,0,1,0,0,110940,0.504018
development,ny-road-distance,7b2446c7ffe6179efbc42af6812448e8cb782f12968ca2bb1d50d979343056d4,single-hot,50,strict-alternating,7,0,4,COLD,de1fb5d76bfa10ca86074432e99b66a17ebf1f1868a23f63be78d1e9cf790513,60,1,1,0,67108864,696192114,696191122,992,10558522,33216747,10558522,33216747,992,992,0,0,60,0,0,0,0,0,0,0,0,0,0,0,0,97600,1.064892
development,ny-road-distance,7b2446c7ffe6179efbc42af6812448e8cb782f12968ca2bb1d50d979343056d4,single-hot,50,strict-alternating,7,1,0,FREQ-LRU-REPAIR,de1fb5d76bfa10ca86074432e99b66a17ebf1f1868a23f63be78d1e9cf790513,60,1,1,0,67108864,142231322,142228026,3296,210,8343685,210,8343685,3296,3296,11631364,11631364,6,54,1,0,1,0,0,0,0,0,1,0,0,109728,0.509563
development,ny-road-distance,7b2446c7ffe6179efbc42af6812448e8cb782f12968ca2bb1d50d979343056d4,single-hot,50,strict-alternating,7,1,1,ADES,de1fb5d76bfa10ca86074432e99b66a17ebf1f1868a23f63be78d1e9cf790513,60,1,1,0,67108864,144261773,144258567,3206,231,8248287,230,8248287,3206,3206,11631364,11631364,6,54,1,0,1,0,0,0,0,0,1,0,0,110932,0.518466
development,ny-road-distance,7b2446c7ffe6179efbc42af6812448e8cb782f12968ca2bb1d50d979343056d4,single-hot,50,strict-alternating,7,1,2,ADES-V2,de1fb5d76bfa10ca86074432e99b66a17ebf1f1868a23f63be78d1e9cf790513,60,1,1,0,67108864,120729123,120726127,2996,201,6842868,201,6842868,2996,2996,11633224,11633224,4,56,1,0,1,0,0,0,0,0,1,0,0,110916,0.490289
development,ny-road-distance,7b2446c7ffe6179efbc42af6812448e8cb782f12968ca2bb1d50d979343056d4,single-hot,50,strict-alternating,7,1,3,COLD,de1fb5d76bfa10ca86074432e99b66a17ebf1f1868a23f63be78d1e9cf790513,60,1,1,0,67108864,726856606,726855224,1382,10690847,34758505,10690847,34758505,1382,1382,0,0,60,0,0,0,0,0,0,0,0,0,0,0,0,97512,1.094956
development,ny-road-distance,7b2446c7ffe6179efbc42af6812448e8cb782f12968ca2bb1d50d979343056d4,single-hot,50,strict-alternating,7,1,4,B3L,de1fb5d76bfa10ca86074432e99b66a17ebf1f1868a23f63be78d1e9cf790513,60,1,1,0,67108864,181900390,181897284,3106,230,3106,230,732,3106,3106,34893720,34893720,3,57,0,0,0,0,0,0,0,0,0,0,0,127360,0.549467
development,ny-road-distance,7b2446c7ffe6179efbc42af6812448e8cb782f12968ca2bb1d50d979343056d4,single-hot,50,strict-alternating,17,0,0,B3L,a27af0b8d31a840b8b2e43068c1c519c574c7b3e743d1b67608be7691da187c6,60,1,1,0,16777216,781712852,781710758,2094,160,56738846,160,56738846,2094,2094,11631240,11631240,14,46,0,13,0,0,0,0,0,0,0,0,0,117844,1.148944
development,ny-road-distance,7b2446c7ffe6179efbc42af6812448e8cb782f12968ca2bb1d50d979343056d4,single-hot,50,strict-alternating,17,0,1,FREQ-LRU-REPAIR,a27af0b8d31a840b8b2e43068c1c519c574c7b3e743d1b67608be7691da187c6,60,1,1,0,16777216,212909368,212906442,2926,311,27697683,311,27697683,2926,2926,11631444,11631444,11,49,1,0,1,0,0,0,0,0,1,0,0,110992,0.584294
development,ny-road-distance,7b2446c7ffe6179efbc42af6812448e8cb782f12968ca2bb1d50d979343056d4,single-hot,50,strict-alternating,17,0,2,ADES,a27af0b8d31a840b8b2e43068c1c519c574c7b3e743d1b67608be7691da187c6,60,1,1,0,16777216,240432952,240429877,3075,311,29972973,301,29972973,3075,3075,11631444,11631444,13,47,1,0,1,0,0,0,0,0,1,0,0,109096,0.608361
development,ny-road-distance,7b2446c7ffe6179efbc42af6812448e8cb782f12968ca2bb1d50d979343056d4,single-hot,50,strict-alternating,17,0,3,ADES-V2,a27af0b8d31a840b8b2e43068c1c519c574c7b3e743d1b67608be7691da187c6,60,1,1,0,16777216,193374749,193361705,13044,321,28406194,321,28406194,13044,13044,11633224,11633224,9,51,1,0,1,0,0,0,0,0,1,0,0,110848,0.564598
development,ny-road-distance,7b2446c7ffe6179efbc42af6812448e8cb782f12968ca2bb1d50d979343056d4,single-hot,50,strict-alternating,17,0,4,COLD,a27af0b8d31a840b8b2e43068c1c519c574c7b3e743d1b67608be7691da187c6,60,1,1,0,16777216,709141941,709141049,892,9096087,29058449,9096087,29058449,892,892,0,0,60,0,0,0,0,0,0,0,0,0,0,0,0,97360,1.079388
development,ny-road-distance,7b2446c7ffe6179efbc42af6812448e8cb782f12968ca2bb1d50d979343056d4,single-hot,50,strict-alternating,17,1,0,FREQ-LRU-REPAIR,a27af0b8d31a840b8b2e43068c1c519c574c7b3e743d1b67608be7691da187c6,60,1,1,0,16777216,212019630,212017056,2574,320,28279738,311,28279738,2574,2574,11631444,11631444,11,49,1,0,1,0,0,0,0,0,1,0,0,110920,0.581164
development,ny-road-distance,7b2446c7ffe6179efbc42af6812448e8cb782f12968ca2bb1d50d979343056d4,single-hot,50,strict-alternating,17,1,1,ADES,a27af0b8d31a840b8b2e43068c1c519c574c7b3e743d1b67608be7691da187c6,60,1,1,0,16777216,260269152,260266607,2545,321,29354460,321,29354460,2545,2545,11631444,11631444,13,47,1,0,1,0,0,0,0,0,1,0,0,109400,0.630528
development,ny-road-distance,7b2446c7ffe6179efbc42af6812448e8cb782f12968ca2bb1d50d979343056d4,single-hot,50,strict-alternating,17,1,2,ADES-V2,a27af0b8d31a840b8b2e43068c1c519c574c7b3e743d1b67608be7691da187c6,60,1,1,0,16777216,189154227,189150791,3436,320,27513991,320,27513991,3436,3436,11633224,11633224,9,51,1,0,1,0,0,0,0,0,1,0,0,111056,0.560279
development,ny-road-distance,7b2446c7ffe6179efbc42af6812448e8cb782f12968ca2bb1d50d979343056d4,single-hot,50,strict-alternating,17,1,3,COLD,a27af0b8d31a840b8b2e43068c1c519c574c7b3e743d1b67608be7691da187c6,60,1,1,0,16777216,725176431,725175338,1093,9341094,29000841,9341094,29000841,1093,1093,0,0,60,0,0,0,0,0,0,0,0,0,0,0,0,98616,1.094743
development,ny-road-distance,7b2446c7ffe6179efbc42af6812448e8cb782f12968ca2bb1d50d979343056d4,single-hot,50,strict-alternating,17,1,4,B3L,a27af0b8d31a840b8b2e43068c1c519c574c7b3e743d1b67608be7691da187c6,60,1,1,0,16777216,799704391,799702477,1914,171,58691759,170,58691759,1914,1914,11631240,11631240,14,46,0,13,0,0,0,0,0,0,0,0,0,117016,1.167737
development,ny-road-distance,7b2446c7ffe6179efbc42af6812448e8cb782f12968ca2bb1d50d979343056d4,single-hot,50,strict-alternating,17,0,0,FREQ-LRU-REPAIR,a27af0b8d31a840b8b2e43068c1c519c574c7b3e743d1b67608be7691da187c6,60,1,1,0,67108864,216241309,216238474,2835,330,27738580,321,27738580,2835,2835,11631444,11631444,11,49,1,0,1,0,0,0,0,0,1,0,0,110832,0.587918
development,ny-road-distance,7b2446c7ffe6179efbc42af6812448e8cb782f12968ca2bb1d50d979343056d4,single-hot,50,strict-alternating,17,0,1,ADES,a27af0b8d31a840b8b2e43068c1c519c574c7b3e743d1b67608be7691da187c6,60,1,1,0,67108864,248771962,248769328,2634,250,29159117,211,29159117,2634,2634,11631444,11631444,13,47,1,0,1,0,0,0,0,0,1,0,0,109860,0.618125
development,ny-road-distance,7b2446c7ffe6179efbc42af6812448e8cb782f12968ca2bb1d50d979343056d4,single-hot,50,strict-alternating,17,0,2,ADES-V2,a27af0b8d31a840b8b2e43068c1c519c574c7b3e743d1b67608be7691da187c6,60,1,1,0,67108864,191532560,191529966,2594,310,28370549,310,28370549,2594,2594,11633224,11633224,9,51,1,0,1,0,0,0,0,0,1,0,0,110892,0.563170
development,ny-road-distance,7b2446c7ffe6179efbc42af6812448e8cb782f12968ca2bb1d50d979343056d4,single-hot,50,strict-alternating,17,0,3,COLD,a27af0b8d31a840b8b2e43068c1c519c574c7b3e743d1b67608be7691da187c6,60,1,1,0,67108864,714671185,714669903,1282,9018185,28811270,9018185,28811270,1282,1282,0,0,60,0,0,0,0,0,0,0,0,0,0,0,0,97072,1.081476
development,ny-road-distance,7b2446c7ffe6179efbc42af6812448e8cb782f12968ca2bb1d50d979343056d4,single-hot,50,strict-alternating,17,0,4,B3L,a27af0b8d31a840b8b2e43068c1c519c574c7b3e743d1b67608be7691da187c6,60,1,1,0,67108864,482195231,482190382,4849,260,60805403,260,60805403,4849,4849,58156200,58156200,8,52,0,3,0,0,0,0,0,0,0,0,0,162440,0.856016
development,ny-road-distance,7b2446c7ffe6179efbc42af6812448e8cb782f12968ca2bb1d50d979343056d4,single-hot,50,strict-alternating,17,1,0,ADES,a27af0b8d31a840b8b2e43068c1c519c574c7b3e743d1b67608be7691da187c6,60,1,1,0,67108864,246902692,246899857,2835,311,28656853,311,28656853,2835,2835,11631444,11631444,13,47,1,0,1,0,0,0,0,0,1,0,0,109856,0.617880
development,ny-road-distance,7b2446c7ffe6179efbc42af6812448e8cb782f12968ca2bb1d50d979343056d4,single-hot,50,strict-alternating,17,1,1,ADES-V2,a27af0b8d31a840b8b2e43068c1c519c574c7b3e743d1b67608be7691da187c6,60,1,1,0,67108864,194693912,194691427,2485,300,28475244,300,28475244,2485,2485,11633224,11633224,9,51,1,0,1,0,0,0,0,0,1,0,0,110868,0.562024
development,ny-road-distance,7b2446c7ffe6179efbc42af6812448e8cb782f12968ca2bb1d50d979343056d4,single-hot,50,strict-alternating,17,1,2,COLD,a27af0b8d31a840b8b2e43068c1c519c574c7b3e743d1b67608be7691da187c6,60,1,1,0,67108864,686420433,686419271,1162,8958655,27925741,8958655,27925741,1162,1162,0,0,60,0,0,0,0,0,0,0,0,0,0,0,0,97452,1.054466
development,ny-road-distance,7b2446c7ffe6179efbc42af6812448e8cb782f12968ca2bb1d50d979343056d4,single-hot,50,strict-alternating,17,1,3,B3L,a27af0b8d31a840b8b2e43068c1c519c574c7b3e743d1b67608be7691da187c6,60,1,1,0,67108864,473219585,473215397,4188,140,59828883,140,59828883,4188,4188,58156200,58156200,8,52,0,3,0,0,0,0,0,0,0,0,0,162032,0.843702
development,ny-road-distance,7b2446c7ffe6179efbc42af6812448e8cb782f12968ca2bb1d50d979343056d4,single-hot,50,strict-alternating,17,1,4,FREQ-LRU-REPAIR,a27af0b8d31a840b8b2e43068c1c519c574c7b3e743d1b67608be7691da187c6,60,1,1,0,67108864,214012969,214010004,2965,331,28314996,321,28314996,2965,2965,11631444,11631444,11,49,1,0,1,0,0,0,0,0,1,0,0,109340,0.582985
development,ny-road-distance,7b2446c7ffe6179efbc42af6812448e8cb782f12968ca2bb1d50d979343056d4,single-hot,50,strict-alternating,29,0,0,FREQ-LRU-REPAIR,f176ffd8793fff96f1630f41b9fe8ede78f15b3e7a3fae4ecbc069b6b7d48da2,60,1,1,0,16777216,150471946,150470734,1212,211,7905464,211,7905464,1212,1212,11631348,11631348,5,55,1,0,1,0,0,0,1,0,0,0,0,110936,0.522472
development,ny-road-distance,7b2446c7ffe6179efbc42af6812448e8cb782f12968ca2bb1d50d979343056d4,single-hot,50,strict-alternating,29,0,1,ADES,f176ffd8793fff96f1630f41b9fe8ede78f15b3e7a3fae4ecbc069b6b7d48da2,60,1,1,0,16777216,148841718,148840556,1162,200,7786462,200,7786462,1162,1162,11631348,11631348,5,55,1,0,1,0,0,0,1,0,0,0,0,109756,0.517718
development,ny-road-distance,7b2446c7ffe6179efbc42af6812448e8cb782f12968ca2bb1d50d979343056d4,single-hot,50,strict-alternating,29,0,2,ADES-V2,f176ffd8793fff96f1630f41b9fe8ede78f15b3e7a3fae4ecbc069b6b7d48da2,60,1,1,0,16777216,83549913,83548831,1082,190,1082,190,1013,1082,1082,11633224,11633224,3,57,1,0,1,0,0,0,1,0,0,0,0,110936,0.452613
development,ny-road-distance,7b2446c7ffe6179efbc42af6812448e8cb782f12968ca2bb1d50d979343056d4,single-hot,50,strict-alternating,29,0,3,COLD,f176ffd8793fff96f1630f41b9fe8ede78f15b3e7a3fae4ecbc069b6b7d48da2,60,1,1,0,16777216,1004354749,1004353798,951,18505810,27691910,18505810,27691910,951,951,0,0,60,0,0,0,0,0,0,0,0,0,0,0,0,98560,1.374721
development,ny-road-distance,7b2446c7ffe6179efbc42af6812448e8cb782f12968ca2bb1d50d979343056d4,single-hot,50,strict-alternating,29,0,4,B3L,f176ffd8793fff96f1630f41b9fe8ede78f15b3e7a3fae4ecbc069b6b7d48da2,60,1,1,0,16777216,168229466,168229086,380,70,441,70,441,380,380,11631240,11631240,3,57,0,2,0,0,0,0,0,0,0,0,0,116068,0.536505
development,ny-road-distance,7b2446c7ffe6179efbc42af6812448e8cb782f12968ca2bb1d50d979343056d4,single-hot,50,strict-alternating,29,1,0,ADES,f176ffd8793fff96f1630f41b9fe8ede78f15b3e7a3fae4ecbc069b6b7d48da2,60,1,1,0,16777216,147788757,147787474,1283,191,7919600,170,7919600,1283,1283,11631348,11631348,5,55,1,0,1,0,0,0,1,0,0,0,0,110912,0.521177
development,ny-road-distance,7b2446c7ffe6179efbc42af6812448e8cb782f12968ca2bb1d50d979343056d4,single-hot,50,strict-alternating,29,1,1,ADES-V2,f176ffd8793fff96f1630f41b9fe8ede78f15b3e7a3fae4ecbc069b6b7d48da2,60,1,1,0,16777216,83733991,83732729,1262,131,1262,131,812,1262,1262,11633224,11633224,3,57,1,0,1,0,0,0,1,0,0,0,0,110828,0.455539
development,ny-road-distance,7b2446c7ffe6179efbc42af6812448e8cb782f12968ca2bb1d50d979343056d4,single-hot,50,strict-alternating,29,1,2,COLD,f176ffd8793fff96f1630f41b9fe8ede78f15b3e7a3fae4ecbc069b6b7d48da2,60,1,1,0,16777216,1031740713,1031739150,1563,20118947,26972390,20118947,26972390,1563,1563,0,0,60,0,0,0,0,0,0,0,0,0,0,0,0,97428,1.400713
development,ny-road-distance,7b2446c7ffe6179efbc42af6812448e8cb782f12968ca2bb1d50d979343056d4,single-hot,50,strict-alternating,29,1,3,B3L,f176ffd8793fff96f1630f41b9fe8ede78f15b3e7a3fae4ecbc069b6b7d48da2,60,1,1,0,16777216,169981549,169981158,391,70,451,70,451,391,391,11631240,11631240,3,57,0,2,0,0,0,0,0,0,0,0,0,116088,0.538813
development,ny-road-distance,7b2446c7ffe6179efbc42af6812448e8cb782f12968ca2bb1d50d979343056d4,single-hot,50,strict-alternating,29,1,4,FREQ-LRU-REPAIR,f176ffd8793fff96f1630f41b9fe8ede78f15b3e7a3fae4ecbc069b6b7d48da2,60,1,1,0,16777216,148970330,148969208,1122,200,7440081,200,7440081,1122,1122,11631348,11631348,5,55,1,0,1,0,0,0,1,0,0,0,0,110940,0.517521
development,ny-road-distance,7b2446c7ffe6179efbc42af6812448e8cb782f12968ca2bb1d50d979343056d4,single-hot,50,strict-alternating,29,0,0,ADES,f176ffd8793fff96f1630f41b9fe8ede78f15b3e7a3fae4ecbc069b6b7d48da2,60,1,1,0,67108864,151959685,151958533,1152,180,7561878,170,7561878,1152,1152,11631348,11631348,5,55,1,0,1,0,0,0,1,0,0,0,0,110812,0.522937
development,ny-road-distance,7b2446c7ffe6179efbc42af6812448e8cb782f12968ca2bb1d50d979343056d4,single-hot,50,strict-alternating,29,0,1,ADES-V2,f176ffd8793fff96f1630f41b9fe8ede78f15b3e7a3fae4ecbc069b6b7d48da2,60,1,1,0,67108864,87850675,87849172,1503,210,1503,210,1112,1503,1503,11633224,11633224,3,57,1,0,1,0,0,0,1,0,0,0,0,109724,0.460366
development,ny-road-distance,7b2446c7ffe6179efbc42af6812448e8cb782f12968ca2bb1d50d979343056d4,single-hot,50,strict-alternating,29,0,2,COLD,f176ffd8793fff96f1630f41b9fe8ede78f15b3e7a3fae4ecbc069b6b7d48da2,60,1,1,0,67108864,1054279579,1054278416,1163,19202796,30108514,19202796,30108514,1163,1163,0,0,60,0,0,0,0,0,0,0,0,0,0,0,0,97504,1.427021
development,ny-road-distance,7b2446c7ffe6179efbc42af6812448e8cb782f12968ca2bb1d50d979343056d4,single-hot,50,strict-alternating,29,0,3,B3L,f176ffd8793fff96f1630f41b9fe8ede78f15b3e7a3fae4ecbc069b6b7d48da2,60,1,1,0,67108864,120446040,120439728,6312,160,792,151,501,6312,6312,23262480,23262480,2,58,0,0,0,0,0,0,0,0,0,0,0,116080,0.492704
development,ny-road-distance,7b2446c7ffe6179efbc42af6812448e8cb782f12968ca2bb1d50d979343056d4,single-hot,50,strict-alternating,29,0,4,FREQ-LRU-REPAIR,f176ffd8793fff96f1630f41b9fe8ede78f15b3e7a3fae4ecbc069b6b7d48da2,60,1,1,0,67108864,148160667,148159464,1203,140,7961914,131,7961914,1203,1203,11631348,11631348,5,55,1,0,1,0,0,0,1,0,0,0,0,109736,0.519037
development,ny-road-distance,7b2446c7ffe6179efbc42af6812448e8cb782f12968ca2bb1d50d979343056d4,single-hot,50,strict-alternating,29,1,0,ADES-V2,f176ffd8793fff96f1630f41b9fe8ede78f15b3e7a3fae4ecbc069b6b7d48da2,60,1,1,0,67108864,85015390,85014158,1232,140,1243,130,1243,1232,1232,11633224,11633224,3,57,1,0,1,0,0,0,1,0,0,0,0,109748,0.455700
development,ny-road-distance,7b2446c7ffe6179efbc42af6812448e8cb782f12968ca2bb1d50d979343056d4,single-hot,50,strict-alternating,29,1,1,COLD,f176ffd8793fff96f1630f41b9fe8ede78f15b3e7a3fae4ecbc069b6b7d48da2,60,1,1,0,67108864,1073994640,1073993798,842,19308412,29821158,19308412,29821158,842,842,0,0,60,0,0,0,0,0,0,0,0,0,0,0,0,97436,1.438450
development,ny-road-distance,7b2446c7ffe6179efbc42af6812448e8cb782f12968ca2bb1d50d979343056d4,single-hot,50,strict-alternating,29,1,2,B3L,f176ffd8793fff96f1630f41b9fe8ede78f15b3e7a3fae4ecbc069b6b7d48da2,60,1,1,0,67108864,124002613,123996672,5941,231,761,230,571,5941,5941,23262480,23262480,2,58,0,0,0,0,0,0,0,0,0,0,0,116076,0.497965
development,ny-road-distance,7b2446c7ffe6179efbc42af6812448e8cb782f12968ca2bb1d50d979343056d4,single-hot,50,strict-alternating,29,1,3,FREQ-LRU-REPAIR,f176ffd8793fff96f1630f41b9fe8ede78f15b3e7a3fae4ecbc069b6b7d48da2,60,1,1,0,67108864,164673361,164672179,1182,251,9312589,241,9312589,1182,1182,11631348,11631348,5,55,1,0,1,0,0,0,1,0,0,0,0,109852,0.546403
development,ny-road-distance,7b2446c7ffe6179efbc42af6812448e8cb782f12968ca2bb1d50d979343056d4,single-hot,50,strict-alternating,29,1,4,ADES,f176ffd8793fff96f1630f41b9fe8ede78f15b3e7a3fae4ecbc069b6b7d48da2,60,1,1,0,67108864,146701420,146700178,1242,171,7818076,131,7818076,1242,1242,11631348,11631348,5,55,1,0,1,0,0,0,1,0,0,0,0,110860,0.519108
development,ny-road-distance,7b2446c7ffe6179efbc42af6812448e8cb782f12968ca2bb1d50d979343056d4,churn,5,strict-alternating,7,0,0,ADES,a9990ace02eaa44492aa9b028b0f00642cec7423c25ac1ea4a6fda5fe37dfc42,60,11,6,5,16777216,1133925058,1133911912,13146,7861057,76050956,11838186,76050956,1232,1813,11631416,11631416,50,10,7,6,7,0,3,0,7,2,0,0,0,109732,1.506217
development,ny-road-distance,7b2446c7ffe6179efbc42af6812448e8cb782f12968ca2bb1d50d979343056d4,churn,5,strict-alternating,7,0,1,ADES-V2,a9990ace02eaa44492aa9b028b0f00642cec7423c25ac1ea4a6fda5fe37dfc42,60,11,6,5,16777216,756573588,756548060,25528,6148677,34478509,11436358,34478509,1253,12443,11633356,11633356,47,13,1,0,1,0,0,0,8,2,1,0,0,110776,1.130959
development,ny-road-distance,7b2446c7ffe6179efbc42af6812448e8cb782f12968ca2bb1d50d979343056d4,churn,5,strict-alternating,7,0,2,COLD,a9990ace02eaa44492aa9b028b0f00642cec7423c25ac1ea4a6fda5fe37dfc42,60,11,6,5,16777216,922960545,922952439,8106,11712422,32002856,14135136,32002856,752,972,0,0,60,0,0,0,0,0,0,0,0,0,0,0,0,97600,1.308262
development,ny-road-distance,7b2446c7ffe6179efbc42af6812448e8cb782f12968ca2bb1d50d979343056d4,churn,5,strict-alternating,7,0,3,B3L,a9990ace02eaa44492aa9b028b0f00642cec7423c25ac1ea4a6fda5fe37dfc42,60,11,6,5,16777216,3628719148,3628699404,19744,58172302,68897454,58309117,68897454,842,11461,11631240,11631240,60,0,0,59,0,0,0,0,0,0,0,0,0,116588,3.999840
development,ny-road-distance,7b2446c7ffe6179efbc42af6812448e8cb782f12968ca2bb1d50d979343056d4,churn,5,strict-alternating,7,0,4,FREQ-LRU-REPAIR,a9990ace02eaa44492aa9b028b0f00642cec7423c25ac1ea4a6fda5fe37dfc42,60,11,6,5,16777216,1543076875,1543062810,14065,11906112,81318877,14334997,81318877,1002,3496,11631348,11631380,51,9,12,11,12,0,0,0,6,2,1,0,0,110844,1.915948
development,ny-road-distance,7b2446c7ffe6179efbc42af6812448e8cb782f12968ca2bb1d50d979343056d4,churn,5,strict-alternating,7,1,0,ADES-V2,a9990ace02eaa44492aa9b028b0f00642cec7423c25ac1ea4a6fda5fe37dfc42,60,11,6,5,16777216,820647507,820617943,29564,7949642,32525168,12023802,32525168,1513,14286,11633356,11633356,47,13,1,0,1,0,0,0,8,2,1,0,0,109388,1.192227
development,ny-road-distance,7b2446c7ffe6179efbc42af6812448e8cb782f12968ca2bb1d50d979343056d4,churn,5,strict-alternating,7,1,1,COLD,a9990ace02eaa44492aa9b028b0f00642cec7423c25ac1ea4a6fda5fe37dfc42,60,11,6,5,16777216,958981585,958973832,7753,11833928,34333119,15170490,34333119,671,1142,0,0,60,0,0,0,0,0,0,0,0,0,0,0,0,98576,1.329415
development,ny-road-distance,7b2446c7ffe6179efbc42af6812448e8cb782f12968ca2bb1d50d979343056d4,churn,5,strict-alternating,7,1,2,B3L,a9990ace02eaa44492aa9b028b0f00642cec7423c25ac1ea4a6fda5fe37dfc42,60,11,6,5,16777216,3536668780,3536646109,22671,58492601,60891101,58911111,60891101,942,12894,11631240,11631240,60,0,0,59,0,0,0,0,0,0,0,0,0,117024,3.913308
development,ny-road-distance,7b2446c7ffe6179efbc42af6812448e8cb782f12968ca2bb1d50d979343056d4,churn,5,strict-alternating,7,1,3,FREQ-LRU-REPAIR,a9990ace02eaa44492aa9b028b0f00642cec7423c25ac1ea4a6fda5fe37dfc42,60,11,6,5,16777216,1484347650,1484333352,14298,10937441,79933226,14434298,79933226,1142,3045,11631348,11631380,51,9,12,11,12,0,0,0,6,2,1,0,0,109900,1.853715
development,ny-road-distance,7b2446c7ffe6179efbc42af6812448e8cb782f12968ca2bb1d50d979343056d4,churn,5,strict-alternating,7,1,4,ADES,a9990ace02eaa44492aa9b028b0f00642cec7423c25ac1ea4a6fda5fe37dfc42,60,11,6,5,16777216,1157801051,1157788066,12985,7963730,76998676,11920814,76998676,1132,2014,11631416,11631416,50,10,7,6,7,0,3,0,7,2,0,0,0,110880,1.528252
development,ny-road-distance,7b2446c7ffe6179efbc42af6812448e8cb782f12968ca2bb1d50d979343056d4,churn,5,strict-alternating,7,0,0,ADES-V2,a9990ace02eaa44492aa9b028b0f00642cec7423c25ac1ea4a6fda5fe37dfc42,60,11,6,5,67108864,463306350,463245167,61183,421,54589144,311,54589144,1733,27982,46527328,46527328,15,45,4,0,4,0,0,0,26,8,2,0,0,139776,0.838558
development,ny-road-distance,7b2446c7ffe6179efbc42af6812448e8cb782f12968ca2bb1d50d979343056d4,churn,5,strict-alternating,7,0,1,COLD,a9990ace02eaa44492aa9b028b0f00642cec7423c25ac1ea4a6fda5fe37dfc42,60,11,6,5,67108864,910252274,910243487,8787,11374432,32589225,14449697,32589225,832,1162,0,0,60,0,0,0,0,0,0,0,0,0,0,0,0,98572,1.294079
development,ny-road-distance,7b2446c7ffe6179efbc42af6812448e8cb782f12968ca2bb1d50d979343056d4,churn,5,strict-alternating,7,0,2,B3L,a9990ace02eaa44492aa9b028b0f00642cec7423c25ac1ea4a6fda5fe37dfc42,60,11,6,5,67108864,255314650,253605793,1708857,270,61805912,260,61805912,861,1662932,46524960,46524960,4,56,0,0,0,0,0,0,0,0,0,0,0,139884,0.631732
development,ny-road-distance,7b2446c7ffe6179efbc42af6812448e8cb782f12968ca2bb1d50d979343056d4,churn,5,strict-alternating,7,0,3,FREQ-LRU-REPAIR,a9990ace02eaa44492aa9b028b0f00642cec7423c25ac1ea4a6fda5fe37dfc42,60,11,6,5,67108864,550451900,550395897,56003,311,65753514,301,65753514,1793,37038,46525328,46525328,16,44,4,0,4,0,0,0,25,9,1,0,0,140772,0.922162
development,ny-road-distance,7b2446c7ffe6179efbc42af6812448e8cb782f12968ca2bb1d50d979343056d4,churn,5,strict-alternating,7,0,4,ADES,a9990ace02eaa44492aa9b028b0f00642cec7423c25ac1ea4a6fda5fe37dfc42,60,11,6,5,67108864,564770890,564726298,44592,351,71105535,320,71105535,1693,26680,46525328,46525328,17,43,4,0,4,0,0,0,24,9,1,0,0,140820,0.933707
development,ny-road-distance,7b2446c7ffe6179efbc42af6812448e8cb782f12968ca2bb1d50d979343056d4,churn,5,strict-alternating,7,1,0,COLD,a9990ace02eaa44492aa9b028b0f00642cec7423c25ac1ea4a6fda5fe37dfc42,60,11,6,5,67108864,906841049,906832284,8765,11101484,31339416,14356854,31339416,811,1022,0,0,60,0,0,0,0,0,0,0,0,0,0,0,0,97468,1.276203
development,ny-road-distance,7b2446c7ffe6179efbc42af6812448e8cb782f12968ca2bb1d50d979343056d4,churn,5,strict-alternating,7,1,1,B3L,a9990ace02eaa44492aa9b028b0f00642cec7423c25ac1ea4a6fda5fe37dfc42,60,11,6,5,67108864,259657142,258084353,1572789,260,62697919,241,62697919,982,1525282,46524960,46524960,4,56,0,0,0,0,0,0,0,0,0,0,0,138312,0.634560
development,ny-road-distance,7b2446c7ffe6179efbc42af6812448e8cb782f12968ca2bb1d50d979343056d4,churn,5,strict-alternating,7,1,2,FREQ-LRU-REPAIR,a9990ace02eaa44492aa9b028b0f00642cec7423c25ac1ea4a6fda5fe37dfc42,60,11,6,5,67108864,559234395,559185005,49390,311,62109623,301,62109623,1853,28724,46525328,46525328,16,44,4,0,4,0,0,0,25,9,1,0,0,139752,0.938028
development,ny-road-distance,7b2446c7ffe6179efbc42af6812448e8cb782f12968ca2bb1d50d979343056d4,churn,5,strict-alternating,7,1,3,ADES,a9990ace02eaa44492aa9b028b0f00642cec7423c25ac1ea4a6fda5fe37dfc42,60,11,6,5,67108864,587671266,587622295,48971,351,77491201,321,77491201,1784,27441,46525328,46525328,17,43,4,0,4,0,0,0,24,9,1,0,0,140788,0.979502
development,ny-road-distance,7b2446c7ffe6179efbc42af6812448e8cb782f12968ca2bb1d50d979343056d4,churn,5,strict-alternating,7,1,4,ADES-V2,a9990ace02eaa44492aa9b028b0f00642cec7423c25ac1ea4a6fda5fe37dfc42,60,11,6,5,67108864,484850820,484787580,63240,521,61473033,321,61473033,1864,27932,46527328,46527328,15,45,4,0,4,0,0,0,26,8,2,0,0,139676,0.859368
development,ny-road-distance,7b2446c7ffe6179efbc42af6812448e8cb782f12968ca2bb1d50d979343056d4,churn,5,strict-alternating,17,0,0,ADES-V2,f53f994d1e77ecc7d52e9bada9ce76fa4e1dd3052b7e3f4d21cc88825ef348cb,60,11,6,5,16777216,820787563,819897437,890126,8303402,31523588,11408617,31523588,2244,867656,11633356,11633356,47,13,1,0,1,0,0,0,3,4,3,0,0,109828,1.188914
development,ny-road-distance,7b2446c7ffe6179efbc42af6812448e8cb782f12968ca2bb1d50d979343056d4,churn,5,strict-alternating,17,0,1,COLD,f53f994d1e77ecc7d52e9bada9ce76fa4e1dd3052b7e3f4d21cc88825ef348cb,60,11,6,5,16777216,1081656710,1081646730,9980,15304516,38200338,18402459,38200338,932,1123,0,0,60,0,0,0,0,0,0,0,0,0,0,0,0,98568,1.459783
development,ny-road-distance,7b2446c7ffe6179efbc42af6812448e8cb782f12968ca2bb1d50d979343056d4,churn,5,strict-alternating,17,0,2,B3L,f53f994d1e77ecc7d52e9bada9ce76fa4e1dd3052b7e3f4d21cc88825ef348cb,60,11,6,5,16777216,3462563707,3462541005,22702,57124948,59863221,57281910,59863221,1082,8105,11631240,11631240,60,0,0,59,0,0,0,0,0,0,0,0,0,118112,3.840266
development,ny-road-distance,7b2446c7ffe6179efbc42af6812448e8cb782f12968ca2bb1d50d979343056d4,churn,5,strict-alternating,17,0,3,FREQ-LRU-REPAIR,f53f994d1e77ecc7d52e9bada9ce76fa4e1dd3052b7e3f4d21cc88825ef348cb,60,11,6,5,16777216,1655850865,1655819225,31640,15463517,87588199,20607914,87588199,2044,7505,11631348,11631380,51,9,12,11,12,0,0,0,1,4,4,0,0,109812,2.036690
development,ny-road-distance,7b2446c7ffe6179efbc42af6812448e8cb782f12968ca2bb1d50d979343056d4,churn,5,strict-alternating,17,0,4,ADES,f53f994d1e77ecc7d52e9bada9ce76fa4e1dd3052b7e3f4d21cc88825ef348cb,60,11,6,5,16777216,1240056691,1240027636,29055,11449909,82446777,16569940,82446777,1913,7504,11631392,11631416,51,9,5,4,5,0,5,0,2,4,3,0,0,109764,1.622258
development,ny-road-distance,7b2446c7ffe6179efbc42af6812448e8cb782f12968ca2bb1d50d979343056d4,churn,5,strict-alternating,17,1,0,COLD,f53f994d1e77ecc7d52e9bada9ce76fa4e1dd3052b7e3f4d21cc88825ef348cb,60,11,6,5,16777216,1072647131,1072635999,11132,15191000,37072498,18383571,37072498,931,1724,0,0,60,0,0,0,0,0,0,0,0,0,0,0,0,98600,1.450729
development,ny-road-distance,7b2446c7ffe6179efbc42af6812448e8cb782f12968ca2bb1d50d979343056d4,churn,5,strict-alternating,17,1,1,B3L,f53f994d1e77ecc7d52e9bada9ce76fa4e1dd3052b7e3f4d21cc88825ef348cb,60,11,6,5,16777216,3488384712,3488361068,23644,57253709,60035594,58403161,60035594,1613,6693,11631240,11631240,60,0,0,59,0,0,0,0,0,0,0,0,0,116948,3.867319
development,ny-road-distance,7b2446c7ffe6179efbc42af6812448e8cb782f12968ca2bb1d50d979343056d4,churn,5,strict-alternating,17,1,2,FREQ-LRU-REPAIR,f53f994d1e77ecc7d52e9bada9ce76fa4e1dd3052b7e3f4d21cc88825ef348cb,60,11,6,5,16777216,1658095757,1658061806,33951,14962835,89676553,20522376,89676553,2174,7614,11631348,11631380,51,9,12,11,12,0,0,0,1,4,4,0,0,110924,2.041968
development,ny-road-distance,7b2446c7ffe6179efbc42af6812448e8cb782f12968ca2bb1d50d979343056d4,churn,5,strict-alternating,17,1,3,ADES,f53f994d1e77ecc7d52e9bada9ce76fa4e1dd3052b7e3f4d21cc88825ef348cb,60,11,6,5,16777216,1237778981,1237748616,30365,11084320,81837304,16228634,81837304,1913,8556,11631392,11631416,51,9,5,4,5,0,5,0,2,4,3,0,0,110904,1.620662
development,ny-road-distance,7b2446c7ffe6179efbc42af6812448e8cb782f12968ca2bb1d50d979343056d4,churn,5,strict-alternating,17,1,4,ADES-V2,f53f994d1e77ecc7d52e9bada9ce76fa4e1dd3052b7e3f4d21cc88825ef348cb,60,11,6,5,16777216,857258710,856362788,895922,8269959,32707036,12553705,32707036,2464,871897,11633356,11633356,47,13,1,0,1,0,0,0,3,4,3,0,0,109308,1.238415
development,ny-road-distance,7b2446c7ffe6179efbc42af6812448e8cb782f12968ca2bb1d50d979343056d4,churn,5,strict-alternating,17,0,0,COLD,f53f994d1e77ecc7d52e9bada9ce76fa4e1dd3052b7e3f4d21cc88825ef348cb,60,11,6,5,67108864,1087701789,1087690208,11581,15408059,36895345,18691845,36895345,1012,1523,0,0,60,0,0,0,0,0,0,0,0,0,0,0,0,97520,1.465444
development,ny-road-distance,7b2446c7ffe6179efbc42af6812448e8cb782f12968ca2bb1d50d979343056d4,churn,5,strict-alternating,17,0,1,B3L,f53f994d1e77ecc7d52e9bada9ce76fa4e1dd3052b7e3f4d21cc88825ef348cb,60,11,6,5,67108864,249553734,248692922,860812,251,60598552,241,60598552,1302,840005,46524960,46524960,4,56,0,0,0,0,0,0,0,0,0,0,0,138748,0.631940
development,ny-road-distance,7b2446c7ffe6179efbc42af6812448e8cb782f12968ca2bb1d50d979343056d4,churn,5,strict-alternating,17,0,2,FREQ-LRU-REPAIR,f53f994d1e77ecc7d52e9bada9ce76fa4e1dd3052b7e3f4d21cc88825ef348cb,60,11,6,5,67108864,561180129,560256447,923682,351,76727052,311,76727052,2614,893144,46525328,46525328,16,44,4,0,4,0,0,0,6,16,13,0,0,140792,0.944404
development,ny-road-distance,7b2446c7ffe6179efbc42af6812448e8cb782f12968ca2bb1d50d979343056d4,churn,5,strict-alternating,17,0,3,ADES,f53f994d1e77ecc7d52e9bada9ce76fa4e1dd3052b7e3f4d21cc88825ef348cb,60,11,6,5,67108864,571483592,570554484,929108,380,82978039,311,82978039,2264,901600,46525328,46525328,17,43,4,0,4,0,0,0,6,16,12,0,0,139800,0.958166
development,ny-road-distance,7b2446c7ffe6179efbc42af6812448e8cb782f12968ca2bb1d50d979343056d4,churn,5,strict-alternating,17,0,4,ADES-V2,f53f994d1e77ecc7d52e9bada9ce76fa4e1dd3052b7e3f4d21cc88825ef348cb,60,11,6,5,67108864,455786073,454835542,950531,410,59170282,330,59170282,2505,919083,46527328,46527328,15,45,4,0,4,0,0,0,7,15,13,0,0,139772,0.837871
development,ny-road-distance,7b2446c7ffe6179efbc42af6812448e8cb782f12968ca2bb1d50d979343056d4,churn,5,strict-alternating,17,1,0,B3L,f53f994d1e77ecc7d52e9bada9ce76fa4e1dd3052b7e3f4d21cc88825ef348cb,60,11,6,5,67108864,248676317,247819902,856415,251,59061749,250,59061749,1282,835026,46524960,46524960,4,56,0,0,0,0,0,0,0,0,0,0,0,139868,0.627672
development,ny-road-distance,7b2446c7ffe6179efbc42af6812448e8cb782f12968ca2bb1d50d979343056d4,churn,5,strict-alternating,17,1,1,FREQ-LRU-REPAIR,f53f994d1e77ecc7d52e9bada9ce76fa4e1dd3052b7e3f4d21cc88825ef348cb,60,11,6,5,67108864,541889058,540974277,914781,321,76724688,311,76724688,2314,885880,46525328,46525328,16,44,4,0,4,0,0,0,6,16,13,0,0,139708,0.921556
development,ny-road-distance,7b2446c7ffe6179efbc42af6812448e8cb782f12968ca2bb1d50d979343056d4,churn,5,strict-alternating,17,1,2,ADES,f53f994d1e77ecc7d52e9bada9ce76fa4e1dd3052b7e3f4d21cc88825ef348cb,60,11,6,5,67108864,574149040,573269903,879137,341,83791264,321,83791264,2033,852869,46525328,46525328,17,43,4,0,4,0,0,0,6,16,12,0,0,140756,0.952882
development,ny-road-distance,7b2446c7ffe6179efbc42af6812448e8cb782f12968ca2bb1d50d979343056d4,churn,5,strict-alternating,17,1,3,ADES-V2,f53f994d1e77ecc7d52e9bada9ce76fa4e1dd3052b7e3f4d21cc88825ef348cb,60,11,6,5,67108864,454685834,453838927,846907,391,59160144,321,59160144,3206,814237,46527328,46527328,15,45,4,0,4,0,0,0,7,15,13,0,0,140808,0.833416
development,ny-road-distance,7b2446c7ffe6179efbc42af6812448e8cb782f12968ca2bb1d50d979343056d4,churn,5,strict-alternating,17,1,4,COLD,f53f994d1e77ecc7d52e9bada9ce76fa4e1dd3052b7e3f4d21cc88825ef348cb,60,11,6,5,67108864,1099448121,1099435458,12663,15482521,37935071,18623716,37935071,1172,1894,0,0,60,0,0,0,0,0,0,0,0,0,0,0,0,97512,1.475080
development,ny-road-distance,7b2446c7ffe6179efbc42af6812448e8cb782f12968ca2bb1d50d979343056d4,churn,5,strict-alternating,29,0,0,COLD,3625dad5ffd01454acefa44f91906650ab94680ecd0f7de7725b4eb057b9eb8e,60,11,6,5,16777216,994440998,994427582,13416,11142000,38191268,13947237,38191268,1132,1753,0,0,60,0,0,0,0,0,0,0,0,0,0,0,0,97520,1.373576
development,ny-road-distance,7b2446c7ffe6179efbc42af6812448e8cb782f12968ca2bb1d50d979343056d4,churn,5,strict-alternating,29,0,1,B3L,3625dad5ffd01454acefa44f91906650ab94680ecd0f7de7725b4eb057b9eb8e,60,11,6,5,16777216,3567871332,3567785131,86201,59911045,61786109,60141094,61786109,751,63298,11631240,11631240,60,0,0,59,0,0,0,0,0,0,0,0,0,118124,3.955415
development,ny-road-distance,7b2446c7ffe6179efbc42af6812448e8cb782f12968ca2bb1d50d979343056d4,churn,5,strict-alternating,29,0,2,FREQ-LRU-REPAIR,3625dad5ffd01454acefa44f91906650ab94680ecd0f7de7725b4eb057b9eb8e,60,11,6,5,16777216,1592628806,1592533337,95469,10347229,78332098,16552841,78332098,1633,67907,11631348,11631380,51,9,12,11,12,0,0,0,6,1,2,0,0,109880,1.975181
development,ny-road-distance,7b2446c7ffe6179efbc42af6812448e8cb782f12968ca2bb1d50d979343056d4,churn,5,strict-alternating,29,0,3,ADES,3625dad5ffd01454acefa44f91906650ab94680ecd0f7de7725b4eb057b9eb8e,60,11,6,5,16777216,1210303171,1210219827,83344,9752743,66597232,12344039,66597232,1793,65412,11631404,11631416,50,10,6,5,6,0,4,0,7,1,1,0,0,110872,1.589117
development,ny-road-distance,7b2446c7ffe6179efbc42af6812448e8cb782f12968ca2bb1d50d979343056d4,churn,5,strict-alternating,29,0,4,ADES-V2,3625dad5ffd01454acefa44f91906650ab94680ecd0f7de7725b4eb057b9eb8e,60,11,6,5,16777216,837265376,837181228,84148,6669264,39478924,9897363,39478924,1934,63959,11633356,11633356,47,13,1,0,1,0,0,0,8,2,1,0,0,110848,1.211778
development,ny-road-distance,7b2446c7ffe6179efbc42af6812448e8cb782f12968ca2bb1d50d979343056d4,churn,5,strict-alternating,29,1,0,B3L,3625dad5ffd01454acefa44f91906650ab94680ecd0f7de7725b4eb057b9eb8e,60,11,6,5,16777216,3589158755,3589068266,90489,60396693,61984213,60486720,61984213,952,65963,11631240,11631240,60,0,0,59,0,0,0,0,0,0,0,0,0,117028,3.969303
development,ny-road-distance,7b2446c7ffe6179efbc42af6812448e8cb782f12968ca2bb1d50d979343056d4,churn,5,strict-alternating,29,1,1,FREQ-LRU-REPAIR,3625dad5ffd01454acefa44f91906650ab94680ecd0f7de7725b4eb057b9eb8e,60,11,6,5,16777216,1559592633,1559503153,89480,9993329,78261959,15815348,78261959,1463,61735,11631348,11631380,51,9,12,11,12,0,0,0,6,1,2,0,0,110768,1.933156
development,ny-road-distance,7b2446c7ffe6179efbc42af6812448e8cb782f12968ca2bb1d50d979343056d4,churn,5,strict-alternating,29,1,2,ADES,3625dad5ffd01454acefa44f91906650ab94680ecd0f7de7725b4eb057b9eb8e,60,11,6,5,16777216,1192672021,1192588196,83825,9470175,64873147,12196229,64873147,1362,67606,11631404,11631416,50,10,6,5,6,0,4,0,7,1,1,0,0,109712,1.569506
development,ny-road-distance,7b2446c7ffe6179efbc42af6812448e8cb782f12968ca2bb1d50d979343056d4,churn,5,strict-alternating,29,1,3,ADES-V2,3625dad5ffd01454acefa44f91906650ab94680ecd0f7de7725b4eb057b9eb8e,60,11,6,5,16777216,831977088,831891967,85121,6518939,39641265,9323465,39641265,1533,66303,11633356,11633356,47,13,1,0,1,0,0,0,8,2,1,0,0,110940,1.213614
development,ny-road-distance,7b2446c7ffe6179efbc42af6812448e8cb782f12968ca2bb1d50d979343056d4,churn,5,strict-alternating,29,1,4,COLD,3625dad5ffd01454acefa44f91906650ab94680ecd0f7de7725b4eb057b9eb8e,60,11,6,5,16777216,987016499,987006048,10451,11203499,36941764,14103864,36941764,892,1293,0,0,60,0,0,0,0,0,0,0,0,0,0,0,0,98616,1.364923
development,ny-road-distance,7b2446c7ffe6179efbc42af6812448e8cb782f12968ca2bb1d50d979343056d4,churn,5,strict-alternating,29,0,0,B3L,3625dad5ffd01454acefa44f91906650ab94680ecd0f7de7725b4eb057b9eb8e,60,11,6,5,67108864,256335227,256181803,153424,250,63301547,250,63301547,782,126797,46524960,46524960,4,56,0,0,0,0,0,0,0,0,0,0,0,139788,0.637218
development,ny-road-distance,7b2446c7ffe6179efbc42af6812448e8cb782f12968ca2bb1d50d979343056d4,churn,5,strict-alternating,29,0,1,FREQ-LRU-REPAIR,3625dad5ffd01454acefa44f91906650ab94680ecd0f7de7725b4eb057b9eb8e,60,11,6,5,67108864,604351172,604175203,175969,351,66955217,330,66955217,2094,142225,46525328,46525328,16,44,4,0,4,0,0,0,28,4,3,0,0,139732,0.989684
development,ny-road-distance,7b2446c7ffe6179efbc42af6812448e8cb782f12968ca2bb1d50d979343056d4,churn,5,strict-alternating,29,0,2,ADES,3625dad5ffd01454acefa44f91906650ab94680ecd0f7de7725b4eb057b9eb8e,60,11,6,5,67108864,599966612,599813014,153598,331,65407041,311,65407041,1603,123100,46525328,46525328,16,44,4,0,4,0,0,0,28,4,3,0,0,139716,0.979958
development,ny-road-distance,7b2446c7ffe6179efbc42af6812448e8cb782f12968ca2bb1d50d979343056d4,churn,5,strict-alternating,29,0,3,ADES-V2,3625dad5ffd01454acefa44f91906650ab94680ecd0f7de7725b4eb057b9eb8e,60,11,6,5,67108864,391558663,391394319,164344,321,60866089,311,60866089,2524,126145,46527328,46527328,8,52,4,0,4,0,0,0,29,8,4,0,0,140764,0.773825
development,ny-road-distance,7b2446c7ffe6179efbc42af6812448e8cb782f12968ca2bb1d50d979343056d4,churn,5,strict-alternating,29,0,4,COLD,3625dad5ffd01454acefa44f91906650ab94680ecd0f7de7725b4eb057b9eb8e,60,11,6,5,67108864,1009659434,1009648924,10510,11415104,38709869,13843320,38709869,941,1453,0,0,60,0,0,0,0,0,0,0,0,0,0,0,0,97496,1.390258
development,ny-road-distance,7b2446c7ffe6179efbc42af6812448e8cb782f12968ca2bb1d50d979343056d4,churn,5,strict-alternating,29,1,0,FREQ-LRU-REPAIR,3625dad5ffd01454acefa44f91906650ab94680ecd0f7de7725b4eb057b9eb8e,60,11,6,5,67108864,603695795,603516049,179746,331,65413611,321,65413611,1924,146032,46525328,46525328,16,44,4,0,4,0,0,0,28,4,3,0,0,140836,0.984506
development,ny-road-distance,7b2446c7ffe6179efbc42af6812448e8cb782f12968ca2bb1d50d979343056d4,churn,5,strict-alternating,29,1,1,ADES,3625dad5ffd01454acefa44f91906650ab94680ecd0f7de7725b4eb057b9eb8e,60,11,6,5,67108864,599870513,599708661,161852,340,65433919,311,65433919,1844,130433,46525328,46525328,16,44,4,0,4,0,0,0,28,4,3,0,0,139780,0.980031
development,ny-road-distance,7b2446c7ffe6179efbc42af6812448e8cb782f12968ca2bb1d50d979343056d4,churn,5,strict-alternating,29,1,2,ADES-V2,3625dad5ffd01454acefa44f91906650ab94680ecd0f7de7725b4eb057b9eb8e,60,11,6,5,67108864,391798528,391618604,179924,321,59083403,311,59083403,2955,128169,46527328,46527328,8,52,4,0,4,0,0,0,29,8,4,0,0,140856,0.771257
development,ny-road-distance,7b2446c7ffe6179efbc42af6812448e8cb782f12968ca2bb1d50d979343056d4,churn,5,strict-alternating,29,1,3,COLD,3625dad5ffd01454acefa44f91906650ab94680ecd0f7de7725b4eb057b9eb8e,60,11,6,5,67108864,975948051,975933574,14477,10761817,37765784,13768290,37765784,1313,1923,0,0,60,0,0,0,0,0,0,0,0,0,0,0,0,97088,1.353484
development,ny-road-distance,7b2446c7ffe6179efbc42af6812448e8cb782f12968ca2bb1d50d979343056d4,churn,5,strict-alternating,29,1,4,B3L,3625dad5ffd01454acefa44f91906650ab94680ecd0f7de7725b4eb057b9eb8e,60,11,6,5,67108864,256461315,256314159,147156,250,61487383,240,61487383,972,120665,46524960,46524960,4,56,0,0,0,0,0,0,0,0,0,0,0,138304,0.636536
development,ny-road-distance,7b2446c7ffe6179efbc42af6812448e8cb782f12968ca2bb1d50d979343056d4,churn,50,strict-alternating,7,0,0,B3L,739e12a37d54e8607657710404e2d6ba3f66ba2c06644a71e3ee3295d6215060,60,1,1,0,16777216,3659191750,3659191049,701,60736776,64791142,60736776,64791142,701,701,11631240,11631240,60,0,0,59,0,0,0,0,0,0,0,0,0,116140,4.043462
development,ny-road-distance,7b2446c7ffe6179efbc42af6812448e8cb782f12968ca2bb1d50d979343056d4,churn,50,strict-alternating,7,0,1,FREQ-LRU-REPAIR,739e12a37d54e8607657710404e2d6ba3f66ba2c06644a71e3ee3295d6215060,60,1,1,0,16777216,1633415671,1633414198,1473,14903385,87834330,14903385,87834330,1473,1473,11631348,11631380,51,9,12,11,12,0,0,0,1,0,0,0,0,110792,2.017708
development,ny-road-distance,7b2446c7ffe6179efbc42af6812448e8cb782f12968ca2bb1d50d979343056d4,churn,50,strict-alternating,7,0,2,ADES,739e12a37d54e8607657710404e2d6ba3f66ba2c06644a71e3ee3295d6215060,60,1,1,0,16777216,1192907466,1192906033,1433,11970075,84886655,11970075,84886655,1433,1433,11631404,11631416,50,10,6,5,6,0,4,0,1,0,0,0,0,110928,1.574530
development,ny-road-distance,7b2446c7ffe6179efbc42af6812448e8cb782f12968ca2bb1d50d979343056d4,churn,50,strict-alternating,7,0,3,ADES-V2,739e12a37d54e8607657710404e2d6ba3f66ba2c06644a71e3ee3295d6215060,60,1,1,0,16777216,821725261,821702879,22382,8794167,42416498,8794167,42416498,22382,22382,11633356,11633356,47,13,2,1,2,0,0,0,0,0,1,0,0,117092,1.201149
development,ny-road-distance,7b2446c7ffe6179efbc42af6812448e8cb782f12968ca2bb1d50d979343056d4,churn,50,strict-alternating,7,0,4,COLD,739e12a37d54e8607657710404e2d6ba3f66ba2c06644a71e3ee3295d6215060,60,1,1,0,16777216,954404464,954403463,1001,12778512,37620651,12778512,37620651,1001,1001,0,0,60,0,0,0,0,0,0,0,0,0,0,0,0,98560,1.329841
development,ny-road-distance,7b2446c7ffe6179efbc42af6812448e8cb782f12968ca2bb1d50d979343056d4,churn,50,strict-alternating,7,1,0,FREQ-LRU-REPAIR,739e12a37d54e8607657710404e2d6ba3f66ba2c06644a71e3ee3295d6215060,60,1,1,0,16777216,1603983588,1603982145,1443,13509974,83464846,13509974,83464846,1443,1443,11631348,11631380,51,9,12,11,12,0,0,0,1,0,0,0,0,109856,1.975552
development,ny-road-distance,7b2446c7ffe6179efbc42af6812448e8cb782f12968ca2bb1d50d979343056d4,churn,50,strict-alternating,7,1,1,ADES,739e12a37d54e8607657710404e2d6ba3f66ba2c06644a71e3ee3295d6215060,60,1,1,0,16777216,1184708310,1184706296,2014,12391380,87040679,12391380,87040679,2014,2014,11631404,11631416,50,10,6,5,6,0,4,0,1,0,0,0,0,109780,1.564018
development,ny-road-distance,7b2446c7ffe6179efbc42af6812448e8cb782f12968ca2bb1d50d979343056d4,churn,50,strict-alternating,7,1,2,ADES-V2,739e12a37d54e8607657710404e2d6ba3f66ba2c06644a71e3ee3295d6215060,60,1,1,0,16777216,836668629,836645025,23604,8508293,43275629,8508293,43275629,23604,23604,11633356,11633356,47,13,2,1,2,0,0,0,0,0,1,0,0,116996,1.220316
development,ny-road-distance,7b2446c7ffe6179efbc42af6812448e8cb782f12968ca2bb1d50d979343056d4,churn,50,strict-alternating,7,1,3,COLD,739e12a37d54e8607657710404e2d6ba3f66ba2c06644a71e3ee3295d6215060,60,1,1,0,16777216,1004808998,1004807665,1333,12695965,39566302,12695965,39566302,1333,1333,0,0,60,0,0,0,0,0,0,0,0,0,0,0,0,97436,1.389854
development,ny-road-distance,7b2446c7ffe6179efbc42af6812448e8cb782f12968ca2bb1d50d979343056d4,churn,50,strict-alternating,7,1,4,B3L,739e12a37d54e8607657710404e2d6ba3f66ba2c06644a71e3ee3295d6215060,60,1,1,0,16777216,3681248343,3681247661,682,60836303,67093171,60836303,67093171,682,682,11631240,11631240,60,0,0,59,0,0,0,0,0,0,0,0,0,117184,4.063289
development,ny-road-distance,7b2446c7ffe6179efbc42af6812448e8cb782f12968ca2bb1d50d979343056d4,churn,50,strict-alternating,7,0,0,FREQ-LRU-REPAIR,739e12a37d54e8607657710404e2d6ba3f66ba2c06644a71e3ee3295d6215060,60,1,1,0,67108864,535167169,535128978,38191,321,70150986,321,70150986,38191,38191,46525328,46525328,16,44,4,0,4,0,0,0,2,0,2,0,0,140892,0.919263
development,ny-road-distance,7b2446c7ffe6179efbc42af6812448e8cb782f12968ca2bb1d50d979343056d4,churn,50,strict-alternating,7,0,1,ADES,739e12a37d54e8607657710404e2d6ba3f66ba2c06644a71e3ee3295d6215060,60,1,1,0,67108864,556042714,556004893,37821,371,66217309,351,66217309,37821,37821,46525328,46525328,18,42,4,0,4,0,0,0,2,0,2,0,0,140840,0.931512
development,ny-road-distance,7b2446c7ffe6179efbc42af6812448e8cb782f12968ca2bb1d50d979343056d4,churn,50,strict-alternating,7,0,2,ADES-V2,739e12a37d54e8607657710404e2d6ba3f66ba2c06644a71e3ee3295d6215060,60,1,1,0,67108864,521580956,521543436,37520,561,61789552,550,61789552,37520,37520,46527328,46527328,20,40,4,0,4,0,0,0,2,0,2,0,0,140740,0.903973
development,ny-road-distance,7b2446c7ffe6179efbc42af6812448e8cb782f12968ca2bb1d50d979343056d4,churn,50,strict-alternating,7,0,3,COLD,739e12a37d54e8607657710404e2d6ba3f66ba2c06644a71e3ee3295d6215060,60,1,1,0,67108864,970434302,970433110,1192,12998771,38655436,12998771,38655436,1192,1192,0,0,60,0,0,0,0,0,0,0,0,0,0,0,0,98476,1.349797
development,ny-road-distance,7b2446c7ffe6179efbc42af6812448e8cb782f12968ca2bb1d50d979343056d4,churn,50,strict-alternating,7,0,4,B3L,739e12a37d54e8607657710404e2d6ba3f66ba2c06644a71e3ee3295d6215060,60,1,1,0,67108864,262237636,262203453,34183,260,64331087,251,64331087,34183,34183,46524960,46524960,4,56,0,0,0,0,0,0,0,0,0,0,0,138820,0.644237
development,ny-road-distance,7b2446c7ffe6179efbc42af6812448e8cb782f12968ca2bb1d50d979343056d4,churn,50,strict-alternating,7,1,0,ADES,739e12a37d54e8607657710404e2d6ba3f66ba2c06644a71e3ee3295d6215060,60,1,1,0,67108864,560382237,560344847,37390,361,68788223,351,68788223,37390,37390,46525328,46525328,18,42,4,0,4,0,0,0,2,0,2,0,0,139708,0.940826
development,ny-road-distance,7b2446c7ffe6179efbc42af6812448e8cb782f12968ca2bb1d50d979343056d4,churn,50,strict-alternating,7,1,1,ADES-V2,739e12a37d54e8607657710404e2d6ba3f66ba2c06644a71e3ee3295d6215060,60,1,1,0,67108864,524302292,524264532,37760,641,63305447,571,63305447,37760,37760,46527328,46527328,20,40,4,0,4,0,0,0,2,0,2,0,0,139732,0.904627
development,ny-road-distance,7b2446c7ffe6179efbc42af6812448e8cb782f12968ca2bb1d50d979343056d4,churn,50,strict-alternating,7,1,2,COLD,739e12a37d54e8607657710404e2d6ba3f66ba2c06644a71e3ee3295d6215060,60,1,1,0,67108864,952971074,952970132,942,12828102,38476824,12828102,38476824,942,942,0,0,60,0,0,0,0,0,0,0,0,0,0,0,0,97436,1.330883
development,ny-road-distance,7b2446c7ffe6179efbc42af6812448e8cb782f12968ca2bb1d50d979343056d4,churn,50,strict-alternating,7,1,3,B3L,739e12a37d54e8607657710404e2d6ba3f66ba2c06644a71e3ee3295d6215060,60,1,1,0,67108864,259668424,259632637,35787,260,63726010,260,63726010,35787,35787,46524960,46524960,4,56,0,0,0,0,0,0,0,0,0,0,0,139808,0.636992
development,ny-road-distance,7b2446c7ffe6179efbc42af6812448e8cb782f12968ca2bb1d50d979343056d4,churn,50,strict-alternating,7,1,4,FREQ-LRU-REPAIR,739e12a37d54e8607657710404e2d6ba3f66ba2c06644a71e3ee3295d6215060,60,1,1,0,67108864,511063130,511026482,36648,311,66189250,311,66189250,36648,36648,46525328,46525328,16,44,4,0,4,0,0,0,2,0,2,0,0,139808,0.889976
development,ny-road-distance,7b2446c7ffe6179efbc42af6812448e8cb782f12968ca2bb1d50d979343056d4,churn,50,strict-alternating,17,0,0,FREQ-LRU-REPAIR,09b33b859bc29c351592f2999fbf14046e400509133113ab9eca7af1b2b4c8ff,60,1,1,0,16777216,1552607767,1552595965,11802,16954612,75667622,16954612,75667622,11802,11802,11631348,11631380,51,9,12,11,12,0,0,0,0,0,1,0,0,109256,1.928931
development,ny-road-distance,7b2446c7ffe6179efbc42af6812448e8cb782f12968ca2bb1d50d979343056d4,churn,50,strict-alternating,17,0,1,ADES,09b33b859bc29c351592f2999fbf14046e400509133113ab9eca7af1b2b4c8ff,60,1,1,0,16777216,1284504137,1284480252,23885,17823171,61066356,17823171,61066356,23885,23885,11631392,11631416,50,10,5,4,5,0,5,0,0,0,1,0,0,109332,1.662778
development,ny-road-distance,7b2446c7ffe6179efbc42af6812448e8cb782f12968ca2bb1d50d979343056d4,churn,50,strict-alternating,17,0,2,ADES-V2,09b33b859bc29c351592f2999fbf14046e400509133113ab9eca7af1b2b4c8ff,60,1,1,0,16777216,825221893,825208809,13084,10879813,37157826,10879813,37157826,13084,13084,11633356,11633356,47,13,1,0,1,0,0,0,0,0,1,0,0,109788,1.201229
development,ny-road-distance,7b2446c7ffe6179efbc42af6812448e8cb782f12968ca2bb1d50d979343056d4,churn,50,strict-alternating,17,0,3,COLD,09b33b859bc29c351592f2999fbf14046e400509133113ab9eca7af1b2b4c8ff,60,1,1,0,16777216,1077643524,1077642341,1183,16117222,36692442,16117222,36692442,1183,1183,0,0,60,0,0,0,0,0,0,0,0,0,0,0,0,98556,1.457641
development,ny-road-distance,7b2446c7ffe6179efbc42af6812448e8cb782f12968ca2bb1d50d979343056d4,churn,50,strict-alternating,17,0,4,B3L,09b33b859bc29c351592f2999fbf14046e400509133113ab9eca7af1b2b4c8ff,60,1,1,0,16777216,3389966952,3389957605,9347,56596510,58290696,56596510,58290696,9347,9347,11631240,11631240,60,0,0,59,0,0,0,0,0,0,0,0,0,117076,3.764755
development,ny-road-distance,7b2446c7ffe6179efbc42af6812448e8cb782f12968ca2bb1d50d979343056d4,churn,50,strict-alternating,17,1,0,ADES,09b33b859bc29c351592f2999fbf14046e400509133113ab9eca7af1b2b4c8ff,60,1,1,0,16777216,1312922192,1312898308,23884,19365334,63555326,19365334,63555326,23884,23884,11631392,11631416,50,10,5,4,5,0,5,0,0,0,1,0,0,111012,1.690111
development,ny-road-distance,7b2446c7ffe6179efbc42af6812448e8cb782f12968ca2bb1d50d979343056d4,churn,50,strict-alternating,17,1,1,ADES-V2,09b33b859bc29c351592f2999fbf14046e400509133113ab9eca7af1b2b4c8ff,60,1,1,0,16777216,819410379,819398226,12153,11207954,36233326,11207954,36233326,12153,12153,11633356,11633356,47,13,1,0,1,0,0,0,0,0,1,0,0,109868,1.192368
development,ny-road-distance,7b2446c7ffe6179efbc42af6812448e8cb782f12968ca2bb1d50d979343056d4,churn,50,strict-alternating,17,1,2,COLD,09b33b859bc29c351592f2999fbf14046e400509133113ab9eca7af1b2b4c8ff,60,1,1,0,16777216,1092827332,1092826100,1232,17014886,35492768,17014886,35492768,1232,1232,0,0,60,0,0,0,0,0,0,0,0,0,0,0,0,97552,1.466418
development,ny-road-distance,7b2446c7ffe6179efbc42af6812448e8cb782f12968ca2bb1d50d979343056d4,churn,50,strict-alternating,17,1,3,B3L,09b33b859bc29c351592f2999fbf14046e400509133113ab9eca7af1b2b4c8ff,60,1,1,0,16777216,3356655400,3356646303,9097,55455097,58052336,55455097,58052336,9097,9097,11631240,11631240,60,0,0,59,0,0,0,0,0,0,0,0,0,118148,3.733517
development,ny-road-distance,7b2446c7ffe6179efbc42af6812448e8cb782f12968ca2bb1d50d979343056d4,churn,50,strict-alternating,17,1,4,FREQ-LRU-REPAIR,09b33b859bc29c351592f2999fbf14046e400509133113ab9eca7af1b2b4c8ff,60,1,1,0,16777216,1579235429,1579223106,12323,16785228,76350213,16785228,76350213,12323,12323,11631348,11631380,51,9,12,11,12,0,0,0,0,0,1,0,0,109796,1.956463
development,ny-road-distance,7b2446c7ffe6179efbc42af6812448e8cb782f12968ca2bb1d50d979343056d4,churn,50,strict-alternating,17,0,0,ADES,09b33b859bc29c351592f2999fbf14046e400509133113ab9eca7af1b2b4c8ff,60,1,1,0,67108864,547580867,547535452,45415,321,59666422,321,59666422,45415,45415,46525328,46525328,17,43,4,0,4,0,0,0,0,0,4,0,0,140772,0.923830
development,ny-road-distance,7b2446c7ffe6179efbc42af6812448e8cb782f12968ca2bb1d50d979343056d4,churn,50,strict-alternating,17,0,1,ADES-V2,09b33b859bc29c351592f2999fbf14046e400509133113ab9eca7af1b2b4c8ff,60,1,1,0,67108864,486990427,486943650,46777,371,56135533,341,56135533,46777,46777,46527328,46527328,17,43,4,0,4,0,0,0,0,0,4,0,0,139764,0.860892
development,ny-road-distance,7b2446c7ffe6179efbc42af6812448e8cb782f12968ca2bb1d50d979343056d4,churn,50,strict-alternating,17,0,2,COLD,09b33b859bc29c351592f2999fbf14046e400509133113ab9eca7af1b2b4c8ff,60,1,1,0,67108864,1040063611,1040062540,1071,15751955,35218392,15751955,35218392,1071,1071,0,0,60,0,0,0,0,0,0,0,0,0,0,0,0,97072,1.412500
development,ny-road-distance,7b2446c7ffe6179efbc42af6812448e8cb782f12968ca2bb1d50d979343056d4,churn,50,strict-alternating,17,0,3,B3L,09b33b859bc29c351592f2999fbf14046e400509133113ab9eca7af1b2b4c8ff,60,1,1,0,67108864,241911471,241874713,36758,250,59112571,250,59112571,36758,36758,46524960,46524960,4,56,0,0,0,0,0,0,0,0,0,0,0,139776,0.615505
development,ny-road-distance,7b2446c7ffe6179efbc42af6812448e8cb782f12968ca2bb1d50d979343056d4,churn,50,strict-alternating,17,0,4,FREQ-LRU-REPAIR,09b33b859bc29c351592f2999fbf14046e400509133113ab9eca7af1b2b4c8ff,60,1,1,0,67108864,518567718,518527403,40315,311,60247767,311,60247767,40315,40315,46525328,46525328,16,44,4,0,4,0,0,0,0,0,4,0,0,139732,0.911544
development,ny-road-distance,7b2446c7ffe6179efbc42af6812448e8cb782f12968ca2bb1d50d979343056d4,churn,50,strict-alternating,17,1,0,ADES-V2,09b33b859bc29c351592f2999fbf14046e400509133113ab9eca7af1b2b4c8ff,60,1,1,0,67108864,484667639,484619670,47969,411,56867867,401,56867867,47969,47969,46527328,46527328,17,43,4,0,4,0,0,0,0,0,4,0,0,140844,0.856730
development,ny-road-distance,7b2446c7ffe6179efbc42af6812448e8cb782f12968ca2bb1d50d979343056d4,churn,50,strict-alternating,17,1,1,COLD,09b33b859bc29c351592f2999fbf14046e400509133113ab9eca7af1b2b4c8ff,60,1,1,0,67108864,1056687199,1056686337,862,16005517,35649275,16005517,35649275,862,862,0,0,60,0,0,0,0,0,0,0,0,0,0,0,0,97440,1.431074
development,ny-road-distance,7b2446c7ffe6179efbc42af6812448e8cb782f12968ca2bb1d50d979343056d4,churn,50,strict-alternating,17,1,2,B3L,09b33b859bc29c351592f2999fbf14046e400509133113ab9eca7af1b2b4c8ff,60,1,1,0,67108864,247500429,247457019,43410,250,59527344,250,59527344,43410,43410,46524960,46524960,4,56,0,0,0,0,0,0,0,0,0,0,0,139780,0.624515
development,ny-road-distance,7b2446c7ffe6179efbc42af6812448e8cb782f12968ca2bb1d50d979343056d4,churn,50,strict-alternating,17,1,3,FREQ-LRU-REPAIR,09b33b859bc29c351592f2999fbf14046e400509133113ab9eca7af1b2b4c8ff,60,1,1,0,67108864,514379870,514337491,42379,320,59807075,320,59807075,42379,42379,46525328,46525328,16,44,4,0,4,0,0,0,0,0,4,0,0,139788,0.891521
development,ny-road-distance,7b2446c7ffe6179efbc42af6812448e8cb782f12968ca2bb1d50d979343056d4,churn,50,strict-alternating,17,1,4,ADES,09b33b859bc29c351592f2999fbf14046e400509133113ab9eca7af1b2b4c8ff,60,1,1,0,67108864,550035132,549991271,43861,331,56649033,321,56649033,43861,43861,46525328,46525328,17,43,4,0,4,0,0,0,0,0,4,0,0,140824,0.923285
development,ny-road-distance,7b2446c7ffe6179efbc42af6812448e8cb782f12968ca2bb1d50d979343056d4,churn,50,strict-alternating,29,0,0,ADES,b80f5f4b583f11e205524cb75238cfceb0d373a564e0e38e74874119d98bdb5b,60,1,1,0,16777216,1070778940,1070777778,1162,11953694,64835403,11953694,64835403,1162,1162,11631380,11631416,50,10,4,3,4,0,5,0,1,0,0,0,0,109800,1.451062
development,ny-road-distance,7b2446c7ffe6179efbc42af6812448e8cb782f12968ca2bb1d50d979343056d4,churn,50,strict-alternating,29,0,1,ADES-V2,b80f5f4b583f11e205524cb75238cfceb0d373a564e0e38e74874119d98bdb5b,60,1,1,0,16777216,748268846,748266792,2054,8425651,35315758,8425651,35315758,2054,2054,11633356,11633356,47,13,1,0,1,0,0,0,1,0,0,0,0,109728,1.123930
development,ny-road-distance,7b2446c7ffe6179efbc42af6812448e8cb782f12968ca2bb1d50d979343056d4,churn,50,strict-alternating,29,0,2,COLD,b80f5f4b583f11e205524cb75238cfceb0d373a564e0e38e74874119d98bdb5b,60,1,1,0,16777216,1006209323,1006208000,1323,13834189,37904453,13834189,37904453,1323,1323,0,0,60,0,0,0,0,0,0,0,0,0,0,0,0,98480,1.385548
development,ny-road-distance,7b2446c7ffe6179efbc42af6812448e8cb782f12968ca2bb1d50d979343056d4,churn,50,strict-alternating,29,0,3,B3L,b80f5f4b583f11e205524cb75238cfceb0d373a564e0e38e74874119d98bdb5b,60,1,1,0,16777216,3492988386,3492987694,692,58675680,60361020,58675680,60361020,692,692,11631240,11631240,60,0,0,59,0,0,0,0,0,0,0,0,0,116008,3.871513
development,ny-road-distance,7b2446c7ffe6179efbc42af6812448e8cb782f12968ca2bb1d50d979343056d4,churn,50,strict-alternating,29,0,4,FREQ-LRU-REPAIR,b80f5f4b583f11e205524cb75238cfceb0d373a564e0e38e74874119d98bdb5b,60,1,1,0,16777216,1595916092,1595914719,1373,15644633,88389480,15644633,88389480,1373,1373,11631348,11631380,51,9,12,11,12,0,0,0,1,0,0,0,0,110840,1.974807
development,ny-road-distance,7b2446c7ffe6179efbc42af6812448e8cb782f12968ca2bb1d50d979343056d4,churn,50,strict-alternating,29,1,0,ADES-V2,b80f5f4b583f11e205524cb75238cfceb0d373a564e0e38e74874119d98bdb5b,60,1,1,0,16777216,769289113,769287320,1793,8283035,36525173,8283035,36525173,1793,1793,11633356,11633356,47,13,1,0,1,0,0,0,1,0,0,0,0,109772,1.156047
development,ny-road-distance,7b2446c7ffe6179efbc42af6812448e8cb782f12968ca2bb1d50d979343056d4,churn,50,strict-alternating,29,1,1,COLD,b80f5f4b583f11e205524cb75238cfceb0d373a564e0e38e74874119d98bdb5b,60,1,1,0,16777216,996344988,996343255,1733,13696302,36774086,13696302,36774086,1733,1733,0,0,60,0,0,0,0,0,0,0,0,0,0,0,0,97004,1.375558
development,ny-road-distance,7b2446c7ffe6179efbc42af6812448e8cb782f12968ca2bb1d50d979343056d4,churn,50,strict-alternating,29,1,2,B3L,b80f5f4b583f11e205524cb75238cfceb0d373a564e0e38e74874119d98bdb5b,60,1,1,0,16777216,3557455077,3557454536,541,59960834,61740430,59960834,61740430,541,541,11631240,11631240,60,0,0,59,0,0,0,0,0,0,0,0,0,115552,3.935243
development,ny-road-distance,7b2446c7ffe6179efbc42af6812448e8cb782f12968ca2bb1d50d979343056d4,churn,50,strict-alternating,29,1,3,FREQ-LRU-REPAIR,b80f5f4b583f11e205524cb75238cfceb0d373a564e0e38e74874119d98bdb5b,60,1,1,0,16777216,1591048355,1591046682,1673,15510964,88193644,15510964,88193644,1673,1673,11631348,11631380,51,9,12,11,12,0,0,0,1,0,0,0,0,109836,1.969553
development,ny-road-distance,7b2446c7ffe6179efbc42af6812448e8cb782f12968ca2bb1d50d979343056d4,churn,50,strict-alternating,29,1,4,ADES,b80f5f4b583f11e205524cb75238cfceb0d373a564e0e38e74874119d98bdb5b,60,1,1,0,16777216,1067996652,1067995369,1283,11853087,64572658,11853087,64572658,1283,1283,11631380,11631416,50,10,4,3,4,0,5,0,1,0,0,0,0,110764,1.441903
development,ny-road-distance,7b2446c7ffe6179efbc42af6812448e8cb782f12968ca2bb1d50d979343056d4,churn,50,strict-alternating,29,0,0,ADES-V2,b80f5f4b583f11e205524cb75238cfceb0d373a564e0e38e74874119d98bdb5b,60,1,1,0,67108864,383036223,383033588,2635,310,57520075,310,57520075,2635,2635,46527328,46527328,8,52,4,0,4,0,0,0,4,0,0,0,0,140836,0.763654
development,ny-road-distance,7b2446c7ffe6179efbc42af6812448e8cb782f12968ca2bb1d50d979343056d4,churn,50,strict-alternating,29,0,1,COLD,b80f5f4b583f11e205524cb75238cfceb0d373a564e0e38e74874119d98bdb5b,60,1,1,0,67108864,990171790,990170598,1192,14206282,37071961,14206282,37071961,1192,1192,0,0,60,0,0,0,0,0,0,0,0,0,0,0,0,98564,1.363696
development,ny-road-distance,7b2446c7ffe6179efbc42af6812448e8cb782f12968ca2bb1d50d979343056d4,churn,50,strict-alternating,29,0,2,B3L,b80f5f4b583f11e205524cb75238cfceb0d373a564e0e38e74874119d98bdb5b,60,1,1,0,67108864,254034547,254034086,461,251,60429417,251,60429417,461,461,46524960,46524960,4,56,0,0,0,0,0,0,0,0,0,0,0,138724,0.634712
development,ny-road-distance,7b2446c7ffe6179efbc42af6812448e8cb782f12968ca2bb1d50d979343056d4,churn,50,strict-alternating,29,0,3,FREQ-LRU-REPAIR,b80f5f4b583f11e205524cb75238cfceb0d373a564e0e38e74874119d98bdb5b,60,1,1,0,67108864,578602213,578599858,2355,310,63665366,310,63665366,2355,2355,46525328,46525328,16,44,4,0,4,0,0,0,4,0,0,0,0,139732,0.956714
development,ny-road-distance,7b2446c7ffe6179efbc42af6812448e8cb782f12968ca2bb1d50d979343056d4,churn,50,strict-alternating,29,0,4,ADES,b80f5f4b583f11e205524cb75238cfceb0d373a564e0e38e74874119d98bdb5b,60,1,1,0,67108864,613550816,613548361,2455,321,66297532,321,66297532,2455,2455,46525328,46525328,17,43,4,0,4,0,0,0,4,0,0,0,0,139348,0.995223
development,ny-road-distance,7b2446c7ffe6179efbc42af6812448e8cb782f12968ca2bb1d50d979343056d4,churn,50,strict-alternating,29,1,0,COLD,b80f5f4b583f11e205524cb75238cfceb0d373a564e0e38e74874119d98bdb5b,60,1,1,0,67108864,1008231537,1008230084,1453,14345813,37834111,14345813,37834111,1453,1453,0,0,60,0,0,0,0,0,0,0,0,0,0,0,0,97044,1.390294
development,ny-road-distance,7b2446c7ffe6179efbc42af6812448e8cb782f12968ca2bb1d50d979343056d4,churn,50,strict-alternating,29,1,1,B3L,b80f5f4b583f11e205524cb75238cfceb0d373a564e0e38e74874119d98bdb5b,60,1,1,0,67108864,256681322,256680731,591,241,62888209,241,62888209,591,591,46524960,46524960,4,56,0,0,0,0,0,0,0,0,0,0,0,138648,0.638879
development,ny-road-distance,7b2446c7ffe6179efbc42af6812448e8cb782f12968ca2bb1d50d979343056d4,churn,50,strict-alternating,29,1,2,FREQ-LRU-REPAIR,b80f5f4b583f11e205524cb75238cfceb0d373a564e0e38e74874119d98bdb5b,60,1,1,0,67108864,584742395,584739791,2604,380,65051792,371,65051792,2604,2604,46525328,46525328,16,44,4,0,4,0,0,0,4,0,0,0,0,140896,0.963151
development,ny-road-distance,7b2446c7ffe6179efbc42af6812448e8cb782f12968ca2bb1d50d979343056d4,churn,50,strict-alternating,29,1,3,ADES,b80f5f4b583f11e205524cb75238cfceb0d373a564e0e38e74874119d98bdb5b,60,1,1,0,67108864,606530537,606528072,2465,281,62513191,221,62513191,2465,2465,46525328,46525328,17,43,4,0,4,0,0,0,4,0,0,0,0,139704,0.985677
development,ny-road-distance,7b2446c7ffe6179efbc42af6812448e8cb782f12968ca2bb1d50d979343056d4,churn,50,strict-alternating,29,1,4,ADES-V2,b80f5f4b583f11e205524cb75238cfceb0d373a564e0e38e74874119d98bdb5b,60,1,1,0,67108864,388150014,388147840,2174,330,58848963,330,58848963,2174,2174,46527328,46527328,8,52,4,0,4,0,0,0,4,0,0,0,0,139760,0.766611
development,syn-grid-224x224-v1,68ea3f6fb3351e026b850d631b3f5618a4dca8c80ba8d3ce5055543b14d04e23,uniform,5,strict-alternating,7,0,0,ADES-V2,d23400e625f703949c3b73b3495f825f58d85b5abd630985b7e676af0dc58ef8,60,11,6,5,16777216,203297864,203293053,4811,2052615,7870466,2870389,7870466,421,782,1856,1856,60,0,0,0,0,0,0,0,0,0,0,0,0,25272,0.273384
development,syn-grid-224x224-v1,68ea3f6fb3351e026b850d631b3f5618a4dca8c80ba8d3ce5055543b14d04e23,uniform,5,strict-alternating,7,0,1,COLD,d23400e625f703949c3b73b3495f825f58d85b5abd630985b7e676af0dc58ef8,60,11,6,5,16777216,184032726,184026866,5860,1871717,6911149,2441700,6911149,481,931,0,0,60,0,0,0,0,0,0,0,0,0,0,0,0,25268,0.255575
development,syn-grid-224x224-v1,68ea3f6fb3351e026b850d631b3f5618a4dca8c80ba8d3ce5055543b14d04e23,uniform,5,strict-alternating,7,0,2,B3L,d23400e625f703949c3b73b3495f825f58d85b5abd630985b7e676af0dc58ef8,60,11,6,5,16777216,636213115,636031046,182069,9746592,14476978,10274987,14476978,1163,168644,15454320,15454320,60,0,0,53,0,0,0,0,0,0,0,0,0,41608,0.708258
development,syn-grid-224x224-v1,68ea3f6fb3351e026b850d631b3f5618a4dca8c80ba8d3ce5055543b14d04e23,uniform,5,strict-alternating,7,0,3,FREQ-LRU-REPAIR,d23400e625f703949c3b73b3495f825f58d85b5abd630985b7e676af0dc58ef8,60,11,6,5,16777216,173177584,173173356,4228,1627012,6923672,2477657,6923672,351,591,960,960,60,0,0,0,0,0,0,0,0,0,0,0,0,25660,0.243524
development,syn-grid-224x224-v1,68ea3f6fb3351e026b850d631b3f5618a4dca8c80ba8d3ce5055543b14d04e23,uniform,5,strict-alternating,7,0,4,ADES,d23400e625f703949c3b73b3495f825f58d85b5abd630985b7e676af0dc58ef8,60,11,6,5,16777216,204293251,204287481,5770,1988826,7551432,2673652,7551432,401,1112,960,960,60,0,0,0,0,0,0,0,0,0,0,0,0,25660,0.274868
development,syn-grid-224x224-v1,68ea3f6fb3351e026b850d631b3f5618a4dca8c80ba8d3ce5055543b14d04e23,uniform,5,strict-alternating,7,1,0,COLD,d23400e625f703949c3b73b3495f825f58d85b5abd630985b7e676af0dc58ef8,60,11,6,5,16777216,203153172,203146431,6741,1997151,8008714,2861943,8008714,541,1022,0,0,60,0,0,0,0,0,0,0,0,0,0,0,0,25004,0.273753
development,syn-grid-224x224-v1,68ea3f6fb3351e026b850d631b3f5618a4dca8c80ba8d3ce5055543b14d04e23,uniform,5,strict-alternating,7,1,1,B3L,d23400e625f703949c3b73b3495f825f58d85b5abd630985b7e676af0dc58ef8,60,11,6,5,16777216,634368533,634171065,197468,9764646,13992043,10125028,13992043,1092,183662,15454320,15454320,60,0,0,53,0,0,0,0,0,0,0,0,0,41608,0.706904
development,syn-grid-224x224-v1,68ea3f6fb3351e026b850d631b3f5618a4dca8c80ba8d3ce5055543b14d04e23,uniform,5,strict-alternating,7,1,2,FREQ-LRU-REPAIR,d23400e625f703949c3b73b3495f825f58d85b5abd630985b7e676af0dc58ef8,60,11,6,5,16777216,195528540,195523259,5281,1771582,7311695,2600175,7311695,421,852,960,960,60,0,0,0,0,0,0,0,0,0,0,0,0,25644,0.265848
development,syn-grid-224x224-v1,68ea3f6fb3351e026b850d631b3f5618a4dca8c80ba8d3ce5055543b14d04e23,uniform,5,strict-alternating,7,1,3,ADES,d23400e625f703949c3b73b3495f825f58d85b5abd630985b7e676af0dc58ef8,60,11,6,5,16777216,167185805,167181927,3878,1594882,5848799,2242199,5848799,330,511,960,960,60,0,0,0,0,0,0,0,0,0,0,0,0,25660,0.237803
development,syn-grid-224x224-v1,68ea3f6fb3351e026b850d631b3f5618a4dca8c80ba8d3ce5055543b14d04e23,uniform,5,strict-alternating,7,1,4,ADES-V2,d23400e625f703949c3b73b3495f825f58d85b5abd630985b7e676af0dc58ef8,60,11,6,5,16777216,173753457,173749039,4418,1658019,6178373,2270461,6178373,401,551,1856,1856,60,0,0,0,0,0,0,0,0,0,0,0,0,25784,0.246351
development,syn-grid-224x224-v1,68ea3f6fb3351e026b850d631b3f5618a4dca8c80ba8d3ce5055543b14d04e23,uniform,5,strict-alternating,7,0,0,COLD,d23400e625f703949c3b73b3495f825f58d85b5abd630985b7e676af0dc58ef8,60,11,6,5,67108864,191523640,191517397,6243,1818128,7074303,2578175,7074303,631,852,0,0,60,0,0,0,0,0,0,0,0,0,0,0,0,24944,0.263346
development,syn-grid-224x224-v1,68ea3f6fb3351e026b850d631b3f5618a4dca8c80ba8d3ce5055543b14d04e23,uniform,5,strict-alternating,7,0,1,B3L,d23400e625f703949c3b73b3495f825f58d85b5abd630985b7e676af0dc58ef8,60,11,6,5,67108864,707897479,706919376,978103,11475033,13437451,11802133,13437451,2675,614314,66232800,66232800,60,0,0,30,0,0,0,0,0,0,0,0,0,91548,0.784436
development,syn-grid-224x224-v1,68ea3f6fb3351e026b850d631b3f5618a4dca8c80ba8d3ce5055543b14d04e23,uniform,5,strict-alternating,7,0,2,FREQ-LRU-REPAIR,d23400e625f703949c3b73b3495f825f58d85b5abd630985b7e676af0dc58ef8,60,11,6,5,67108864,178776959,178772060,4899,1729503,6244706,2426672,6244706,381,671,960,960,60,0,0,0,0,0,0,0,0,0,0,0,0,25624,0.249672
development,syn-grid-224x224-v1,68ea3f6fb3351e026b850d631b3f5618a4dca8c80ba8d3ce5055543b14d04e23,uniform,5,strict-alternating,7,0,3,ADES,d23400e625f703949c3b73b3495f825f58d85b5abd630985b7e676af0dc58ef8,60,11,6,5,67108864,182673084,182668627,4457,1836122,6629765,2498345,6629765,341,641,960,960,60,0,0,0,0,0,0,0,0,0,0,0,0,25660,0.252968
development,syn-grid-224x224-v1,68ea3f6fb3351e026b850d631b3f5618a4dca8c80ba8d3ce5055543b14d04e23,uniform,5,strict-alternating,7,0,4,ADES-V2,d23400e625f703949c3b73b3495f825f58d85b5abd630985b7e676af0dc58ef8,60,11,6,5,67108864,182513338,182508238,5100,1874794,6668206,2501181,6668206,361,851,1856,1856,60,0,0,0,0,0,0,0,0,0,0,0,0,25240,0.252633
development,syn-grid-224x224-v1,68ea3f6fb3351e026b850d631b3f5618a4dca8c80ba8d3ce5055543b14d04e23,uniform,5,strict-alternating,7,1,0,B3L,d23400e625f703949c3b73b3495f825f58d85b5abd630985b7e676af0dc58ef8,60,11,6,5,67108864,715092789,714112669,980120,11538001,13899311,11755796,13899311,2695,573990,66232800,66232800,60,0,0,30,0,0,0,0,0,0,0,0,0,91580,0.790059
development,syn-grid-224x224-v1,68ea3f6fb3351e026b850d631b3f5618a4dca8c80ba8d3ce5055543b14d04e23,uniform,5,strict-alternating,7,1,1,FREQ-LRU-REPAIR,d23400e625f703949c3b73b3495f825f58d85b5abd630985b7e676af0dc58ef8,60,11,6,5,67108864,199229788,199224198,5590,2013562,6945793,2606357,6945793,511,841,960,960,60,0,0,0,0,0,0,0,0,0,0,0,0,25352,0.272717
development,syn-grid-224x224-v1,68ea3f6fb3351e026b850d631b3f5618a4dca8c80ba8d3ce5055543b14d04e23,uniform,5,strict-alternating,7,1,2,ADES,d23400e625f703949c3b73b3495f825f58d85b5abd630985b7e676af0dc58ef8,60,11,6,5,67108864,193259489,193254180,5309,1862210,7244310,2574638,7244310,430,771,960,960,60,0,0,0,0,0,0,0,0,0,0,0,0,25656,0.263294
development,syn-grid-224x224-v1,68ea3f6fb3351e026b850d631b3f5618a4dca8c80ba8d3ce5055543b14d04e23,uniform,5,strict-alternating,7,1,3,ADES-V2,d23400e625f703949c3b73b3495f825f58d85b5abd630985b7e676af0dc58ef8,60,11,6,5,67108864,189702419,189697891,4528,1943571,6761820,2653153,6761820,370,651,1856,1856,60,0,0,0,0,0,0,0,0,0,0,0,0,24968,0.260144
development,syn-grid-224x224-v1,68ea3f6fb3351e026b850d631b3f5618a4dca8c80ba8d3ce5055543b14d04e23,uniform,5,strict-alternating,7,1,4,COLD,d23400e625f703949c3b73b3495f825f58d85b5abd630985b7e676af0dc58ef8,60,11,6,5,67108864,181938287,181932799,5488,1749029,6718891,2307841,6718891,421,941,0,0,60,0,0,0,0,0,0,0,0,0,0,0,0,24992,0.253007
development,syn-grid-224x224-v1,68ea3f6fb3351e026b850d631b3f5618a4dca8c80ba8d3ce5055543b14d04e23,uniform,5,strict-alternating,17,0,0,COLD,8b3660170adca79bddc23fa25ddf165208427a50f425cd244d77238c3aeae9f4,60,11,6,5,16777216,251042050,251033234,8816,3502296,8487256,4211057,8487256,782,1132,0,0,60,0,0,0,0,0,0,0,0,0,0,0,0,25788,0.322955
development,syn-grid-224x224-v1,68ea3f6fb3351e026b850d631b3f5618a4dca8c80ba8d3ce5055543b14d04e23,uniform,5,strict-alternating,17,0,1,B3L,8b3660170adca79bddc23fa25ddf165208427a50f425cd244d77238c3aeae9f4,60,11,6,5,16777216,652916106,652657645,258461,9896541,14439197,10368301,14439197,962,191046,15454320,15454320,60,0,0,53,0,0,0,0,0,0,0,0,0,41468,0.726045
development,syn-grid-224x224-v1,68ea3f6fb3351e026b850d631b3f5618a4dca8c80ba8d3ce5055543b14d04e23,uniform,5,strict-alternating,17,0,2,FREQ-LRU-REPAIR,8b3660170adca79bddc23fa25ddf165208427a50f425cd244d77238c3aeae9f4,60,11,6,5,16777216,218243639,218238300,5339,3214370,7347712,3472211,7347712,481,802,960,960,60,0,0,0,0,0,0,0,0,0,0,0,0,25660,0.287043
development,syn-grid-224x224-v1,68ea3f6fb3351e026b850d631b3f5618a4dca8c80ba8d3ce5055543b14d04e23,uniform,5,strict-alternating,17,0,3,ADES,8b3660170adca79bddc23fa25ddf165208427a50f425cd244d77238c3aeae9f4,60,11,6,5,16777216,215607490,215603389,4101,3219609,7095572,3685588,7095572,341,671,960,960,60,0,0,0,0,0,0,0,0,0,0,0,0,25660,0.286086
development,syn-grid-224x224-v1,68ea3f6fb3351e026b850d631b3f5618a4dca8c80ba8d3ce5055543b14d04e23,uniform,5,strict-alternating,17,0,4,ADES-V2,8b3660170adca79bddc23fa25ddf165208427a50f425cd244d77238c3aeae9f4,60,11,6,5,16777216,215463762,215457779,5983,3068939,7281178,3536661,7281178,481,882,1856,1856,60,0,0,0,0,0,0,0,0,0,0,0,0,24956,0.286698
development,syn-grid-224x224-v1,68ea3f6fb3351e026b850d631b3f5618a4dca8c80ba8d3ce5055543b14d04e23,uniform,5,strict-alternating,17,1,0,B3L,8b3660170adca79bddc23fa25ddf165208427a50f425cd244d77238c3aeae9f4,60,11,6,5,16777216,708453285,708204451,248834,11320515,14269762,11699021,14269762,1252,174054,15454320,15454320,60,0,0,53,0,0,0,0,0,0,0,0,0,41456,0.780139
development,syn-grid-224x224-v1,68ea3f6fb3351e026b850d631b3f5618a4dca8c80ba8d3ce5055543b14d04e23,uniform,5,strict-alternating,17,1,1,FREQ-LRU-REPAIR,8b3660170adca79bddc23fa25ddf165208427a50f425cd244d77238c3aeae9f4,60,11,6,5,16777216,262035673,262029470,6203,3722687,8711414,4200839,8711414,531,892,960,960,60,0,0,0,0,0,0,0,0,0,0,0,0,25660,0.332746
development,syn-grid-224x224-v1,68ea3f6fb3351e026b850d631b3f5618a4dca8c80ba8d3ce5055543b14d04e23,uniform,5,strict-alternating,17,1,2,ADES,8b3660170adca79bddc23fa25ddf165208427a50f425cd244d77238c3aeae9f4,60,11,6,5,16777216,231645285,231640038,5247,3177682,7824310,3723750,7824310,471,731,960,960,60,0,0,0,0,0,0,0,0,0,0,0,0,25388,0.302600
development,syn-grid-224x224-v1,68ea3f6fb3351e026b850d631b3f5618a4dca8c80ba8d3ce5055543b14d04e23,uniform,5,strict-alternating,17,1,3,ADES-V2,8b3660170adca79bddc23fa25ddf165208427a50f425cd244d77238c3aeae9f4,60,11,6,5,16777216,219342270,219337591,4679,3176480,7109438,3761039,7109438,432,541,1856,1856,60,0,0,0,0,0,0,0,0,0,0,0,0,24916,0.289868
development,syn-grid-224x224-v1,68ea3f6fb3351e026b850d631b3f5618a4dca8c80ba8d3ce5055543b14d04e23,uniform,5,strict-alternating,17,1,4,COLD,8b3660170adca79bddc23fa25ddf165208427a50f425cd244d77238c3aeae9f4,60,11,6,5,16777216,219931827,219925194,6633,3059411,7359003,3769856,7359003,551,892,0,0,60,0,0,0,0,0,0,0,0,0,0,0,0,24972,0.290958
development,syn-grid-224x224-v1,68ea3f6fb3351e026b850d631b3f5618a4dca8c80ba8d3ce5055543b14d04e23,uniform,5,strict-alternating,17,0,0,B3L,8b3660170adca79bddc23fa25ddf165208427a50f425cd244d77238c3aeae9f4,60,11,6,5,67108864,677570636,675700771,1869865,10617816,13959343,11108791,13959343,3627,1122471,66232800,66232800,60,0,0,30,0,0,0,0,0,0,0,0,0,91580,0.752725
development,syn-grid-224x224-v1,68ea3f6fb3351e026b850d631b3f5618a4dca8c80ba8d3ce5055543b14d04e23,uniform,5,strict-alternating,17,0,1,FREQ-LRU-REPAIR,8b3660170adca79bddc23fa25ddf165208427a50f425cd244d77238c3aeae9f4,60,11,6,5,67108864,238754725,238749734,4991,3131556,7866358,3811362,7866358,471,621,960,960,60,0,0,0,0,0,0,0,0,0,0,0,0,25660,0.309275
development,syn-grid-224x224-v1,68ea3f6fb3351e026b850d631b3f5618a4dca8c80ba8d3ce5055543b14d04e23,uniform,5,strict-alternating,17,0,2,ADES,8b3660170adca79bddc23fa25ddf165208427a50f425cd244d77238c3aeae9f4,60,11,6,5,67108864,231740284,231734963,5321,3250828,7803572,3563230,7803572,481,682,960,960,60,0,0,0,0,0,0,0,0,0,0,0,0,25660,0.301952
development,syn-grid-224x224-v1,68ea3f6fb3351e026b850d631b3f5618a4dca8c80ba8d3ce5055543b14d04e23,uniform,5,strict-alternating,17,0,3,ADES-V2,8b3660170adca79bddc23fa25ddf165208427a50f425cd244d77238c3aeae9f4,60,11,6,5,67108864,227259270,227253278,5992,3127628,7587089,3829937,7587089,501,1062,1856,1856,60,0,0,0,0,0,0,0,0,0,0,0,0,25272,0.296374
development,syn-grid-224x224-v1,68ea3f6fb3351e026b850d631b3f5618a4dca8c80ba8d3ce5055543b14d04e23,uniform,5,strict-alternating,17,0,4,COLD,8b3660170adca79bddc23fa25ddf165208427a50f425cd244d77238c3aeae9f4,60,11,6,5,67108864,245627046,245618883,8163,3662344,7899671,4060607,7899671,721,1022,0,0,60,0,0,0,0,0,0,0,0,0,0,0,0,25276,0.316093
development,syn-grid-224x224-v1,68ea3f6fb3351e026b850d631b3f5618a4dca8c80ba8d3ce5055543b14d04e23,uniform,5,strict-alternating,17,1,0,FREQ-LRU-REPAIR,8b3660170adca79bddc23fa25ddf165208427a50f425cd244d77238c3aeae9f4,60,11,6,5,67108864,234923598,234918021,5577,3443927,7963800,3736272,7963800,531,791,960,960,60,0,0,0,0,0,0,0,0,0,0,0,0,25660,0.304243
development,syn-grid-224x224-v1,68ea3f6fb3351e026b850d631b3f5618a4dca8c80ba8d3ce5055543b14d04e23,uniform,5,strict-alternating,17,1,1,ADES,8b3660170adca79bddc23fa25ddf165208427a50f425cd244d77238c3aeae9f4,60,11,6,5,67108864,236571579,236565360,6219,3441964,7668390,3906500,7668390,521,901,960,960,60,0,0,0,0,0,0,0,0,0,0,0,0,25344,0.307764
development,syn-grid-224x224-v1,68ea3f6fb3351e026b850d631b3f5618a4dca8c80ba8d3ce5055543b14d04e23,uniform,5,strict-alternating,17,1,2,ADES-V2,8b3660170adca79bddc23fa25ddf165208427a50f425cd244d77238c3aeae9f4,60,11,6,5,67108864,222756127,222750577,5550,3080690,7693947,3629644,7693947,511,721,1856,1856,60,0,0,0,0,0,0,0,0,0,0,0,0,25340,0.292386
development,syn-grid-224x224-v1,68ea3f6fb3351e026b850d631b3f5618a4dca8c80ba8d3ce5055543b14d04e23,uniform,5,strict-alternating,17,1,3,COLD,8b3660170adca79bddc23fa25ddf165208427a50f425cd244d77238c3aeae9f4,60,11,6,5,67108864,225868343,225862421,5922,3253923,7358021,3741642,7358021,521,841,0,0,60,0,0,0,0,0,0,0,0,0,0,0,0,24948,0.296818
development,syn-grid-224x224-v1,68ea3f6fb3351e026b850d631b3f5618a4dca8c80ba8d3ce5055543b14d04e23,uniform,5,strict-alternating,17,1,4,B3L,8b3660170adca79bddc23fa25ddf165208427a50f425cd244d77238c3aeae9f4,60,11,6,5,67108864,648365087,646464736,1900351,9652727,14078204,10127072,14078204,3437,1160482,66232800,66232800,60,0,0,30,0,0,0,0,0,0,0,0,0,91224,0.723579
development,syn-grid-224x224-v1,68ea3f6fb3351e026b850d631b3f5618a4dca8c80ba8d3ce5055543b14d04e23,uniform,5,strict-alternating,29,0,0,B3L,c9d599f7b8fa48d4c3c8210e905bb7ed836f8b687ab8345f104bc566ca759fe1,60,11,6,5,16777216,771906401,771770520,135881,12619596,15185197,12864453,15185197,1232,95087,15454320,15454320,60,0,0,53,0,0,0,0,0,0,0,0,0,41884,0.845072
development,syn-grid-224x224-v1,68ea3f6fb3351e026b850d631b3f5618a4dca8c80ba8d3ce5055543b14d04e23,uniform,5,strict-alternating,29,0,1,FREQ-LRU-REPAIR,c9d599f7b8fa48d4c3c8210e905bb7ed836f8b687ab8345f104bc566ca759fe1,60,11,6,5,16777216,215596706,215591747,4959,2769110,7620540,3578308,7620540,411,771,960,960,60,0,0,0,0,0,0,0,0,0,0,0,0,25332,0.287276
development,syn-grid-224x224-v1,68ea3f6fb3351e026b850d631b3f5618a4dca8c80ba8d3ce5055543b14d04e23,uniform,5,strict-alternating,29,0,2,ADES,c9d599f7b8fa48d4c3c8210e905bb7ed836f8b687ab8345f104bc566ca759fe1,60,11,6,5,16777216,234957092,234951082,6010,3023153,8065871,3641967,8065871,521,891,960,960,60,0,0,0,0,0,0,0,0,0,0,0,0,25324,0.305887
development,syn-grid-224x224-v1,68ea3f6fb3351e026b850d631b3f5618a4dca8c80ba8d3ce5055543b14d04e23,uniform,5,strict-alternating,29,0,3,ADES-V2,c9d599f7b8fa48d4c3c8210e905bb7ed836f8b687ab8345f104bc566ca759fe1,60,11,6,5,16777216,207434370,207429309,5061,2584015,7479828,3281435,7479828,411,721,1856,1856,60,0,0,0,0,0,0,0,0,0,0,0,0,24940,0.277577
development,syn-grid-224x224-v1,68ea3f6fb3351e026b850d631b3f5618a4dca8c80ba8d3ce5055543b14d04e23,uniform,5,strict-alternating,29,0,4,COLD,c9d599f7b8fa48d4c3c8210e905bb7ed836f8b687ab8345f104bc566ca759fe1,60,11,6,5,16777216,212763092,212756663,6429,2514766,7721059,3389316,7721059,601,881,0,0,60,0,0,0,0,0,0,0,0,0,0,0,0,25276,0.282531
development,syn-grid-224x224-v1,68ea3f6fb3351e026b850d631b3f5618a4dca8c80ba8d3ce5055543b14d04e23,uniform,5,strict-alternating,29,1,0,FREQ-LRU-REPAIR,c9d599f7b8fa48d4c3c8210e905bb7ed836f8b687ab8345f104bc566ca759fe1,60,11,6,5,16777216,216825454,216819763,5691,2755665,7316834,3178713,7316834,570,832,960,960,60,0,0,0,0,0,0,0,0,0,0,0,0,25300,0.287903
development,syn-grid-224x224-v1,68ea3f6fb3351e026b850d631b3f5618a4dca8c80ba8d3ce5055543b14d04e23,uniform,5,strict-alternating,29,1,1,ADES,c9d599f7b8fa48d4c3c8210e905bb7ed836f8b687ab8345f104bc566ca759fe1,60,11,6,5,16777216,212964516,212959106,5410,2531878,7785739,3319125,7785739,481,752,960,960,60,0,0,0,0,0,0,0,0,0,0,0,0,25724,0.283843
development,syn-grid-224x224-v1,68ea3f6fb3351e026b850d631b3f5618a4dca8c80ba8d3ce5055543b14d04e23,uniform,5,strict-alternating,29,1,2,ADES-V2,c9d599f7b8fa48d4c3c8210e905bb7ed836f8b687ab8345f104bc566ca759fe1,60,11,6,5,16777216,204152259,204147221,5038,2564559,7659433,2940289,7659433,421,841,1856,1856,60,0,0,0,0,0,0,0,0,0,0,0,0,25280,0.273266
development,syn-grid-224x224-v1,68ea3f6fb3351e026b850d631b3f5618a4dca8c80ba8d3ce5055543b14d04e23,uniform,5,strict-alternating,29,1,3,COLD,c9d599f7b8fa48d4c3c8210e905bb7ed836f8b687ab8345f104bc566ca759fe1,60,11,6,5,16777216,217476130,217470079,6051,2697727,7502230,3249164,7502230,601,732,0,0,60,0,0,0,0,0,0,0,0,0,0,0,0,24960,0.288869
development,syn-grid-224x224-v1,68ea3f6fb3351e026b850d631b3f5618a4dca8c80ba8d3ce5055543b14d04e23,uniform,5,strict-alternating,29,1,4,B3L,c9d599f7b8fa48d4c3c8210e905bb7ed836f8b687ab8345f104bc566ca759fe1,60,11,6,5,16777216,718367398,718219141,148257,11816069,13635650,12090060,13635650,1202,106529,15454320,15454320,60,0,0,53,0,0,0,0,0,0,0,0,0,41916,0.790051
development,syn-grid-224x224-v1,68ea3f6fb3351e026b850d631b3f5618a4dca8c80ba8d3ce5055543b14d04e23,uniform,5,strict-alternating,29,0,0,FREQ-LRU-REPAIR,c9d599f7b8fa48d4c3c8210e905bb7ed836f8b687ab8345f104bc566ca759fe1,60,11,6,5,67108864,210087273,210082625,4648,2637395,7233530,3328182,7233530,441,711,960,960,60,0,0,0,0,0,0,0,0,0,0,0,0,25380,0.280184
development,syn-grid-224x224-v1,68ea3f6fb3351e026b850d631b3f5618a4dca8c80ba8d3ce5055543b14d04e23,uniform,5,strict-alternating,29,0,1,ADES,c9d599f7b8fa48d4c3c8210e905bb7ed836f8b687ab8345f104bc566ca759fe1,60,11,6,5,67108864,213770602,213766164,4438,2879395,7525864,3042759,7525864,370,642,960,960,60,0,0,0,0,0,0,0,0,0,0,0,0,25176,0.286716
development,syn-grid-224x224-v1,68ea3f6fb3351e026b850d631b3f5618a4dca8c80ba8d3ce5055543b14d04e23,uniform,5,strict-alternating,29,0,2,ADES-V2,c9d599f7b8fa48d4c3c8210e905bb7ed836f8b687ab8345f104bc566ca759fe1,60,11,6,5,67108864,216516755,216511463,5292,2900054,7552534,3326549,7552534,491,652,1856,1856,60,0,0,0,0,0,0,0,0,0,0,0,0,24932,0.288877
development,syn-grid-224x224-v1,68ea3f6fb3351e026b850d631b3f5618a4dca8c80ba8d3ce5055543b14d04e23,uniform,5,strict-alternating,29,0,3,COLD,c9d599f7b8fa48d4c3c8210e905bb7ed836f8b687ab8345f104bc566ca759fe1,60,11,6,5,67108864,214799324,214792743,6581,2675425,7878431,3215181,7878431,601,911,0,0,60,0,0,0,0,0,0,0,0,0,0,0,0,25752,0.286169
development,syn-grid-224x224-v1,68ea3f6fb3351e026b850d631b3f5618a4dca8c80ba8d3ce5055543b14d04e23,uniform,5,strict-alternating,29,0,4,B3L,c9d599f7b8fa48d4c3c8210e905bb7ed836f8b687ab8345f104bc566ca759fe1,60,11,6,5,67108864,807613794,806978127,635667,12981950,15828034,13270048,15828034,4359,554033,66232800,66232800,60,0,0,30,0,0,0,0,0,0,0,0,0,91580,0.882352
development,syn-grid-224x224-v1,68ea3f6fb3351e026b850d631b3f5618a4dca8c80ba8d3ce5055543b14d04e23,uniform,5,strict-alternating,29,1,0,ADES,c9d599f7b8fa48d4c3c8210e905bb7ed836f8b687ab8345f104bc566ca759fe1,60,11,6,5,67108864,221452562,221446739,5823,2692737,7415979,3408482,7415979,531,692,960,960,60,0,0,0,0,0,0,0,0,0,0,0,0,26168,0.292284
development,syn-grid-224x224-v1,68ea3f6fb3351e026b850d631b3f5618a4dca8c80ba8d3ce5055543b14d04e23,uniform,5,strict-alternating,29,1,1,ADES-V2,c9d599f7b8fa48d4c3c8210e905bb7ed836f8b687ab8345f104bc566ca759fe1,60,11,6,5,67108864,204604397,204599739,4658,2361260,7633554,3124181,7633554,351,752,1856,1856,60,0,0,0,0,0,0,0,0,0,0,0,0,24940,0.274819
development,syn-grid-224x224-v1,68ea3f6fb3351e026b850d631b3f5618a4dca8c80ba8d3ce5055543b14d04e23,uniform,5,strict-alternating,29,1,2,COLD,c9d599f7b8fa48d4c3c8210e905bb7ed836f8b687ab8345f104bc566ca759fe1,60,11,6,5,67108864,192729651,192725102,4549,2523202,7681624,2724237,7681624,361,751,0,0,60,0,0,0,0,0,0,0,0,0,0,0,0,25276,0.263091
development,syn-grid-224x224-v1,68ea3f6fb3351e026b850d631b3f5618a4dca8c80ba8d3ce5055543b14d04e23,uniform,5,strict-alternating,29,1,3,B3L,c9d599f7b8fa48d4c3c8210e905bb7ed836f8b687ab8345f104bc566ca759fe1,60,11,6,5,67108864,841256826,840643443,613383,13533969,16988516,13991723,16988516,4489,540988,66232800,66232800,60,0,0,30,0,0,0,0,0,0,0,0,0,91580,0.916476
development,syn-grid-224x224-v1,68ea3f6fb3351e026b850d631b3f5618a4dca8c80ba8d3ce5055543b14d04e23,uniform,5,strict-alternating,29,1,4,FREQ-LRU-REPAIR,c9d599f7b8fa48d4c3c8210e905bb7ed836f8b687ab8345f104bc566ca759fe1,60,11,6,5,67108864,215742286,215736456,5830,2585387,7575155,3386180,7575155,491,891,960,960,60,0,0,0,0,0,0,0,0,0,0,0,0,25332,0.287096
development,syn-grid-224x224-v1,68ea3f6fb3351e026b850d631b3f5618a4dca8c80ba8d3ce5055543b14d04e23,uniform,50,strict-alternating,7,0,0,FREQ-LRU-REPAIR,31f3412ae703db2b9383233c23e922f17774ca41009ca32fafdf4b90fc20b9e5,60,1,1,0,16777216,207563779,207562947,832,3381581,6948809,3381581,6948809,832,832,960,960,60,0,0,0,0,0,0,0,0,0,0,0,0,25660,0.278452
development,syn-grid-224x224-v1,68ea3f6fb3351e026b850d631b3f5618a4dca8c80ba8d3ce5055543b14d04e23,uniform,50,strict-alternating,7,0,1,ADES,31f3412ae703db2b9383233c23e922f17774ca41009ca32fafdf4b90fc20b9e5,60,1,1,0,16777216,197690828,197690217,611,3120524,7207390,3120524,7207390,611,611,960,960,60,0,0,0,0,0,0,0,0,0,0,0,0,25656,0.268056
development,syn-grid-224x224-v1,68ea3f6fb3351e026b850d631b3f5618a4dca8c80ba8d3ce5055543b14d04e23,uniform,50,strict-alternating,7,0,2,ADES-V2,31f3412ae703db2b9383233c23e922f17774ca41009ca32fafdf4b90fc20b9e5,60,1,1,0,16777216,213400493,213400052,441,3464166,6935053,3464166,6935053,441,441,1856,1856,60,0,0,0,0,0,0,0,0,0,0,0,0,25272,0.284734
development,syn-grid-224x224-v1,68ea3f6fb3351e026b850d631b3f5618a4dca8c80ba8d3ce5055543b14d04e23,uniform,50,strict-alternating,7,0,3,COLD,31f3412ae703db2b9383233c23e922f17774ca41009ca32fafdf4b90fc20b9e5,60,1,1,0,16777216,214794358,214793377,981,3455910,7238729,3455910,7238729,981,981,0,0,60,0,0,0,0,0,0,0,0,0,0,0,0,24944,0.286098
development,syn-grid-224x224-v1,68ea3f6fb3351e026b850d631b3f5618a4dca8c80ba8d3ce5055543b14d04e23,uniform,50,strict-alternating,7,0,4,B3L,31f3412ae703db2b9383233c23e922f17774ca41009ca32fafdf4b90fc20b9e5,60,1,1,0,16777216,771526465,771525754,711,12889728,15003528,12889728,15003528,711,711,15454320,15454320,60,0,0,53,0,0,0,0,0,0,0,0,0,41848,0.843739
development,syn-grid-224x224-v1,68ea3f6fb3351e026b850d631b3f5618a4dca8c80ba8d3ce5055543b14d04e23,uniform,50,strict-alternating,7,1,0,ADES,31f3412ae703db2b9383233c23e922f17774ca41009ca32fafdf4b90fc20b9e5,60,1,1,0,16777216,213446516,213445874,642,3755798,7738570,3755798,7738570,642,642,960,960,60,0,0,0,0,0,0,0,0,0,0,0,0,25328,0.284163
development,syn-grid-224x224-v1,68ea3f6fb3351e026b850d631b3f5618a4dca8c80ba8d3ce5055543b14d04e23,uniform,50,strict-alternating,7,1,1,ADES-V2,31f3412ae703db2b9383233c23e922f17774ca41009ca32fafdf4b90fc20b9e5,60,1,1,0,16777216,211883594,211883093,501,3554894,7146246,3554894,7146246,501,501,1856,1856,60,0,0,0,0,0,0,0,0,0,0,0,0,25336,0.282199
development,syn-grid-224x224-v1,68ea3f6fb3351e026b850d631b3f5618a4dca8c80ba8d3ce5055543b14d04e23,uniform,50,strict-alternating,7,1,2,COLD,31f3412ae703db2b9383233c23e922f17774ca41009ca32fafdf4b90fc20b9e5,60,1,1,0,16777216,213251816,213250904,912,3261508,6995716,3261508,6995716,912,912,0,0,60,0,0,0,0,0,0,0,0,0,0,0,0,25268,0.283652
development,syn-grid-224x224-v1,68ea3f6fb3351e026b850d631b3f5618a4dca8c80ba8d3ce5055543b14d04e23,uniform,50,strict-alternating,7,1,3,B3L,31f3412ae703db2b9383233c23e922f17774ca41009ca32fafdf4b90fc20b9e5,60,1,1,0,16777216,800148196,800146683,1513,13428212,14934809,13428212,14934809,1513,1513,15454320,15454320,60,0,0,53,0,0,0,0,0,0,0,0,0,41788,0.872312
development,syn-grid-224x224-v1,68ea3f6fb3351e026b850d631b3f5618a4dca8c80ba8d3ce5055543b14d04e23,uniform,50,strict-alternating,7,1,4,FREQ-LRU-REPAIR,31f3412ae703db2b9383233c23e922f17774ca41009ca32fafdf4b90fc20b9e5,60,1,1,0,16777216,216702810,216702139,671,3465407,7179539,3465407,7179539,671,671,960,960,60,0,0,0,0,0,0,0,0,0,0,0,0,25656,0.287422
development,syn-grid-224x224-v1,68ea3f6fb3351e026b850d631b3f5618a4dca8c80ba8d3ce5055543b14d04e23,uniform,50,strict-alternating,7,0,0,ADES,31f3412ae703db2b9383233c23e922f17774ca41009ca32fafdf4b90fc20b9e5,60,1,1,0,67108864,212554747,212554136,611,3483250,7412973,3483250,7412973,611,611,960,960,60,0,0,0,0,0,0,0,0,0,0,0,0,25376,0.281646
development,syn-grid-224x224-v1,68ea3f6fb3351e026b850d631b3f5618a4dca8c80ba8d3ce5055543b14d04e23,uniform,50,strict-alternating,7,0,1,ADES-V2,31f3412ae703db2b9383233c23e922f17774ca41009ca32fafdf4b90fc20b9e5,60,1,1,0,67108864,219831579,219830927,652,3622090,7599561,3622090,7599561,652,652,1856,1856,60,0,0,0,0,0,0,0,0,0,0,0,0,25276,0.290279
development,syn-grid-224x224-v1,68ea3f6fb3351e026b850d631b3f5618a4dca8c80ba8d3ce5055543b14d04e23,uniform,50,strict-alternating,7,0,2,COLD,31f3412ae703db2b9383233c23e922f17774ca41009ca32fafdf4b90fc20b9e5,60,1,1,0,67108864,234909229,234908518,711,3951212,8098862,3951212,8098862,711,711,0,0,60,0,0,0,0,0,0,0,0,0,0,0,0,25232,0.306812
development,syn-grid-224x224-v1,68ea3f6fb3351e026b850d631b3f5618a4dca8c80ba8d3ce5055543b14d04e23,uniform,50,strict-alternating,7,0,3,B3L,31f3412ae703db2b9383233c23e922f17774ca41009ca32fafdf4b90fc20b9e5,60,1,1,0,67108864,864933411,864930696,2715,14429027,16708826,14429027,16708826,2715,2715,66232800,66232800,60,0,0,30,0,0,0,0,0,0,0,0,0,91012,0.942217
development,syn-grid-224x224-v1,68ea3f6fb3351e026b850d631b3f5618a4dca8c80ba8d3ce5055543b14d04e23,uniform,50,strict-alternating,7,0,4,FREQ-LRU-REPAIR,31f3412ae703db2b9383233c23e922f17774ca41009ca32fafdf4b90fc20b9e5,60,1,1,0,67108864,221531741,221530899,842,3902863,8081539,3902863,8081539,842,842,960,960,60,0,0,0,0,0,0,0,0,0,0,0,0,25336,0.293342
development,syn-grid-224x224-v1,68ea3f6fb3351e026b850d631b3f5618a4dca8c80ba8d3ce5055543b14d04e23,uniform,50,strict-alternating,7,1,0,ADES-V2,31f3412ae703db2b9383233c23e922f17774ca41009ca32fafdf4b90fc20b9e5,60,1,1,0,67108864,221642863,221642222,641,3610588,7946658,3610588,7946658,641,641,1856,1856,60,0,0,0,0,0,0,0,0,0,0,0,0,25240,0.292019
development,syn-grid-224x224-v1,68ea3f6fb3351e026b850d631b3f5618a4dca8c80ba8d3ce5055543b14d04e23,uniform,50,strict-alternating,7,1,1,COLD,31f3412ae703db2b9383233c23e922f17774ca41009ca32fafdf4b90fc20b9e5,60,1,1,0,67108864,209481292,209480530,762,3359801,7037243,3359801,7037243,762,762,0,0,60,0,0,0,0,0,0,0,0,0,0,0,0,25240,0.278877
development,syn-grid-224x224-v1,68ea3f6fb3351e026b850d631b3f5618a4dca8c80ba8d3ce5055543b14d04e23,uniform,50,strict-alternating,7,1,2,B3L,31f3412ae703db2b9383233c23e922f17774ca41009ca32fafdf4b90fc20b9e5,60,1,1,0,67108864,840077745,840074308,3437,13952369,16011567,13952369,16011567,3437,3437,66232800,66232800,60,0,0,30,0,0,0,0,0,0,0,0,0,91128,0.916027
development,syn-grid-224x224-v1,68ea3f6fb3351e026b850d631b3f5618a4dca8c80ba8d3ce5055543b14d04e23,uniform,50,strict-alternating,7,1,3,FREQ-LRU-REPAIR,31f3412ae703db2b9383233c23e922f17774ca41009ca32fafdf4b90fc20b9e5,60,1,1,0,67108864,213946698,213946207,491,3492548,7244520,3492548,7244520,491,491,960,960,60,0,0,0,0,0,0,0,0,0,0,0,0,25312,0.285432
development,syn-grid-224x224-v1,68ea3f6fb3351e026b850d631b3f5618a4dca8c80ba8d3ce5055543b14d04e23,uniform,50,strict-alternating,7,1,4,ADES,31f3412ae703db2b9383233c23e922f17774ca41009ca32fafdf4b90fc20b9e5,60,1,1,0,67108864,220823991,220823199,792,3662926,7634315,3662926,7634315,792,792,960,960,60,0,0,0,0,0,0,0,0,0,0,0,0,25656,0.290854
development,syn-grid-224x224-v1,68ea3f6fb3351e026b850d631b3f5618a4dca8c80ba8d3ce5055543b14d04e23,uniform,50,strict-alternating,17,0,0,ADES,59f6c9cb7dac7748825bc6dba67ff2b8273f7e130f897f003bcc2a99daf8bfea,60,1,1,0,16777216,268831166,268830535,631,4645787,8500831,4645787,8500831,631,631,960,960,60,0,0,0,0,0,0,0,0,0,0,0,0,25648,0.340119
development,syn-grid-224x224-v1,68ea3f6fb3351e026b850d631b3f5618a4dca8c80ba8d3ce5055543b14d04e23,uniform,50,strict-alternating,17,0,1,ADES-V2,59f6c9cb7dac7748825bc6dba67ff2b8273f7e130f897f003bcc2a99daf8bfea,60,1,1,0,16777216,256707532,256706861,671,4504463,8037097,4504463,8037097,671,671,1856,1856,60,0,0,0,0,0,0,0,0,0,0,0,0,25372,0.326686
development,syn-grid-224x224-v1,68ea3f6fb3351e026b850d631b3f5618a4dca8c80ba8d3ce5055543b14d04e23,uniform,50,strict-alternating,17,0,2,COLD,59f6c9cb7dac7748825bc6dba67ff2b8273f7e130f897f003bcc2a99daf8bfea,60,1,1,0,16777216,306171551,306170649,902,5578385,9511344,5578385,9511344,902,902,0,0,60,0,0,0,0,0,0,0,0,0,0,0,0,25400,0.377693
development,syn-grid-224x224-v1,68ea3f6fb3351e026b850d631b3f5618a4dca8c80ba8d3ce5055543b14d04e23,uniform,50,strict-alternating,17,0,3,B3L,59f6c9cb7dac7748825bc6dba67ff2b8273f7e130f897f003bcc2a99daf8bfea,60,1,1,0,16777216,810800963,810800021,942,13363602,15783531,13363602,15783531,942,942,15454320,15454320,60,0,0,53,0,0,0,0,0,0,0,0,0,42256,0.883977
development,syn-grid-224x224-v1,68ea3f6fb3351e026b850d631b3f5618a4dca8c80ba8d3ce5055543b14d04e23,uniform,50,strict-alternating,17,0,4,FREQ-LRU-REPAIR,59f6c9cb7dac7748825bc6dba67ff2b8273f7e130f897f003bcc2a99daf8bfea,60,1,1,0,16777216,275449734,275449033,701,4896314,8523383,4896314,8523383,701,701,960,960,60,0,0,0,0,0,0,0,0,0,0,0,0,25312,0.346468
development,syn-grid-224x224-v1,68ea3f6fb3351e026b850d631b3f5618a4dca8c80ba8d3ce5055543b14d04e23,uniform,50,strict-alternating,17,1,0,ADES-V2,59f6c9cb7dac7748825bc6dba67ff2b8273f7e130f897f003bcc2a99daf8bfea,60,1,1,0,16777216,275770853,275770252,601,4794854,9080751,4794854,9080751,601,601,1856,1856,60,0,0,0,0,0,0,0,0,0,0,0,0,25156,0.347368
development,syn-grid-224x224-v1,68ea3f6fb3351e026b850d631b3f5618a4dca8c80ba8d3ce5055543b14d04e23,uniform,50,strict-alternating,17,1,1,COLD,59f6c9cb7dac7748825bc6dba67ff2b8273f7e130f897f003bcc2a99daf8bfea,60,1,1,0,16777216,263602681,263601609,1072,4596455,8412265,4596455,8412265,1072,1072,0,0,60,0,0,0,0,0,0,0,0,0,0,0,0,25400,0.333801
development,syn-grid-224x224-v1,68ea3f6fb3351e026b850d631b3f5618a4dca8c80ba8d3ce5055543b14d04e23,uniform,50,strict-alternating,17,1,2,B3L,59f6c9cb7dac7748825bc6dba67ff2b8273f7e130f897f003bcc2a99daf8bfea,60,1,1,0,16777216,792257808,792256736,1072,13091413,15026630,13091413,15026630,1072,1072,15454320,15454320,60,0,0,53,0,0,0,0,0,0,0,0,0,41852,0.864117
development,syn-grid-224x224-v1,68ea3f6fb3351e026b850d631b3f5618a4dca8c80ba8d3ce5055543b14d04e23,uniform,50,strict-alternating,17,1,3,FREQ-LRU-REPAIR,59f6c9cb7dac7748825bc6dba67ff2b8273f7e130f897f003bcc2a99daf8bfea,60,1,1,0,16777216,276497000,276496379,621,4839377,8583133,4839377,8583133,621,621,960,960,60,0,0,0,0,0,0,0,0,0,0,0,0,25364,0.347828
development,syn-grid-224x224-v1,68ea3f6fb3351e026b850d631b3f5618a4dca8c80ba8d3ce5055543b14d04e23,uniform,50,strict-alternating,17,1,4,ADES,59f6c9cb7dac7748825bc6dba67ff2b8273f7e130f897f003bcc2a99daf8bfea,60,1,1,0,16777216,290187058,290186196,862,5174923,8996022,5174923,8996022,862,862,960,960,60,0,0,0,0,0,0,0,0,0,0,0,0,25624,0.361275
development,syn-grid-224x224-v1,68ea3f6fb3351e026b850d631b3f5618a4dca8c80ba8d3ce5055543b14d04e23,uniform,50,strict-alternating,17,0,0,ADES-V2,59f6c9cb7dac7748825bc6dba67ff2b8273f7e130f897f003bcc2a99daf8bfea,60,1,1,0,67108864,266541601,266540990,611,4555398,8567334,4555398,8567334,611,611,1856,1856,60,0,0,0,0,0,0,0,0,0,0,0,0,25064,0.338419
development,syn-grid-224x224-v1,68ea3f6fb3351e026b850d631b3f5618a4dca8c80ba8d3ce5055543b14d04e23,uniform,50,strict-alternating,17,0,1,COLD,59f6c9cb7dac7748825bc6dba67ff2b8273f7e130f897f003bcc2a99daf8bfea,60,1,1,0,67108864,290163358,290161945,1413,4759759,9457382,4759759,9457382,1413,1413,0,0,60,0,0,0,0,0,0,0,0,0,0,0,0,25056,0.361227
development,syn-grid-224x224-v1,68ea3f6fb3351e026b850d631b3f5618a4dca8c80ba8d3ce5055543b14d04e23,uniform,50,strict-alternating,17,0,2,B3L,59f6c9cb7dac7748825bc6dba67ff2b8273f7e130f897f003bcc2a99daf8bfea,60,1,1,0,67108864,723699077,723695931,3146,12139540,14953123,12139540,14953123,3146,3146,66232800,66232800,60,0,0,30,0,0,0,0,0,0,0,0,0,91336,0.797583
development,syn-grid-224x224-v1,68ea3f6fb3351e026b850d631b3f5618a4dca8c80ba8d3ce5055543b14d04e23,uniform,50,strict-alternating,17,0,3,FREQ-LRU-REPAIR,59f6c9cb7dac7748825bc6dba67ff2b8273f7e130f897f003bcc2a99daf8bfea,60,1,1,0,67108864,273864152,273863561,591,4792470,8824052,4792470,8824052,591,591,960,960,60,0,0,0,0,0,0,0,0,0,0,0,0,25340,0.345090
development,syn-grid-224x224-v1,68ea3f6fb3351e026b850d631b3f5618a4dca8c80ba8d3ce5055543b14d04e23,uniform,50,strict-alternating,17,0,4,ADES,59f6c9cb7dac7748825bc6dba67ff2b8273f7e130f897f003bcc2a99daf8bfea,60,1,1,0,67108864,256646606,256645865,741,4503281,8213364,4503281,8213364,741,741,960,960,60,0,0,0,0,0,0,0,0,0,0,0,0,25660,0.326255
development,syn-grid-224x224-v1,68ea3f6fb3351e026b850d631b3f5618a4dca8c80ba8d3ce5055543b14d04e23,uniform,50,strict-alternating,17,1,0,COLD,59f6c9cb7dac7748825bc6dba67ff2b8273f7e130f897f003bcc2a99daf8bfea,60,1,1,0,67108864,261828945,261828084,861,4550989,8308531,4550989,8308531,861,861,0,0,60,0,0,0,0,0,0,0,0,0,0,0,0,25092,0.333746
development,syn-grid-224x224-v1,68ea3f6fb3351e026b850d631b3f5618a4dca8c80ba8d3ce5055543b14d04e23,uniform,50,strict-alternating,17,1,1,B3L,59f6c9cb7dac7748825bc6dba67ff2b8273f7e130f897f003bcc2a99daf8bfea,60,1,1,0,67108864,818266625,818263308,3317,13416490,16425386,13416490,16425386,3317,3317,66232800,66232800,60,0,0,30,0,0,0,0,0,0,0,0,0,91956,0.893715
development,syn-grid-224x224-v1,68ea3f6fb3351e026b850d631b3f5618a4dca8c80ba8d3ce5055543b14d04e23,uniform,50,strict-alternating,17,1,2,FREQ-LRU-REPAIR,59f6c9cb7dac7748825bc6dba67ff2b8273f7e130f897f003bcc2a99daf8bfea,60,1,1,0,67108864,300104485,300103053,1432,5388120,9466670,5388120,9466670,1432,1432,960,960,60,0,0,0,0,0,0,0,0,0,0,0,0,25644,0.371366
development,syn-grid-224x224-v1,68ea3f6fb3351e026b850d631b3f5618a4dca8c80ba8d3ce5055543b14d04e23,uniform,50,strict-alternating,17,1,3,ADES,59f6c9cb7dac7748825bc6dba67ff2b8273f7e130f897f003bcc2a99daf8bfea,60,1,1,0,67108864,293586089,293585487,602,5224495,9101730,5224495,9101730,602,602,960,960,60,0,0,0,0,0,0,0,0,0,0,0,0,26160,0.364826
development,syn-grid-224x224-v1,68ea3f6fb3351e026b850d631b3f5618a4dca8c80ba8d3ce5055543b14d04e23,uniform,50,strict-alternating,17,1,4,ADES-V2,59f6c9cb7dac7748825bc6dba67ff2b8273f7e130f897f003bcc2a99daf8bfea,60,1,1,0,67108864,298305222,298304321,901,5345150,9451662,5345150,9451662,901,901,1856,1856,60,0,0,0,0,0,0,0,0,0,0,0,0,25388,0.369276
development,syn-grid-224x224-v1,68ea3f6fb3351e026b850d631b3f5618a4dca8c80ba8d3ce5055543b14d04e23,uniform,50,strict-alternating,29,0,0,ADES-V2,88df8f7f4252db553d134a68a526fdf4d75a6e75b7b4030550c84593c74e3c42,60,1,1,0,16777216,256632309,256631558,751,4283862,9095488,4283862,9095488,751,751,1856,1856,60,0,0,0,0,0,0,0,0,0,0,0,0,24952,0.329346
development,syn-grid-224x224-v1,68ea3f6fb3351e026b850d631b3f5618a4dca8c80ba8d3ce5055543b14d04e23,uniform,50,strict-alternating,29,0,1,COLD,88df8f7f4252db553d134a68a526fdf4d75a6e75b7b4030550c84593c74e3c42,60,1,1,0,16777216,259534462,259533470,992,3870562,9260155,3870562,9260155,992,992,0,0,60,0,0,0,0,0,0,0,0,0,0,0,0,25264,0.331463
development,syn-grid-224x224-v1,68ea3f6fb3351e026b850d631b3f5618a4dca8c80ba8d3ce5055543b14d04e23,uniform,50,strict-alternating,29,0,2,B3L,88df8f7f4252db553d134a68a526fdf4d75a6e75b7b4030550c84593c74e3c42,60,1,1,0,16777216,836529762,836507310,22452,14215960,16098007,14215960,16098007,22452,22452,15454320,15454320,60,0,0,53,0,0,0,0,0,0,0,0,0,41912,0.908855
development,syn-grid-224x224-v1,68ea3f6fb3351e026b850d631b3f5618a4dca8c80ba8d3ce5055543b14d04e23,uniform,50,strict-alternating,29,0,3,FREQ-LRU-REPAIR,88df8f7f4252db553d134a68a526fdf4d75a6e75b7b4030550c84593c74e3c42,60,1,1,0,16777216,223423765,223422703,1062,3670269,7915349,3670269,7915349,1062,1062,960,960,60,0,0,0,0,0,0,0,0,0,0,0,0,25648,0.294094
development,syn-grid-224x224-v1,68ea3f6fb3351e026b850d631b3f5618a4dca8c80ba8d3ce5055543b14d04e23,uniform,50,strict-alternating,29,0,4,ADES,88df8f7f4252db553d134a68a526fdf4d75a6e75b7b4030550c84593c74e3c42,60,1,1,0,16777216,217781681,217781160,521,3436503,7482132,3436503,7482132,521,521,960,960,60,0,0,0,0,0,0,0,0,0,0,0,0,25316,0.289443
development,syn-grid-224x224-v1,68ea3f6fb3351e026b850d631b3f5618a4dca8c80ba8d3ce5055543b14d04e23,uniform,50,strict-alternating,29,1,0,COLD,88df8f7f4252db553d134a68a526fdf4d75a6e75b7b4030550c84593c74e3c42,60,1,1,0,16777216,219017794,219016782,1012,3255776,7875565,3255776,7875565,1012,1012,0,0,60,0,0,0,0,0,0,0,0,0,0,0,0,24964,0.290136
development,syn-grid-224x224-v1,68ea3f6fb3351e026b850d631b3f5618a4dca8c80ba8d3ce5055543b14d04e23,uniform,50,strict-alternating,29,1,1,B3L,88df8f7f4252db553d134a68a526fdf4d75a6e75b7b4030550c84593c74e3c42,60,1,1,0,16777216,824714578,824692888,21690,14117346,16100191,14117346,16100191,21690,21690,15454320,15454320,60,0,0,53,0,0,0,0,0,0,0,0,0,41628,0.897881
development,syn-grid-224x224-v1,68ea3f6fb3351e026b850d631b3f5618a4dca8c80ba8d3ce5055543b14d04e23,uniform,50,strict-alternating,29,1,2,FREQ-LRU-REPAIR,88df8f7f4252db553d134a68a526fdf4d75a6e75b7b4030550c84593c74e3c42,60,1,1,0,16777216,217846701,217845929,772,3498259,7633424,3498259,7633424,772,772,960,960,60,0,0,0,0,0,0,0,0,0,0,0,0,25336,0.289231
development,syn-grid-224x224-v1,68ea3f6fb3351e026b850d631b3f5618a4dca8c80ba8d3ce5055543b14d04e23,uniform,50,strict-alternating,29,1,3,ADES,88df8f7f4252db553d134a68a526fdf4d75a6e75b7b4030550c84593c74e3c42,60,1,1,0,16777216,217284612,217283690,922,3595550,7358271,3595550,7358271,922,922,960,960,60,0,0,0,0,0,0,0,0,0,0,0,0,25652,0.287655
development,syn-grid-224x224-v1,68ea3f6fb3351e026b850d631b3f5618a4dca8c80ba8d3ce5055543b14d04e23,uniform,50,strict-alternating,29,1,4,ADES-V2,88df8f7f4252db553d134a68a526fdf4d75a6e75b7b4030550c84593c74e3c42,60,1,1,0,16777216,239713555,239712924,631,3927679,8279067,3927679,8279067,631,631,1856,1856,60,0,0,0,0,0,0,0,0,0,0,0,0,24964,0.310657
development,syn-grid-224x224-v1,68ea3f6fb3351e026b850d631b3f5618a4dca8c80ba8d3ce5055543b14d04e23,uniform,50,strict-alternating,29,0,0,COLD,88df8f7f4252db553d134a68a526fdf4d75a6e75b7b4030550c84593c74e3c42,60,1,1,0,67108864,216517872,216516900,972,3688884,7756072,3688884,7756072,972,972,0,0,60,0,0,0,0,0,0,0,0,0,0,0,0,25272,0.287019
development,syn-grid-224x224-v1,68ea3f6fb3351e026b850d631b3f5618a4dca8c80ba8d3ce5055543b14d04e23,uniform,50,strict-alternating,29,0,1,B3L,88df8f7f4252db553d134a68a526fdf4d75a6e75b7b4030550c84593c74e3c42,60,1,1,0,67108864,797836819,797770876,65943,13479177,15624023,13479177,15624023,65943,65943,66232800,66232800,60,0,0,30,0,0,0,0,0,0,0,0,0,91576,0.873107
development,syn-grid-224x224-v1,68ea3f6fb3351e026b850d631b3f5618a4dca8c80ba8d3ce5055543b14d04e23,uniform,50,strict-alternating,29,0,2,FREQ-LRU-REPAIR,88df8f7f4252db553d134a68a526fdf4d75a6e75b7b4030550c84593c74e3c42,60,1,1,0,67108864,217409590,217408539,1051,3489562,7904118,3489562,7904118,1051,1051,960,960,60,0,0,0,0,0,0,0,0,0,0,0,0,25648,0.286804
development,syn-grid-224x224-v1,68ea3f6fb3351e026b850d631b3f5618a4dca8c80ba8d3ce5055543b14d04e23,uniform,50,strict-alternating,29,0,3,ADES,88df8f7f4252db553d134a68a526fdf4d75a6e75b7b4030550c84593c74e3c42,60,1,1,0,67108864,226057493,226056541,952,3728678,7957448,3728678,7957448,952,952,960,960,60,0,0,0,0,0,0,0,0,0,0,0,0,25620,0.297064
development,syn-grid-224x224-v1,68ea3f6fb3351e026b850d631b3f5618a4dca8c80ba8d3ce5055543b14d04e23,uniform,50,strict-alternating,29,0,4,ADES-V2,88df8f7f4252db553d134a68a526fdf4d75a6e75b7b4030550c84593c74e3c42,60,1,1,0,67108864,221355398,221354726,672,3426194,7755220,3426194,7755220,672,672,1856,1856,60,0,0,0,0,0,0,0,0,0,0,0,0,25268,0.291324
development,syn-grid-224x224-v1,68ea3f6fb3351e026b850d631b3f5618a4dca8c80ba8d3ce5055543b14d04e23,uniform,50,strict-alternating,29,1,0,B3L,88df8f7f4252db553d134a68a526fdf4d75a6e75b7b4030550c84593c74e3c42,60,1,1,0,67108864,776502790,776437328,65462,13175971,14974323,13175971,14974323,65462,65462,66232800,66232800,60,0,0,30,0,0,0,0,0,0,0,0,0,91268,0.850580
development,syn-grid-224x224-v1,68ea3f6fb3351e026b850d631b3f5618a4dca8c80ba8d3ce5055543b14d04e23,uniform,50,strict-alternating,29,1,1,FREQ-LRU-REPAIR,88df8f7f4252db553d134a68a526fdf4d75a6e75b7b4030550c84593c74e3c42,60,1,1,0,67108864,207303614,207302953,661,3364268,7429293,3364268,7429293,661,661,960,960,60,0,0,0,0,0,0,0,0,0,0,0,0,25284,0.277947
development,syn-grid-224x224-v1,68ea3f6fb3351e026b850d631b3f5618a4dca8c80ba8d3ce5055543b14d04e23,uniform,50,strict-alternating,29,1,2,ADES,88df8f7f4252db553d134a68a526fdf4d75a6e75b7b4030550c84593c74e3c42,60,1,1,0,67108864,203990954,203990232,722,3255196,6999553,3255196,6999553,722,722,960,960,60,0,0,0,0,0,0,0,0,0,0,0,0,25332,0.274528
development,syn-grid-224x224-v1,68ea3f6fb3351e026b850d631b3f5618a4dca8c80ba8d3ce5055543b14d04e23,uniform,50,strict-alternating,29,1,3,ADES-V2,88df8f7f4252db553d134a68a526fdf4d75a6e75b7b4030550c84593c74e3c42,60,1,1,0,67108864,189474921,189474300,621,3085038,6797536,3085038,6797536,621,621,1856,1856,60,0,0,0,0,0,0,0,0,0,0,0,0,25752,0.260472
development,syn-grid-224x224-v1,68ea3f6fb3351e026b850d631b3f5618a4dca8c80ba8d3ce5055543b14d04e23,uniform,50,strict-alternating,29,1,4,COLD,88df8f7f4252db553d134a68a526fdf4d75a6e75b7b4030550c84593c74e3c42,60,1,1,0,67108864,231042533,231041211,1322,3843061,8292702,3843061,8292702,1322,1322,0,0,60,0,0,0,0,0,0,0,0,0,0,0,0,24956,0.301168
development,syn-grid-224x224-v1,68ea3f6fb3351e026b850d631b3f5618a4dca8c80ba8d3ce5055543b14d04e23,single-hot,5,strict-alternating,7,0,0,COLD,9dfc3ab416db7d5648979feb09e3f82afcd3f727ab57d7cc7153623a3c1e0dbd,60,11,6,5,16777216,197332948,197327127,5821,2712766,6817254,3211765,6817254,441,1131,0,0,60,0,0,0,0,0,0,0,0,0,0,0,0,24932,0.267949
development,syn-grid-224x224-v1,68ea3f6fb3351e026b850d631b3f5618a4dca8c80ba8d3ce5055543b14d04e23,single-hot,5,strict-alternating,7,0,1,B3L,9dfc3ab416db7d5648979feb09e3f82afcd3f727ab57d7cc7153623a3c1e0dbd,60,11,6,5,16777216,39927017,39835670,91347,150,53069,140,581,1091,53069,6623280,6623280,3,57,0,0,0,0,0,0,0,0,0,0,0,30728,0.110893
development,syn-grid-224x224-v1,68ea3f6fb3351e026b850d631b3f5618a4dca8c80ba8d3ce5055543b14d04e23,single-hot,5,strict-alternating,7,0,2,FREQ-LRU-REPAIR,9dfc3ab416db7d5648979feb09e3f82afcd3f727ab57d7cc7153623a3c1e0dbd,60,11,6,5,16777216,31702669,31661202,41467,210,3645453,200,3645453,671,22202,2207884,2207884,6,54,1,0,1,0,0,0,6,4,1,0,0,27552,0.102345
development,syn-grid-224x224-v1,68ea3f6fb3351e026b850d631b3f5618a4dca8c80ba8d3ce5055543b14d04e23,single-hot,5,strict-alternating,7,0,3,ADES,9dfc3ab416db7d5648979feb09e3f82afcd3f727ab57d7cc7153623a3c1e0dbd,60,11,6,5,16777216,25591758,25563082,28676,111,3187029,110,3187029,461,16500,2207884,2207884,6,54,1,0,1,0,0,0,6,4,1,0,0,27228,0.096707
development,syn-grid-224x224-v1,68ea3f6fb3351e026b850d631b3f5618a4dca8c80ba8d3ce5055543b14d04e23,single-hot,5,strict-alternating,7,0,4,ADES-V2,9dfc3ab416db7d5648979feb09e3f82afcd3f727ab57d7cc7153623a3c1e0dbd,60,11,6,5,16777216,22269205,22237636,31569,120,599016,110,599016,531,17914,2209744,2209744,4,56,1,0,1,0,0,0,6,4,1,0,0,27248,0.093120
development,syn-grid-224x224-v1,68ea3f6fb3351e026b850d631b3f5618a4dca8c80ba8d3ce5055543b14d04e23,single-hot,5,strict-alternating,7,1,0,B3L,9dfc3ab416db7d5648979feb09e3f82afcd3f727ab57d7cc7153623a3c1e0dbd,60,11,6,5,16777216,33019092,32941496,77596,140,44844,140,481,802,44844,6623280,6623280,3,57,0,0,0,0,0,0,0,0,0,0,0,31032,0.103754
development,syn-grid-224x224-v1,68ea3f6fb3351e026b850d631b3f5618a4dca8c80ba8d3ce5055543b14d04e23,single-hot,5,strict-alternating,7,1,1,FREQ-LRU-REPAIR,9dfc3ab416db7d5648979feb09e3f82afcd3f727ab57d7cc7153623a3c1e0dbd,60,11,6,5,16777216,35348115,35304424,43691,210,4585415,201,4585415,942,21581,2207884,2207884,6,54,1,0,1,0,0,0,6,4,1,0,0,27244,0.106256
development,syn-grid-224x224-v1,68ea3f6fb3351e026b850d631b3f5618a4dca8c80ba8d3ce5055543b14d04e23,single-hot,5,strict-alternating,7,1,2,ADES,9dfc3ab416db7d5648979feb09e3f82afcd3f727ab57d7cc7153623a3c1e0dbd,60,11,6,5,16777216,35283015,35236578,46437,210,4359023,201,4359023,1022,21981,2207884,2207884,6,54,1,0,1,0,0,0,6,4,1,0,0,27304,0.106902
development,syn-grid-224x224-v1,68ea3f6fb3351e026b850d631b3f5618a4dca8c80ba8d3ce5055543b14d04e23,single-hot,5,strict-alternating,7,1,3,ADES-V2,9dfc3ab416db7d5648979feb09e3f82afcd3f727ab57d7cc7153623a3c1e0dbd,60,11,6,5,16777216,25741920,25701512,40408,210,679206,200,679206,761,21280,2209744,2209744,4,56,1,0,1,0,0,0,6,4,1,0,0,27256,0.097658
development,syn-grid-224x224-v1,68ea3f6fb3351e026b850d631b3f5618a4dca8c80ba8d3ce5055543b14d04e23,single-hot,5,strict-alternating,7,1,4,COLD,9dfc3ab416db7d5648979feb09e3f82afcd3f727ab57d7cc7153623a3c1e0dbd,60,11,6,5,16777216,222313008,222305183,7825,3138338,7456796,3558772,7456796,641,1102,0,0,60,0,0,0,0,0,0,0,0,0,0,0,0,24960,0.293448
development,syn-grid-224x224-v1,68ea3f6fb3351e026b850d631b3f5618a4dca8c80ba8d3ce5055543b14d04e23,single-hot,5,strict-alternating,7,0,0,B3L,9dfc3ab416db7d5648979feb09e3f82afcd3f727ab57d7cc7153623a3c1e0dbd,60,11,6,5,67108864,42638404,42551740,86664,161,45655,151,541,1393,45655,6623280,6623280,3,57,0,0,0,0,0,0,0,0,0,0,0,31036,0.113232
development,syn-grid-224x224-v1,68ea3f6fb3351e026b850d631b3f5618a4dca8c80ba8d3ce5055543b14d04e23,single-hot,5,strict-alternating,7,0,1,FREQ-LRU-REPAIR,9dfc3ab416db7d5648979feb09e3f82afcd3f727ab57d7cc7153623a3c1e0dbd,60,11,6,5,67108864,31714146,31676567,37579,190,4019851,190,4019851,842,21290,2207884,2207884,6,54,1,0,1,0,0,0,6,4,1,0,0,27564,0.102197
development,syn-grid-224x224-v1,68ea3f6fb3351e026b850d631b3f5618a4dca8c80ba8d3ce5055543b14d04e23,single-hot,5,strict-alternating,7,0,2,ADES,9dfc3ab416db7d5648979feb09e3f82afcd3f727ab57d7cc7153623a3c1e0dbd,60,11,6,5,67108864,31710902,31673513,37389,190,3799420,141,3799420,772,20017,2207884,2207884,6,54,1,0,1,0,0,0,6,4,1,0,0,27268,0.102600
development,syn-grid-224x224-v1,68ea3f6fb3351e026b850d631b3f5618a4dca8c80ba8d3ce5055543b14d04e23,single-hot,5,strict-alternating,7,0,3,ADES-V2,9dfc3ab416db7d5648979feb09e3f82afcd3f727ab57d7cc7153623a3c1e0dbd,60,11,6,5,67108864,22537945,22505453,32492,161,636877,121,636877,571,17784,2209744,2209744,4,56,1,0,1,0,0,0,6,4,1,0,0,27640,0.092553
development,syn-grid-224x224-v1,68ea3f6fb3351e026b850d631b3f5618a4dca8c80ba8d3ce5055543b14d04e23,single-hot,5,strict-alternating,7,0,4,COLD,9dfc3ab416db7d5648979feb09e3f82afcd3f727ab57d7cc7153623a3c1e0dbd,60,11,6,5,67108864,185638742,185633342,5400,2590868,6150672,3102151,6150672,441,871,0,0,60,0,0,0,0,0,0,0,0,0,0,0,0,24940,0.255861
development,syn-grid-224x224-v1,68ea3f6fb3351e026b850d631b3f5618a4dca8c80ba8d3ce5055543b14d04e23,single-hot,5,strict-alternating,7,1,0,FREQ-LRU-REPAIR,9dfc3ab416db7d5648979feb09e3f82afcd3f727ab57d7cc7153623a3c1e0dbd,60,11,6,5,67108864,27422816,27392158,30658,120,3491556,111,3491556,561,18354,2207884,2207884,6,54,1,0,1,0,0,0,6,4,1,0,0,27548,0.097541
development,syn-grid-224x224-v1,68ea3f6fb3351e026b850d631b3f5618a4dca8c80ba8d3ce5055543b14d04e23,single-hot,5,strict-alternating,7,1,1,ADES,9dfc3ab416db7d5648979feb09e3f82afcd3f727ab57d7cc7153623a3c1e0dbd,60,11,6,5,67108864,25489292,25461824,27468,111,3104024,110,3104024,611,15238,2207884,2207884,6,54,1,0,1,0,0,0,6,4,1,0,0,27264,0.096472
development,syn-grid-224x224-v1,68ea3f6fb3351e026b850d631b3f5618a4dca8c80ba8d3ce5055543b14d04e23,single-hot,5,strict-alternating,7,1,2,ADES-V2,9dfc3ab416db7d5648979feb09e3f82afcd3f727ab57d7cc7153623a3c1e0dbd,60,11,6,5,67108864,22414051,22380886,33165,131,589288,120,589288,572,18014,2209744,2209744,4,56,1,0,1,0,0,0,6,4,1,0,0,27556,0.092892
development,syn-grid-224x224-v1,68ea3f6fb3351e026b850d631b3f5618a4dca8c80ba8d3ce5055543b14d04e23,single-hot,5,strict-alternating,7,1,3,COLD,9dfc3ab416db7d5648979feb09e3f82afcd3f727ab57d7cc7153623a3c1e0dbd,60,11,6,5,67108864,214226202,214219602,6600,2981506,7404578,3323063,7404578,621,841,0,0,60,0,0,0,0,0,0,0,0,0,0,0,0,25004,0.286222
development,syn-grid-224x224-v1,68ea3f6fb3351e026b850d631b3f5618a4dca8c80ba8d3ce5055543b14d04e23,single-hot,5,strict-alternating,7,1,4,B3L,9dfc3ab416db7d5648979feb09e3f82afcd3f727ab57d7cc7153623a3c1e0dbd,60,11,6,5,67108864,36396006,36303264,92742,150,56966,150,592,741,56966,6623280,6623280,3,57,0,0,0,0,0,0,0,0,0,0,0,30704,0.108470
development,syn-grid-224x224-v1,68ea3f6fb3351e026b850d631b3f5618a4dca8c80ba8d3ce5055543b14d04e23,single-hot,5,strict-alternating,17,0,0,B3L,7ae780a8d8f4824bc9d71dbf0130838a510cfc386471f1b953814352b672cd67,60,11,6,5,16777216,98146907,98098485,48422,251,14082442,180,14082442,752,26159,15454320,15454320,7,53,0,0,0,0,0,0,0,0,0,0,0,39988,0.171471
development,syn-grid-224x224-v1,68ea3f6fb3351e026b850d631b3f5618a4dca8c80ba8d3ce5055543b14d04e23,single-hot,5,strict-alternating,17,0,1,FREQ-LRU-REPAIR,7ae780a8d8f4824bc9d71dbf0130838a510cfc386471f1b953814352b672cd67,60,11,6,5,16777216,50960236,50920803,39433,240,5269420,230,5269420,721,31118,2207948,2207948,10,50,1,0,1,0,0,0,9,0,2,0,0,27552,0.121794
development,syn-grid-224x224-v1,68ea3f6fb3351e026b850d631b3f5618a4dca8c80ba8d3ce5055543b14d04e23,single-hot,5,strict-alternating,17,0,2,ADES,7ae780a8d8f4824bc9d71dbf0130838a510cfc386471f1b953814352b672cd67,60,11,6,5,16777216,52162575,52154368,8207,230,4981313,201,4981313,651,1944,2207948,2207948,12,48,1,0,1,0,0,0,9,0,1,0,0,27308,0.123155
development,syn-grid-224x224-v1,68ea3f6fb3351e026b850d631b3f5618a4dca8c80ba8d3ce5055543b14d04e23,single-hot,5,strict-alternating,17,0,3,ADES-V2,7ae780a8d8f4824bc9d71dbf0130838a510cfc386471f1b953814352b672cd67,60,11,6,5,16777216,44431743,44395515,36228,261,5168882,210,5168882,691,28393,2209744,2209744,8,52,1,0,1,0,0,0,9,0,2,0,0,27544,0.115050
development,syn-grid-224x224-v1,68ea3f6fb3351e026b850d631b3f5618a4dca8c80ba8d3ce5055543b14d04e23,single-hot,5,strict-alternating,17,0,4,COLD,7ae780a8d8f4824bc9d71dbf0130838a510cfc386471f1b953814352b672cd67,60,11,6,5,16777216,152738898,152732433,6465,1862461,5376048,2122084,5376048,532,922,0,0,60,0,0,0,0,0,0,0,0,0,0,0,0,25280,0.223134
development,syn-grid-224x224-v1,68ea3f6fb3351e026b850d631b3f5618a4dca8c80ba8d3ce5055543b14d04e23,single-hot,5,strict-alternating,17,1,0,FREQ-LRU-REPAIR,7ae780a8d8f4824bc9d71dbf0130838a510cfc386471f1b953814352b672cd67,60,11,6,5,16777216,50619402,50583945,35457,260,5162741,200,5162741,541,29004,2207948,2207948,10,50,1,0,1,0,0,0,9,0,2,0,0,27336,0.120994
development,syn-grid-224x224-v1,68ea3f6fb3351e026b850d631b3f5618a4dca8c80ba8d3ce5055543b14d04e23,single-hot,5,strict-alternating,17,1,1,ADES,7ae780a8d8f4824bc9d71dbf0130838a510cfc386471f1b953814352b672cd67,60,11,6,5,16777216,53986651,53978707,7944,230,4819701,200,4819701,611,1783,2207948,2207948,12,48,1,0,1,0,0,0,9,0,1,0,0,27568,0.125969
development,syn-grid-224x224-v1,68ea3f6fb3351e026b850d631b3f5618a4dca8c80ba8d3ce5055543b14d04e23,single-hot,5,strict-alternating,17,1,2,ADES-V2,7ae780a8d8f4824bc9d71dbf0130838a510cfc386471f1b953814352b672cd67,60,11,6,5,16777216,42338717,42305233,33484,201,4780308,181,4780308,541,26660,2209744,2209744,8,52,1,0,1,0,0,0,9,0,2,0,0,27580,0.112719
development,syn-grid-224x224-v1,68ea3f6fb3351e026b850d631b3f5618a4dca8c80ba8d3ce5055543b14d04e23,single-hot,5,strict-alternating,17,1,3,COLD,7ae780a8d8f4824bc9d71dbf0130838a510cfc386471f1b953814352b672cd67,60,11,6,5,16777216,152436448,152430016,6432,1836663,5533952,2193818,5533952,621,791,0,0,60,0,0,0,0,0,0,0,0,0,0,0,0,25000,0.224294
development,syn-grid-224x224-v1,68ea3f6fb3351e026b850d631b3f5618a4dca8c80ba8d3ce5055543b14d04e23,single-hot,5,strict-alternating,17,1,4,B3L,7ae780a8d8f4824bc9d71dbf0130838a510cfc386471f1b953814352b672cd67,60,11,6,5,16777216,95854717,95806769,47948,231,14070059,230,14070059,721,27040,15454320,15454320,7,53,0,0,0,0,0,0,0,0,0,0,0,39676,0.168379
development,syn-grid-224x224-v1,68ea3f6fb3351e026b850d631b3f5618a4dca8c80ba8d3ce5055543b14d04e23,single-hot,5,strict-alternating,17,0,0,FREQ-LRU-REPAIR,7ae780a8d8f4824bc9d71dbf0130838a510cfc386471f1b953814352b672cd67,60,11,6,5,67108864,50693848,50659194,34654,211,5205982,200,5205982,641,27081,2207948,2207948,10,50,1,0,1,0,0,0,9,0,2,0,0,27640,0.121080
development,syn-grid-224x224-v1,68ea3f6fb3351e026b850d631b3f5618a4dca8c80ba8d3ce5055543b14d04e23,single-hot,5,strict-alternating,17,0,1,ADES,7ae780a8d8f4824bc9d71dbf0130838a510cfc386471f1b953814352b672cd67,60,11,6,5,67108864,53514491,53505682,8809,300,5262978,231,5262978,602,2485,2207948,2207948,12,48,1,0,1,0,0,0,9,0,1,0,0,27584,0.124007
development,syn-grid-224x224-v1,68ea3f6fb3351e026b850d631b3f5618a4dca8c80ba8d3ce5055543b14d04e23,single-hot,5,strict-alternating,17,0,2,ADES-V2,7ae780a8d8f4824bc9d71dbf0130838a510cfc386471f1b953814352b672cd67,60,11,6,5,67108864,44383200,44348326,34874,221,5361091,201,5361091,591,27431,2209744,2209744,8,52,1,0,1,0,0,0,9,0,2,0,0,27580,0.115327
development,syn-grid-224x224-v1,68ea3f6fb3351e026b850d631b3f5618a4dca8c80ba8d3ce5055543b14d04e23,single-hot,5,strict-alternating,17,0,3,COLD,7ae780a8d8f4824bc9d71dbf0130838a510cfc386471f1b953814352b672cd67,60,11,6,5,67108864,151213966,151207844,6122,1869974,5280220,2146019,5280220,551,912,0,0,60,0,0,0,0,0,0,0,0,0,0,0,0,25248,0.221105
development,syn-grid-224x224-v1,68ea3f6fb3351e026b850d631b3f5618a4dca8c80ba8d3ce5055543b14d04e23,single-hot,5,strict-alternating,17,0,4,B3L,7ae780a8d8f4824bc9d71dbf0130838a510cfc386471f1b953814352b672cd67,60,11,6,5,67108864,93887196,93843582,43614,161,13611615,150,13611615,532,24085,15454320,15454320,7,53,0,0,0,0,0,0,0,0,0,0,0,39600,0.165453
development,syn-grid-224x224-v1,68ea3f6fb3351e026b850d631b3f5618a4dca8c80ba8d3ce5055543b14d04e23,single-hot,5,strict-alternating,17,1,0,ADES,7ae780a8d8f4824bc9d71dbf0130838a510cfc386471f1b953814352b672cd67,60,11,6,5,67108864,50442612,50435038,7574,190,4638674,160,4638674,601,1854,2207948,2207948,12,48,1,0,1,0,0,0,9,0,1,0,0,27272,0.121538
development,syn-grid-224x224-v1,68ea3f6fb3351e026b850d631b3f5618a4dca8c80ba8d3ce5055543b14d04e23,single-hot,5,strict-alternating,17,1,1,ADES-V2,7ae780a8d8f4824bc9d71dbf0130838a510cfc386471f1b953814352b672cd67,60,11,6,5,67108864,40725886,40693556,32330,210,4794705,190,4794705,661,25548,2209744,2209744,8,52,1,0,1,0,0,0,9,0,2,0,0,27268,0.112460
development,syn-grid-224x224-v1,68ea3f6fb3351e026b850d631b3f5618a4dca8c80ba8d3ce5055543b14d04e23,single-hot,5,strict-alternating,17,1,2,COLD,7ae780a8d8f4824bc9d71dbf0130838a510cfc386471f1b953814352b672cd67,60,11,6,5,67108864,152071669,152066767,4902,1856740,5564319,2168771,5564319,421,692,0,0,60,0,0,0,0,0,0,0,0,0,0,0,0,24968,0.223116
development,syn-grid-224x224-v1,68ea3f6fb3351e026b850d631b3f5618a4dca8c80ba8d3ce5055543b14d04e23,single-hot,5,strict-alternating,17,1,3,B3L,7ae780a8d8f4824bc9d71dbf0130838a510cfc386471f1b953814352b672cd67,60,11,6,5,67108864,105044684,104994638,50046,270,15344625,210,15344625,962,27973,15454320,15454320,7,53,0,0,0,0,0,0,0,0,0,0,0,39580,0.176510
development,syn-grid-224x224-v1,68ea3f6fb3351e026b850d631b3f5618a4dca8c80ba8d3ce5055543b14d04e23,single-hot,5,strict-alternating,17,1,4,FREQ-LRU-REPAIR,7ae780a8d8f4824bc9d71dbf0130838a510cfc386471f1b953814352b672cd67,60,11,6,5,67108864,48946733,48913392,33341,210,5289236,190,5289236,571,26609,2207948,2207948,10,50,1,0,1,0,0,0,9,0,2,0,0,27568,0.120587
development,syn-grid-224x224-v1,68ea3f6fb3351e026b850d631b3f5618a4dca8c80ba8d3ce5055543b14d04e23,single-hot,5,strict-alternating,29,0,0,FREQ-LRU-REPAIR,64e5c3fea96267c5157d309bc705efdc803af217eeebb720194746fbd9a69a03,60,11,6,5,16777216,36978691,36961532,17159,120,5285752,110,5285752,461,9447,2207868,2207868,5,55,1,0,1,0,0,0,9,0,2,0,0,27236,0.108732
development,syn-grid-224x224-v1,68ea3f6fb3351e026b850d631b3f5618a4dca8c80ba8d3ce5055543b14d04e23,single-hot,5,strict-alternating,29,0,1,ADES,64e5c3fea96267c5157d309bc705efdc803af217eeebb720194746fbd9a69a03,60,11,6,5,16777216,38981752,38962927,18825,191,5718479,190,5718479,581,10389,2207868,2207868,5,55,1,0,1,0,0,0,9,0,2,0,0,27580,0.113427
development,syn-grid-224x224-v1,68ea3f6fb3351e026b850d631b3f5618a4dca8c80ba8d3ce5055543b14d04e23,single-hot,5,strict-alternating,29,0,2,ADES-V2,64e5c3fea96267c5157d309bc705efdc803af217eeebb720194746fbd9a69a03,60,11,6,5,16777216,22168146,22148339,19807,210,10940,191,831,551,10940,2209744,2209744,3,57,1,0,1,0,0,0,9,0,2,0,0,27268,0.094189
development,syn-grid-224x224-v1,68ea3f6fb3351e026b850d631b3f5618a4dca8c80ba8d3ce5055543b14d04e23,single-hot,5,strict-alternating,29,0,3,COLD,64e5c3fea96267c5157d309bc705efdc803af217eeebb720194746fbd9a69a03,60,11,6,5,16777216,259692873,259686611,6262,3062398,7889225,4346973,7889225,571,782,0,0,60,0,0,0,0,0,0,0,0,0,0,0,0,25000,0.329767
development,syn-grid-224x224-v1,68ea3f6fb3351e026b850d631b3f5618a4dca8c80ba8d3ce5055543b14d04e23,single-hot,5,strict-alternating,29,0,4,B3L,64e5c3fea96267c5157d309bc705efdc803af217eeebb720194746fbd9a69a03,60,11,6,5,16777216,28276868,28260828,16040,140,3677,131,572,311,7364,4415520,4415520,2,58,0,0,0,0,0,0,0,0,0,0,0,28504,0.099666
development,syn-grid-224x224-v1,68ea3f6fb3351e026b850d631b3f5618a4dca8c80ba8d3ce5055543b14d04e23,single-hot,5,strict-alternating,29,1,0,ADES,64e5c3fea96267c5157d309bc705efdc803af217eeebb720194746fbd9a69a03,60,11,6,5,16777216,40373815,40355952,17863,201,5679306,190,5679306,491,10129,2207868,2207868,5,55,1,0,1,0,0,0,9,0,2,0,0,27576,0.111076
development,syn-grid-224x224-v1,68ea3f6fb3351e026b850d631b3f5618a4dca8c80ba8d3ce5055543b14d04e23,single-hot,5,strict-alternating,29,1,1,ADES-V2,64e5c3fea96267c5157d309bc705efdc803af217eeebb720194746fbd9a69a03,60,11,6,5,16777216,20548087,20532019,16068,111,8806,110,702,450,8806,2209744,2209744,3,57,1,0,1,0,0,0,9,0,2,0,0,27580,0.091078
development,syn-grid-224x224-v1,68ea3f6fb3351e026b850d631b3f5618a4dca8c80ba8d3ce5055543b14d04e23,single-hot,5,strict-alternating,29,1,2,COLD,64e5c3fea96267c5157d309bc705efdc803af217eeebb720194746fbd9a69a03,60,11,6,5,16777216,255570188,255561401,8787,3212748,8280705,4064667,8280705,801,1062,0,0,60,0,0,0,0,0,0,0,0,0,0,0,0,25032,0.326515
development,syn-grid-224x224-v1,68ea3f6fb3351e026b850d631b3f5618a4dca8c80ba8d3ce5055543b14d04e23,single-hot,5,strict-alternating,29,1,3,B3L,64e5c3fea96267c5157d309bc705efdc803af217eeebb720194746fbd9a69a03,60,11,6,5,16777216,26905885,26889917,15968,140,3857,140,411,290,7725,4415520,4415520,2,58,0,0,0,0,0,0,0,0,0,0,0,28856,0.097276
development,syn-grid-224x224-v1,68ea3f6fb3351e026b850d631b3f5618a4dca8c80ba8d3ce5055543b14d04e23,single-hot,5,strict-alternating,29,1,4,FREQ-LRU-REPAIR,64e5c3fea96267c5157d309bc705efdc803af217eeebb720194746fbd9a69a03,60,11,6,5,16777216,37020943,37004482,16461,190,5361643,111,5361643,481,9688,2207868,2207868,5,55,1,0,1,0,0,0,9,0,2,0,0,27272,0.108480
development,syn-grid-224x224-v1,68ea3f6fb3351e026b850d631b3f5618a4dca8c80ba8d3ce5055543b14d04e23,single-hot,5,strict-alternating,29,0,0,ADES,64e5c3fea96267c5157d309bc705efdc803af217eeebb720194746fbd9a69a03,60,11,6,5,67108864,42436316,42416449,19867,200,6402343,200,6402343,531,10429,2207868,2207868,5,55,1,0,1,0,0,0,9,0,2,0,0,27580,0.113282
development,syn-grid-224x224-v1,68ea3f6fb3351e026b850d631b3f5618a4dca8c80ba8d3ce5055543b14d04e23,single-hot,5,strict-alternating,29,0,1,ADES-V2,64e5c3fea96267c5157d309bc705efdc803af217eeebb720194746fbd9a69a03,60,11,6,5,67108864,20790572,20774841,15731,170,8276,111,711,481,8276,2209744,2209744,3,57,1,0,1,0,0,0,9,0,2,0,0,27308,0.091717
development,syn-grid-224x224-v1,68ea3f6fb3351e026b850d631b3f5618a4dca8c80ba8d3ce5055543b14d04e23,single-hot,5,strict-alternating,29,0,2,COLD,64e5c3fea96267c5157d309bc705efdc803af217eeebb720194746fbd9a69a03,60,11,6,5,67108864,232837050,232827180,9870,2789579,7262166,3690760,7262166,782,2394,0,0,60,0,0,0,0,0,0,0,0,0,0,0,0,25276,0.303099
development,syn-grid-224x224-v1,68ea3f6fb3351e026b850d631b3f5618a4dca8c80ba8d3ce5055543b14d04e23,single-hot,5,strict-alternating,29,0,3,B3L,64e5c3fea96267c5157d309bc705efdc803af217eeebb720194746fbd9a69a03,60,11,6,5,67108864,24763538,24749250,14288,130,2825,130,461,261,7254,4415520,4415520,2,58,0,0,0,0,0,0,0,0,0,0,0,28532,0.095987
development,syn-grid-224x224-v1,68ea3f6fb3351e026b850d631b3f5618a4dca8c80ba8d3ce5055543b14d04e23,single-hot,5,strict-alternating,29,0,4,FREQ-LRU-REPAIR,64e5c3fea96267c5157d309bc705efdc803af217eeebb720194746fbd9a69a03,60,11,6,5,67108864,37003911,36986315,17596,200,5614334,121,5614334,471,9999,2207868,2207868,5,55,1,0,1,0,0,0,9,0,2,0,0,27272,0.107276
development,syn-grid-224x224-v1,68ea3f6fb3351e026b850d631b3f5618a4dca8c80ba8d3ce5055543b14d04e23,single-hot,5,strict-alternating,29,1,0,ADES-V2,64e5c3fea96267c5157d309bc705efdc803af217eeebb720194746fbd9a69a03,60,11,6,5,67108864,19506123,19490094,16029,190,8736,180,652,491,8736,2209744,2209744,3,57,1,0,1,0,0,0,9,0,2,0,0,27576,0.090003
development,syn-grid-224x224-v1,68ea3f6fb3351e026b850d631b3f5618a4dca8c80ba8d3ce5055543b14d04e23,single-hot,5,strict-alternating,29,1,1,COLD,64e5c3fea96267c5157d309bc705efdc803af217eeebb720194746fbd9a69a03,60,11,6,5,67108864,218121646,218115904,5742,2680045,6641499,3833846,6641499,490,802,0,0,60,0,0,0,0,0,0,0,0,0,0,0,0,25244,0.287965
development,syn-grid-224x224-v1,68ea3f6fb3351e026b850d631b3f5618a4dca8c80ba8d3ce5055543b14d04e23,single-hot,5,strict-alternating,29,1,2,B3L,64e5c3fea96267c5157d309bc705efdc803af217eeebb720194746fbd9a69a03,60,11,6,5,67108864,25363466,25347236,16230,141,2945,140,441,291,8476,4415520,4415520,2,58,0,0,0,0,0,0,0,0,0,0,0,28860,0.095136
development,syn-grid-224x224-v1,68ea3f6fb3351e026b850d631b3f5618a4dca8c80ba8d3ce5055543b14d04e23,single-hot,5,strict-alternating,29,1,3,FREQ-LRU-REPAIR,64e5c3fea96267c5157d309bc705efdc803af217eeebb720194746fbd9a69a03,60,11,6,5,67108864,42358606,42340272,18334,190,5592864,111,5592864,471,10700,2207868,2207868,5,55,1,0,1,0,0,0,9,0,2,0,0,27268,0.113697
development,syn-grid-224x224-v1,68ea3f6fb3351e026b850d631b3f5618a4dca8c80ba8d3ce5055543b14d04e23,single-hot,5,strict-alternating,29,1,4,ADES,64e5c3fea96267c5157d309bc705efdc803af217eeebb720194746fbd9a69a03,60,11,6,5,67108864,37076597,37058833,17764,191,5495434,120,5495434,501,10489,2207868,2207868,5,55,1,0,1,0,0,0,9,0,2,0,0,27636,0.107504
development,syn-grid-224x224-v1,68ea3f6fb3351e026b850d631b3f5618a4dca8c80ba8d3ce5055543b14d04e23,single-hot,50,strict-alternating,7,0,0,ADES,6bd536da51d4f2a6ae4a3c0236b00f8cd94644f0dd1cf58bb8442ace09fc0617,60,1,1,0,16777216,28350472,28349300,1172,121,3506115,121,3506115,1172,1172,2207884,2207884,6,54,1,0,1,0,0,0,1,0,0,0,0,27256,0.100227
development,syn-grid-224x224-v1,68ea3f6fb3351e026b850d631b3f5618a4dca8c80ba8d3ce5055543b14d04e23,single-hot,50,strict-alternating,7,0,1,ADES-V2,6bd536da51d4f2a6ae4a3c0236b00f8cd94644f0dd1cf58bb8442ace09fc0617,60,1,1,0,16777216,23081034,23079852,1182,140,634202,130,634202,1182,1182,2209744,2209744,4,56,1,0,1,0,0,0,1,0,0,0,0,27576,0.093370
development,syn-grid-224x224-v1,68ea3f6fb3351e026b850d631b3f5618a4dca8c80ba8d3ce5055543b14d04e23,single-hot,50,strict-alternating,7,0,2,COLD,6bd536da51d4f2a6ae4a3c0236b00f8cd94644f0dd1cf58bb8442ace09fc0617,60,1,1,0,16777216,195262837,195261936,901,2817061,6814101,2817061,6814101,901,901,0,0,60,0,0,0,0,0,0,0,0,0,0,0,0,24952,0.266144
development,syn-grid-224x224-v1,68ea3f6fb3351e026b850d631b3f5618a4dca8c80ba8d3ce5055543b14d04e23,single-hot,50,strict-alternating,7,0,3,B3L,6bd536da51d4f2a6ae4a3c0236b00f8cd94644f0dd1cf58bb8442ace09fc0617,60,1,1,0,16777216,36267190,36266929,261,130,561,130,561,261,261,6623280,6623280,3,57,0,0,0,0,0,0,0,0,0,0,0,30788,0.107692
development,syn-grid-224x224-v1,68ea3f6fb3351e026b850d631b3f5618a4dca8c80ba8d3ce5055543b14d04e23,single-hot,50,strict-alternating,7,0,4,FREQ-LRU-REPAIR,6bd536da51d4f2a6ae4a3c0236b00f8cd94644f0dd1cf58bb8442ace09fc0617,60,1,1,0,16777216,27904120,27903018,1102,111,3376884,110,3376884,1102,1102,2207884,2207884,6,54,1,0,1,0,0,0,1,0,0,0,0,27576,0.097885
development,syn-grid-224x224-v1,68ea3f6fb3351e026b850d631b3f5618a4dca8c80ba8d3ce5055543b14d04e23,single-hot,50,strict-alternating,7,1,0,ADES-V2,6bd536da51d4f2a6ae4a3c0236b00f8cd94644f0dd1cf58bb8442ace09fc0617,60,1,1,0,16777216,24719650,24718648,1002,200,673215,200,673215,1002,1002,2209744,2209744,4,56,1,0,1,0,0,0,1,0,0,0,0,27296,0.095912
development,syn-grid-224x224-v1,68ea3f6fb3351e026b850d631b3f5618a4dca8c80ba8d3ce5055543b14d04e23,single-hot,50,strict-alternating,7,1,1,COLD,6bd536da51d4f2a6ae4a3c0236b00f8cd94644f0dd1cf58bb8442ace09fc0617,60,1,1,0,16777216,197309130,197308059,1071,2969866,7071130,2969866,7071130,1071,1071,0,0,60,0,0,0,0,0,0,0,0,0,0,0,0,25268,0.267523
development,syn-grid-224x224-v1,68ea3f6fb3351e026b850d631b3f5618a4dca8c80ba8d3ce5055543b14d04e23,single-hot,50,strict-alternating,7,1,2,B3L,6bd536da51d4f2a6ae4a3c0236b00f8cd94644f0dd1cf58bb8442ace09fc0617,60,1,1,0,16777216,43812741,43812220,521,150,691,150,691,521,521,6623280,6623280,3,57,0,0,0,0,0,0,0,0,0,0,0,30724,0.114728
development,syn-grid-224x224-v1,68ea3f6fb3351e026b850d631b3f5618a4dca8c80ba8d3ce5055543b14d04e23,single-hot,50,strict-alternating,7,1,3,FREQ-LRU-REPAIR,6bd536da51d4f2a6ae4a3c0236b00f8cd94644f0dd1cf58bb8442ace09fc0617,60,1,1,0,16777216,31704773,31703831,942,181,3972825,181,3972825,942,942,2207884,2207884,6,54,1,0,1,0,0,0,1,0,0,0,0,27636,0.102736
development,syn-grid-224x224-v1,68ea3f6fb3351e026b850d631b3f5618a4dca8c80ba8d3ce5055543b14d04e23,single-hot,50,strict-alternating,7,1,4,ADES,6bd536da51d4f2a6ae4a3c0236b00f8cd94644f0dd1cf58bb8442ace09fc0617,60,1,1,0,16777216,32121169,32120287,882,191,3771540,190,3771540,882,882,2207884,2207884,6,54,1,0,1,0,0,0,1,0,0,0,0,27548,0.102535
development,syn-grid-224x224-v1,68ea3f6fb3351e026b850d631b3f5618a4dca8c80ba8d3ce5055543b14d04e23,single-hot,50,strict-alternating,7,0,0,ADES-V2,6bd536da51d4f2a6ae4a3c0236b00f8cd94644f0dd1cf58bb8442ace09fc0617,60,1,1,0,67108864,24705395,24704022,1373,190,679747,190,679747,1373,1373,2209744,2209744,4,56,1,0,1,0,0,0,1,0,0,0,0,27268,0.096029
development,syn-grid-224x224-v1,68ea3f6fb3351e026b850d631b3f5618a4dca8c80ba8d3ce5055543b14d04e23,single-hot,50,strict-alternating,7,0,1,COLD,6bd536da51d4f2a6ae4a3c0236b00f8cd94644f0dd1cf58bb8442ace09fc0617,60,1,1,0,67108864,190853611,190852770,841,2868076,6660264,2868076,6660264,841,841,0,0,60,0,0,0,0,0,0,0,0,0,0,0,0,25268,0.260723
development,syn-grid-224x224-v1,68ea3f6fb3351e026b850d631b3f5618a4dca8c80ba8d3ce5055543b14d04e23,single-hot,50,strict-alternating,7,0,2,B3L,6bd536da51d4f2a6ae4a3c0236b00f8cd94644f0dd1cf58bb8442ace09fc0617,60,1,1,0,67108864,44823166,44822785,381,150,591,150,591,381,381,6623280,6623280,3,57,0,0,0,0,0,0,0,0,0,0,0,30724,0.116804
development,syn-grid-224x224-v1,68ea3f6fb3351e026b850d631b3f5618a4dca8c80ba8d3ce5055543b14d04e23,single-hot,50,strict-alternating,7,0,3,FREQ-LRU-REPAIR,6bd536da51d4f2a6ae4a3c0236b00f8cd94644f0dd1cf58bb8442ace09fc0617,60,1,1,0,67108864,33295803,33294570,1233,200,4087138,200,4087138,1233,1233,2207884,2207884,6,54,1,0,1,0,0,0,1,0,0,0,0,27328,0.104414
development,syn-grid-224x224-v1,68ea3f6fb3351e026b850d631b3f5618a4dca8c80ba8d3ce5055543b14d04e23,single-hot,50,strict-alternating,7,0,4,ADES,6bd536da51d4f2a6ae4a3c0236b00f8cd94644f0dd1cf58bb8442ace09fc0617,60,1,1,0,67108864,31488031,31486538,1493,200,3752604,200,3752604,1493,1493,2207884,2207884,6,54,1,0,1,0,0,0,1,0,0,0,0,27248,0.102535
development,syn-grid-224x224-v1,68ea3f6fb3351e026b850d631b3f5618a4dca8c80ba8d3ce5055543b14d04e23,single-hot,50,strict-alternating,7,1,0,COLD,6bd536da51d4f2a6ae4a3c0236b00f8cd94644f0dd1cf58bb8442ace09fc0617,60,1,1,0,67108864,241998694,241997563,1131,3704314,8304779,3704314,8304779,1131,1131,0,0,60,0,0,0,0,0,0,0,0,0,0,0,0,25256,0.312987
development,syn-grid-224x224-v1,68ea3f6fb3351e026b850d631b3f5618a4dca8c80ba8d3ce5055543b14d04e23,single-hot,50,strict-alternating,7,1,1,B3L,6bd536da51d4f2a6ae4a3c0236b00f8cd94644f0dd1cf58bb8442ace09fc0617,60,1,1,0,67108864,45337351,45336901,450,151,721,150,721,450,450,6623280,6623280,3,57,0,0,0,0,0,0,0,0,0,0,0,30708,0.117976
development,syn-grid-224x224-v1,68ea3f6fb3351e026b850d631b3f5618a4dca8c80ba8d3ce5055543b14d04e23,single-hot,50,strict-alternating,7,1,2,FREQ-LRU-REPAIR,6bd536da51d4f2a6ae4a3c0236b00f8cd94644f0dd1cf58bb8442ace09fc0617,60,1,1,0,67108864,31785046,31784044,1002,180,4067602,180,4067602,1002,1002,2207884,2207884,6,54,1,0,1,0,0,0,1,0,0,0,0,27576,0.102728
development,syn-grid-224x224-v1,68ea3f6fb3351e026b850d631b3f5618a4dca8c80ba8d3ce5055543b14d04e23,single-hot,50,strict-alternating,7,1,3,ADES,6bd536da51d4f2a6ae4a3c0236b00f8cd94644f0dd1cf58bb8442ace09fc0617,60,1,1,0,67108864,30073765,30072603,1162,200,3423261,191,3423261,1162,1162,2207884,2207884,6,54,1,0,1,0,0,0,1,0,0,0,0,27568,0.100544
development,syn-grid-224x224-v1,68ea3f6fb3351e026b850d631b3f5618a4dca8c80ba8d3ce5055543b14d04e23,single-hot,50,strict-alternating,7,1,4,ADES-V2,6bd536da51d4f2a6ae4a3c0236b00f8cd94644f0dd1cf58bb8442ace09fc0617,60,1,1,0,67108864,26291038,26289876,1162,200,685968,200,685968,1162,1162,2209744,2209744,4,56,1,0,1,0,0,0,1,0,0,0,0,28068,0.097796
development,syn-grid-224x224-v1,68ea3f6fb3351e026b850d631b3f5618a4dca8c80ba8d3ce5055543b14d04e23,single-hot,50,strict-alternating,17,0,0,ADES-V2,be0c03d6724efbf2a81309a75ed477b8bb90d4c26737f05982ef7f101813acd8,60,1,1,0,16777216,52592762,52591600,1162,280,5862274,280,5862274,1162,1162,2209744,2209744,9,51,1,0,1,0,0,0,1,0,0,0,0,27576,0.124382
development,syn-grid-224x224-v1,68ea3f6fb3351e026b850d631b3f5618a4dca8c80ba8d3ce5055543b14d04e23,single-hot,50,strict-alternating,17,0,1,COLD,be0c03d6724efbf2a81309a75ed477b8bb90d4c26737f05982ef7f101813acd8,60,1,1,0,16777216,158448604,158447642,962,1967898,5733624,1967898,5733624,962,962,0,0,60,0,0,0,0,0,0,0,0,0,0,0,0,25116,0.229559
development,syn-grid-224x224-v1,68ea3f6fb3351e026b850d631b3f5618a4dca8c80ba8d3ce5055543b14d04e23,single-hot,50,strict-alternating,17,0,2,B3L,be0c03d6724efbf2a81309a75ed477b8bb90d4c26737f05982ef7f101813acd8,60,1,1,0,16777216,117322533,117321702,831,250,14755596,241,14755596,831,831,15454320,15454320,8,52,0,1,0,0,0,0,0,0,0,0,0,41464,0.190393
development,syn-grid-224x224-v1,68ea3f6fb3351e026b850d631b3f5618a4dca8c80ba8d3ce5055543b14d04e23,single-hot,50,strict-alternating,17,0,3,FREQ-LRU-REPAIR,be0c03d6724efbf2a81309a75ed477b8bb90d4c26737f05982ef7f101813acd8,60,1,1,0,16777216,56757478,56756216,1262,300,5288825,291,5288825,1262,1262,2207964,2207964,11,49,1,0,1,0,0,0,1,0,0,0,0,27568,0.127208
development,syn-grid-224x224-v1,68ea3f6fb3351e026b850d631b3f5618a4dca8c80ba8d3ce5055543b14d04e23,single-hot,50,strict-alternating,17,0,4,ADES,be0c03d6724efbf2a81309a75ed477b8bb90d4c26737f05982ef7f101813acd8,60,1,1,0,16777216,63303455,63302293,1162,311,5455226,311,5455226,1162,1162,2207964,2207964,14,46,1,0,1,0,0,0,1,0,0,0,0,27576,0.133927
development,syn-grid-224x224-v1,68ea3f6fb3351e026b850d631b3f5618a4dca8c80ba8d3ce5055543b14d04e23,single-hot,50,strict-alternating,17,1,0,COLD,be0c03d6724efbf2a81309a75ed477b8bb90d4c26737f05982ef7f101813acd8,60,1,1,0,16777216,155643848,155642476,1372,1967897,5692007,1967897,5692007,1372,1372,0,0,60,0,0,0,0,0,0,0,0,0,0,0,0,25060,0.226484
development,syn-grid-224x224-v1,68ea3f6fb3351e026b850d631b3f5618a4dca8c80ba8d3ce5055543b14d04e23,single-hot,50,strict-alternating,17,1,1,B3L,be0c03d6724efbf2a81309a75ed477b8bb90d4c26737f05982ef7f101813acd8,60,1,1,0,16777216,113005958,113005357,601,250,14617950,241,14617950,601,601,15454320,15454320,8,52,0,1,0,0,0,0,0,0,0,0,0,41448,0.187551
development,syn-grid-224x224-v1,68ea3f6fb3351e026b850d631b3f5618a4dca8c80ba8d3ce5055543b14d04e23,single-hot,50,strict-alternating,17,1,2,FREQ-LRU-REPAIR,be0c03d6724efbf2a81309a75ed477b8bb90d4c26737f05982ef7f101813acd8,60,1,1,0,16777216,55578228,55576655,1573,230,5627667,221,5627667,1573,1573,2207964,2207964,11,49,1,0,1,0,0,0,1,0,0,0,0,27636,0.126444
development,syn-grid-224x224-v1,68ea3f6fb3351e026b850d631b3f5618a4dca8c80ba8d3ce5055543b14d04e23,single-hot,50,strict-alternating,17,1,3,ADES,be0c03d6724efbf2a81309a75ed477b8bb90d4c26737f05982ef7f101813acd8,60,1,1,0,16777216,61500187,61498864,1323,310,5296400,301,5296400,1323,1323,2207964,2207964,14,46,1,0,1,0,0,0,1,0,0,0,0,27268,0.133006
development,syn-grid-224x224-v1,68ea3f6fb3351e026b850d631b3f5618a4dca8c80ba8d3ce5055543b14d04e23,single-hot,50,strict-alternating,17,1,4,ADES-V2,be0c03d6724efbf2a81309a75ed477b8bb90d4c26737f05982ef7f101813acd8,60,1,1,0,16777216,53336193,53334780,1413,290,5520367,271,5520367,1413,1413,2209744,2209744,9,51,1,0,1,0,0,0,1,0,0,0,0,27256,0.125233
development,syn-grid-224x224-v1,68ea3f6fb3351e026b850d631b3f5618a4dca8c80ba8d3ce5055543b14d04e23,single-hot,50,strict-alternating,17,0,0,COLD,be0c03d6724efbf2a81309a75ed477b8bb90d4c26737f05982ef7f101813acd8,60,1,1,0,67108864,168597788,168596696,1092,2093050,6203270,2093050,6203270,1092,1092,0,0,60,0,0,0,0,0,0,0,0,0,0,0,0,25116,0.239969
development,syn-grid-224x224-v1,68ea3f6fb3351e026b850d631b3f5618a4dca8c80ba8d3ce5055543b14d04e23,single-hot,50,strict-alternating,17,0,1,B3L,be0c03d6724efbf2a81309a75ed477b8bb90d4c26737f05982ef7f101813acd8,60,1,1,0,67108864,107109181,107108349,832,250,13882149,240,13882149,832,832,17662080,17662080,8,52,0,0,0,0,0,0,0,0,0,0,0,41440,0.179534
development,syn-grid-224x224-v1,68ea3f6fb3351e026b850d631b3f5618a4dca8c80ba8d3ce5055543b14d04e23,single-hot,50,strict-alternating,17,0,2,FREQ-LRU-REPAIR,be0c03d6724efbf2a81309a75ed477b8bb90d4c26737f05982ef7f101813acd8,60,1,1,0,67108864,54865571,54864278,1293,220,5688290,211,5688290,1293,1293,2207964,2207964,11,49,1,0,1,0,0,0,1,0,0,0,0,27244,0.126320
development,syn-grid-224x224-v1,68ea3f6fb3351e026b850d631b3f5618a4dca8c80ba8d3ce5055543b14d04e23,single-hot,50,strict-alternating,17,0,3,ADES,be0c03d6724efbf2a81309a75ed477b8bb90d4c26737f05982ef7f101813acd8,60,1,1,0,67108864,56629919,56628616,1303,231,5244342,221,5244342,1303,1303,2207964,2207964,14,46,1,0,1,0,0,0,1,0,0,0,0,27548,0.127764
development,syn-grid-224x224-v1,68ea3f6fb3351e026b850d631b3f5618a4dca8c80ba8d3ce5055543b14d04e23,single-hot,50,strict-alternating,17,0,4,ADES-V2,be0c03d6724efbf2a81309a75ed477b8bb90d4c26737f05982ef7f101813acd8,60,1,1,0,67108864,48297049,48295837,1212,210,5200962,210,5200962,1212,1212,2209744,2209744,9,51,1,0,1,0,0,0,1,0,0,0,0,27260,0.120627
development,syn-grid-224x224-v1,68ea3f6fb3351e026b850d631b3f5618a4dca8c80ba8d3ce5055543b14d04e23,single-hot,50,strict-alternating,17,1,0,B3L,be0c03d6724efbf2a81309a75ed477b8bb90d4c26737f05982ef7f101813acd8,60,1,1,0,67108864,108906828,108906296,532,250,13994659,250,13994659,532,532,17662080,17662080,8,52,0,0,0,0,0,0,0,0,0,0,0,41432,0.181008
development,syn-grid-224x224-v1,68ea3f6fb3351e026b850d631b3f5618a4dca8c80ba8d3ce5055543b14d04e23,single-hot,50,strict-alternating,17,1,1,FREQ-LRU-REPAIR,be0c03d6724efbf2a81309a75ed477b8bb90d4c26737f05982ef7f101813acd8,60,1,1,0,67108864,59866184,59864451,1733,311,5884565,301,5884565,1733,1733,2207964,2207964,11,49,1,0,1,0,0,0,1,0,0,0,0,27332,0.131976
development,syn-grid-224x224-v1,68ea3f6fb3351e026b850d631b3f5618a4dca8c80ba8d3ce5055543b14d04e23,single-hot,50,strict-alternating,17,1,2,ADES,be0c03d6724efbf2a81309a75ed477b8bb90d4c26737f05982ef7f101813acd8,60,1,1,0,67108864,58780989,58779706,1283,311,5455887,301,5455887,1283,1283,2207964,2207964,14,46,1,0,1,0,0,0,1,0,0,0,0,27292,0.129671
development,syn-grid-224x224-v1,68ea3f6fb3351e026b850d631b3f5618a4dca8c80ba8d3ce5055543b14d04e23,single-hot,50,strict-alternating,17,1,3,ADES-V2,be0c03d6724efbf2a81309a75ed477b8bb90d4c26737f05982ef7f101813acd8,60,1,1,0,67108864,52643732,52642440,1292,240,5890086,230,5890086,1292,1292,2209744,2209744,9,51,1,0,1,0,0,0,1,0,0,0,0,27208,0.123958
development,syn-grid-224x224-v1,68ea3f6fb3351e026b850d631b3f5618a4dca8c80ba8d3ce5055543b14d04e23,single-hot,50,strict-alternating,17,1,4,COLD,be0c03d6724efbf2a81309a75ed477b8bb90d4c26737f05982ef7f101813acd8,60,1,1,0,67108864,158245655,158244774,881,1981452,5756868,1981452,5756868,881,881,0,0,60,0,0,0,0,0,0,0,0,0,0,0,0,25400,0.228327
development,syn-grid-224x224-v1,68ea3f6fb3351e026b850d631b3f5618a4dca8c80ba8d3ce5055543b14d04e23,single-hot,50,strict-alternating,29,0,0,COLD,86c3ddc0e86b9b3e3c0587b402b134de6c08f581d74c9d7b19cf855b0a041574,60,1,1,0,16777216,258883399,258882457,942,3982201,8480784,3982201,8480784,942,942,0,0,60,0,0,0,0,0,0,0,0,0,0,0,0,24936,0.334021
development,syn-grid-224x224-v1,68ea3f6fb3351e026b850d631b3f5618a4dca8c80ba8d3ce5055543b14d04e23,single-hot,50,strict-alternating,29,0,1,B3L,86c3ddc0e86b9b3e3c0587b402b134de6c08f581d74c9d7b19cf855b0a041574,60,1,1,0,16777216,28897376,28893268,4108,141,741,140,371,4108,4108,4415520,4415520,2,58,0,0,0,0,0,0,0,0,0,0,0,28852,0.100420
development,syn-grid-224x224-v1,68ea3f6fb3351e026b850d631b3f5618a4dca8c80ba8d3ce5055543b14d04e23,single-hot,50,strict-alternating,29,0,2,FREQ-LRU-REPAIR,86c3ddc0e86b9b3e3c0587b402b134de6c08f581d74c9d7b19cf855b0a041574,60,1,1,0,16777216,37587144,37586202,942,130,5702256,111,5702256,942,942,2207868,2207868,5,55,1,0,1,0,0,0,1,0,0,0,0,27572,0.108002
development,syn-grid-224x224-v1,68ea3f6fb3351e026b850d631b3f5618a4dca8c80ba8d3ce5055543b14d04e23,single-hot,50,strict-alternating,29,0,3,ADES,86c3ddc0e86b9b3e3c0587b402b134de6c08f581d74c9d7b19cf855b0a041574,60,1,1,0,16777216,39160720,39159177,1543,190,6050495,190,6050495,1543,1543,2207868,2207868,5,55,1,0,1,0,0,0,1,0,0,0,0,27544,0.109695
development,syn-grid-224x224-v1,68ea3f6fb3351e026b850d631b3f5618a4dca8c80ba8d3ce5055543b14d04e23,single-hot,50,strict-alternating,29,0,4,ADES-V2,86c3ddc0e86b9b3e3c0587b402b134de6c08f581d74c9d7b19cf855b0a041574,60,1,1,0,16777216,20981186,20979603,1583,111,1583,111,772,1583,1583,2209744,2209744,3,57,1,0,1,0,0,0,1,0,0,0,0,27248,0.092734
development,syn-grid-224x224-v1,68ea3f6fb3351e026b850d631b3f5618a4dca8c80ba8d3ce5055543b14d04e23,single-hot,50,strict-alternating,29,1,0,B3L,86c3ddc0e86b9b3e3c0587b402b134de6c08f581d74c9d7b19cf855b0a041574,60,1,1,0,16777216,27082672,27079146,3526,150,632,150,431,3526,3526,4415520,4415520,2,58,0,0,0,0,0,0,0,0,0,0,0,28524,0.098814
development,syn-grid-224x224-v1,68ea3f6fb3351e026b850d631b3f5618a4dca8c80ba8d3ce5055543b14d04e23,single-hot,50,strict-alternating,29,1,1,FREQ-LRU-REPAIR,86c3ddc0e86b9b3e3c0587b402b134de6c08f581d74c9d7b19cf855b0a041574,60,1,1,0,16777216,38304907,38303945,962,180,5550804,180,5550804,962,962,2207868,2207868,5,55,1,0,1,0,0,0,1,0,0,0,0,27568,0.108763
development,syn-grid-224x224-v1,68ea3f6fb3351e026b850d631b3f5618a4dca8c80ba8d3ce5055543b14d04e23,single-hot,50,strict-alternating,29,1,2,ADES,86c3ddc0e86b9b3e3c0587b402b134de6c08f581d74c9d7b19cf855b0a041574,60,1,1,0,16777216,39871311,39869859,1452,130,5668073,111,5668073,1452,1452,2207868,2207868,5,55,1,0,1,0,0,0,1,0,0,0,0,27548,0.110605
development,syn-grid-224x224-v1,68ea3f6fb3351e026b850d631b3f5618a4dca8c80ba8d3ce5055543b14d04e23,single-hot,50,strict-alternating,29,1,3,ADES-V2,86c3ddc0e86b9b3e3c0587b402b134de6c08f581d74c9d7b19cf855b0a041574,60,1,1,0,16777216,21748478,21747116,1362,111,1362,110,661,1362,1362,2209744,2209744,3,57,1,0,1,0,0,0,1,0,0,0,0,27576,0.092375
development,syn-grid-224x224-v1,68ea3f6fb3351e026b850d631b3f5618a4dca8c80ba8d3ce5055543b14d04e23,single-hot,50,strict-alternating,29,1,4,COLD,86c3ddc0e86b9b3e3c0587b402b134de6c08f581d74c9d7b19cf855b0a041574,60,1,1,0,16777216,257177442,257176761,681,3827201,8238262,3827201,8238262,681,681,0,0,60,0,0,0,0,0,0,0,0,0,0,0,0,24968,0.327481
development,syn-grid-224x224-v1,68ea3f6fb3351e026b850d631b3f5618a4dca8c80ba8d3ce5055543b14d04e23,single-hot,50,strict-alternating,29,0,0,B3L,86c3ddc0e86b9b3e3c0587b402b134de6c08f581d74c9d7b19cf855b0a041574,60,1,1,0,67108864,25838864,25835328,3536,140,641,140,290,3536,3536,4415520,4415520,2,58,0,0,0,0,0,0,0,0,0,0,0,28848,0.096366
development,syn-grid-224x224-v1,68ea3f6fb3351e026b850d631b3f5618a4dca8c80ba8d3ce5055543b14d04e23,single-hot,50,strict-alternating,29,0,1,FREQ-LRU-REPAIR,86c3ddc0e86b9b3e3c0587b402b134de6c08f581d74c9d7b19cf855b0a041574,60,1,1,0,67108864,42898411,42897369,1042,180,5915063,180,5915063,1042,1042,2207868,2207868,5,55,1,0,1,0,0,0,1,0,0,0,0,27260,0.114179
development,syn-grid-224x224-v1,68ea3f6fb3351e026b850d631b3f5618a4dca8c80ba8d3ce5055543b14d04e23,single-hot,50,strict-alternating,29,0,2,ADES,86c3ddc0e86b9b3e3c0587b402b134de6c08f581d74c9d7b19cf855b0a041574,60,1,1,0,67108864,39302316,39301284,1032,110,5239023,110,5239023,1032,1032,2207868,2207868,5,55,1,0,1,0,0,0,1,0,0,0,0,27576,0.109842
development,syn-grid-224x224-v1,68ea3f6fb3351e026b850d631b3f5618a4dca8c80ba8d3ce5055543b14d04e23,single-hot,50,strict-alternating,29,0,3,ADES-V2,86c3ddc0e86b9b3e3c0587b402b134de6c08f581d74c9d7b19cf855b0a041574,60,1,1,0,67108864,19677415,19676243,1172,110,1172,110,622,1172,1172,2209744,2209744,3,57,1,0,1,0,0,0,1,0,0,0,0,27236,0.089825
development,syn-grid-224x224-v1,68ea3f6fb3351e026b850d631b3f5618a4dca8c80ba8d3ce5055543b14d04e23,single-hot,50,strict-alternating,29,0,4,COLD,86c3ddc0e86b9b3e3c0587b402b134de6c08f581d74c9d7b19cf855b0a041574,60,1,1,0,67108864,253629722,253628920,802,3695987,7868443,3695987,7868443,802,802,0,0,60,0,0,0,0,0,0,0,0,0,0,0,0,24964,0.324121
development,syn-grid-224x224-v1,68ea3f6fb3351e026b850d631b3f5618a4dca8c80ba8d3ce5055543b14d04e23,single-hot,50,strict-alternating,29,1,0,FREQ-LRU-REPAIR,86c3ddc0e86b9b3e3c0587b402b134de6c08f581d74c9d7b19cf855b0a041574,60,1,1,0,67108864,35386547,35385656,891,110,5018171,110,5018171,891,891,2207868,2207868,5,55,1,0,1,0,0,0,1,0,0,0,0,27256,0.106962
development,syn-grid-224x224-v1,68ea3f6fb3351e026b850d631b3f5618a4dca8c80ba8d3ce5055543b14d04e23,single-hot,50,strict-alternating,29,1,1,ADES,86c3ddc0e86b9b3e3c0587b402b134de6c08f581d74c9d7b19cf855b0a041574,60,1,1,0,67108864,36353164,36352242,922,110,5424438,110,5424438,922,922,2207868,2207868,5,55,1,0,1,0,0,0,1,0,0,0,0,27264,0.108274
development,syn-grid-224x224-v1,68ea3f6fb3351e026b850d631b3f5618a4dca8c80ba8d3ce5055543b14d04e23,single-hot,50,strict-alternating,29,1,2,ADES-V2,86c3ddc0e86b9b3e3c0587b402b134de6c08f581d74c9d7b19cf855b0a041574,60,1,1,0,67108864,20048623,20047290,1333,110,1333,110,501,1333,1333,2209744,2209744,3,57,1,0,1,0,0,0,1,0,0,0,0,27264,0.090808
development,syn-grid-224x224-v1,68ea3f6fb3351e026b850d631b3f5618a4dca8c80ba8d3ce5055543b14d04e23,single-hot,50,strict-alternating,29,1,3,COLD,86c3ddc0e86b9b3e3c0587b402b134de6c08f581d74c9d7b19cf855b0a041574,60,1,1,0,67108864,237322853,237322022,831,3640374,7486070,3640374,7486070,831,831,0,0,60,0,0,0,0,0,0,0,0,0,0,0,0,25008,0.308338
development,syn-grid-224x224-v1,68ea3f6fb3351e026b850d631b3f5618a4dca8c80ba8d3ce5055543b14d04e23,single-hot,50,strict-alternating,29,1,4,B3L,86c3ddc0e86b9b3e3c0587b402b134de6c08f581d74c9d7b19cf855b0a041574,60,1,1,0,67108864,27144870,27141854,3016,141,492,141,281,3016,3016,4415520,4415520,2,58,0,0,0,0,0,0,0,0,0,0,0,28528,0.098475
development,syn-grid-224x224-v1,68ea3f6fb3351e026b850d631b3f5618a4dca8c80ba8d3ce5055543b14d04e23,churn,5,strict-alternating,7,0,0,B3L,3157b2b3755eaa9f0e0e06beb51f1832351a42f73904479be44a033a66033215,60,11,6,5,16777216,55962236,54967219,995017,161,11999210,160,11999210,612,927789,8831040,8831040,4,56,0,0,0,0,0,0,0,0,0,0,0,32892,0.128939
development,syn-grid-224x224-v1,68ea3f6fb3351e026b850d631b3f5618a4dca8c80ba8d3ce5055543b14d04e23,churn,5,strict-alternating,7,0,1,FREQ-LRU-REPAIR,3157b2b3755eaa9f0e0e06beb51f1832351a42f73904479be44a033a66033215,60,11,6,5,16777216,132194946,116894534,15300412,321,14044640,300,14021547,1654,15275954,8831408,8831408,16,44,4,0,5,1,0,0,27,0,7,0,0,35996,0.205005
development,syn-grid-224x224-v1,68ea3f6fb3351e026b850d631b3f5618a4dca8c80ba8d3ce5055543b14d04e23,churn,5,strict-alternating,7,0,2,ADES,3157b2b3755eaa9f0e0e06beb51f1832351a42f73904479be44a033a66033215,60,11,6,5,16777216,145708735,130080443,15628292,411,14079825,320,12812734,1463,15603284,8831408,8831408,18,42,4,0,5,1,0,0,26,0,6,0,0,35208,0.217943
development,syn-grid-224x224-v1,68ea3f6fb3351e026b850d631b3f5618a4dca8c80ba8d3ce5055543b14d04e23,churn,5,strict-alternating,7,0,3,ADES-V2,3157b2b3755eaa9f0e0e06beb51f1832351a42f73904479be44a033a66033215,60,11,6,5,16777216,130558351,114150047,16408304,531,12988462,431,12102822,1643,16383618,8833408,8833408,21,39,4,0,5,1,0,0,23,0,6,0,0,33344,0.202029
development,syn-grid-224x224-v1,68ea3f6fb3351e026b850d631b3f5618a4dca8c80ba8d3ce5055543b14d04e23,churn,5,strict-alternating,7,0,4,COLD,3157b2b3755eaa9f0e0e06beb51f1832351a42f73904479be44a033a66033215,60,11,6,5,16777216,198946071,198939628,6443,1821534,8248369,2693248,8248369,631,822,0,0,60,0,0,0,0,0,0,0,0,0,0,0,0,25268,0.269262
development,syn-grid-224x224-v1,68ea3f6fb3351e026b850d631b3f5618a4dca8c80ba8d3ce5055543b14d04e23,churn,5,strict-alternating,7,1,0,FREQ-LRU-REPAIR,3157b2b3755eaa9f0e0e06beb51f1832351a42f73904479be44a033a66033215,60,11,6,5,16777216,141057077,123782037,17275040,381,15239897,311,15186828,1974,17247267,8831408,8831408,16,44,4,0,5,1,0,0,27,0,7,0,0,35184,0.213173
development,syn-grid-224x224-v1,68ea3f6fb3351e026b850d631b3f5618a4dca8c80ba8d3ce5055543b14d04e23,churn,5,strict-alternating,7,1,1,ADES,3157b2b3755eaa9f0e0e06beb51f1832351a42f73904479be44a033a66033215,60,11,6,5,16777216,152734563,137036102,15698461,421,15674166,321,14852465,1774,15674166,8831408,8831408,18,42,4,0,5,1,0,0,26,0,6,0,0,35220,0.225211
development,syn-grid-224x224-v1,68ea3f6fb3351e026b850d631b3f5618a4dca8c80ba8d3ce5055543b14d04e23,churn,5,strict-alternating,7,1,2,ADES-V2,3157b2b3755eaa9f0e0e06beb51f1832351a42f73904479be44a033a66033215,60,11,6,5,16777216,132531740,117055414,15476326,561,13214764,451,12326057,1733,15432966,8833408,8833408,21,39,4,0,5,1,0,0,23,0,6,0,0,33032,0.204866
development,syn-grid-224x224-v1,68ea3f6fb3351e026b850d631b3f5618a4dca8c80ba8d3ce5055543b14d04e23,churn,5,strict-alternating,7,1,3,COLD,3157b2b3755eaa9f0e0e06beb51f1832351a42f73904479be44a033a66033215,60,11,6,5,16777216,223109696,223102412,7284,2004966,8809424,2960036,8809424,631,912,0,0,60,0,0,0,0,0,0,0,0,0,0,0,0,24940,0.295402
development,syn-grid-224x224-v1,68ea3f6fb3351e026b850d631b3f5618a4dca8c80ba8d3ce5055543b14d04e23,churn,5,strict-alternating,7,1,4,B3L,3157b2b3755eaa9f0e0e06beb51f1832351a42f73904479be44a033a66033215,60,11,6,5,16777216,59621916,58538979,1082937,160,13540159,150,13540159,572,1008329,8831040,8831040,4,56,0,0,0,0,0,0,0,0,0,0,0,32968,0.131793
development,syn-grid-224x224-v1,68ea3f6fb3351e026b850d631b3f5618a4dca8c80ba8d3ce5055543b14d04e23,churn,5,strict-alternating,7,0,0,FREQ-LRU-REPAIR,3157b2b3755eaa9f0e0e06beb51f1832351a42f73904479be44a033a66033215,60,11,6,5,67108864,126413401,113053698,13359703,311,13337041,290,13300863,1643,13337041,8831408,8831408,16,44,4,0,5,1,0,0,27,0,7,0,0,35992,0.198908
development,syn-grid-224x224-v1,68ea3f6fb3351e026b850d631b3f5618a4dca8c80ba8d3ce5055543b14d04e23,churn,5,strict-alternating,7,0,1,ADES,3157b2b3755eaa9f0e0e06beb51f1832351a42f73904479be44a033a66033215,60,11,6,5,67108864,128374203,113321085,15053118,341,13312676,320,12974706,1844,15028904,8831408,8831408,18,42,4,0,5,1,0,0,26,0,6,0,0,35484,0.199721
development,syn-grid-224x224-v1,68ea3f6fb3351e026b850d631b3f5618a4dca8c80ba8d3ce5055543b14d04e23,churn,5,strict-alternating,7,0,2,ADES-V2,3157b2b3755eaa9f0e0e06beb51f1832351a42f73904479be44a033a66033215,60,11,6,5,67108864,125525218,110178585,15346633,481,12312512,390,12034725,1663,15321438,8833408,8833408,21,39,4,0,5,1,0,0,23,0,6,0,0,32996,0.198204
development,syn-grid-224x224-v1,68ea3f6fb3351e026b850d631b3f5618a4dca8c80ba8d3ce5055543b14d04e23,churn,5,strict-alternating,7,0,3,COLD,3157b2b3755eaa9f0e0e06beb51f1832351a42f73904479be44a033a66033215,60,11,6,5,67108864,208808784,208801791,6993,1965913,8115051,3031849,8115051,561,1011,0,0,60,0,0,0,0,0,0,0,0,0,0,0,0,25268,0.279194
development,syn-grid-224x224-v1,68ea3f6fb3351e026b850d631b3f5618a4dca8c80ba8d3ce5055543b14d04e23,churn,5,strict-alternating,7,0,4,B3L,3157b2b3755eaa9f0e0e06beb51f1832351a42f73904479be44a033a66033215,60,11,6,5,67108864,52821064,51815559,1005505,160,11306207,150,11306207,481,935874,8831040,8831040,4,56,0,0,0,0,0,0,0,0,0,0,0,32924,0.124764
development,syn-grid-224x224-v1,68ea3f6fb3351e026b850d631b3f5618a4dca8c80ba8d3ce5055543b14d04e23,churn,5,strict-alternating,7,1,0,ADES,3157b2b3755eaa9f0e0e06beb51f1832351a42f73904479be44a033a66033215,60,11,6,5,67108864,136650739,122007474,14643265,431,14031184,311,13252393,1763,14620583,8831408,8831408,18,42,4,0,5,1,0,0,26,0,6,0,0,35236,0.208279
development,syn-grid-224x224-v1,68ea3f6fb3351e026b850d631b3f5618a4dca8c80ba8d3ce5055543b14d04e23,churn,5,strict-alternating,7,1,1,ADES-V2,3157b2b3755eaa9f0e0e06beb51f1832351a42f73904479be44a033a66033215,60,11,6,5,67108864,128896526,112852470,16044056,590,13175430,431,12636145,1523,16019039,8833408,8833408,21,39,4,0,5,1,0,0,23,0,6,0,0,33024,0.201280
development,syn-grid-224x224-v1,68ea3f6fb3351e026b850d631b3f5618a4dca8c80ba8d3ce5055543b14d04e23,churn,5,strict-alternating,7,1,2,COLD,3157b2b3755eaa9f0e0e06beb51f1832351a42f73904479be44a033a66033215,60,11,6,5,67108864,199824458,199818577,5881,1862370,7635056,2839792,7635056,541,792,0,0,60,0,0,0,0,0,0,0,0,0,0,0,0,25000,0.271148
development,syn-grid-224x224-v1,68ea3f6fb3351e026b850d631b3f5618a4dca8c80ba8d3ce5055543b14d04e23,churn,5,strict-alternating,7,1,3,B3L,3157b2b3755eaa9f0e0e06beb51f1832351a42f73904479be44a033a66033215,60,11,6,5,67108864,54104522,53125399,979123,160,12089296,151,12089296,511,911798,8831040,8831040,4,56,0,0,0,0,0,0,0,0,0,0,0,33208,0.125242
development,syn-grid-224x224-v1,68ea3f6fb3351e026b850d631b3f5618a4dca8c80ba8d3ce5055543b14d04e23,churn,5,strict-alternating,7,1,4,FREQ-LRU-REPAIR,3157b2b3755eaa9f0e0e06beb51f1832351a42f73904479be44a033a66033215,60,11,6,5,67108864,137348856,121446445,15902411,321,15249384,310,15119994,1784,15876723,8831408,8831408,16,44,4,0,5,1,0,0,27,0,7,0,0,35208,0.209073
development,syn-grid-224x224-v1,68ea3f6fb3351e026b850d631b3f5618a4dca8c80ba8d3ce5055543b14d04e23,churn,5,strict-alternating,17,0,0,FREQ-LRU-REPAIR,074f60733795e746f703cf6bf0854ae3965e77c2edfba7c771f8ceff419a4119,60,11,6,5,16777216,118832132,118776771,55361,301,15630595,251,15630595,1823,29705,8831408,8831408,16,44,4,0,4,0,0,0,24,2,9,0,0,33336,0.189846
development,syn-grid-224x224-v1,68ea3f6fb3351e026b850d631b3f5618a4dca8c80ba8d3ce5055543b14d04e23,churn,5,strict-alternating,17,0,1,ADES,074f60733795e746f703cf6bf0854ae3965e77c2edfba7c771f8ceff419a4119,60,11,6,5,16777216,130118596,130065255,53341,321,16410638,221,16410638,2545,28734,8831408,8831408,17,43,4,0,4,0,0,0,24,2,8,0,0,33848,0.204495
development,syn-grid-224x224-v1,68ea3f6fb3351e026b850d631b3f5618a4dca8c80ba8d3ce5055543b14d04e23,churn,5,strict-alternating,17,0,2,ADES-V2,074f60733795e746f703cf6bf0854ae3965e77c2edfba7c771f8ceff419a4119,60,11,6,5,16777216,106892695,106838456,54239,411,11180794,321,11180794,2064,23964,8833408,8833408,17,43,4,0,4,0,0,0,24,2,9,0,0,33304,0.177964
development,syn-grid-224x224-v1,68ea3f6fb3351e026b850d631b3f5618a4dca8c80ba8d3ce5055543b14d04e23,churn,5,strict-alternating,17,0,3,COLD,074f60733795e746f703cf6bf0854ae3965e77c2edfba7c771f8ceff419a4119,60,11,6,5,16777216,239712193,239704210,7983,3185155,8284898,3610327,8284898,671,1262,0,0,60,0,0,0,0,0,0,0,0,0,0,0,0,24960,0.310296
development,syn-grid-224x224-v1,68ea3f6fb3351e026b850d631b3f5618a4dca8c80ba8d3ce5055543b14d04e23,churn,5,strict-alternating,17,0,4,B3L,074f60733795e746f703cf6bf0854ae3965e77c2edfba7c771f8ceff419a4119,60,11,6,5,16777216,48996576,48886941,109635,141,11312930,140,11312930,1352,74349,8831040,8831040,4,56,0,0,0,0,0,0,0,0,0,0,0,33276,0.119938
development,syn-grid-224x224-v1,68ea3f6fb3351e026b850d631b3f5618a4dca8c80ba8d3ce5055543b14d04e23,churn,5,strict-alternating,17,1,0,ADES,074f60733795e746f703cf6bf0854ae3965e77c2edfba7c771f8ceff419a4119,60,11,6,5,16777216,124545160,124491910,53250,311,15887032,240,15887032,2555,29284,8831408,8831408,17,43,4,0,4,0,0,0,24,2,8,0,0,33012,0.196260
development,syn-grid-224x224-v1,68ea3f6fb3351e026b850d631b3f5618a4dca8c80ba8d3ce5055543b14d04e23,churn,5,strict-alternating,17,1,1,ADES-V2,074f60733795e746f703cf6bf0854ae3965e77c2edfba7c771f8ceff419a4119,60,11,6,5,16777216,107085977,107033160,52817,411,11219956,331,11219956,2364,22642,8833408,8833408,17,43,4,0,4,0,0,0,24,2,9,0,0,33036,0.179175
development,syn-grid-224x224-v1,68ea3f6fb3351e026b850d631b3f5618a4dca8c80ba8d3ce5055543b14d04e23,churn,5,strict-alternating,17,1,2,COLD,074f60733795e746f703cf6bf0854ae3965e77c2edfba7c771f8ceff419a4119,60,11,6,5,16777216,246816091,246808006,8085,3066074,8097368,3581193,8097368,742,1082,0,0,60,0,0,0,0,0,0,0,0,0,0,0,0,25276,0.317181
development,syn-grid-224x224-v1,68ea3f6fb3351e026b850d631b3f5618a4dca8c80ba8d3ce5055543b14d04e23,churn,5,strict-alternating,17,1,3,B3L,074f60733795e746f703cf6bf0854ae3965e77c2edfba7c771f8ceff419a4119,60,11,6,5,16777216,51105288,50983472,121816,160,11809736,150,11809736,1062,80681,8831040,8831040,4,56,0,0,0,0,0,0,0,0,0,0,0,33208,0.121871
development,syn-grid-224x224-v1,68ea3f6fb3351e026b850d631b3f5618a4dca8c80ba8d3ce5055543b14d04e23,churn,5,strict-alternating,17,1,4,FREQ-LRU-REPAIR,074f60733795e746f703cf6bf0854ae3965e77c2edfba7c771f8ceff419a4119,60,11,6,5,16777216,122668593,122603802,64791,371,16184958,301,16184958,3136,30517,8831408,8831408,16,44,4,0,4,0,0,0,24,2,9,0,0,33048,0.194431
development,syn-grid-224x224-v1,68ea3f6fb3351e026b850d631b3f5618a4dca8c80ba8d3ce5055543b14d04e23,churn,5,strict-alternating,17,0,0,ADES,074f60733795e746f703cf6bf0854ae3965e77c2edfba7c771f8ceff419a4119,60,11,6,5,67108864,135464968,135409032,55936,310,16838305,220,16838305,2144,31148,8831408,8831408,17,43,4,0,4,0,0,0,24,2,8,0,0,33032,0.206747
development,syn-grid-224x224-v1,68ea3f6fb3351e026b850d631b3f5618a4dca8c80ba8d3ce5055543b14d04e23,churn,5,strict-alternating,17,0,1,ADES-V2,074f60733795e746f703cf6bf0854ae3965e77c2edfba7c771f8ceff419a4119,60,11,6,5,67108864,91531513,91473503,58010,331,11802842,310,11802842,2074,27882,8833408,8833408,12,48,4,0,4,0,0,0,28,2,9,0,0,33848,0.165541
development,syn-grid-224x224-v1,68ea3f6fb3351e026b850d631b3f5618a4dca8c80ba8d3ce5055543b14d04e23,churn,5,strict-alternating,17,0,2,COLD,074f60733795e746f703cf6bf0854ae3965e77c2edfba7c771f8ceff419a4119,60,11,6,5,67108864,251864524,251856899,7625,3382953,8556444,3972381,8556444,662,1162,0,0,60,0,0,0,0,0,0,0,0,0,0,0,0,25004,0.323328
development,syn-grid-224x224-v1,68ea3f6fb3351e026b850d631b3f5618a4dca8c80ba8d3ce5055543b14d04e23,churn,5,strict-alternating,17,0,3,B3L,074f60733795e746f703cf6bf0854ae3965e77c2edfba7c771f8ceff419a4119,60,11,6,5,67108864,49326324,49213083,113241,160,10965072,150,10965072,1222,74538,8831040,8831040,4,56,0,0,0,0,0,0,0,0,0,0,0,33200,0.120643
development,syn-grid-224x224-v1,68ea3f6fb3351e026b850d631b3f5618a4dca8c80ba8d3ce5055543b14d04e23,churn,5,strict-alternating,17,0,4,FREQ-LRU-REPAIR,074f60733795e746f703cf6bf0854ae3965e77c2edfba7c771f8ceff419a4119,60,11,6,5,67108864,124140574,124080953,59621,311,15871243,231,15871243,2034,32330,8831408,8831408,16,44,4,0,4,0,0,0,24,2,9,0,0,33344,0.195463
development,syn-grid-224x224-v1,68ea3f6fb3351e026b850d631b3f5618a4dca8c80ba8d3ce5055543b14d04e23,churn,5,strict-alternating,17,1,0,ADES-V2,074f60733795e746f703cf6bf0854ae3965e77c2edfba7c771f8ceff419a4119,60,11,6,5,67108864,105179140,105126890,52250,401,11299755,320,11299755,2044,22452,8833408,8833408,17,43,4,0,4,0,0,0,24,2,9,0,0,33020,0.177006
development,syn-grid-224x224-v1,68ea3f6fb3351e026b850d631b3f5618a4dca8c80ba8d3ce5055543b14d04e23,churn,5,strict-alternating,17,1,1,COLD,074f60733795e746f703cf6bf0854ae3965e77c2edfba7c771f8ceff419a4119,60,11,6,5,67108864,246757448,246749323,8125,3253914,8316539,3844565,8316539,691,1203,0,0,60,0,0,0,0,0,0,0,0,0,0,0,0,25248,0.317254
development,syn-grid-224x224-v1,68ea3f6fb3351e026b850d631b3f5618a4dca8c80ba8d3ce5055543b14d04e23,churn,5,strict-alternating,17,1,2,B3L,074f60733795e746f703cf6bf0854ae3965e77c2edfba7c771f8ceff419a4119,60,11,6,5,67108864,49456020,49336762,119258,160,11413301,150,11413301,1342,78596,8831040,8831040,4,56,0,0,0,0,0,0,0,0,0,0,0,32904,0.121894
development,syn-grid-224x224-v1,68ea3f6fb3351e026b850d631b3f5618a4dca8c80ba8d3ce5055543b14d04e23,churn,5,strict-alternating,17,1,3,FREQ-LRU-REPAIR,074f60733795e746f703cf6bf0854ae3965e77c2edfba7c771f8ceff419a4119,60,11,6,5,67108864,118598698,118544817,53881,311,15733652,290,15733652,1783,28073,8831408,8831408,16,44,4,0,4,0,0,0,24,2,9,0,0,33020,0.190165
development,syn-grid-224x224-v1,68ea3f6fb3351e026b850d631b3f5618a4dca8c80ba8d3ce5055543b14d04e23,churn,5,strict-alternating,17,1,4,ADES,074f60733795e746f703cf6bf0854ae3965e77c2edfba7c771f8ceff419a4119,60,11,6,5,67108864,122881499,122820515,60984,311,14808037,211,14808037,1783,38411,8831408,8831408,17,43,4,0,4,0,0,0,24,2,8,0,0,33032,0.194563
development,syn-grid-224x224-v1,68ea3f6fb3351e026b850d631b3f5618a4dca8c80ba8d3ce5055543b14d04e23,churn,5,strict-alternating,29,0,0,ADES,0746a2ee20b0d729a96a5d21870e530200bb07530cb2396d047e70b57ab291f8,60,11,6,5,16777216,118043010,117274719,768291,430,16354940,321,16354940,1854,741151,8831408,8831408,21,39,4,0,4,0,0,0,22,6,3,0,0,33068,0.189407
development,syn-grid-224x224-v1,68ea3f6fb3351e026b850d631b3f5618a4dca8c80ba8d3ce5055543b14d04e23,churn,5,strict-alternating,29,0,1,ADES-V2,0746a2ee20b0d729a96a5d21870e530200bb07530cb2396d047e70b57ab291f8,60,11,6,5,16777216,119391181,118390686,1000495,2304,7597700,68247,7597700,1753,976991,6625564,6625564,31,29,3,0,3,0,0,0,17,5,2,0,0,31932,0.190193
development,syn-grid-224x224-v1,68ea3f6fb3351e026b850d631b3f5618a4dca8c80ba8d3ce5055543b14d04e23,churn,5,strict-alternating,29,0,2,COLD,0746a2ee20b0d729a96a5d21870e530200bb07530cb2396d047e70b57ab291f8,60,11,6,5,16777216,184076940,184071908,5032,1965072,7340931,2586321,7340931,460,732,0,0,60,0,0,0,0,0,0,0,0,0,0,0,0,25276,0.254457
development,syn-grid-224x224-v1,68ea3f6fb3351e026b850d631b3f5618a4dca8c80ba8d3ce5055543b14d04e23,churn,5,strict-alternating,29,0,3,B3L,0746a2ee20b0d729a96a5d21870e530200bb07530cb2396d047e70b57ab291f8,60,11,6,5,16777216,47976640,47349140,627500,150,10963362,141,10963362,1343,608184,8831040,8831040,4,56,0,0,0,0,0,0,0,0,0,0,0,33700,0.120101
development,syn-grid-224x224-v1,68ea3f6fb3351e026b850d631b3f5618a4dca8c80ba8d3ce5055543b14d04e23,churn,5,strict-alternating,29,0,4,FREQ-LRU-REPAIR,0746a2ee20b0d729a96a5d21870e530200bb07530cb2396d047e70b57ab291f8,60,11,6,5,16777216,93640471,92889212,751259,311,12754970,290,12754970,1913,719191,8831408,8831408,16,44,4,0,4,0,0,0,23,8,4,0,0,33404,0.164514
development,syn-grid-224x224-v1,68ea3f6fb3351e026b850d631b3f5618a4dca8c80ba8d3ce5055543b14d04e23,churn,5,strict-alternating,29,1,0,ADES-V2,0746a2ee20b0d729a96a5d21870e530200bb07530cb2396d047e70b57ab291f8,60,11,6,5,16777216,123216511,122319079,897432,2124,7780240,70090,7780240,1953,863019,6625564,6625564,31,29,3,0,3,0,0,0,17,5,2,0,0,31920,0.194574
development,syn-grid-224x224-v1,68ea3f6fb3351e026b850d631b3f5618a4dca8c80ba8d3ce5055543b14d04e23,churn,5,strict-alternating,29,1,1,COLD,0746a2ee20b0d729a96a5d21870e530200bb07530cb2396d047e70b57ab291f8,60,11,6,5,16777216,216294207,216287446,6761,2038018,8232964,3030808,8232964,581,1092,0,0,60,0,0,0,0,0,0,0,0,0,0,0,0,24968,0.286571
development,syn-grid-224x224-v1,68ea3f6fb3351e026b850d631b3f5618a4dca8c80ba8d3ce5055543b14d04e23,churn,5,strict-alternating,29,1,2,B3L,0746a2ee20b0d729a96a5d21870e530200bb07530cb2396d047e70b57ab291f8,60,11,6,5,16777216,47138469,46466117,672352,180,10665968,160,10665968,1132,652666,8831040,8831040,4,56,0,0,0,0,0,0,0,0,0,0,0,33188,0.118696
development,syn-grid-224x224-v1,68ea3f6fb3351e026b850d631b3f5618a4dca8c80ba8d3ce5055543b14d04e23,churn,5,strict-alternating,29,1,3,FREQ-LRU-REPAIR,0746a2ee20b0d729a96a5d21870e530200bb07530cb2396d047e70b57ab291f8,60,11,6,5,16777216,99565144,98815236,749908,310,13311337,230,13311337,2264,719110,8831408,8831408,16,44,4,0,4,0,0,0,23,8,4,0,0,33344,0.170686
development,syn-grid-224x224-v1,68ea3f6fb3351e026b850d631b3f5618a4dca8c80ba8d3ce5055543b14d04e23,churn,5,strict-alternating,29,1,4,ADES,0746a2ee20b0d729a96a5d21870e530200bb07530cb2396d047e70b57ab291f8,60,11,6,5,16777216,119910636,119250544,660092,451,16897651,370,16897651,1673,633601,8831408,8831408,21,39,4,0,4,0,0,0,22,6,3,0,0,33032,0.192369
development,syn-grid-224x224-v1,68ea3f6fb3351e026b850d631b3f5618a4dca8c80ba8d3ce5055543b14d04e23,churn,5,strict-alternating,29,0,0,ADES-V2,0746a2ee20b0d729a96a5d21870e530200bb07530cb2396d047e70b57ab291f8,60,11,6,5,67108864,126922367,125888150,1034217,2605,8810069,60593,8810069,1914,1009401,6625564,6625564,31,29,3,0,3,0,0,0,17,5,2,0,0,31624,0.198665
development,syn-grid-224x224-v1,68ea3f6fb3351e026b850d631b3f5618a4dca8c80ba8d3ce5055543b14d04e23,churn,5,strict-alternating,29,0,1,COLD,0746a2ee20b0d729a96a5d21870e530200bb07530cb2396d047e70b57ab291f8,60,11,6,5,67108864,199103082,199098053,5029,2028581,7696032,2845994,7696032,481,692,0,0,60,0,0,0,0,0,0,0,0,0,0,0,0,24968,0.271641
development,syn-grid-224x224-v1,68ea3f6fb3351e026b850d631b3f5618a4dca8c80ba8d3ce5055543b14d04e23,churn,5,strict-alternating,29,0,2,B3L,0746a2ee20b0d729a96a5d21870e530200bb07530cb2396d047e70b57ab291f8,60,11,6,5,67108864,50851418,50164779,686639,231,11302183,160,11302183,1272,665660,8831040,8831040,4,56,0,0,0,0,0,0,0,0,0,0,0,33180,0.121814
development,syn-grid-224x224-v1,68ea3f6fb3351e026b850d631b3f5618a4dca8c80ba8d3ce5055543b14d04e23,churn,5,strict-alternating,29,0,3,FREQ-LRU-REPAIR,0746a2ee20b0d729a96a5d21870e530200bb07530cb2396d047e70b57ab291f8,60,11,6,5,67108864,96138810,95524373,614437,300,12588420,210,12588420,2595,586183,8831408,8831408,16,44,4,0,4,0,0,0,23,8,4,0,0,33328,0.166810
development,syn-grid-224x224-v1,68ea3f6fb3351e026b850d631b3f5618a4dca8c80ba8d3ce5055543b14d04e23,churn,5,strict-alternating,29,0,4,ADES,0746a2ee20b0d729a96a5d21870e530200bb07530cb2396d047e70b57ab291f8,60,11,6,5,67108864,107691278,106955717,735561,421,15284344,320,15284344,1933,709733,8831408,8831408,21,39,4,0,4,0,0,0,22,6,3,0,0,33000,0.179357
development,syn-grid-224x224-v1,68ea3f6fb3351e026b850d631b3f5618a4dca8c80ba8d3ce5055543b14d04e23,churn,5,strict-alternating,29,1,0,COLD,0746a2ee20b0d729a96a5d21870e530200bb07530cb2396d047e70b57ab291f8,60,11,6,5,67108864,205633121,205626950,6171,2067062,8133488,3006974,8133488,541,881,0,0,60,0,0,0,0,0,0,0,0,0,0,0,0,24968,0.276635
development,syn-grid-224x224-v1,68ea3f6fb3351e026b850d631b3f5618a4dca8c80ba8d3ce5055543b14d04e23,churn,5,strict-alternating,29,1,1,B3L,0746a2ee20b0d729a96a5d21870e530200bb07530cb2396d047e70b57ab291f8,60,11,6,5,67108864,52130323,51551895,578428,170,12324369,150,12324369,1112,561577,8831040,8831040,4,56,0,0,0,0,0,0,0,0,0,0,0,32900,0.123191
development,syn-grid-224x224-v1,68ea3f6fb3351e026b850d631b3f5618a4dca8c80ba8d3ce5055543b14d04e23,churn,5,strict-alternating,29,1,2,FREQ-LRU-REPAIR,0746a2ee20b0d729a96a5d21870e530200bb07530cb2396d047e70b57ab291f8,60,11,6,5,67108864,90642743,89999936,642807,320,12668931,251,12668931,2084,615086,8831408,8831408,16,44,4,0,4,0,0,0,23,8,4,0,0,32992,0.161141
development,syn-grid-224x224-v1,68ea3f6fb3351e026b850d631b3f5618a4dca8c80ba8d3ce5055543b14d04e23,churn,5,strict-alternating,29,1,3,ADES,0746a2ee20b0d729a96a5d21870e530200bb07530cb2396d047e70b57ab291f8,60,11,6,5,67108864,108421715,107824252,597463,371,15966496,320,15966496,1663,574371,8831408,8831408,21,39,4,0,4,0,0,0,22,6,3,0,0,33096,0.180120
development,syn-grid-224x224-v1,68ea3f6fb3351e026b850d631b3f5618a4dca8c80ba8d3ce5055543b14d04e23,churn,5,strict-alternating,29,1,4,ADES-V2,0746a2ee20b0d729a96a5d21870e530200bb07530cb2396d047e70b57ab291f8,60,11,6,5,67108864,129900512,128940441,960071,2445,8539665,68949,8539665,1913,936014,6625564,6625564,31,29,3,0,3,0,0,0,17,5,2,0,0,31908,0.201522
development,syn-grid-224x224-v1,68ea3f6fb3351e026b850d631b3f5618a4dca8c80ba8d3ce5055543b14d04e23,churn,50,strict-alternating,7,0,0,ADES-V2,4697c2c1522e7e2989bebbe87f96f2b7735f2e1723764f1d87be866c95e7073d,60,1,1,0,16777216,94947261,94942783,4478,421,6444740,401,6444740,4478,4478,6625564,6625564,26,34,3,0,3,0,0,0,2,0,1,0,0,31912,0.165640
development,syn-grid-224x224-v1,68ea3f6fb3351e026b850d631b3f5618a4dca8c80ba8d3ce5055543b14d04e23,churn,50,strict-alternating,7,0,1,COLD,4697c2c1522e7e2989bebbe87f96f2b7735f2e1723764f1d87be866c95e7073d,60,1,1,0,16777216,191349259,191348517,742,2878324,7709668,2878324,7709668,742,742,0,0,60,0,0,0,0,0,0,0,0,0,0,0,0,24848,0.262553
development,syn-grid-224x224-v1,68ea3f6fb3351e026b850d631b3f5618a4dca8c80ba8d3ce5055543b14d04e23,churn,50,strict-alternating,7,0,2,B3L,4697c2c1522e7e2989bebbe87f96f2b7735f2e1723764f1d87be866c95e7073d,60,1,1,0,16777216,53891427,53886077,5350,240,11359140,210,11359140,5350,5350,8831040,8831040,4,56,0,0,0,0,0,0,0,0,0,0,0,33208,0.124184
development,syn-grid-224x224-v1,68ea3f6fb3351e026b850d631b3f5618a4dca8c80ba8d3ce5055543b14d04e23,churn,50,strict-alternating,7,0,3,FREQ-LRU-REPAIR,4697c2c1522e7e2989bebbe87f96f2b7735f2e1723764f1d87be866c95e7073d,60,1,1,0,16777216,115431877,115425134,6743,301,13913550,291,13913550,6743,6743,8831408,8831408,16,44,4,0,4,0,0,0,2,0,2,0,0,33324,0.185927
development,syn-grid-224x224-v1,68ea3f6fb3351e026b850d631b3f5618a4dca8c80ba8d3ce5055543b14d04e23,churn,50,strict-alternating,7,0,4,ADES,4697c2c1522e7e2989bebbe87f96f2b7735f2e1723764f1d87be866c95e7073d,60,1,1,0,16777216,101213265,101207494,5771,310,11468924,290,11468924,5771,5771,8831408,8831408,20,40,4,0,4,0,0,0,2,0,2,0,0,33008,0.172231
development,syn-grid-224x224-v1,68ea3f6fb3351e026b850d631b3f5618a4dca8c80ba8d3ce5055543b14d04e23,churn,50,strict-alternating,7,1,0,COLD,4697c2c1522e7e2989bebbe87f96f2b7735f2e1723764f1d87be866c95e7073d,60,1,1,0,16777216,150762128,150761387,741,1859235,6066105,1859235,6066105,741,741,0,0,60,0,0,0,0,0,0,0,0,0,0,0,0,25776,0.221526
development,syn-grid-224x224-v1,68ea3f6fb3351e026b850d631b3f5618a4dca8c80ba8d3ce5055543b14d04e23,churn,50,strict-alternating,7,1,1,B3L,4697c2c1522e7e2989bebbe87f96f2b7735f2e1723764f1d87be866c95e7073d,60,1,1,0,16777216,55542668,55536366,6302,151,12103506,151,12103506,6302,6302,8831040,8831040,4,56,0,0,0,0,0,0,0,0,0,0,0,32868,0.126854
development,syn-grid-224x224-v1,68ea3f6fb3351e026b850d631b3f5618a4dca8c80ba8d3ce5055543b14d04e23,churn,50,strict-alternating,7,1,2,FREQ-LRU-REPAIR,4697c2c1522e7e2989bebbe87f96f2b7735f2e1723764f1d87be866c95e7073d,60,1,1,0,16777216,121030822,121023158,7664,280,14324646,240,14324646,7664,7664,8831408,8831408,16,44,4,0,4,0,0,0,2,0,2,0,0,33332,0.192425
development,syn-grid-224x224-v1,68ea3f6fb3351e026b850d631b3f5618a4dca8c80ba8d3ce5055543b14d04e23,churn,50,strict-alternating,7,1,3,ADES,4697c2c1522e7e2989bebbe87f96f2b7735f2e1723764f1d87be866c95e7073d,60,1,1,0,16777216,120795026,120788815,6211,331,13306127,321,13306127,6211,6211,8831408,8831408,20,40,4,0,4,0,0,0,2,0,2,0,0,33332,0.191565
development,syn-grid-224x224-v1,68ea3f6fb3351e026b850d631b3f5618a4dca8c80ba8d3ce5055543b14d04e23,churn,50,strict-alternating,7,1,4,ADES-V2,4697c2c1522e7e2989bebbe87f96f2b7735f2e1723764f1d87be866c95e7073d,60,1,1,0,16777216,119730092,119725544,4548,661,7757667,581,7757667,4548,4548,6625564,6625564,28,32,3,0,3,0,0,0,2,0,1,0,0,31680,0.191340
development,syn-grid-224x224-v1,68ea3f6fb3351e026b850d631b3f5618a4dca8c80ba8d3ce5055543b14d04e23,churn,50,strict-alternating,7,0,0,COLD,4697c2c1522e7e2989bebbe87f96f2b7735f2e1723764f1d87be866c95e7073d,60,1,1,0,67108864,191409703,191408892,811,2639098,7267324,2639098,7267324,811,811,0,0,60,0,0,0,0,0,0,0,0,0,0,0,0,24968,0.262529
development,syn-grid-224x224-v1,68ea3f6fb3351e026b850d631b3f5618a4dca8c80ba8d3ce5055543b14d04e23,churn,50,strict-alternating,7,0,1,B3L,4697c2c1522e7e2989bebbe87f96f2b7735f2e1723764f1d87be866c95e7073d,60,1,1,0,67108864,50373057,50367757,5300,151,12188114,151,12188114,5300,5300,8831040,8831040,4,56,0,0,0,0,0,0,0,0,0,0,0,33208,0.121284
development,syn-grid-224x224-v1,68ea3f6fb3351e026b850d631b3f5618a4dca8c80ba8d3ce5055543b14d04e23,churn,50,strict-alternating,7,0,2,FREQ-LRU-REPAIR,4697c2c1522e7e2989bebbe87f96f2b7735f2e1723764f1d87be866c95e7073d,60,1,1,0,67108864,113554589,113548167,6422,291,13589576,291,13589576,6422,6422,8831408,8831408,16,44,4,0,4,0,0,0,2,0,2,0,0,33840,0.185966
development,syn-grid-224x224-v1,68ea3f6fb3351e026b850d631b3f5618a4dca8c80ba8d3ce5055543b14d04e23,churn,50,strict-alternating,7,0,3,ADES,4697c2c1522e7e2989bebbe87f96f2b7735f2e1723764f1d87be866c95e7073d,60,1,1,0,67108864,121646650,121639236,7414,331,13922707,311,13922707,7414,7414,8831408,8831408,20,40,4,0,4,0,0,0,2,0,2,0,0,33336,0.192419
development,syn-grid-224x224-v1,68ea3f6fb3351e026b850d631b3f5618a4dca8c80ba8d3ce5055543b14d04e23,churn,50,strict-alternating,7,0,4,ADES-V2,4697c2c1522e7e2989bebbe87f96f2b7735f2e1723764f1d87be866c95e7073d,60,1,1,0,67108864,110855470,110849439,6031,531,7587720,511,7587720,6031,6031,6625564,6625564,26,34,3,0,3,0,0,0,2,0,1,0,0,31656,0.183630
development,syn-grid-224x224-v1,68ea3f6fb3351e026b850d631b3f5618a4dca8c80ba8d3ce5055543b14d04e23,churn,50,strict-alternating,7,1,0,B3L,4697c2c1522e7e2989bebbe87f96f2b7735f2e1723764f1d87be866c95e7073d,60,1,1,0,67108864,54176219,54170388,5831,160,12731016,151,12731016,5831,5831,8831040,8831040,4,56,0,0,0,0,0,0,0,0,0,0,0,33176,0.125358
development,syn-grid-224x224-v1,68ea3f6fb3351e026b850d631b3f5618a4dca8c80ba8d3ce5055543b14d04e23,churn,50,strict-alternating,7,1,1,FREQ-LRU-REPAIR,4697c2c1522e7e2989bebbe87f96f2b7735f2e1723764f1d87be866c95e7073d,60,1,1,0,67108864,117078904,117072421,6483,290,13833390,290,13833390,6483,6483,8831408,8831408,16,44,4,0,4,0,0,0,2,0,2,0,0,33332,0.187898
development,syn-grid-224x224-v1,68ea3f6fb3351e026b850d631b3f5618a4dca8c80ba8d3ce5055543b14d04e23,churn,50,strict-alternating,7,1,2,ADES,4697c2c1522e7e2989bebbe87f96f2b7735f2e1723764f1d87be866c95e7073d,60,1,1,0,67108864,119845068,119838576,6492,321,13297402,321,13297402,6492,6492,8831408,8831408,20,40,4,0,4,0,0,0,2,0,2,0,0,33032,0.191352
development,syn-grid-224x224-v1,68ea3f6fb3351e026b850d631b3f5618a4dca8c80ba8d3ce5055543b14d04e23,churn,50,strict-alternating,7,1,3,ADES-V2,4697c2c1522e7e2989bebbe87f96f2b7735f2e1723764f1d87be866c95e7073d,60,1,1,0,67108864,124714561,124709552,5009,631,8676750,581,8676750,5009,5009,6625564,6625564,29,31,3,0,3,0,0,0,2,0,1,0,0,31928,0.195361
development,syn-grid-224x224-v1,68ea3f6fb3351e026b850d631b3f5618a4dca8c80ba8d3ce5055543b14d04e23,churn,50,strict-alternating,7,1,4,COLD,4697c2c1522e7e2989bebbe87f96f2b7735f2e1723764f1d87be866c95e7073d,60,1,1,0,67108864,190313903,190313442,461,2601048,7370507,2601048,7370507,461,461,0,0,60,0,0,0,0,0,0,0,0,0,0,0,0,25268,0.260174
development,syn-grid-224x224-v1,68ea3f6fb3351e026b850d631b3f5618a4dca8c80ba8d3ce5055543b14d04e23,churn,50,strict-alternating,17,0,0,COLD,3686d61db1b49a29fa5e8f0c3d059975cd2953e21ec27e54e86cd73ed40cabed,60,1,1,0,16777216,235746677,235745976,701,3539347,7595475,3539347,7595475,701,701,0,0,60,0,0,0,0,0,0,0,0,0,0,0,0,25264,0.307217
development,syn-grid-224x224-v1,68ea3f6fb3351e026b850d631b3f5618a4dca8c80ba8d3ce5055543b14d04e23,churn,50,strict-alternating,17,0,1,B3L,3686d61db1b49a29fa5e8f0c3d059975cd2953e21ec27e54e86cd73ed40cabed,60,1,1,0,16777216,49791744,49786985,4759,151,11109624,150,11109624,4759,4759,8831040,8831040,4,56,0,0,0,0,0,0,0,0,0,0,0,32920,0.120543
development,syn-grid-224x224-v1,68ea3f6fb3351e026b850d631b3f5618a4dca8c80ba8d3ce5055543b14d04e23,churn,50,strict-alternating,17,0,2,FREQ-LRU-REPAIR,3686d61db1b49a29fa5e8f0c3d059975cd2953e21ec27e54e86cd73ed40cabed,60,1,1,0,16777216,118500182,118493079,7103,310,12246973,301,12246973,7103,7103,8831408,8831408,16,44,4,0,4,0,0,0,2,0,2,0,0,33328,0.189776
development,syn-grid-224x224-v1,68ea3f6fb3351e026b850d631b3f5618a4dca8c80ba8d3ce5055543b14d04e23,churn,50,strict-alternating,17,0,3,ADES,3686d61db1b49a29fa5e8f0c3d059975cd2953e21ec27e54e86cd73ed40cabed,60,1,1,0,16777216,125789094,125782652,6442,310,11603965,310,11603965,6442,6442,8831408,8831408,16,44,4,0,4,0,0,0,2,0,2,0,0,33028,0.197757
development,syn-grid-224x224-v1,68ea3f6fb3351e026b850d631b3f5618a4dca8c80ba8d3ce5055543b14d04e23,churn,50,strict-alternating,17,0,4,ADES-V2,3686d61db1b49a29fa5e8f0c3d059975cd2953e21ec27e54e86cd73ed40cabed,60,1,1,0,16777216,90772064,90765442,6622,311,11209100,310,11209100,6622,6622,8833408,8833408,11,49,4,0,4,0,0,0,2,0,2,0,0,33336,0.162003
development,syn-grid-224x224-v1,68ea3f6fb3351e026b850d631b3f5618a4dca8c80ba8d3ce5055543b14d04e23,churn,50,strict-alternating,17,1,0,B3L,3686d61db1b49a29fa5e8f0c3d059975cd2953e21ec27e54e86cd73ed40cabed,60,1,1,0,16777216,50301798,50297019,4779,140,11807976,140,11807976,4779,4779,8831040,8831040,4,56,0,0,0,0,0,0,0,0,0,0,0,32876,0.121480
development,syn-grid-224x224-v1,68ea3f6fb3351e026b850d631b3f5618a4dca8c80ba8d3ce5055543b14d04e23,churn,50,strict-alternating,17,1,1,FREQ-LRU-REPAIR,3686d61db1b49a29fa5e8f0c3d059975cd2953e21ec27e54e86cd73ed40cabed,60,1,1,0,16777216,120286809,120279997,6812,300,11920576,300,11920576,6812,6812,8831408,8831408,16,44,4,0,4,0,0,0,2,0,2,0,0,33336,0.191409
development,syn-grid-224x224-v1,68ea3f6fb3351e026b850d631b3f5618a4dca8c80ba8d3ce5055543b14d04e23,churn,50,strict-alternating,17,1,2,ADES,3686d61db1b49a29fa5e8f0c3d059975cd2953e21ec27e54e86cd73ed40cabed,60,1,1,0,16777216,117980415,117973993,6422,310,11936225,310,11936225,6422,6422,8831408,8831408,16,44,4,0,4,0,0,0,2,0,2,0,0,33028,0.188610
development,syn-grid-224x224-v1,68ea3f6fb3351e026b850d631b3f5618a4dca8c80ba8d3ce5055543b14d04e23,churn,50,strict-alternating,17,1,3,ADES-V2,3686d61db1b49a29fa5e8f0c3d059975cd2953e21ec27e54e86cd73ed40cabed,60,1,1,0,16777216,85929787,85922934,6853,310,10814193,301,10814193,6853,6853,8833408,8833408,11,49,4,0,4,0,0,0,2,0,2,0,0,33332,0.156861
development,syn-grid-224x224-v1,68ea3f6fb3351e026b850d631b3f5618a4dca8c80ba8d3ce5055543b14d04e23,churn,50,strict-alternating,17,1,4,COLD,3686d61db1b49a29fa5e8f0c3d059975cd2953e21ec27e54e86cd73ed40cabed,60,1,1,0,16777216,237177701,237176960,741,3555988,7407094,3555988,7407094,741,741,0,0,60,0,0,0,0,0,0,0,0,0,0,0,0,24964,0.309132
development,syn-grid-224x224-v1,68ea3f6fb3351e026b850d631b3f5618a4dca8c80ba8d3ce5055543b14d04e23,churn,50,strict-alternating,17,0,0,B3L,3686d61db1b49a29fa5e8f0c3d059975cd2953e21ec27e54e86cd73ed40cabed,60,1,1,0,67108864,49106842,49101772,5070,170,11522454,170,11522454,5070,5070,8831040,8831040,4,56,0,0,0,0,0,0,0,0,0,0,0,32900,0.120735
development,syn-grid-224x224-v1,68ea3f6fb3351e026b850d631b3f5618a4dca8c80ba8d3ce5055543b14d04e23,churn,50,strict-alternating,17,0,1,FREQ-LRU-REPAIR,3686d61db1b49a29fa5e8f0c3d059975cd2953e21ec27e54e86cd73ed40cabed,60,1,1,0,67108864,120894797,120887974,6823,311,12325109,311,12325109,6823,6823,8831408,8831408,16,44,4,0,4,0,0,0,2,0,2,0,0,33308,0.191663
development,syn-grid-224x224-v1,68ea3f6fb3351e026b850d631b3f5618a4dca8c80ba8d3ce5055543b14d04e23,churn,50,strict-alternating,17,0,2,ADES,3686d61db1b49a29fa5e8f0c3d059975cd2953e21ec27e54e86cd73ed40cabed,60,1,1,0,67108864,122724645,122718684,5961,310,12513962,310,12513962,5961,5961,8831408,8831408,16,44,4,0,4,0,0,0,2,0,2,0,0,33028,0.194633
development,syn-grid-224x224-v1,68ea3f6fb3351e026b850d631b3f5618a4dca8c80ba8d3ce5055543b14d04e23,churn,50,strict-alternating,17,0,3,ADES-V2,3686d61db1b49a29fa5e8f0c3d059975cd2953e21ec27e54e86cd73ed40cabed,60,1,1,0,67108864,92518034,92511532,6502,291,11576554,290,11576554,6502,6502,8833408,8833408,11,49,4,0,4,0,0,0,2,0,2,0,0,33332,0.163736
development,syn-grid-224x224-v1,68ea3f6fb3351e026b850d631b3f5618a4dca8c80ba8d3ce5055543b14d04e23,churn,50,strict-alternating,17,0,4,COLD,3686d61db1b49a29fa5e8f0c3d059975cd2953e21ec27e54e86cd73ed40cabed,60,1,1,0,67108864,249836487,249835745,742,3620116,7957359,3620116,7957359,742,742,0,0,60,0,0,0,0,0,0,0,0,0,0,0,0,25268,0.319847
development,syn-grid-224x224-v1,68ea3f6fb3351e026b850d631b3f5618a4dca8c80ba8d3ce5055543b14d04e23,churn,50,strict-alternating,17,1,0,FREQ-LRU-REPAIR,3686d61db1b49a29fa5e8f0c3d059975cd2953e21ec27e54e86cd73ed40cabed,60,1,1,0,67108864,122144650,122137507,7143,310,12973158,301,12973158,7143,7143,8831408,8831408,16,44,4,0,4,0,0,0,2,0,2,0,0,33336,0.193622
development,syn-grid-224x224-v1,68ea3f6fb3351e026b850d631b3f5618a4dca8c80ba8d3ce5055543b14d04e23,churn,50,strict-alternating,17,1,1,ADES,3686d61db1b49a29fa5e8f0c3d059975cd2953e21ec27e54e86cd73ed40cabed,60,1,1,0,67108864,130175026,130167161,7865,300,13016107,300,13016107,7865,7865,8831408,8831408,16,44,4,0,4,0,0,0,2,0,2,0,0,33908,0.203028
development,syn-grid-224x224-v1,68ea3f6fb3351e026b850d631b3f5618a4dca8c80ba8d3ce5055543b14d04e23,churn,50,strict-alternating,17,1,2,ADES-V2,3686d61db1b49a29fa5e8f0c3d059975cd2953e21ec27e54e86cd73ed40cabed,60,1,1,0,67108864,94816441,94809278,7163,310,11573138,301,11573138,7163,7163,8833408,8833408,11,49,4,0,4,0,0,0,2,0,2,0,0,33336,0.166342
development,syn-grid-224x224-v1,68ea3f6fb3351e026b850d631b3f5618a4dca8c80ba8d3ce5055543b14d04e23,churn,50,strict-alternating,17,1,3,COLD,3686d61db1b49a29fa5e8f0c3d059975cd2953e21ec27e54e86cd73ed40cabed,60,1,1,0,67108864,256048045,256047264,781,3972413,8299597,3972413,8299597,781,781,0,0,60,0,0,0,0,0,0,0,0,0,0,0,0,24996,0.327733
development,syn-grid-224x224-v1,68ea3f6fb3351e026b850d631b3f5618a4dca8c80ba8d3ce5055543b14d04e23,churn,50,strict-alternating,17,1,4,B3L,3686d61db1b49a29fa5e8f0c3d059975cd2953e21ec27e54e86cd73ed40cabed,60,1,1,0,67108864,52341172,52335721,5451,161,12106833,160,12106833,5451,5451,8831040,8831040,4,56,0,0,0,0,0,0,0,0,0,0,0,32900,0.124783
development,syn-grid-224x224-v1,68ea3f6fb3351e026b850d631b3f5618a4dca8c80ba8d3ce5055543b14d04e23,churn,50,strict-alternating,29,0,0,B3L,8f8cb04d30658fd350e5c6ed0812c29c9073ddc093cf72c93b98d6edc539721e,60,1,1,0,16777216,49354243,49353892,351,141,11622900,140,11622900,351,351,8831040,8831040,4,56,0,0,0,0,0,0,0,0,0,0,0,32928,0.121665
development,syn-grid-224x224-v1,68ea3f6fb3351e026b850d631b3f5618a4dca8c80ba8d3ce5055543b14d04e23,churn,50,strict-alternating,29,0,1,FREQ-LRU-REPAIR,8f8cb04d30658fd350e5c6ed0812c29c9073ddc093cf72c93b98d6edc539721e,60,1,1,0,16777216,98496418,98494365,2053,310,15937432,310,15937432,2053,2053,8831408,8831408,16,44,4,0,4,0,0,0,4,0,0,0,0,33324,0.169779
development,syn-grid-224x224-v1,68ea3f6fb3351e026b850d631b3f5618a4dca8c80ba8d3ce5055543b14d04e23,churn,50,strict-alternating,29,0,2,ADES,8f8cb04d30658fd350e5c6ed0812c29c9073ddc093cf72c93b98d6edc539721e,60,1,1,0,16777216,113380612,113378508,2104,310,16432434,310,16432434,2104,2104,8831408,8831408,20,40,4,0,4,0,0,0,4,0,0,0,0,33096,0.186349
development,syn-grid-224x224-v1,68ea3f6fb3351e026b850d631b3f5618a4dca8c80ba8d3ce5055543b14d04e23,churn,50,strict-alternating,29,0,3,ADES-V2,8f8cb04d30658fd350e5c6ed0812c29c9073ddc093cf72c93b98d6edc539721e,60,1,1,0,16777216,110644719,110642485,2234,431,11833616,341,11833616,2234,2234,8833408,8833408,23,37,4,0,4,0,0,0,4,0,0,0,0,32992,0.182233
development,syn-grid-224x224-v1,68ea3f6fb3351e026b850d631b3f5618a4dca8c80ba8d3ce5055543b14d04e23,churn,50,strict-alternating,29,0,4,COLD,8f8cb04d30658fd350e5c6ed0812c29c9073ddc093cf72c93b98d6edc539721e,60,1,1,0,16777216,203570699,203569898,801,2655311,7796618,2655311,7796618,801,801,0,0,60,0,0,0,0,0,0,0,0,0,0,0,0,25268,0.274387
development,syn-grid-224x224-v1,68ea3f6fb3351e026b850d631b3f5618a4dca8c80ba8d3ce5055543b14d04e23,churn,50,strict-alternating,29,1,0,FREQ-LRU-REPAIR,8f8cb04d30658fd350e5c6ed0812c29c9073ddc093cf72c93b98d6edc539721e,60,1,1,0,16777216,95698497,95696093,2404,300,15198370,291,15198370,2404,2404,8831408,8831408,16,44,4,0,4,0,0,0,4,0,0,0,0,33064,0.171096
development,syn-grid-224x224-v1,68ea3f6fb3351e026b850d631b3f5618a4dca8c80ba8d3ce5055543b14d04e23,churn,50,strict-alternating,29,1,1,ADES,8f8cb04d30658fd350e5c6ed0812c29c9073ddc093cf72c93b98d6edc539721e,60,1,1,0,16777216,110894410,110892557,1853,320,16090233,311,16090233,1853,1853,8831408,8831408,20,40,4,0,4,0,0,0,4,0,0,0,0,33332,0.181807
development,syn-grid-224x224-v1,68ea3f6fb3351e026b850d631b3f5618a4dca8c80ba8d3ce5055543b14d04e23,churn,50,strict-alternating,29,1,2,ADES-V2,8f8cb04d30658fd350e5c6ed0812c29c9073ddc093cf72c93b98d6edc539721e,60,1,1,0,16777216,122876185,122874141,2044,124752,8033420,124752,8033420,2044,2044,6625564,6625564,32,28,3,0,3,0,0,0,3,0,0,0,0,31928,0.194029
development,syn-grid-224x224-v1,68ea3f6fb3351e026b850d631b3f5618a4dca8c80ba8d3ce5055543b14d04e23,churn,50,strict-alternating,29,1,3,COLD,8f8cb04d30658fd350e5c6ed0812c29c9073ddc093cf72c93b98d6edc539721e,60,1,1,0,16777216,193106226,193105485,741,2565974,7677846,2565974,7677846,741,741,0,0,60,0,0,0,0,0,0,0,0,0,0,0,0,25272,0.263400
development,syn-grid-224x224-v1,68ea3f6fb3351e026b850d631b3f5618a4dca8c80ba8d3ce5055543b14d04e23,churn,50,strict-alternating,29,1,4,B3L,8f8cb04d30658fd350e5c6ed0812c29c9073ddc093cf72c93b98d6edc539721e,60,1,1,0,16777216,49837299,49836637,662,160,11795277,160,11795277,662,662,8831040,8831040,4,56,0,0,0,0,0,0,0,0,0,0,0,33080,0.121705
development,syn-grid-224x224-v1,68ea3f6fb3351e026b850d631b3f5618a4dca8c80ba8d3ce5055543b14d04e23,churn,50,strict-alternating,29,0,0,FREQ-LRU-REPAIR,8f8cb04d30658fd350e5c6ed0812c29c9073ddc093cf72c93b98d6edc539721e,60,1,1,0,67108864,93483298,93481154,2144,300,15408342,291,15408342,2144,2144,8831408,8831408,16,44,4,0,4,0,0,0,4,0,0,0,0,33336,0.164535
development,syn-grid-224x224-v1,68ea3f6fb3351e026b850d631b3f5618a4dca8c80ba8d3ce5055543b14d04e23,churn,50,strict-alternating,29,0,1,ADES,8f8cb04d30658fd350e5c6ed0812c29c9073ddc093cf72c93b98d6edc539721e,60,1,1,0,67108864,107372726,107370622,2104,310,17122098,310,17122098,2104,2104,8831408,8831408,20,40,4,0,4,0,0,0,4,0,0,0,0,33028,0.178763
development,syn-grid-224x224-v1,68ea3f6fb3351e026b850d631b3f5618a4dca8c80ba8d3ce5055543b14d04e23,churn,50,strict-alternating,29,0,2,ADES-V2,8f8cb04d30658fd350e5c6ed0812c29c9073ddc093cf72c93b98d6edc539721e,60,1,1,0,67108864,118723523,118721329,2194,103543,7985731,103543,7985731,2194,2194,6625564,6625564,32,28,3,0,3,0,0,0,3,0,0,0,0,31896,0.189699
development,syn-grid-224x224-v1,68ea3f6fb3351e026b850d631b3f5618a4dca8c80ba8d3ce5055543b14d04e23,churn,50,strict-alternating,29,0,3,COLD,8f8cb04d30658fd350e5c6ed0812c29c9073ddc093cf72c93b98d6edc539721e,60,1,1,0,67108864,185874258,185873607,651,2433137,7699717,2433137,7699717,651,651,0,0,60,0,0,0,0,0,0,0,0,0,0,0,0,25844,0.257472
development,syn-grid-224x224-v1,68ea3f6fb3351e026b850d631b3f5618a4dca8c80ba8d3ce5055543b14d04e23,churn,50,strict-alternating,29,0,4,B3L,8f8cb04d30658fd350e5c6ed0812c29c9073ddc093cf72c93b98d6edc539721e,60,1,1,0,67108864,49465847,49465356,491,150,11091432,150,11091432,491,491,8831040,8831040,4,56,0,0,0,0,0,0,0,0,0,0,0,33180,0.120704
development,syn-grid-224x224-v1,68ea3f6fb3351e026b850d631b3f5618a4dca8c80ba8d3ce5055543b14d04e23,churn,50,strict-alternating,29,1,0,ADES,8f8cb04d30658fd350e5c6ed0812c29c9073ddc093cf72c93b98d6edc539721e,60,1,1,0,67108864,102897888,102895924,1964,320,16098819,311,16098819,1964,1964,8831408,8831408,20,40,4,0,4,0,0,0,4,0,0,0,0,32980,0.174952
development,syn-grid-224x224-v1,68ea3f6fb3351e026b850d631b3f5618a4dca8c80ba8d3ce5055543b14d04e23,churn,50,strict-alternating,29,1,1,ADES-V2,8f8cb04d30658fd350e5c6ed0812c29c9073ddc093cf72c93b98d6edc539721e,60,1,1,0,67108864,106342943,106340739,2204,571,10436581,521,10436581,2204,2204,8833408,8833408,23,37,4,0,4,0,0,0,4,0,0,0,0,33000,0.177848
development,syn-grid-224x224-v1,68ea3f6fb3351e026b850d631b3f5618a4dca8c80ba8d3ce5055543b14d04e23,churn,50,strict-alternating,29,1,2,COLD,8f8cb04d30658fd350e5c6ed0812c29c9073ddc093cf72c93b98d6edc539721e,60,1,1,0,67108864,189817863,189817262,601,2419772,6769713,2419772,6769713,601,601,0,0,60,0,0,0,0,0,0,0,0,0,0,0,0,24908,0.259711
development,syn-grid-224x224-v1,68ea3f6fb3351e026b850d631b3f5618a4dca8c80ba8d3ce5055543b14d04e23,churn,50,strict-alternating,29,1,3,B3L,8f8cb04d30658fd350e5c6ed0812c29c9073ddc093cf72c93b98d6edc539721e,60,1,1,0,67108864,49851042,49850611,431,150,11852862,141,11852862,431,431,8831040,8831040,4,56,0,0,0,0,0,0,0,0,0,0,0,33716,0.122702
development,syn-grid-224x224-v1,68ea3f6fb3351e026b850d631b3f5618a4dca8c80ba8d3ce5055543b14d04e23,churn,50,strict-alternating,29,1,4,FREQ-LRU-REPAIR,8f8cb04d30658fd350e5c6ed0812c29c9073ddc093cf72c93b98d6edc539721e,60,1,1,0,67108864,92183695,92181761,1934,301,15803359,291,15803359,1934,1934,8831408,8831408,16,44,4,0,4,0,0,0,4,0,0,0,0,33020,0.163742
development,syn-scale-free-50000-m4-v1,05b0186a56673b5665dd773738a943bf6d8ee364088949df2ed3c69d5d222ac8,uniform,5,strict-alternating,7,0,0,FREQ-LRU-REPAIR,9a2105dde037f3bd19516970f7ea7eaa08ec56d9fc712d614d3d72c97aa4ce3d,60,11,6,5,16777216,73883394,73878978,4416,416025,5125768,522814,5125768,340,711,960,960,60,0,0,0,0,0,0,0,0,0,0,0,0,42824,0.236612
development,syn-scale-free-50000-m4-v1,05b0186a56673b5665dd773738a943bf6d8ee364088949df2ed3c69d5d222ac8,uniform,5,strict-alternating,7,0,1,ADES,9a2105dde037f3bd19516970f7ea7eaa08ec56d9fc712d614d3d72c97aa4ce3d,60,11,6,5,16777216,72203759,72199060,4699,404484,5241634,560035,5241634,411,852,960,960,60,0,0,0,0,0,0,0,0,0,0,0,0,43220,0.230615
development,syn-scale-free-50000-m4-v1,05b0186a56673b5665dd773738a943bf6d8ee364088949df2ed3c69d5d222ac8,uniform,5,strict-alternating,7,0,2,ADES-V2,9a2105dde037f3bd19516970f7ea7eaa08ec56d9fc712d614d3d72c97aa4ce3d,60,11,6,5,16777216,70393883,70389643,4240,379297,4837120,491967,4837120,401,641,1856,1856,60,0,0,0,0,0,0,0,0,0,0,0,0,42664,0.225924
development,syn-scale-free-50000-m4-v1,05b0186a56673b5665dd773738a943bf6d8ee364088949df2ed3c69d5d222ac8,uniform,5,strict-alternating,7,0,3,COLD,9a2105dde037f3bd19516970f7ea7eaa08ec56d9fc712d614d3d72c97aa4ce3d,60,11,6,5,16777216,67069800,67064509,5291,376371,4984495,524237,4984495,481,892,0,0,60,0,0,0,0,0,0,0,0,0,0,0,0,41432,0.225838
development,syn-scale-free-50000-m4-v1,05b0186a56673b5665dd773738a943bf6d8ee364088949df2ed3c69d5d222ac8,uniform,5,strict-alternating,7,0,4,B3L,9a2105dde037f3bd19516970f7ea7eaa08ec56d9fc712d614d3d72c97aa4ce3d,60,11,6,5,16777216,1611524743,1611510697,14046,26236232,29473073,26549335,29473073,1162,3015,15400112,15400112,60,0,0,53,0,0,0,0,0,0,0,0,0,58364,1.763326
development,syn-scale-free-50000-m4-v1,05b0186a56673b5665dd773738a943bf6d8ee364088949df2ed3c69d5d222ac8,uniform,5,strict-alternating,7,1,0,ADES,9a2105dde037f3bd19516970f7ea7eaa08ec56d9fc712d614d3d72c97aa4ce3d,60,11,6,5,16777216,74265883,74259973,5910,419722,5077632,539154,5077632,551,972,960,960,60,0,0,0,0,0,0,0,0,0,0,0,0,41664,0.229723
development,syn-scale-free-50000-m4-v1,05b0186a56673b5665dd773738a943bf6d8ee364088949df2ed3c69d5d222ac8,uniform,5,strict-alternating,7,1,1,ADES-V2,9a2105dde037f3bd19516970f7ea7eaa08ec56d9fc712d614d3d72c97aa4ce3d,60,11,6,5,16777216,67770965,67766537,4428,357466,5152372,510091,5152372,361,731,1856,1856,60,0,0,0,0,0,0,0,0,0,0,0,0,41472,0.224804
development,syn-scale-free-50000-m4-v1,05b0186a56673b5665dd773738a943bf6d8ee364088949df2ed3c69d5d222ac8,uniform,5,strict-alternating,7,1,2,COLD,9a2105dde037f3bd19516970f7ea7eaa08ec56d9fc712d614d3d72c97aa4ce3d,60,11,6,5,16777216,66769157,66764398,4759,356224,4935368,504149,4935368,390,821,0,0,60,0,0,0,0,0,0,0,0,0,0,0,0,42652,0.225117
development,syn-scale-free-50000-m4-v1,05b0186a56673b5665dd773738a943bf6d8ee364088949df2ed3c69d5d222ac8,uniform,5,strict-alternating,7,1,3,B3L,9a2105dde037f3bd19516970f7ea7eaa08ec56d9fc712d614d3d72c97aa4ce3d,60,11,6,5,16777216,1550746001,1550732295,13706,25270957,29324441,25481559,29324441,1032,3306,15400112,15400112,60,0,0,53,0,0,0,0,0,0,0,0,0,57980,1.703099
development,syn-scale-free-50000-m4-v1,05b0186a56673b5665dd773738a943bf6d8ee364088949df2ed3c69d5d222ac8,uniform,5,strict-alternating,7,1,4,FREQ-LRU-REPAIR,9a2105dde037f3bd19516970f7ea7eaa08ec56d9fc712d614d3d72c97aa4ce3d,60,11,6,5,16777216,71702713,71699267,3446,385118,4851131,500213,4851131,310,481,960,960,60,0,0,0,0,0,0,0,0,0,0,0,0,42764,0.224104
development,syn-scale-free-50000-m4-v1,05b0186a56673b5665dd773738a943bf6d8ee364088949df2ed3c69d5d222ac8,uniform,5,strict-alternating,7,0,0,ADES,9a2105dde037f3bd19516970f7ea7eaa08ec56d9fc712d614d3d72c97aa4ce3d,60,11,6,5,67108864,73367161,73362251,4910,383895,5513575,499391,5513575,431,782,960,960,60,0,0,0,0,0,0,0,0,0,0,0,0,41660,0.229526
development,syn-scale-free-50000-m4-v1,05b0186a56673b5665dd773738a943bf6d8ee364088949df2ed3c69d5d222ac8,uniform,5,strict-alternating,7,0,1,ADES-V2,9a2105dde037f3bd19516970f7ea7eaa08ec56d9fc712d614d3d72c97aa4ce3d,60,11,6,5,67108864,65384935,65380317,4618,373817,4804203,456230,4804203,400,831,1856,1856,60,0,0,0,0,0,0,0,0,0,0,0,0,42604,0.225405
development,syn-scale-free-50000-m4-v1,05b0186a56673b5665dd773738a943bf6d8ee364088949df2ed3c69d5d222ac8,uniform,5,strict-alternating,7,0,2,COLD,9a2105dde037f3bd19516970f7ea7eaa08ec56d9fc712d614d3d72c97aa4ce3d,60,11,6,5,67108864,69522184,69516464,5720,385188,4977847,523265,4977847,511,692,0,0,60,0,0,0,0,0,0,0,0,0,0,0,0,41412,0.228689
development,syn-scale-free-50000-m4-v1,05b0186a56673b5665dd773738a943bf6d8ee364088949df2ed3c69d5d222ac8,uniform,5,strict-alternating,7,0,3,B3L,9a2105dde037f3bd19516970f7ea7eaa08ec56d9fc712d614d3d72c97aa4ce3d,60,11,6,5,67108864,1586822235,1586794834,27401,25494252,29468049,26274067,29468049,2535,4559,66000480,66000480,60,0,0,30,0,0,0,0,0,0,0,0,0,107384,1.749156
development,syn-scale-free-50000-m4-v1,05b0186a56673b5665dd773738a943bf6d8ee364088949df2ed3c69d5d222ac8,uniform,5,strict-alternating,7,0,4,FREQ-LRU-REPAIR,9a2105dde037f3bd19516970f7ea7eaa08ec56d9fc712d614d3d72c97aa4ce3d,60,11,6,5,67108864,65036548,65033483,3065,345785,4688758,483541,4688758,280,381,960,960,60,0,0,0,0,0,0,0,0,0,0,0,0,42896,0.219975
development,syn-scale-free-50000-m4-v1,05b0186a56673b5665dd773738a943bf6d8ee364088949df2ed3c69d5d222ac8,uniform,5,strict-alternating,7,1,0,ADES-V2,9a2105dde037f3bd19516970f7ea7eaa08ec56d9fc712d614d3d72c97aa4ce3d,60,11,6,5,67108864,66211224,66207777,3447,346425,5066692,557258,5066692,331,491,1856,1856,60,0,0,0,0,0,0,0,0,0,0,0,0,42728,0.216636
development,syn-scale-free-50000-m4-v1,05b0186a56673b5665dd773738a943bf6d8ee364088949df2ed3c69d5d222ac8,uniform,5,strict-alternating,7,1,1,COLD,9a2105dde037f3bd19516970f7ea7eaa08ec56d9fc712d614d3d72c97aa4ce3d,60,11,6,5,67108864,65738902,65735288,3614,358729,4818190,489593,4818190,320,521,0,0,60,0,0,0,0,0,0,0,0,0,0,0,0,42700,0.226424
development,syn-scale-free-50000-m4-v1,05b0186a56673b5665dd773738a943bf6d8ee364088949df2ed3c69d5d222ac8,uniform,5,strict-alternating,7,1,2,B3L,9a2105dde037f3bd19516970f7ea7eaa08ec56d9fc712d614d3d72c97aa4ce3d,60,11,6,5,67108864,1635514417,1635487133,27284,26797562,30608755,27169775,30608755,2555,4108,66000480,66000480,60,0,0,30,0,0,0,0,0,0,0,0,0,108504,1.796951
development,syn-scale-free-50000-m4-v1,05b0186a56673b5665dd773738a943bf6d8ee364088949df2ed3c69d5d222ac8,uniform,5,strict-alternating,7,1,3,FREQ-LRU-REPAIR,9a2105dde037f3bd19516970f7ea7eaa08ec56d9fc712d614d3d72c97aa4ce3d,60,11,6,5,67108864,65899563,65895757,3806,383104,5203097,482299,5203097,341,581,960,960,60,0,0,0,0,0,0,0,0,0,0,0,0,43288,0.215507
development,syn-scale-free-50000-m4-v1,05b0186a56673b5665dd773738a943bf6d8ee364088949df2ed3c69d5d222ac8,uniform,5,strict-alternating,7,1,4,ADES,9a2105dde037f3bd19516970f7ea7eaa08ec56d9fc712d614d3d72c97aa4ce3d,60,11,6,5,67108864,73186804,73182164,4640,420293,5416214,525560,5416214,421,631,960,960,60,0,0,0,0,0,0,0,0,0,0,0,0,41608,0.227431
development,syn-scale-free-50000-m4-v1,05b0186a56673b5665dd773738a943bf6d8ee364088949df2ed3c69d5d222ac8,uniform,5,strict-alternating,17,0,0,ADES,6f3fbbe3a71d23d9f5e76c793f4ceaab4b495b5dfe92253f739fbb958d99eb33,60,11,6,5,16777216,61465100,61460892,4208,346576,3510573,470397,3510573,360,641,960,960,60,0,0,0,0,0,0,0,0,0,0,0,0,41500,0.228785
development,syn-scale-free-50000-m4-v1,05b0186a56673b5665dd773738a943bf6d8ee364088949df2ed3c69d5d222ac8,uniform,5,strict-alternating,17,0,1,ADES-V2,6f3fbbe3a71d23d9f5e76c793f4ceaab4b495b5dfe92253f739fbb958d99eb33,60,11,6,5,16777216,59262249,59256889,5360,341016,3344624,462823,3344624,460,691,1856,1856,60,0,0,0,0,0,0,0,0,0,0,0,0,42568,0.217496
development,syn-scale-free-50000-m4-v1,05b0186a56673b5665dd773738a943bf6d8ee364088949df2ed3c69d5d222ac8,uniform,5,strict-alternating,17,0,2,COLD,6f3fbbe3a71d23d9f5e76c793f4ceaab4b495b5dfe92253f739fbb958d99eb33,60,11,6,5,16777216,59942221,59937281,4940,352597,3704143,485826,3704143,350,892,0,0,60,0,0,0,0,0,0,0,0,0,0,0,0,41372,0.212512
development,syn-scale-free-50000-m4-v1,05b0186a56673b5665dd773738a943bf6d8ee364088949df2ed3c69d5d222ac8,uniform,5,strict-alternating,17,0,3,B3L,6f3fbbe3a71d23d9f5e76c793f4ceaab4b495b5dfe92253f739fbb958d99eb33,60,11,6,5,16777216,1604254051,1604229765,24286,26280127,30168664,27207045,30168664,1022,8607,15400112,15400112,60,0,0,53,0,0,0,0,0,0,0,0,0,59096,1.761346
development,syn-scale-free-50000-m4-v1,05b0186a56673b5665dd773738a943bf6d8ee364088949df2ed3c69d5d222ac8,uniform,5,strict-alternating,17,0,4,FREQ-LRU-REPAIR,6f3fbbe3a71d23d9f5e76c793f4ceaab4b495b5dfe92253f739fbb958d99eb33,60,11,6,5,16777216,59468010,59464003,4007,330937,3236551,473813,3236551,311,581,960,960,60,0,0,0,0,0,0,0,0,0,0,0,0,42004,0.215355
development,syn-scale-free-50000-m4-v1,05b0186a56673b5665dd773738a943bf6d8ee364088949df2ed3c69d5d222ac8,uniform,5,strict-alternating,17,1,0,ADES-V2,6f3fbbe3a71d23d9f5e76c793f4ceaab4b495b5dfe92253f739fbb958d99eb33,60,11,6,5,16777216,64650419,64645108,5311,340044,3795423,509790,3795423,371,1173,1856,1856,60,0,0,0,0,0,0,0,0,0,0,0,0,41332,0.225082
development,syn-scale-free-50000-m4-v1,05b0186a56673b5665dd773738a943bf6d8ee364088949df2ed3c69d5d222ac8,uniform,5,strict-alternating,17,1,1,COLD,6f3fbbe3a71d23d9f5e76c793f4ceaab4b495b5dfe92253f739fbb958d99eb33,60,11,6,5,16777216,63329972,63323900,6072,346215,3432026,464356,3432026,461,1152,0,0,60,0,0,0,0,0,0,0,0,0,0,0,0,42564,0.226980
development,syn-scale-free-50000-m4-v1,05b0186a56673b5665dd773738a943bf6d8ee364088949df2ed3c69d5d222ac8,uniform,5,strict-alternating,17,1,2,B3L,6f3fbbe3a71d23d9f5e76c793f4ceaab4b495b5dfe92253f739fbb958d99eb33,60,11,6,5,16777216,1569760491,1569735784,24707,24708428,30595550,25315169,30595550,1183,9427,15400112,15400112,60,0,0,53,0,0,0,0,0,0,0,0,0,57908,1.733696
development,syn-scale-free-50000-m4-v1,05b0186a56673b5665dd773738a943bf6d8ee364088949df2ed3c69d5d222ac8,uniform,5,strict-alternating,17,1,3,FREQ-LRU-REPAIR,6f3fbbe3a71d23d9f5e76c793f4ceaab4b495b5dfe92253f739fbb958d99eb33,60,11,6,5,16777216,53974964,53971490,3474,318153,3005581,420584,3005581,280,510,960,960,60,0,0,0,0,0,0,0,0,0,0,0,0,42016,0.208659
development,syn-scale-free-50000-m4-v1,05b0186a56673b5665dd773738a943bf6d8ee364088949df2ed3c69d5d222ac8,uniform,5,strict-alternating,17,1,4,ADES,6f3fbbe3a71d23d9f5e76c793f4ceaab4b495b5dfe92253f739fbb958d99eb33,60,11,6,5,16777216,59300974,59297586,3388,328482,3130424,494031,3130424,291,581,960,960,60,0,0,0,0,0,0,0,0,0,0,0,0,42768,0.214245
development,syn-scale-free-50000-m4-v1,05b0186a56673b5665dd773738a943bf6d8ee364088949df2ed3c69d5d222ac8,uniform,5,strict-alternating,17,0,0,ADES-V2,6f3fbbe3a71d23d9f5e76c793f4ceaab4b495b5dfe92253f739fbb958d99eb33,60,11,6,5,67108864,54763158,54759911,3247,317001,3081904,429641,3081904,311,441,1856,1856,60,0,0,0,0,0,0,0,0,0,0,0,0,41292,0.214181
development,syn-scale-free-50000-m4-v1,05b0186a56673b5665dd773738a943bf6d8ee364088949df2ed3c69d5d222ac8,uniform,5,strict-alternating,17,0,1,COLD,6f3fbbe3a71d23d9f5e76c793f4ceaab4b495b5dfe92253f739fbb958d99eb33,60,11,6,5,67108864,62550626,62545148,5478,335976,3480386,497216,3480386,420,1072,0,0,60,0,0,0,0,0,0,0,0,0,0,0,0,41344,0.222567
development,syn-scale-free-50000-m4-v1,05b0186a56673b5665dd773738a943bf6d8ee364088949df2ed3c69d5d222ac8,uniform,5,strict-alternating,17,0,2,B3L,6f3fbbe3a71d23d9f5e76c793f4ceaab4b495b5dfe92253f739fbb958d99eb33,60,11,6,5,67108864,1520306247,1520248217,58030,24680279,28693344,25236635,28693344,2445,21089,66000480,66000480,60,0,0,30,0,0,0,0,0,0,0,0,0,107304,1.679873
development,syn-scale-free-50000-m4-v1,05b0186a56673b5665dd773738a943bf6d8ee364088949df2ed3c69d5d222ac8,uniform,5,strict-alternating,17,0,3,FREQ-LRU-REPAIR,6f3fbbe3a71d23d9f5e76c793f4ceaab4b495b5dfe92253f739fbb958d99eb33,60,11,6,5,67108864,57395219,57392082,3137,322912,3192337,457432,3192337,251,471,960,960,60,0,0,0,0,0,0,0,0,0,0,0,0,42672,0.209533
development,syn-scale-free-50000-m4-v1,05b0186a56673b5665dd773738a943bf6d8ee364088949df2ed3c69d5d222ac8,uniform,5,strict-alternating,17,0,4,ADES,6f3fbbe3a71d23d9f5e76c793f4ceaab4b495b5dfe92253f739fbb958d99eb33,60,11,6,5,67108864,61441450,61437944,3506,332600,3512393,460197,3512393,250,741,960,960,60,0,0,0,0,0,0,0,0,0,0,0,0,41500,0.218367
development,syn-scale-free-50000-m4-v1,05b0186a56673b5665dd773738a943bf6d8ee364088949df2ed3c69d5d222ac8,uniform,5,strict-alternating,17,1,0,COLD,6f3fbbe3a71d23d9f5e76c793f4ceaab4b495b5dfe92253f739fbb958d99eb33,60,11,6,5,67108864,58807111,58802613,4498,329835,3229968,442745,3229968,331,662,0,0,60,0,0,0,0,0,0,0,0,0,0,0,0,42600,0.216249
development,syn-scale-free-50000-m4-v1,05b0186a56673b5665dd773738a943bf6d8ee364088949df2ed3c69d5d222ac8,uniform,5,strict-alternating,17,1,1,B3L,6f3fbbe3a71d23d9f5e76c793f4ceaab4b495b5dfe92253f739fbb958d99eb33,60,11,6,5,67108864,1555777549,1555707156,70393,25336401,28428501,25615832,28428501,2926,20929,66000480,66000480,60,0,0,30,0,0,0,0,0,0,0,0,0,107800,1.710843
development,syn-scale-free-50000-m4-v1,05b0186a56673b5665dd773738a943bf6d8ee364088949df2ed3c69d5d222ac8,uniform,5,strict-alternating,17,1,2,FREQ-LRU-REPAIR,6f3fbbe3a71d23d9f5e76c793f4ceaab4b495b5dfe92253f739fbb958d99eb33,60,11,6,5,67108864,61622768,61618261,4507,365491,4205274,497978,4205274,381,631,960,960,60,0,0,0,0,0,0,0,0,0,0,0,0,41532,0.211996
development,syn-scale-free-50000-m4-v1,05b0186a56673b5665dd773738a943bf6d8ee364088949df2ed3c69d5d222ac8,uniform,5,strict-alternating,17,1,3,ADES,6f3fbbe3a71d23d9f5e76c793f4ceaab4b495b5dfe92253f739fbb958d99eb33,60,11,6,5,67108864,57492824,57489559,3265,324444,3160728,483621,3160728,240,521,960,960,60,0,0,0,0,0,0,0,0,0,0,0,0,42676,0.209026
development,syn-scale-free-50000-m4-v1,05b0186a56673b5665dd773738a943bf6d8ee364088949df2ed3c69d5d222ac8,uniform,5,strict-alternating,17,1,4,ADES-V2,6f3fbbe3a71d23d9f5e76c793f4ceaab4b495b5dfe92253f739fbb958d99eb33,60,11,6,5,67108864,59552689,59549212,3477,329574,3337347,471178,3337347,291,510,1856,1856,60,0,0,0,0,0,0,0,0,0,0,0,0,42468,0.215900
development,syn-scale-free-50000-m4-v1,05b0186a56673b5665dd773738a943bf6d8ee364088949df2ed3c69d5d222ac8,uniform,5,strict-alternating,29,0,0,ADES-V2,eaa7ad6cd96f81f3ce9c325c1458d41a00f14069a6a3fa41719664116e2b1f09,60,11,6,5,16777216,91223143,91218515,4628,563340,4120126,716214,4120126,421,662,1856,1856,60,0,0,0,0,0,0,0,0,0,0,0,0,41508,0.242201
development,syn-scale-free-50000-m4-v1,05b0186a56673b5665dd773738a943bf6d8ee364088949df2ed3c69d5d222ac8,uniform,5,strict-alternating,29,0,1,COLD,eaa7ad6cd96f81f3ce9c325c1458d41a00f14069a6a3fa41719664116e2b1f09,60,11,6,5,16777216,80993785,80989777,4008,455248,3732253,634963,3732253,321,590,0,0,60,0,0,0,0,0,0,0,0,0,0,0,0,42736,0.236445
development,syn-scale-free-50000-m4-v1,05b0186a56673b5665dd773738a943bf6d8ee364088949df2ed3c69d5d222ac8,uniform,5,strict-alternating,29,0,2,B3L,eaa7ad6cd96f81f3ce9c325c1458d41a00f14069a6a3fa41719664116e2b1f09,60,11,6,5,16777216,1499002401,1498977242,25159,24494322,28238508,24673296,28238508,972,10039,15400112,15400112,60,0,0,53,0,0,0,0,0,0,0,0,0,59060,1.662028
development,syn-scale-free-50000-m4-v1,05b0186a56673b5665dd773738a943bf6d8ee364088949df2ed3c69d5d222ac8,uniform,5,strict-alternating,29,0,3,FREQ-LRU-REPAIR,eaa7ad6cd96f81f3ce9c325c1458d41a00f14069a6a3fa41719664116e2b1f09,60,11,6,5,16777216,88156778,88153431,3347,490744,4436728,672302,4436728,290,441,960,960,60,0,0,0,0,0,0,0,0,0,0,0,0,41624,0.243234
development,syn-scale-free-50000-m4-v1,05b0186a56673b5665dd773738a943bf6d8ee364088949df2ed3c69d5d222ac8,uniform,5,strict-alternating,29,0,4,ADES,eaa7ad6cd96f81f3ce9c325c1458d41a00f14069a6a3fa41719664116e2b1f09,60,11,6,5,16777216,88757631,88752932,4699,493770,4045969,699543,4045969,411,801,960,960,60,0,0,0,0,0,0,0,0,0,0,0,0,41676,0.241519
development,syn-scale-free-50000-m4-v1,05b0186a56673b5665dd773738a943bf6d8ee364088949df2ed3c69d5d222ac8,uniform,5,strict-alternating,29,1,0,COLD,eaa7ad6cd96f81f3ce9c325c1458d41a00f14069a6a3fa41719664116e2b1f09,60,11,6,5,16777216,90974457,90968898,5559,500633,4639055,669517,4639055,450,971,0,0,60,0,0,0,0,0,0,0,0,0,0,0,0,41564,0.244128
development,syn-scale-free-50000-m4-v1,05b0186a56673b5665dd773738a943bf6d8ee364088949df2ed3c69d5d222ac8,uniform,5,strict-alternating,29,1,1,B3L,eaa7ad6cd96f81f3ce9c325c1458d41a00f14069a6a3fa41719664116e2b1f09,60,11,6,5,16777216,1502486824,1502460053,26771,24177565,27789154,24643372,27789154,1153,10449,15400112,15400112,60,0,0,53,0,0,0,0,0,0,0,0,0,59224,1.658495
development,syn-scale-free-50000-m4-v1,05b0186a56673b5665dd773738a943bf6d8ee364088949df2ed3c69d5d222ac8,uniform,5,strict-alternating,29,1,2,FREQ-LRU-REPAIR,eaa7ad6cd96f81f3ce9c325c1458d41a00f14069a6a3fa41719664116e2b1f09,60,11,6,5,16777216,78501440,78497984,3456,429480,3957404,615928,3957404,321,470,960,960,60,0,0,0,0,0,0,0,0,0,0,0,0,42136,0.234031
development,syn-scale-free-50000-m4-v1,05b0186a56673b5665dd773738a943bf6d8ee364088949df2ed3c69d5d222ac8,uniform,5,strict-alternating,29,1,3,ADES,eaa7ad6cd96f81f3ce9c325c1458d41a00f14069a6a3fa41719664116e2b1f09,60,11,6,5,16777216,85463822,85459865,3957,445199,4385052,642317,4385052,361,681,960,960,60,0,0,0,0,0,0,0,0,0,0,0,0,42204,0.238741
development,syn-scale-free-50000-m4-v1,05b0186a56673b5665dd773738a943bf6d8ee364088949df2ed3c69d5d222ac8,uniform,5,strict-alternating,29,1,4,ADES-V2,eaa7ad6cd96f81f3ce9c325c1458d41a00f14069a6a3fa41719664116e2b1f09,60,11,6,5,16777216,99100929,99095600,5329,526571,4971455,730071,4971455,481,681,1856,1856,60,0,0,0,0,0,0,0,0,0,0,0,0,41504,0.256806
development,syn-scale-free-50000-m4-v1,05b0186a56673b5665dd773738a943bf6d8ee364088949df2ed3c69d5d222ac8,uniform,5,strict-alternating,29,0,0,COLD,eaa7ad6cd96f81f3ce9c325c1458d41a00f14069a6a3fa41719664116e2b1f09,60,11,6,5,67108864,87762442,87757502,4940,471158,4530944,674718,4530944,421,681,0,0,60,0,0,0,0,0,0,0,0,0,0,0,0,42700,0.243480
development,syn-scale-free-50000-m4-v1,05b0186a56673b5665dd773738a943bf6d8ee364088949df2ed3c69d5d222ac8,uniform,5,strict-alternating,29,0,1,B3L,eaa7ad6cd96f81f3ce9c325c1458d41a00f14069a6a3fa41719664116e2b1f09,60,11,6,5,67108864,1581128558,1581059449,69109,25527971,29311842,25981676,29311842,2585,29895,66000480,66000480,60,0,0,30,0,0,0,0,0,0,0,0,0,108500,1.744669
development,syn-scale-free-50000-m4-v1,05b0186a56673b5665dd773738a943bf6d8ee364088949df2ed3c69d5d222ac8,uniform,5,strict-alternating,29,0,2,FREQ-LRU-REPAIR,eaa7ad6cd96f81f3ce9c325c1458d41a00f14069a6a3fa41719664116e2b1f09,60,11,6,5,67108864,90151050,90146752,4298,520981,4125548,673895,4125548,430,621,960,960,60,0,0,0,0,0,0,0,0,0,0,0,0,41660,0.242953
development,syn-scale-free-50000-m4-v1,05b0186a56673b5665dd773738a943bf6d8ee364088949df2ed3c69d5d222ac8,uniform,5,strict-alternating,29,0,3,ADES,eaa7ad6cd96f81f3ce9c325c1458d41a00f14069a6a3fa41719664116e2b1f09,60,11,6,5,67108864,83900645,83896871,3774,440762,3717778,635845,3717778,330,551,960,960,60,0,0,0,0,0,0,0,0,0,0,0,0,42892,0.236046
development,syn-scale-free-50000-m4-v1,05b0186a56673b5665dd773738a943bf6d8ee364088949df2ed3c69d5d222ac8,uniform,5,strict-alternating,29,0,4,ADES-V2,eaa7ad6cd96f81f3ce9c325c1458d41a00f14069a6a3fa41719664116e2b1f09,60,11,6,5,67108864,88913876,88910307,3569,459958,4465732,654280,4465732,311,501,1856,1856,60,0,0,0,0,0,0,0,0,0,0,0,0,41488,0.243198
development,syn-scale-free-50000-m4-v1,05b0186a56673b5665dd773738a943bf6d8ee364088949df2ed3c69d5d222ac8,uniform,5,strict-alternating,29,1,0,B3L,eaa7ad6cd96f81f3ce9c325c1458d41a00f14069a6a3fa41719664116e2b1f09,60,11,6,5,67108864,1583639705,1583570696,69009,25896778,29897754,26176730,29897754,2725,30096,66000480,66000480,60,0,0,30,0,0,0,0,0,0,0,0,0,107804,1.752076
development,syn-scale-free-50000-m4-v1,05b0186a56673b5665dd773738a943bf6d8ee364088949df2ed3c69d5d222ac8,uniform,5,strict-alternating,29,1,1,FREQ-LRU-REPAIR,eaa7ad6cd96f81f3ce9c325c1458d41a00f14069a6a3fa41719664116e2b1f09,60,11,6,5,67108864,90796068,90792402,3666,494742,4303520,665661,4303520,310,571,960,960,60,0,0,0,0,0,0,0,0,0,0,0,0,42836,0.244257
development,syn-scale-free-50000-m4-v1,05b0186a56673b5665dd773738a943bf6d8ee364088949df2ed3c69d5d222ac8,uniform,5,strict-alternating,29,1,2,ADES,eaa7ad6cd96f81f3ce9c325c1458d41a00f14069a6a3fa41719664116e2b1f09,60,11,6,5,67108864,98314556,98310070,4486,556126,5322639,687420,5322639,360,932,960,960,60,0,0,0,0,0,0,0,0,0,0,0,0,42820,0.253706
development,syn-scale-free-50000-m4-v1,05b0186a56673b5665dd773738a943bf6d8ee364088949df2ed3c69d5d222ac8,uniform,5,strict-alternating,29,1,3,ADES-V2,eaa7ad6cd96f81f3ce9c325c1458d41a00f14069a6a3fa41719664116e2b1f09,60,11,6,5,67108864,85546599,85543093,3506,472971,4270309,651593,4270309,310,611,1856,1856,60,0,0,0,0,0,0,0,0,0,0,0,0,41488,0.241691
development,syn-scale-free-50000-m4-v1,05b0186a56673b5665dd773738a943bf6d8ee364088949df2ed3c69d5d222ac8,uniform,5,strict-alternating,29,1,4,COLD,eaa7ad6cd96f81f3ce9c325c1458d41a00f14069a6a3fa41719664116e2b1f09,60,11,6,5,67108864,97957517,97951745,5772,529866,5492806,683302,5492806,501,972,0,0,60,0,0,0,0,0,0,0,0,0,0,0,0,42704,0.256007
development,syn-scale-free-50000-m4-v1,05b0186a56673b5665dd773738a943bf6d8ee364088949df2ed3c69d5d222ac8,uniform,50,strict-alternating,7,0,0,COLD,4e2ec34d82024a08c6366d0d48322ccbddf83202f08cd65c2678ef31b6a31141,60,1,1,0,16777216,60930784,60929832,952,470857,5762817,470857,5762817,952,952,0,0,60,0,0,0,0,0,0,0,0,0,0,0,0,43084,0.223770
development,syn-scale-free-50000-m4-v1,05b0186a56673b5665dd773738a943bf6d8ee364088949df2ed3c69d5d222ac8,uniform,50,strict-alternating,7,0,1,B3L,4e2ec34d82024a08c6366d0d48322ccbddf83202f08cd65c2678ef31b6a31141,60,1,1,0,16777216,1557464529,1557463667,862,26030868,28682123,26030868,28682123,862,862,15400112,15400112,60,0,0,53,0,0,0,0,0,0,0,0,0,58328,1.714564
development,syn-scale-free-50000-m4-v1,05b0186a56673b5665dd773738a943bf6d8ee364088949df2ed3c69d5d222ac8,uniform,50,strict-alternating,7,0,2,FREQ-LRU-REPAIR,4e2ec34d82024a08c6366d0d48322ccbddf83202f08cd65c2678ef31b6a31141,60,1,1,0,16777216,54228539,54227938,601,444097,4816236,444097,4816236,601,601,960,960,60,0,0,0,0,0,0,0,0,0,0,0,0,41520,0.208696
development,syn-scale-free-50000-m4-v1,05b0186a56673b5665dd773738a943bf6d8ee364088949df2ed3c69d5d222ac8,uniform,50,strict-alternating,7,0,3,ADES,4e2ec34d82024a08c6366d0d48322ccbddf83202f08cd65c2678ef31b6a31141,60,1,1,0,16777216,55324722,55324272,450,410314,5254332,410314,5254332,450,450,960,960,60,0,0,0,0,0,0,0,0,0,0,0,0,41564,0.203389
development,syn-scale-free-50000-m4-v1,05b0186a56673b5665dd773738a943bf6d8ee364088949df2ed3c69d5d222ac8,uniform,50,strict-alternating,7,0,4,ADES-V2,4e2ec34d82024a08c6366d0d48322ccbddf83202f08cd65c2678ef31b6a31141,60,1,1,0,16777216,54476111,54475581,530,434790,4579585,434790,4579585,530,530,1856,1856,60,0,0,0,0,0,0,0,0,0,0,0,0,42568,0.210704
development,syn-scale-free-50000-m4-v1,05b0186a56673b5665dd773738a943bf6d8ee364088949df2ed3c69d5d222ac8,uniform,50,strict-alternating,7,1,0,B3L,4e2ec34d82024a08c6366d0d48322ccbddf83202f08cd65c2678ef31b6a31141,60,1,1,0,16777216,1451492260,1451491218,1042,24071063,26946581,24071063,26946581,1042,1042,15400112,15400112,60,0,0,53,0,0,0,0,0,0,0,0,0,57916,1.617161
development,syn-scale-free-50000-m4-v1,05b0186a56673b5665dd773738a943bf6d8ee364088949df2ed3c69d5d222ac8,uniform,50,strict-alternating,7,1,1,FREQ-LRU-REPAIR,4e2ec34d82024a08c6366d0d48322ccbddf83202f08cd65c2678ef31b6a31141,60,1,1,0,16777216,53266464,53265993,471,426254,4948802,426254,4948802,471,471,960,960,60,0,0,0,0,0,0,0,0,0,0,0,0,42676,0.205409
development,syn-scale-free-50000-m4-v1,05b0186a56673b5665dd773738a943bf6d8ee364088949df2ed3c69d5d222ac8,uniform,50,strict-alternating,7,1,2,ADES,4e2ec34d82024a08c6366d0d48322ccbddf83202f08cd65c2678ef31b6a31141,60,1,1,0,16777216,58840958,58840477,481,508317,5389923,508317,5389923,481,481,960,960,60,0,0,0,0,0,0,0,0,0,0,0,0,42688,0.212429
development,syn-scale-free-50000-m4-v1,05b0186a56673b5665dd773738a943bf6d8ee364088949df2ed3c69d5d222ac8,uniform,50,strict-alternating,7,1,3,ADES-V2,4e2ec34d82024a08c6366d0d48322ccbddf83202f08cd65c2678ef31b6a31141,60,1,1,0,16777216,58263487,58262906,581,488199,5471175,488199,5471175,581,581,1856,1856,60,0,0,0,0,0,0,0,0,0,0,0,0,41348,0.218254
development,syn-scale-free-50000-m4-v1,05b0186a56673b5665dd773738a943bf6d8ee364088949df2ed3c69d5d222ac8,uniform,50,strict-alternating,7,1,4,COLD,4e2ec34d82024a08c6366d0d48322ccbddf83202f08cd65c2678ef31b6a31141,60,1,1,0,16777216,55117413,55116862,551,471578,4772293,471578,4772293,551,551,0,0,60,0,0,0,0,0,0,0,0,0,0,0,0,42540,0.213540
development,syn-scale-free-50000-m4-v1,05b0186a56673b5665dd773738a943bf6d8ee364088949df2ed3c69d5d222ac8,uniform,50,strict-alternating,7,0,0,B3L,4e2ec34d82024a08c6366d0d48322ccbddf83202f08cd65c2678ef31b6a31141,60,1,1,0,67108864,1625013649,1625011264,2385,26588252,31090502,26588252,31090502,2385,2385,66000480,66000480,60,0,0,30,0,0,0,0,0,0,0,0,0,107284,1.783444
development,syn-scale-free-50000-m4-v1,05b0186a56673b5665dd773738a943bf6d8ee364088949df2ed3c69d5d222ac8,uniform,50,strict-alternating,7,0,1,FREQ-LRU-REPAIR,4e2ec34d82024a08c6366d0d48322ccbddf83202f08cd65c2678ef31b6a31141,60,1,1,0,67108864,52666365,52665924,441,458084,4703915,458084,4703915,441,441,960,960,60,0,0,0,0,0,0,0,0,0,0,0,0,42716,0.208684
development,syn-scale-free-50000-m4-v1,05b0186a56673b5665dd773738a943bf6d8ee364088949df2ed3c69d5d222ac8,uniform,50,strict-alternating,7,0,2,ADES,4e2ec34d82024a08c6366d0d48322ccbddf83202f08cd65c2678ef31b6a31141,60,1,1,0,67108864,51435178,51434757,421,420574,4492651,420574,4492651,421,421,960,960,60,0,0,0,0,0,0,0,0,0,0,0,0,41584,0.209314
development,syn-scale-free-50000-m4-v1,05b0186a56673b5665dd773738a943bf6d8ee364088949df2ed3c69d5d222ac8,uniform,50,strict-alternating,7,0,3,ADES-V2,4e2ec34d82024a08c6366d0d48322ccbddf83202f08cd65c2678ef31b6a31141,60,1,1,0,67108864,56444194,56443743,451,462050,5195731,462050,5195731,451,451,1856,1856,60,0,0,0,0,0,0,0,0,0,0,0,0,42576,0.220804
development,syn-scale-free-50000-m4-v1,05b0186a56673b5665dd773738a943bf6d8ee364088949df2ed3c69d5d222ac8,uniform,50,strict-alternating,7,0,4,COLD,4e2ec34d82024a08c6366d0d48322ccbddf83202f08cd65c2678ef31b6a31141,60,1,1,0,67108864,56394029,56393298,731,441924,5391045,441924,5391045,731,731,0,0,60,0,0,0,0,0,0,0,0,0,0,0,0,42584,0.212756
development,syn-scale-free-50000-m4-v1,05b0186a56673b5665dd773738a943bf6d8ee364088949df2ed3c69d5d222ac8,uniform,50,strict-alternating,7,1,0,FREQ-LRU-REPAIR,4e2ec34d82024a08c6366d0d48322ccbddf83202f08cd65c2678ef31b6a31141,60,1,1,0,67108864,60023466,60022874,592,491095,4872439,491095,4872439,592,592,960,960,60,0,0,0,0,0,0,0,0,0,0,0,0,41584,0.218909
development,syn-scale-free-50000-m4-v1,05b0186a56673b5665dd773738a943bf6d8ee364088949df2ed3c69d5d222ac8,uniform,50,strict-alternating,7,1,1,ADES,4e2ec34d82024a08c6366d0d48322ccbddf83202f08cd65c2678ef31b6a31141,60,1,1,0,67108864,54977463,54976922,541,460188,4924796,460188,4924796,541,541,960,960,60,0,0,0,0,0,0,0,0,0,0,0,0,41508,0.220818
development,syn-scale-free-50000-m4-v1,05b0186a56673b5665dd773738a943bf6d8ee364088949df2ed3c69d5d222ac8,uniform,50,strict-alternating,7,1,2,ADES-V2,4e2ec34d82024a08c6366d0d48322ccbddf83202f08cd65c2678ef31b6a31141,60,1,1,0,67108864,58147543,58147123,420,475395,4893118,475395,4893118,420,420,1856,1856,60,0,0,0,0,0,0,0,0,0,0,0,0,42576,0.212751
development,syn-scale-free-50000-m4-v1,05b0186a56673b5665dd773738a943bf6d8ee364088949df2ed3c69d5d222ac8,uniform,50,strict-alternating,7,1,3,COLD,4e2ec34d82024a08c6366d0d48322ccbddf83202f08cd65c2678ef31b6a31141,60,1,1,0,67108864,50253242,50252581,661,408712,4408114,408712,4408114,661,661,0,0,60,0,0,0,0,0,0,0,0,0,0,0,0,42576,0.202891
development,syn-scale-free-50000-m4-v1,05b0186a56673b5665dd773738a943bf6d8ee364088949df2ed3c69d5d222ac8,uniform,50,strict-alternating,7,1,4,B3L,4e2ec34d82024a08c6366d0d48322ccbddf83202f08cd65c2678ef31b6a31141,60,1,1,0,67108864,1675632643,1675630269,2374,27015609,31853162,27015609,31853162,2374,2374,66000480,66000480,60,0,0,30,0,0,0,0,0,0,0,0,0,108488,1.837919
development,syn-scale-free-50000-m4-v1,05b0186a56673b5665dd773738a943bf6d8ee364088949df2ed3c69d5d222ac8,uniform,50,strict-alternating,17,0,0,B3L,0858cdf45c1568b44e9031c77d7886ebb3629735a5585a375ac77030c2205836,60,1,1,0,16777216,1578991812,1578988025,3787,25791597,29774900,25791597,29774900,3787,3787,15400112,15400112,60,0,0,53,0,0,0,0,0,0,0,0,0,59544,1.755594
development,syn-scale-free-50000-m4-v1,05b0186a56673b5665dd773738a943bf6d8ee364088949df2ed3c69d5d222ac8,uniform,50,strict-alternating,17,0,1,FREQ-LRU-REPAIR,0858cdf45c1568b44e9031c77d7886ebb3629735a5585a375ac77030c2205836,60,1,1,0,16777216,60770436,60769925,511,469324,3593175,469324,3593175,511,511,960,960,60,0,0,0,0,0,0,0,0,0,0,0,0,41476,0.210430
development,syn-scale-free-50000-m4-v1,05b0186a56673b5665dd773738a943bf6d8ee364088949df2ed3c69d5d222ac8,uniform,50,strict-alternating,17,0,2,ADES,0858cdf45c1568b44e9031c77d7886ebb3629735a5585a375ac77030c2205836,60,1,1,0,16777216,63469112,63468461,651,491647,3537772,491647,3537772,651,651,960,960,60,0,0,0,0,0,0,0,0,0,0,0,0,41512,0.216051
development,syn-scale-free-50000-m4-v1,05b0186a56673b5665dd773738a943bf6d8ee364088949df2ed3c69d5d222ac8,uniform,50,strict-alternating,17,0,3,ADES-V2,0858cdf45c1568b44e9031c77d7886ebb3629735a5585a375ac77030c2205836,60,1,1,0,16777216,59289747,59289206,541,453555,3590731,453555,3590731,541,541,1856,1856,60,0,0,0,0,0,0,0,0,0,0,0,0,41856,0.217471
development,syn-scale-free-50000-m4-v1,05b0186a56673b5665dd773738a943bf6d8ee364088949df2ed3c69d5d222ac8,uniform,50,strict-alternating,17,0,4,COLD,0858cdf45c1568b44e9031c77d7886ebb3629735a5585a375ac77030c2205836,60,1,1,0,16777216,54635760,54635068,692,409433,3119272,409433,3119272,692,692,0,0,60,0,0,0,0,0,0,0,0,0,0,0,0,42684,0.210079
development,syn-scale-free-50000-m4-v1,05b0186a56673b5665dd773738a943bf6d8ee364088949df2ed3c69d5d222ac8,uniform,50,strict-alternating,17,1,0,FREQ-LRU-REPAIR,0858cdf45c1568b44e9031c77d7886ebb3629735a5585a375ac77030c2205836,60,1,1,0,16777216,64816238,64815797,441,487187,4065655,487187,4065655,441,441,960,960,60,0,0,0,0,0,0,0,0,0,0,0,0,41492,0.217840
development,syn-scale-free-50000-m4-v1,05b0186a56673b5665dd773738a943bf6d8ee364088949df2ed3c69d5d222ac8,uniform,50,strict-alternating,17,1,1,ADES,0858cdf45c1568b44e9031c77d7886ebb3629735a5585a375ac77030c2205836,60,1,1,0,16777216,65129947,65129506,441,532121,3785233,532121,3785233,441,441,960,960,60,0,0,0,0,0,0,0,0,0,0,0,0,43212,0.222443
development,syn-scale-free-50000-m4-v1,05b0186a56673b5665dd773738a943bf6d8ee364088949df2ed3c69d5d222ac8,uniform,50,strict-alternating,17,1,2,ADES-V2,0858cdf45c1568b44e9031c77d7886ebb3629735a5585a375ac77030c2205836,60,1,1,0,16777216,55071879,55071418,461,412519,3151562,412519,3151562,461,461,1856,1856,60,0,0,0,0,0,0,0,0,0,0,0,0,42576,0.215585
development,syn-scale-free-50000-m4-v1,05b0186a56673b5665dd773738a943bf6d8ee364088949df2ed3c69d5d222ac8,uniform,50,strict-alternating,17,1,3,COLD,0858cdf45c1568b44e9031c77d7886ebb3629735a5585a375ac77030c2205836,60,1,1,0,16777216,58305802,58305221,581,448025,3305860,448025,3305860,581,581,0,0,60,0,0,0,0,0,0,0,0,0,0,0,0,41332,0.210969
development,syn-scale-free-50000-m4-v1,05b0186a56673b5665dd773738a943bf6d8ee364088949df2ed3c69d5d222ac8,uniform,50,strict-alternating,17,1,4,B3L,0858cdf45c1568b44e9031c77d7886ebb3629735a5585a375ac77030c2205836,60,1,1,0,16777216,1563691515,1563687488,4027,26042596,29804715,26042596,29804715,4027,4027,15400112,15400112,60,0,0,53,0,0,0,0,0,0,0,0,0,59152,1.719144
development,syn-scale-free-50000-m4-v1,05b0186a56673b5665dd773738a943bf6d8ee364088949df2ed3c69d5d222ac8,uniform,50,strict-alternating,17,0,0,FREQ-LRU-REPAIR,0858cdf45c1568b44e9031c77d7886ebb3629735a5585a375ac77030c2205836,60,1,1,0,67108864,60017663,60017222,441,421867,3493229,421867,3493229,441,441,960,960,60,0,0,0,0,0,0,0,0,0,0,0,0,41488,0.216753
development,syn-scale-free-50000-m4-v1,05b0186a56673b5665dd773738a943bf6d8ee364088949df2ed3c69d5d222ac8,uniform,50,strict-alternating,17,0,1,ADES,0858cdf45c1568b44e9031c77d7886ebb3629735a5585a375ac77030c2205836,60,1,1,0,67108864,56758136,56757715,421,427125,3178632,427125,3178632,421,421,960,960,60,0,0,0,0,0,0,0,0,0,0,0,0,43176,0.218768
development,syn-scale-free-50000-m4-v1,05b0186a56673b5665dd773738a943bf6d8ee364088949df2ed3c69d5d222ac8,uniform,50,strict-alternating,17,0,2,ADES-V2,0858cdf45c1568b44e9031c77d7886ebb3629735a5585a375ac77030c2205836,60,1,1,0,67108864,58928468,58928027,441,464204,3542601,464204,3542601,441,441,1856,1856,60,0,0,0,0,0,0,0,0,0,0,0,0,41388,0.217864
development,syn-scale-free-50000-m4-v1,05b0186a56673b5665dd773738a943bf6d8ee364088949df2ed3c69d5d222ac8,uniform,50,strict-alternating,17,0,3,COLD,0858cdf45c1568b44e9031c77d7886ebb3629735a5585a375ac77030c2205836,60,1,1,0,67108864,57014425,57013343,1082,423429,3162983,423429,3162983,1082,1082,0,0,60,0,0,0,0,0,0,0,0,0,0,0,0,42576,0.212512
development,syn-scale-free-50000-m4-v1,05b0186a56673b5665dd773738a943bf6d8ee364088949df2ed3c69d5d222ac8,uniform,50,strict-alternating,17,0,4,B3L,0858cdf45c1568b44e9031c77d7886ebb3629735a5585a375ac77030c2205836,60,1,1,0,67108864,1559803620,1559794544,9076,25397804,29498836,25397804,29498836,9076,9076,66000480,66000480,60,0,0,30,0,0,0,0,0,0,0,0,0,107248,1.719693
development,syn-scale-free-50000-m4-v1,05b0186a56673b5665dd773738a943bf6d8ee364088949df2ed3c69d5d222ac8,uniform,50,strict-alternating,17,1,0,ADES,0858cdf45c1568b44e9031c77d7886ebb3629735a5585a375ac77030c2205836,60,1,1,0,67108864,56511409,56510968,441,413049,3148117,413049,3148117,441,441,960,960,60,0,0,0,0,0,0,0,0,0,0,0,0,42660,0.208666
development,syn-scale-free-50000-m4-v1,05b0186a56673b5665dd773738a943bf6d8ee364088949df2ed3c69d5d222ac8,uniform,50,strict-alternating,17,1,1,ADES-V2,0858cdf45c1568b44e9031c77d7886ebb3629735a5585a375ac77030c2205836,60,1,1,0,67108864,58850685,58850254,431,439589,3233205,439589,3233205,431,431,1856,1856,60,0,0,0,0,0,0,0,0,0,0,0,0,42512,0.210423
development,syn-scale-free-50000-m4-v1,05b0186a56673b5665dd773738a943bf6d8ee364088949df2ed3c69d5d222ac8,uniform,50,strict-alternating,17,1,2,COLD,0858cdf45c1568b44e9031c77d7886ebb3629735a5585a375ac77030c2205836,60,1,1,0,67108864,59252510,59251808,702,437676,3762560,437676,3762560,702,702,0,0,60,0,0,0,0,0,0,0,0,0,0,0,0,41332,0.214980
development,syn-scale-free-50000-m4-v1,05b0186a56673b5665dd773738a943bf6d8ee364088949df2ed3c69d5d222ac8,uniform,50,strict-alternating,17,1,3,B3L,0858cdf45c1568b44e9031c77d7886ebb3629735a5585a375ac77030c2205836,60,1,1,0,67108864,1591455110,1591445933,9177,26228752,29875608,26228752,29875608,9177,9177,66000480,66000480,60,0,0,30,0,0,0,0,0,0,0,0,0,107288,1.747144
development,syn-scale-free-50000-m4-v1,05b0186a56673b5665dd773738a943bf6d8ee364088949df2ed3c69d5d222ac8,uniform,50,strict-alternating,17,1,4,FREQ-LRU-REPAIR,0858cdf45c1568b44e9031c77d7886ebb3629735a5585a375ac77030c2205836,60,1,1,0,67108864,55485811,55485390,421,414157,3065953,414157,3065953,421,421,960,960,60,0,0,0,0,0,0,0,0,0,0,0,0,42736,0.210488
development,syn-scale-free-50000-m4-v1,05b0186a56673b5665dd773738a943bf6d8ee364088949df2ed3c69d5d222ac8,uniform,50,strict-alternating,29,0,0,FREQ-LRU-REPAIR,9f84183cff4838687c291be99f24af645fe5fd282d0b6d615e0171e57a021c87,60,1,1,0,16777216,84623851,84623330,521,702710,4462728,702710,4462728,521,521,960,960,60,0,0,0,0,0,0,0,0,0,0,0,0,41596,0.247463
development,syn-scale-free-50000-m4-v1,05b0186a56673b5665dd773738a943bf6d8ee364088949df2ed3c69d5d222ac8,uniform,50,strict-alternating,29,0,1,ADES,9f84183cff4838687c291be99f24af645fe5fd282d0b6d615e0171e57a021c87,60,1,1,0,16777216,92299247,92298826,421,753814,4705570,753814,4705570,421,421,960,960,60,0,0,0,0,0,0,0,0,0,0,0,0,42832,0.251634
development,syn-scale-free-50000-m4-v1,05b0186a56673b5665dd773738a943bf6d8ee364088949df2ed3c69d5d222ac8,uniform,50,strict-alternating,29,0,2,ADES-V2,9f84183cff4838687c291be99f24af645fe5fd282d0b6d615e0171e57a021c87,60,1,1,0,16777216,88868074,88867613,461,697100,5088534,697100,5088534,461,461,1856,1856,60,0,0,0,0,0,0,0,0,0,0,0,0,42700,0.247268
development,syn-scale-free-50000-m4-v1,05b0186a56673b5665dd773738a943bf6d8ee364088949df2ed3c69d5d222ac8,uniform,50,strict-alternating,29,0,3,COLD,9f84183cff4838687c291be99f24af645fe5fd282d0b6d615e0171e57a021c87,60,1,1,0,16777216,76063678,76062906,772,639612,3999334,639612,3999334,772,772,0,0,60,0,0,0,0,0,0,0,0,0,0,0,0,41472,0.231480
development,syn-scale-free-50000-m4-v1,05b0186a56673b5665dd773738a943bf6d8ee364088949df2ed3c69d5d222ac8,uniform,50,strict-alternating,29,0,4,B3L,9f84183cff4838687c291be99f24af645fe5fd282d0b6d615e0171e57a021c87,60,1,1,0,16777216,1588156699,1588155466,1233,26134162,30426912,26134162,30426912,1233,1233,15400112,15400112,60,0,0,53,0,0,0,0,0,0,0,0,0,57820,1.745940
development,syn-scale-free-50000-m4-v1,05b0186a56673b5665dd773738a943bf6d8ee364088949df2ed3c69d5d222ac8,uniform,50,strict-alternating,29,1,0,ADES,9f84183cff4838687c291be99f24af645fe5fd282d0b6d615e0171e57a021c87,60,1,1,0,16777216,78109190,78108578,612,643579,3975380,643579,3975380,612,612,960,960,60,0,0,0,0,0,0,0,0,0,0,0,0,42896,0.224904
development,syn-scale-free-50000-m4-v1,05b0186a56673b5665dd773738a943bf6d8ee364088949df2ed3c69d5d222ac8,uniform,50,strict-alternating,29,1,1,ADES-V2,9f84183cff4838687c291be99f24af645fe5fd282d0b6d615e0171e57a021c87,60,1,1,0,16777216,79666841,79666370,471,636967,4018029,636967,4018029,471,471,1856,1856,60,0,0,0,0,0,0,0,0,0,0,0,0,42040,0.234592
development,syn-scale-free-50000-m4-v1,05b0186a56673b5665dd773738a943bf6d8ee364088949df2ed3c69d5d222ac8,uniform,50,strict-alternating,29,1,2,COLD,9f84183cff4838687c291be99f24af645fe5fd282d0b6d615e0171e57a021c87,60,1,1,0,16777216,85213919,85213127,792,655531,5197287,655531,5197287,792,792,0,0,60,0,0,0,0,0,0,0,0,0,0,0,0,42704,0.244570
development,syn-scale-free-50000-m4-v1,05b0186a56673b5665dd773738a943bf6d8ee364088949df2ed3c69d5d222ac8,uniform,50,strict-alternating,29,1,3,B3L,9f84183cff4838687c291be99f24af645fe5fd282d0b6d615e0171e57a021c87,60,1,1,0,16777216,1580566687,1580565685,1002,26194634,30089704,26194634,30089704,1002,1002,15400112,15400112,60,0,0,53,0,0,0,0,0,0,0,0,0,59152,1.738006
development,syn-scale-free-50000-m4-v1,05b0186a56673b5665dd773738a943bf6d8ee364088949df2ed3c69d5d222ac8,uniform,50,strict-alternating,29,1,4,FREQ-LRU-REPAIR,9f84183cff4838687c291be99f24af645fe5fd282d0b6d615e0171e57a021c87,60,1,1,0,16777216,87225540,87225119,421,721392,4878325,721392,4878325,421,421,960,960,60,0,0,0,0,0,0,0,0,0,0,0,0,41596,0.241480
development,syn-scale-free-50000-m4-v1,05b0186a56673b5665dd773738a943bf6d8ee364088949df2ed3c69d5d222ac8,uniform,50,strict-alternating,29,0,0,ADES,9f84183cff4838687c291be99f24af645fe5fd282d0b6d615e0171e57a021c87,60,1,1,0,67108864,87337741,87337150,591,710321,4874527,710321,4874527,591,591,960,960,60,0,0,0,0,0,0,0,0,0,0,0,0,42816,0.241457
development,syn-scale-free-50000-m4-v1,05b0186a56673b5665dd773738a943bf6d8ee364088949df2ed3c69d5d222ac8,uniform,50,strict-alternating,29,0,1,ADES-V2,9f84183cff4838687c291be99f24af645fe5fd282d0b6d615e0171e57a021c87,60,1,1,0,67108864,88156482,88155810,672,753261,4527131,753261,4527131,672,672,1856,1856,60,0,0,0,0,0,0,0,0,0,0,0,0,42696,0.241365
development,syn-scale-free-50000-m4-v1,05b0186a56673b5665dd773738a943bf6d8ee364088949df2ed3c69d5d222ac8,uniform,50,strict-alternating,29,0,2,COLD,9f84183cff4838687c291be99f24af645fe5fd282d0b6d615e0171e57a021c87,60,1,1,0,67108864,84435430,84434579,851,645261,4441382,645261,4441382,851,851,0,0,60,0,0,0,0,0,0,0,0,0,0,0,0,42672,0.248516
development,syn-scale-free-50000-m4-v1,05b0186a56673b5665dd773738a943bf6d8ee364088949df2ed3c69d5d222ac8,uniform,50,strict-alternating,29,0,3,B3L,9f84183cff4838687c291be99f24af645fe5fd282d0b6d615e0171e57a021c87,60,1,1,0,67108864,1627880918,1627878403,2515,26548415,31375285,26548415,31375285,2515,2515,66000480,66000480,60,0,0,30,0,0,0,0,0,0,0,0,0,107468,1.785921
development,syn-scale-free-50000-m4-v1,05b0186a56673b5665dd773738a943bf6d8ee364088949df2ed3c69d5d222ac8,uniform,50,strict-alternating,29,0,4,FREQ-LRU-REPAIR,9f84183cff4838687c291be99f24af645fe5fd282d0b6d615e0171e57a021c87,60,1,1,0,67108864,84909419,84908548,871,669125,4978391,669125,4978391,871,871,960,960,60,0,0,0,0,0,0,0,0,0,0,0,0,42704,0.243207
development,syn-scale-free-50000-m4-v1,05b0186a56673b5665dd773738a943bf6d8ee364088949df2ed3c69d5d222ac8,uniform,50,strict-alternating,29,1,0,ADES-V2,9f84183cff4838687c291be99f24af645fe5fd282d0b6d615e0171e57a021c87,60,1,1,0,67108864,84334648,84334288,360,744485,4143538,744485,4143538,360,360,1856,1856,60,0,0,0,0,0,0,0,0,0,0,0,0,41964,0.243480
development,syn-scale-free-50000-m4-v1,05b0186a56673b5665dd773738a943bf6d8ee364088949df2ed3c69d5d222ac8,uniform,50,strict-alternating,29,1,1,COLD,9f84183cff4838687c291be99f24af645fe5fd282d0b6d615e0171e57a021c87,60,1,1,0,67108864,89582127,89581356,771,706223,5138679,706223,5138679,771,771,0,0,60,0,0,0,0,0,0,0,0,0,0,0,0,43212,0.239833
development,syn-scale-free-50000-m4-v1,05b0186a56673b5665dd773738a943bf6d8ee364088949df2ed3c69d5d222ac8,uniform,50,strict-alternating,29,1,2,B3L,9f84183cff4838687c291be99f24af645fe5fd282d0b6d615e0171e57a021c87,60,1,1,0,67108864,1610963256,1610960280,2976,26536606,29989171,26536606,29989171,2976,2976,66000480,66000480,60,0,0,30,0,0,0,0,0,0,0,0,0,107128,1.774140
development,syn-scale-free-50000-m4-v1,05b0186a56673b5665dd773738a943bf6d8ee364088949df2ed3c69d5d222ac8,uniform,50,strict-alternating,29,1,3,FREQ-LRU-REPAIR,9f84183cff4838687c291be99f24af645fe5fd282d0b6d615e0171e57a021c87,60,1,1,0,67108864,87122929,87122408,521,715714,4090183,715714,4090183,521,521,960,960,60,0,0,0,0,0,0,0,0,0,0,0,0,43336,0.236397
development,syn-scale-free-50000-m4-v1,05b0186a56673b5665dd773738a943bf6d8ee364088949df2ed3c69d5d222ac8,uniform,50,strict-alternating,29,1,4,ADES,9f84183cff4838687c291be99f24af645fe5fd282d0b6d615e0171e57a021c87,60,1,1,0,67108864,83820504,83820053,451,662675,4481392,662675,4481392,451,451,960,960,60,0,0,0,0,0,0,0,0,0,0,0,0,42832,0.235749
development,syn-scale-free-50000-m4-v1,05b0186a56673b5665dd773738a943bf6d8ee364088949df2ed3c69d5d222ac8,single-hot,5,strict-alternating,7,0,0,ADES,f1f2ade866c99abe96b03d340021fb25ae427eb769cb2ac46ca97c3afc112125,60,11,6,5,16777216,42703053,42695949,7104,1263,983042,132738,983042,331,2895,2200140,2200140,34,26,1,0,1,0,0,0,4,0,1,0,0,44124,0.198765
development,syn-scale-free-50000-m4-v1,05b0186a56673b5665dd773738a943bf6d8ee364088949df2ed3c69d5d222ac8,single-hot,5,strict-alternating,7,0,1,ADES-V2,f1f2ade866c99abe96b03d340021fb25ae427eb769cb2ac46ca97c3afc112125,60,11,6,5,16777216,53582182,53577825,4357,271806,1405529,303626,1405529,310,1273,2202000,2202000,55,5,1,0,1,0,0,0,1,0,0,0,0,42876,0.209048
development,syn-scale-free-50000-m4-v1,05b0186a56673b5665dd773738a943bf6d8ee364088949df2ed3c69d5d222ac8,single-hot,5,strict-alternating,7,0,2,COLD,f1f2ade866c99abe96b03d340021fb25ae427eb769cb2ac46ca97c3afc112125,60,11,6,5,16777216,31024076,31019906,4170,282927,1196570,314586,1196570,381,601,0,0,60,0,0,0,0,0,0,0,0,0,0,0,0,42344,0.188712
development,syn-scale-free-50000-m4-v1,05b0186a56673b5665dd773738a943bf6d8ee364088949df2ed3c69d5d222ac8,single-hot,5,strict-alternating,7,0,3,B3L,f1f2ade866c99abe96b03d340021fb25ae427eb769cb2ac46ca97c3afc112125,60,11,6,5,16777216,94096345,94084023,12322,151,5280,150,771,371,5280,6600048,6600048,3,57,0,0,0,0,0,0,0,0,0,0,0,48316,0.250144
development,syn-scale-free-50000-m4-v1,05b0186a56673b5665dd773738a943bf6d8ee364088949df2ed3c69d5d222ac8,single-hot,5,strict-alternating,7,0,4,FREQ-LRU-REPAIR,f1f2ade866c99abe96b03d340021fb25ae427eb769cb2ac46ca97c3afc112125,60,11,6,5,16777216,34630715,34621760,8955,120,447023,111,447023,521,2234,2200140,2200140,6,54,1,0,1,0,0,0,9,0,2,0,0,44684,0.196933
development,syn-scale-free-50000-m4-v1,05b0186a56673b5665dd773738a943bf6d8ee364088949df2ed3c69d5d222ac8,single-hot,5,strict-alternating,7,1,0,ADES-V2,f1f2ade866c99abe96b03d340021fb25ae427eb769cb2ac46ca97c3afc112125,60,11,6,5,16777216,56776634,56772195,4439,273279,1468257,299609,1468257,301,1152,2202000,2202000,55,5,1,0,1,0,0,0,1,0,0,0,0,44092,0.218489
development,syn-scale-free-50000-m4-v1,05b0186a56673b5665dd773738a943bf6d8ee364088949df2ed3c69d5d222ac8,single-hot,5,strict-alternating,7,1,1,COLD,f1f2ade866c99abe96b03d340021fb25ae427eb769cb2ac46ca97c3afc112125,60,11,6,5,16777216,32187668,32182898,4770,293267,1260780,333522,1260780,401,581,0,0,60,0,0,0,0,0,0,0,0,0,0,0,0,42356,0.188944
development,syn-scale-free-50000-m4-v1,05b0186a56673b5665dd773738a943bf6d8ee364088949df2ed3c69d5d222ac8,single-hot,5,strict-alternating,7,1,2,B3L,f1f2ade866c99abe96b03d340021fb25ae427eb769cb2ac46ca97c3afc112125,60,11,6,5,16777216,85247059,85235035,12024,151,4779,141,521,310,4779,6600048,6600048,3,57,0,0,0,0,0,0,0,0,0,0,0,47644,0.245479
development,syn-scale-free-50000-m4-v1,05b0186a56673b5665dd773738a943bf6d8ee364088949df2ed3c69d5d222ac8,single-hot,5,strict-alternating,7,1,3,FREQ-LRU-REPAIR,f1f2ade866c99abe96b03d340021fb25ae427eb769cb2ac46ca97c3afc112125,60,11,6,5,16777216,31340348,31330567,9781,120,487018,111,487018,511,2826,2200140,2200140,6,54,1,0,1,0,0,0,9,0,2,0,0,44148,0.189498
development,syn-scale-free-50000-m4-v1,05b0186a56673b5665dd773738a943bf6d8ee364088949df2ed3c69d5d222ac8,single-hot,5,strict-alternating,7,1,4,ADES,f1f2ade866c99abe96b03d340021fb25ae427eb769cb2ac46ca97c3afc112125,60,11,6,5,16777216,47554232,47546159,8073,1493,989684,140411,989684,380,3336,2200140,2200140,34,26,1,0,1,0,0,0,4,0,1,0,0,44092,0.202340
development,syn-scale-free-50000-m4-v1,05b0186a56673b5665dd773738a943bf6d8ee364088949df2ed3c69d5d222ac8,single-hot,5,strict-alternating,7,0,0,ADES-V2,f1f2ade866c99abe96b03d340021fb25ae427eb769cb2ac46ca97c3afc112125,60,11,6,5,67108864,52030056,52025309,4747,260796,1377687,281214,1377687,390,1102,2202000,2202000,55,5,1,0,1,0,0,0,1,0,0,0,0,44684,0.206908
development,syn-scale-free-50000-m4-v1,05b0186a56673b5665dd773738a943bf6d8ee364088949df2ed3c69d5d222ac8,single-hot,5,strict-alternating,7,0,1,COLD,f1f2ade866c99abe96b03d340021fb25ae427eb769cb2ac46ca97c3afc112125,60,11,6,5,67108864,32491412,32487434,3978,290752,1263225,326409,1263225,301,771,0,0,60,0,0,0,0,0,0,0,0,0,0,0,0,42452,0.184093
development,syn-scale-free-50000-m4-v1,05b0186a56673b5665dd773738a943bf6d8ee364088949df2ed3c69d5d222ac8,single-hot,5,strict-alternating,7,0,2,B3L,f1f2ade866c99abe96b03d340021fb25ae427eb769cb2ac46ca97c3afc112125,60,11,6,5,67108864,81536551,81524910,11641,140,4678,140,941,361,4678,6600048,6600048,3,57,0,0,0,0,0,0,0,0,0,0,0,47092,0.233817
development,syn-scale-free-50000-m4-v1,05b0186a56673b5665dd773738a943bf6d8ee364088949df2ed3c69d5d222ac8,single-hot,5,strict-alternating,7,0,3,FREQ-LRU-REPAIR,f1f2ade866c99abe96b03d340021fb25ae427eb769cb2ac46ca97c3afc112125,60,11,6,5,67108864,30446243,30438788,7455,120,409904,111,409904,401,1904,2200140,2200140,6,54,1,0,1,0,0,0,9,0,2,0,0,44624,0.187191
development,syn-scale-free-50000-m4-v1,05b0186a56673b5665dd773738a943bf6d8ee364088949df2ed3c69d5d222ac8,single-hot,5,strict-alternating,7,0,4,ADES,f1f2ade866c99abe96b03d340021fb25ae427eb769cb2ac46ca97c3afc112125,60,11,6,5,67108864,45690699,45682716,7983,1423,1049316,143708,1049316,411,3085,2200140,2200140,34,26,1,0,1,0,0,0,4,0,1,0,0,42924,0.202804
development,syn-scale-free-50000-m4-v1,05b0186a56673b5665dd773738a943bf6d8ee364088949df2ed3c69d5d222ac8,single-hot,5,strict-alternating,7,1,0,COLD,f1f2ade866c99abe96b03d340021fb25ae427eb769cb2ac46ca97c3afc112125,60,11,6,5,67108864,31531939,31527809,4130,282547,1253565,321179,1253565,281,791,0,0,60,0,0,0,0,0,0,0,0,0,0,0,0,41308,0.184748
development,syn-scale-free-50000-m4-v1,05b0186a56673b5665dd773738a943bf6d8ee364088949df2ed3c69d5d222ac8,single-hot,5,strict-alternating,7,1,1,B3L,f1f2ade866c99abe96b03d340021fb25ae427eb769cb2ac46ca97c3afc112125,60,11,6,5,67108864,84845270,84834289,10981,151,4539,150,521,381,4539,6600048,6600048,3,57,0,0,0,0,0,0,0,0,0,0,0,48408,0.237682
development,syn-scale-free-50000-m4-v1,05b0186a56673b5665dd773738a943bf6d8ee364088949df2ed3c69d5d222ac8,single-hot,5,strict-alternating,7,1,2,FREQ-LRU-REPAIR,f1f2ade866c99abe96b03d340021fb25ae427eb769cb2ac46ca97c3afc112125,60,11,6,5,67108864,28367679,28360165,7514,120,418059,111,418059,461,1874,2200140,2200140,6,54,1,0,1,0,0,0,9,0,2,0,0,43424,0.182366
development,syn-scale-free-50000-m4-v1,05b0186a56673b5665dd773738a943bf6d8ee364088949df2ed3c69d5d222ac8,single-hot,5,strict-alternating,7,1,3,ADES,f1f2ade866c99abe96b03d340021fb25ae427eb769cb2ac46ca97c3afc112125,60,11,6,5,67108864,44414649,44407705,6944,1042,995094,128810,995094,330,2946,2200140,2200140,34,26,1,0,1,0,0,0,4,0,1,0,0,44084,0.197749
development,syn-scale-free-50000-m4-v1,05b0186a56673b5665dd773738a943bf6d8ee364088949df2ed3c69d5d222ac8,single-hot,5,strict-alternating,7,1,4,ADES-V2,f1f2ade866c99abe96b03d340021fb25ae427eb769cb2ac46ca97c3afc112125,60,11,6,5,67108864,53114091,53109495,4596,252411,1436117,283548,1436117,361,1342,2202000,2202000,55,5,1,0,1,0,0,0,1,0,0,0,0,44096,0.209267
development,syn-scale-free-50000-m4-v1,05b0186a56673b5665dd773738a943bf6d8ee364088949df2ed3c69d5d222ac8,single-hot,5,strict-alternating,17,0,0,ADES-V2,d0f8a8d88d56c64dbbb5293eaf89f11cb0a9b70cc0fb63da5379fe93e7e953d8,60,11,6,5,16777216,34830755,34819704,11051,121,290642,110,290642,611,4338,2202000,2202000,8,52,1,0,1,0,0,0,9,0,2,0,0,43408,0.189779
development,syn-scale-free-50000-m4-v1,05b0186a56673b5665dd773738a943bf6d8ee364088949df2ed3c69d5d222ac8,single-hot,5,strict-alternating,17,0,1,COLD,d0f8a8d88d56c64dbbb5293eaf89f11cb0a9b70cc0fb63da5379fe93e7e953d8,60,11,6,5,16777216,61291591,61287895,3696,368146,3017283,472600,3017283,360,501,0,0,60,0,0,0,0,0,0,0,0,0,0,0,0,41564,0.218067
development,syn-scale-free-50000-m4-v1,05b0186a56673b5665dd773738a943bf6d8ee364088949df2ed3c69d5d222ac8,single-hot,5,strict-alternating,17,0,2,B3L,d0f8a8d88d56c64dbbb5293eaf89f11cb0a9b70cc0fb63da5379fe93e7e953d8,60,11,6,5,16777216,175938434,175922746,15688,231,25230600,160,25230600,802,7825,15400112,15400112,7,53,0,0,0,0,0,0,0,0,0,0,0,56980,0.334347
development,syn-scale-free-50000-m4-v1,05b0186a56673b5665dd773738a943bf6d8ee364088949df2ed3c69d5d222ac8,single-hot,5,strict-alternating,17,0,3,FREQ-LRU-REPAIR,d0f8a8d88d56c64dbbb5293eaf89f11cb0a9b70cc0fb63da5379fe93e7e953d8,60,11,6,5,16777216,41808614,41796572,12042,120,1774768,110,1774768,521,4358,2200204,2200204,10,50,1,0,1,0,0,0,9,0,2,0,0,43372,0.199040
development,syn-scale-free-50000-m4-v1,05b0186a56673b5665dd773738a943bf6d8ee364088949df2ed3c69d5d222ac8,single-hot,5,strict-alternating,17,0,4,ADES,d0f8a8d88d56c64dbbb5293eaf89f11cb0a9b70cc0fb63da5379fe93e7e953d8,60,11,6,5,16777216,47787152,47773728,13424,220,1763226,181,1763226,571,4779,2200204,2200204,19,41,1,0,1,0,0,0,7,0,2,0,0,44532,0.208613
development,syn-scale-free-50000-m4-v1,05b0186a56673b5665dd773738a943bf6d8ee364088949df2ed3c69d5d222ac8,single-hot,5,strict-alternating,17,1,0,COLD,d0f8a8d88d56c64dbbb5293eaf89f11cb0a9b70cc0fb63da5379fe93e7e953d8,60,11,6,5,16777216,57706392,57702165,4227,352067,2754494,431804,2754494,371,641,0,0,60,0,0,0,0,0,0,0,0,0,0,0,0,42708,0.210443
development,syn-scale-free-50000-m4-v1,05b0186a56673b5665dd773738a943bf6d8ee364088949df2ed3c69d5d222ac8,single-hot,5,strict-alternating,17,1,1,B3L,d0f8a8d88d56c64dbbb5293eaf89f11cb0a9b70cc0fb63da5379fe93e7e953d8,60,11,6,5,16777216,191786582,191769309,17273,160,26752466,150,26752466,721,8496,15400112,15400112,7,53,0,0,0,0,0,0,0,0,0,0,0,56912,0.353882
development,syn-scale-free-50000-m4-v1,05b0186a56673b5665dd773738a943bf6d8ee364088949df2ed3c69d5d222ac8,single-hot,5,strict-alternating,17,1,2,FREQ-LRU-REPAIR,d0f8a8d88d56c64dbbb5293eaf89f11cb0a9b70cc0fb63da5379fe93e7e953d8,60,11,6,5,16777216,42606030,42591824,14206,161,1773896,121,1773896,631,5741,2200204,2200204,10,50,1,0,1,0,0,0,9,0,2,0,0,43276,0.201796
development,syn-scale-free-50000-m4-v1,05b0186a56673b5665dd773738a943bf6d8ee364088949df2ed3c69d5d222ac8,single-hot,5,strict-alternating,17,1,3,ADES,d0f8a8d88d56c64dbbb5293eaf89f11cb0a9b70cc0fb63da5379fe93e7e953d8,60,11,6,5,16777216,45780917,45768374,12543,180,1658541,150,1658541,511,4398,2200204,2200204,19,41,1,0,1,0,0,0,7,0,2,0,0,44520,0.201339
development,syn-scale-free-50000-m4-v1,05b0186a56673b5665dd773738a943bf6d8ee364088949df2ed3c69d5d222ac8,single-hot,5,strict-alternating,17,1,4,ADES-V2,d0f8a8d88d56c64dbbb5293eaf89f11cb0a9b70cc0fb63da5379fe93e7e953d8,60,11,6,5,16777216,40765405,40752170,13235,130,343219,120,343219,531,5230,2202000,2202000,8,52,1,0,1,0,0,0,9,0,2,0,0,43388,0.200064
development,syn-scale-free-50000-m4-v1,05b0186a56673b5665dd773738a943bf6d8ee364088949df2ed3c69d5d222ac8,single-hot,5,strict-alternating,17,0,0,COLD,d0f8a8d88d56c64dbbb5293eaf89f11cb0a9b70cc0fb63da5379fe93e7e953d8,60,11,6,5,67108864,62628482,62623392,5090,370420,2985524,463965,2985524,431,842,0,0,60,0,0,0,0,0,0,0,0,0,0,0,0,41960,0.220847
development,syn-scale-free-50000-m4-v1,05b0186a56673b5665dd773738a943bf6d8ee364088949df2ed3c69d5d222ac8,single-hot,5,strict-alternating,17,0,1,B3L,d0f8a8d88d56c64dbbb5293eaf89f11cb0a9b70cc0fb63da5379fe93e7e953d8,60,11,6,5,67108864,191805626,191790248,15378,200,26711299,160,26711299,721,7234,15400112,15400112,7,53,0,0,0,0,0,0,0,0,0,0,0,55728,0.351406
development,syn-scale-free-50000-m4-v1,05b0186a56673b5665dd773738a943bf6d8ee364088949df2ed3c69d5d222ac8,single-hot,5,strict-alternating,17,0,2,FREQ-LRU-REPAIR,d0f8a8d88d56c64dbbb5293eaf89f11cb0a9b70cc0fb63da5379fe93e7e953d8,60,11,6,5,67108864,44647976,44635821,12155,120,1871819,120,1871819,521,4529,2200204,2200204,10,50,1,0,1,0,0,0,9,0,2,0,0,43400,0.202218
development,syn-scale-free-50000-m4-v1,05b0186a56673b5665dd773738a943bf6d8ee364088949df2ed3c69d5d222ac8,single-hot,5,strict-alternating,17,0,3,ADES,d0f8a8d88d56c64dbbb5293eaf89f11cb0a9b70cc0fb63da5379fe93e7e953d8,60,11,6,5,67108864,43549224,43537109,12115,210,1675393,140,1675393,501,4078,2200204,2200204,19,41,1,0,1,0,0,0,7,0,2,0,0,43372,0.201052
development,syn-scale-free-50000-m4-v1,05b0186a56673b5665dd773738a943bf6d8ee364088949df2ed3c69d5d222ac8,single-hot,5,strict-alternating,17,0,4,ADES-V2,d0f8a8d88d56c64dbbb5293eaf89f11cb0a9b70cc0fb63da5379fe93e7e953d8,60,11,6,5,67108864,38329749,38316734,13015,130,366012,110,366012,581,4849,2202000,2202000,8,52,1,0,1,0,0,0,9,0,2,0,0,44572,0.190613
development,syn-scale-free-50000-m4-v1,05b0186a56673b5665dd773738a943bf6d8ee364088949df2ed3c69d5d222ac8,single-hot,5,strict-alternating,17,1,0,B3L,d0f8a8d88d56c64dbbb5293eaf89f11cb0a9b70cc0fb63da5379fe93e7e953d8,60,11,6,5,67108864,205433402,205417133,16269,200,29891025,160,29891025,570,7684,15400112,15400112,7,53,0,0,0,0,0,0,0,0,0,0,0,55752,0.369691
development,syn-scale-free-50000-m4-v1,05b0186a56673b5665dd773738a943bf6d8ee364088949df2ed3c69d5d222ac8,single-hot,5,strict-alternating,17,1,1,FREQ-LRU-REPAIR,d0f8a8d88d56c64dbbb5293eaf89f11cb0a9b70cc0fb63da5379fe93e7e953d8,60,11,6,5,67108864,39048494,39036570,11924,130,1627844,120,1627844,491,4148,2200204,2200204,10,50,1,0,1,0,0,0,9,0,2,0,0,45136,0.192260
development,syn-scale-free-50000-m4-v1,05b0186a56673b5665dd773738a943bf6d8ee364088949df2ed3c69d5d222ac8,single-hot,5,strict-alternating,17,1,2,ADES,d0f8a8d88d56c64dbbb5293eaf89f11cb0a9b70cc0fb63da5379fe93e7e953d8,60,11,6,5,67108864,45652240,45640527,11713,210,1634025,140,1634025,551,4328,2200204,2200204,19,41,1,0,1,0,0,0,7,0,2,0,0,43424,0.197830
development,syn-scale-free-50000-m4-v1,05b0186a56673b5665dd773738a943bf6d8ee364088949df2ed3c69d5d222ac8,single-hot,5,strict-alternating,17,1,3,ADES-V2,d0f8a8d88d56c64dbbb5293eaf89f11cb0a9b70cc0fb63da5379fe93e7e953d8,60,11,6,5,67108864,35999775,35987954,11821,121,327280,111,327280,631,4147,2202000,2202000,8,52,1,0,1,0,0,0,9,0,2,0,0,43420,0.189088
development,syn-scale-free-50000-m4-v1,05b0186a56673b5665dd773738a943bf6d8ee364088949df2ed3c69d5d222ac8,single-hot,5,strict-alternating,17,1,4,COLD,d0f8a8d88d56c64dbbb5293eaf89f11cb0a9b70cc0fb63da5379fe93e7e953d8,60,11,6,5,67108864,59262047,59258358,3689,335185,2715561,430361,2715561,300,611,0,0,60,0,0,0,0,0,0,0,0,0,0,0,0,42708,0.217434
development,syn-scale-free-50000-m4-v1,05b0186a56673b5665dd773738a943bf6d8ee364088949df2ed3c69d5d222ac8,single-hot,5,strict-alternating,29,0,0,COLD,35497e0d386e98ea34f1865d3d320ffa87da168ce9d78ffb3e4cbe5c69a40925,60,11,6,5,16777216,178167734,178161472,6262,1795967,7373131,2258048,7373131,621,822,0,0,60,0,0,0,0,0,0,0,0,0,0,0,0,41332,0.340100
development,syn-scale-free-50000-m4-v1,05b0186a56673b5665dd773738a943bf6d8ee364088949df2ed3c69d5d222ac8,single-hot,5,strict-alternating,29,0,1,B3L,35497e0d386e98ea34f1865d3d320ffa87da168ce9d78ffb3e4cbe5c69a40925,60,11,6,5,16777216,55100149,55095338,4811,140,611,130,261,261,1954,4400032,4400032,2,58,0,0,0,0,0,0,0,0,0,0,0,46260,0.213839
development,syn-scale-free-50000-m4-v1,05b0186a56673b5665dd773738a943bf6d8ee364088949df2ed3c69d5d222ac8,single-hot,5,strict-alternating,29,0,2,FREQ-LRU-REPAIR,35497e0d386e98ea34f1865d3d320ffa87da168ce9d78ffb3e4cbe5c69a40925,60,11,6,5,16777216,47024888,47017292,7596,110,2963904,100,2963904,401,2665,2200124,2200124,5,55,1,0,1,0,0,0,10,0,1,0,0,42940,0.198898
development,syn-scale-free-50000-m4-v1,05b0186a56673b5665dd773738a943bf6d8ee364088949df2ed3c69d5d222ac8,single-hot,5,strict-alternating,29,0,3,ADES,35497e0d386e98ea34f1865d3d320ffa87da168ce9d78ffb3e4cbe5c69a40925,60,11,6,5,16777216,50453388,50446334,7054,110,4863423,101,4863423,421,2305,2200124,2200124,6,54,1,0,1,0,0,0,10,0,1,0,0,44088,0.211884
development,syn-scale-free-50000-m4-v1,05b0186a56673b5665dd773738a943bf6d8ee364088949df2ed3c69d5d222ac8,single-hot,5,strict-alternating,29,0,4,ADES-V2,35497e0d386e98ea34f1865d3d320ffa87da168ce9d78ffb3e4cbe5c69a40925,60,11,6,5,16777216,33491779,33483943,7836,100,2484,100,892,531,2484,2202000,2202000,3,57,1,0,1,0,0,0,10,0,1,0,0,44112,0.190002
development,syn-scale-free-50000-m4-v1,05b0186a56673b5665dd773738a943bf6d8ee364088949df2ed3c69d5d222ac8,single-hot,5,strict-alternating,29,1,0,B3L,35497e0d386e98ea34f1865d3d320ffa87da168ce9d78ffb3e4cbe5c69a40925,60,11,6,5,16777216,55437402,55431971,5431,140,801,131,431,320,2385,4400032,4400032,2,58,0,0,0,0,0,0,0,0,0,0,0,44940,0.206586
development,syn-scale-free-50000-m4-v1,05b0186a56673b5665dd773738a943bf6d8ee364088949df2ed3c69d5d222ac8,single-hot,5,strict-alternating,29,1,1,FREQ-LRU-REPAIR,35497e0d386e98ea34f1865d3d320ffa87da168ce9d78ffb3e4cbe5c69a40925,60,11,6,5,16777216,46296058,46289616,6442,101,3302765,100,3302765,411,2074,2200124,2200124,5,55,1,0,1,0,0,0,10,0,1,0,0,44140,0.207023
development,syn-scale-free-50000-m4-v1,05b0186a56673b5665dd773738a943bf6d8ee364088949df2ed3c69d5d222ac8,single-hot,5,strict-alternating,29,1,2,ADES,35497e0d386e98ea34f1865d3d320ffa87da168ce9d78ffb3e4cbe5c69a40925,60,11,6,5,16777216,50688790,50682046,6744,110,4775660,100,4775660,471,2033,2200124,2200124,6,54,1,0,1,0,0,0,10,0,1,0,0,44116,0.205131
development,syn-scale-free-50000-m4-v1,05b0186a56673b5665dd773738a943bf6d8ee364088949df2ed3c69d5d222ac8,single-hot,5,strict-alternating,29,1,3,ADES-V2,35497e0d386e98ea34f1865d3d320ffa87da168ce9d78ffb3e4cbe5c69a40925,60,11,6,5,16777216,32480605,32473322,7283,101,2184,100,622,411,2184,2202000,2202000,3,57,1,0,1,0,0,0,10,0,1,0,0,44568,0.189627
development,syn-scale-free-50000-m4-v1,05b0186a56673b5665dd773738a943bf6d8ee364088949df2ed3c69d5d222ac8,single-hot,5,strict-alternating,29,1,4,COLD,35497e0d386e98ea34f1865d3d320ffa87da168ce9d78ffb3e4cbe5c69a40925,60,11,6,5,16777216,165559989,165552575,7414,1693266,6130915,2291431,6130915,672,912,0,0,60,0,0,0,0,0,0,0,0,0,0,0,0,42772,0.317619
development,syn-scale-free-50000-m4-v1,05b0186a56673b5665dd773738a943bf6d8ee364088949df2ed3c69d5d222ac8,single-hot,5,strict-alternating,29,0,0,B3L,35497e0d386e98ea34f1865d3d320ffa87da168ce9d78ffb3e4cbe5c69a40925,60,11,6,5,67108864,62807367,62801885,5482,140,711,130,390,280,2424,4400032,4400032,2,58,0,0,0,0,0,0,0,0,0,0,0,46244,0.222378
development,syn-scale-free-50000-m4-v1,05b0186a56673b5665dd773738a943bf6d8ee364088949df2ed3c69d5d222ac8,single-hot,5,strict-alternating,29,0,1,FREQ-LRU-REPAIR,35497e0d386e98ea34f1865d3d320ffa87da168ce9d78ffb3e4cbe5c69a40925,60,11,6,5,67108864,46814064,46806772,7292,101,2787175,100,2787175,440,2254,2200124,2200124,5,55,1,0,1,0,0,0,10,0,1,0,0,42908,0.203520
development,syn-scale-free-50000-m4-v1,05b0186a56673b5665dd773738a943bf6d8ee364088949df2ed3c69d5d222ac8,single-hot,5,strict-alternating,29,0,2,ADES,35497e0d386e98ea34f1865d3d320ffa87da168ce9d78ffb3e4cbe5c69a40925,60,11,6,5,67108864,53801253,53793879,7374,110,5308453,100,5308453,451,2525,2200124,2200124,6,54,1,0,1,0,0,0,10,0,1,0,0,42952,0.209142
development,syn-scale-free-50000-m4-v1,05b0186a56673b5665dd773738a943bf6d8ee364088949df2ed3c69d5d222ac8,single-hot,5,strict-alternating,29,0,3,ADES-V2,35497e0d386e98ea34f1865d3d320ffa87da168ce9d78ffb3e4cbe5c69a40925,60,11,6,5,67108864,31311802,31304849,6953,110,2225,110,621,411,2225,2202000,2202000,3,57,1,0,1,0,0,0,10,0,1,0,0,42884,0.181817
development,syn-scale-free-50000-m4-v1,05b0186a56673b5665dd773738a943bf6d8ee364088949df2ed3c69d5d222ac8,single-hot,5,strict-alternating,29,0,4,COLD,35497e0d386e98ea34f1865d3d320ffa87da168ce9d78ffb3e4cbe5c69a40925,60,11,6,5,67108864,157967685,157959928,7757,1637142,6498150,2182607,6498150,731,882,0,0,60,0,0,0,0,0,0,0,0,0,0,0,0,42624,0.314127
development,syn-scale-free-50000-m4-v1,05b0186a56673b5665dd773738a943bf6d8ee364088949df2ed3c69d5d222ac8,single-hot,5,strict-alternating,29,1,0,FREQ-LRU-REPAIR,35497e0d386e98ea34f1865d3d320ffa87da168ce9d78ffb3e4cbe5c69a40925,60,11,6,5,67108864,48936831,48929347,7484,101,3315990,100,3315990,441,2585,2200124,2200124,5,55,1,0,1,0,0,0,10,0,1,0,0,42976,0.205551
development,syn-scale-free-50000-m4-v1,05b0186a56673b5665dd773738a943bf6d8ee364088949df2ed3c69d5d222ac8,single-hot,5,strict-alternating,29,1,1,ADES,35497e0d386e98ea34f1865d3d320ffa87da168ce9d78ffb3e4cbe5c69a40925,60,11,6,5,67108864,50937395,50929742,7653,110,5003546,101,5003546,491,2414,2200124,2200124,6,54,1,0,1,0,0,0,10,0,1,0,0,44188,0.202790
development,syn-scale-free-50000-m4-v1,05b0186a56673b5665dd773738a943bf6d8ee364088949df2ed3c69d5d222ac8,single-hot,5,strict-alternating,29,1,2,ADES-V2,35497e0d386e98ea34f1865d3d320ffa87da168ce9d78ffb3e4cbe5c69a40925,60,11,6,5,67108864,29989706,29982592,7114,100,2635,100,732,420,2635,2202000,2202000,3,57,1,0,1,0,0,0,10,0,1,0,0,44076,0.183814
development,syn-scale-free-50000-m4-v1,05b0186a56673b5665dd773738a943bf6d8ee364088949df2ed3c69d5d222ac8,single-hot,5,strict-alternating,29,1,3,COLD,35497e0d386e98ea34f1865d3d320ffa87da168ce9d78ffb3e4cbe5c69a40925,60,11,6,5,67108864,176078994,176072252,6742,1697554,6712470,2177238,6712470,551,932,0,0,60,0,0,0,0,0,0,0,0,0,0,0,0,42704,0.331251
development,syn-scale-free-50000-m4-v1,05b0186a56673b5665dd773738a943bf6d8ee364088949df2ed3c69d5d222ac8,single-hot,5,strict-alternating,29,1,4,B3L,35497e0d386e98ea34f1865d3d320ffa87da168ce9d78ffb3e4cbe5c69a40925,60,11,6,5,67108864,54931692,54926243,5449,140,2034,131,791,321,2034,4400032,4400032,2,58,0,0,0,0,0,0,0,0,0,0,0,44920,0.213421
development,syn-scale-free-50000-m4-v1,05b0186a56673b5665dd773738a943bf6d8ee364088949df2ed3c69d5d222ac8,single-hot,50,strict-alternating,7,0,0,B3L,cae62ba840b3b0410117e1244db5338e086f19f14e9f98ba6101908b8cb3fca6,60,1,1,0,16777216,82789838,82789347,491,150,771,150,771,491,491,6600048,6600048,3,57,0,0,0,0,0,0,0,0,0,0,0,48984,0.249502
development,syn-scale-free-50000-m4-v1,05b0186a56673b5665dd773738a943bf6d8ee364088949df2ed3c69d5d222ac8,single-hot,50,strict-alternating,7,0,1,FREQ-LRU-REPAIR,cae62ba840b3b0410117e1244db5338e086f19f14e9f98ba6101908b8cb3fca6,60,1,1,0,16777216,31230589,31229366,1223,120,436774,120,436774,1223,1223,2200140,2200140,6,54,1,0,1,0,0,0,1,0,0,0,0,42900,0.187559
development,syn-scale-free-50000-m4-v1,05b0186a56673b5665dd773738a943bf6d8ee364088949df2ed3c69d5d222ac8,single-hot,50,strict-alternating,7,0,2,ADES,cae62ba840b3b0410117e1244db5338e086f19f14e9f98ba6101908b8cb3fca6,60,1,1,0,16777216,41753320,41752399,921,82263,1214363,82263,1214363,921,921,2200140,2200140,33,27,1,0,1,0,0,0,1,0,0,0,0,44184,0.198528
development,syn-scale-free-50000-m4-v1,05b0186a56673b5665dd773738a943bf6d8ee364088949df2ed3c69d5d222ac8,single-hot,50,strict-alternating,7,0,3,ADES-V2,cae62ba840b3b0410117e1244db5338e086f19f14e9f98ba6101908b8cb3fca6,60,1,1,0,16777216,34237553,34236301,1252,120,1306726,120,1306726,1252,1252,2202000,2202000,12,48,1,0,1,0,0,0,1,0,0,0,0,44172,0.195566
development,syn-scale-free-50000-m4-v1,05b0186a56673b5665dd773738a943bf6d8ee364088949df2ed3c69d5d222ac8,single-hot,50,strict-alternating,7,0,4,COLD,cae62ba840b3b0410117e1244db5338e086f19f14e9f98ba6101908b8cb3fca6,60,1,1,0,16777216,31577154,31576203,951,301823,1347051,301823,1347051,951,951,0,0,60,0,0,0,0,0,0,0,0,0,0,0,0,41304,0.188395
development,syn-scale-free-50000-m4-v1,05b0186a56673b5665dd773738a943bf6d8ee364088949df2ed3c69d5d222ac8,single-hot,50,strict-alternating,7,1,0,FREQ-LRU-REPAIR,cae62ba840b3b0410117e1244db5338e086f19f14e9f98ba6101908b8cb3fca6,60,1,1,0,16777216,31640841,31639739,1102,110,464456,110,464456,1102,1102,2200140,2200140,6,54,1,0,1,0,0,0,1,0,0,0,0,44080,0.191918
development,syn-scale-free-50000-m4-v1,05b0186a56673b5665dd773738a943bf6d8ee364088949df2ed3c69d5d222ac8,single-hot,50,strict-alternating,7,1,1,ADES,cae62ba840b3b0410117e1244db5338e086f19f14e9f98ba6101908b8cb3fca6,60,1,1,0,16777216,43810396,43809414,982,81662,1228540,81662,1228540,982,982,2200140,2200140,33,27,1,0,1,0,0,0,1,0,0,0,0,42848,0.197949
development,syn-scale-free-50000-m4-v1,05b0186a56673b5665dd773738a943bf6d8ee364088949df2ed3c69d5d222ac8,single-hot,50,strict-alternating,7,1,2,ADES-V2,cae62ba840b3b0410117e1244db5338e086f19f14e9f98ba6101908b8cb3fca6,60,1,1,0,16777216,37000390,36999358,1032,120,1259968,120,1259968,1032,1032,2202000,2202000,12,48,1,0,1,0,0,0,1,0,0,0,0,42896,0.203714
development,syn-scale-free-50000-m4-v1,05b0186a56673b5665dd773738a943bf6d8ee364088949df2ed3c69d5d222ac8,single-hot,50,strict-alternating,7,1,3,COLD,cae62ba840b3b0410117e1244db5338e086f19f14e9f98ba6101908b8cb3fca6,60,1,1,0,16777216,33050610,33049798,812,299078,1417803,299078,1417803,812,812,0,0,60,0,0,0,0,0,0,0,0,0,0,0,0,42448,0.194196
development,syn-scale-free-50000-m4-v1,05b0186a56673b5665dd773738a943bf6d8ee364088949df2ed3c69d5d222ac8,single-hot,50,strict-alternating,7,1,4,B3L,cae62ba840b3b0410117e1244db5338e086f19f14e9f98ba6101908b8cb3fca6,60,1,1,0,16777216,99898153,99897502,651,150,651,141,621,651,651,6600048,6600048,3,57,0,0,0,0,0,0,0,0,0,0,0,47116,0.271678
development,syn-scale-free-50000-m4-v1,05b0186a56673b5665dd773738a943bf6d8ee364088949df2ed3c69d5d222ac8,single-hot,50,strict-alternating,7,0,0,FREQ-LRU-REPAIR,cae62ba840b3b0410117e1244db5338e086f19f14e9f98ba6101908b8cb3fca6,60,1,1,0,67108864,34175571,34174359,1212,120,446593,111,446593,1212,1212,2200140,2200140,6,54,1,0,1,0,0,0,1,0,0,0,0,42928,0.202509
development,syn-scale-free-50000-m4-v1,05b0186a56673b5665dd773738a943bf6d8ee364088949df2ed3c69d5d222ac8,single-hot,50,strict-alternating,7,0,1,ADES,cae62ba840b3b0410117e1244db5338e086f19f14e9f98ba6101908b8cb3fca6,60,1,1,0,67108864,48944545,48943302,1243,87754,1284334,87754,1284334,1243,1243,2200140,2200140,33,27,1,0,1,0,0,0,1,0,0,0,0,44072,0.215986
development,syn-scale-free-50000-m4-v1,05b0186a56673b5665dd773738a943bf6d8ee364088949df2ed3c69d5d222ac8,single-hot,50,strict-alternating,7,0,2,ADES-V2,cae62ba840b3b0410117e1244db5338e086f19f14e9f98ba6101908b8cb3fca6,60,1,1,0,67108864,32989693,32988660,1033,120,1264045,120,1264045,1033,1033,2202000,2202000,12,48,1,0,1,0,0,0,1,0,0,0,0,44220,0.195973
development,syn-scale-free-50000-m4-v1,05b0186a56673b5665dd773738a943bf6d8ee364088949df2ed3c69d5d222ac8,single-hot,50,strict-alternating,7,0,3,COLD,cae62ba840b3b0410117e1244db5338e086f19f14e9f98ba6101908b8cb3fca6,60,1,1,0,67108864,32044294,32043602,692,302033,1403115,302033,1403115,692,692,0,0,60,0,0,0,0,0,0,0,0,0,0,0,0,42432,0.191363
development,syn-scale-free-50000-m4-v1,05b0186a56673b5665dd773738a943bf6d8ee364088949df2ed3c69d5d222ac8,single-hot,50,strict-alternating,7,0,4,B3L,cae62ba840b3b0410117e1244db5338e086f19f14e9f98ba6101908b8cb3fca6,60,1,1,0,67108864,85495198,85494427,771,151,862,150,862,771,771,6600048,6600048,3,57,0,0,0,0,0,0,0,0,0,0,0,47140,0.236652
development,syn-scale-free-50000-m4-v1,05b0186a56673b5665dd773738a943bf6d8ee364088949df2ed3c69d5d222ac8,single-hot,50,strict-alternating,7,1,0,ADES,cae62ba840b3b0410117e1244db5338e086f19f14e9f98ba6101908b8cb3fca6,60,1,1,0,67108864,46054652,46053730,922,93415,1234030,93415,1234030,922,922,2200140,2200140,33,27,1,0,1,0,0,0,1,0,0,0,0,44112,0.201520
development,syn-scale-free-50000-m4-v1,05b0186a56673b5665dd773738a943bf6d8ee364088949df2ed3c69d5d222ac8,single-hot,50,strict-alternating,7,1,1,ADES-V2,cae62ba840b3b0410117e1244db5338e086f19f14e9f98ba6101908b8cb3fca6,60,1,1,0,67108864,34505987,34505035,952,120,1185489,120,1185489,952,952,2202000,2202000,12,48,1,0,1,0,0,0,1,0,0,0,0,42964,0.195941
development,syn-scale-free-50000-m4-v1,05b0186a56673b5665dd773738a943bf6d8ee364088949df2ed3c69d5d222ac8,single-hot,50,strict-alternating,7,1,2,COLD,cae62ba840b3b0410117e1244db5338e086f19f14e9f98ba6101908b8cb3fca6,60,1,1,0,67108864,34261321,34260450,871,321108,1668179,321108,1668179,871,871,0,0,60,0,0,0,0,0,0,0,0,0,0,0,0,42924,0.192948
development,syn-scale-free-50000-m4-v1,05b0186a56673b5665dd773738a943bf6d8ee364088949df2ed3c69d5d222ac8,single-hot,50,strict-alternating,7,1,3,B3L,cae62ba840b3b0410117e1244db5338e086f19f14e9f98ba6101908b8cb3fca6,60,1,1,0,67108864,83169606,83168223,1383,150,1383,150,661,1383,1383,6600048,6600048,3,57,0,0,0,0,0,0,0,0,0,0,0,48304,0.246578
development,syn-scale-free-50000-m4-v1,05b0186a56673b5665dd773738a943bf6d8ee364088949df2ed3c69d5d222ac8,single-hot,50,strict-alternating,7,1,4,FREQ-LRU-REPAIR,cae62ba840b3b0410117e1244db5338e086f19f14e9f98ba6101908b8cb3fca6,60,1,1,0,67108864,33826624,33825542,1082,120,537211,120,537211,1082,1082,2200140,2200140,6,54,1,0,1,0,0,0,1,0,0,0,0,42904,0.193060
development,syn-scale-free-50000-m4-v1,05b0186a56673b5665dd773738a943bf6d8ee364088949df2ed3c69d5d222ac8,single-hot,50,strict-alternating,17,0,0,FREQ-LRU-REPAIR,d554b3994771fd03269bf4de77d35485419621c058fd0ea5c39fd70c1f28861d,60,1,1,0,16777216,48571894,48570762,1132,210,2347206,210,2347206,1132,1132,2200220,2200220,11,49,1,0,1,0,0,0,1,0,0,0,0,44640,0.205648
development,syn-scale-free-50000-m4-v1,05b0186a56673b5665dd773738a943bf6d8ee364088949df2ed3c69d5d222ac8,single-hot,50,strict-alternating,17,0,1,ADES,d554b3994771fd03269bf4de77d35485419621c058fd0ea5c39fd70c1f28861d,60,1,1,0,16777216,51683367,51682124,1243,361,2565062,260,2565062,1243,1243,2200220,2200220,25,35,1,0,1,0,0,0,1,0,0,0,0,45196,0.206663
development,syn-scale-free-50000-m4-v1,05b0186a56673b5665dd773738a943bf6d8ee364088949df2ed3c69d5d222ac8,single-hot,50,strict-alternating,17,0,2,ADES-V2,d554b3994771fd03269bf4de77d35485419621c058fd0ea5c39fd70c1f28861d,60,1,1,0,16777216,48130095,48128983,1112,200,2487628,190,2487628,1112,1112,2202000,2202000,9,51,1,0,1,0,0,0,1,0,0,0,0,45132,0.209418
development,syn-scale-free-50000-m4-v1,05b0186a56673b5665dd773738a943bf6d8ee364088949df2ed3c69d5d222ac8,single-hot,50,strict-alternating,17,0,3,COLD,d554b3994771fd03269bf4de77d35485419621c058fd0ea5c39fd70c1f28861d,60,1,1,0,16777216,65264975,65264033,942,394155,4159485,394155,4159485,942,942,0,0,60,0,0,0,0,0,0,0,0,0,0,0,0,41544,0.227388
development,syn-scale-free-50000-m4-v1,05b0186a56673b5665dd773738a943bf6d8ee364088949df2ed3c69d5d222ac8,single-hot,50,strict-alternating,17,0,4,B3L,d554b3994771fd03269bf4de77d35485419621c058fd0ea5c39fd70c1f28861d,60,1,1,0,16777216,239679182,239672850,6332,260,29938790,241,29938790,6332,6332,15400112,15400112,8,52,0,1,0,0,0,0,0,0,0,0,0,57856,0.404411
development,syn-scale-free-50000-m4-v1,05b0186a56673b5665dd773738a943bf6d8ee364088949df2ed3c69d5d222ac8,single-hot,50,strict-alternating,17,1,0,ADES,d554b3994771fd03269bf4de77d35485419621c058fd0ea5c39fd70c1f28861d,60,1,1,0,16777216,56373606,56372003,1603,231,2657484,231,2657484,1603,1603,2200220,2200220,25,35,1,0,1,0,0,0,1,0,0,0,0,44512,0.217911
development,syn-scale-free-50000-m4-v1,05b0186a56673b5665dd773738a943bf6d8ee364088949df2ed3c69d5d222ac8,single-hot,50,strict-alternating,17,1,1,ADES-V2,d554b3994771fd03269bf4de77d35485419621c058fd0ea5c39fd70c1f28861d,60,1,1,0,16777216,46502292,46501250,1042,210,2455859,200,2455859,1042,1042,2202000,2202000,9,51,1,0,1,0,0,0,1,0,0,0,0,43468,0.209675
development,syn-scale-free-50000-m4-v1,05b0186a56673b5665dd773738a943bf6d8ee364088949df2ed3c69d5d222ac8,single-hot,50,strict-alternating,17,1,2,COLD,d554b3994771fd03269bf4de77d35485419621c058fd0ea5c39fd70c1f28861d,60,1,1,0,16777216,65936165,65935463,702,384547,4345593,384547,4345593,702,702,0,0,60,0,0,0,0,0,0,0,0,0,0,0,0,41512,0.226286
development,syn-scale-free-50000-m4-v1,05b0186a56673b5665dd773738a943bf6d8ee364088949df2ed3c69d5d222ac8,single-hot,50,strict-alternating,17,1,3,B3L,d554b3994771fd03269bf4de77d35485419621c058fd0ea5c39fd70c1f28861d,60,1,1,0,16777216,230013429,230006907,6522,231,29202748,211,29202748,6522,6522,15400112,15400112,8,52,0,1,0,0,0,0,0,0,0,0,0,59116,0.399882
development,syn-scale-free-50000-m4-v1,05b0186a56673b5665dd773738a943bf6d8ee364088949df2ed3c69d5d222ac8,single-hot,50,strict-alternating,17,1,4,FREQ-LRU-REPAIR,d554b3994771fd03269bf4de77d35485419621c058fd0ea5c39fd70c1f28861d,60,1,1,0,16777216,47226367,47225124,1243,211,2343339,211,2343339,1243,1243,2200220,2200220,11,49,1,0,1,0,0,0,1,0,0,0,0,45048,0.204997
development,syn-scale-free-50000-m4-v1,05b0186a56673b5665dd773738a943bf6d8ee364088949df2ed3c69d5d222ac8,single-hot,50,strict-alternating,17,0,0,ADES,d554b3994771fd03269bf4de77d35485419621c058fd0ea5c39fd70c1f28861d,60,1,1,0,67108864,58647682,58646390,1292,250,2792677,240,2792677,1292,1292,2200220,2200220,25,35,1,0,1,0,0,0,1,0,0,0,0,43928,0.218025
development,syn-scale-free-50000-m4-v1,05b0186a56673b5665dd773738a943bf6d8ee364088949df2ed3c69d5d222ac8,single-hot,50,strict-alternating,17,0,1,ADES-V2,d554b3994771fd03269bf4de77d35485419621c058fd0ea5c39fd70c1f28861d,60,1,1,0,67108864,48839775,48838593,1182,210,2562558,210,2562558,1182,1182,2202000,2202000,9,51,1,0,1,0,0,0,1,0,0,0,0,44624,0.213660
development,syn-scale-free-50000-m4-v1,05b0186a56673b5665dd773738a943bf6d8ee364088949df2ed3c69d5d222ac8,single-hot,50,strict-alternating,17,0,2,COLD,d554b3994771fd03269bf4de77d35485419621c058fd0ea5c39fd70c1f28861d,60,1,1,0,67108864,70509722,70508830,892,431515,4602211,431515,4602211,892,892,0,0,60,0,0,0,0,0,0,0,0,0,0,0,0,42064,0.233916
development,syn-scale-free-50000-m4-v1,05b0186a56673b5665dd773738a943bf6d8ee364088949df2ed3c69d5d222ac8,single-hot,50,strict-alternating,17,0,3,B3L,d554b3994771fd03269bf4de77d35485419621c058fd0ea5c39fd70c1f28861d,60,1,1,0,67108864,234030000,234023057,6943,230,29236080,220,29236080,6943,6943,17600128,17600128,8,52,0,0,0,0,0,0,0,0,0,0,0,57884,0.396461
development,syn-scale-free-50000-m4-v1,05b0186a56673b5665dd773738a943bf6d8ee364088949df2ed3c69d5d222ac8,single-hot,50,strict-alternating,17,0,4,FREQ-LRU-REPAIR,d554b3994771fd03269bf4de77d35485419621c058fd0ea5c39fd70c1f28861d,60,1,1,0,67108864,48840214,48839182,1032,230,2477169,230,2477169,1032,1032,2200220,2200220,11,49,1,0,1,0,0,0,1,0,0,0,0,44620,0.207183
development,syn-scale-free-50000-m4-v1,05b0186a56673b5665dd773738a943bf6d8ee364088949df2ed3c69d5d222ac8,single-hot,50,strict-alternating,17,1,0,ADES-V2,d554b3994771fd03269bf4de77d35485419621c058fd0ea5c39fd70c1f28861d,60,1,1,0,67108864,48763929,48762687,1242,240,2642056,231,2642056,1242,1242,2202000,2202000,9,51,1,0,1,0,0,0,1,0,0,0,0,43472,0.214943
development,syn-scale-free-50000-m4-v1,05b0186a56673b5665dd773738a943bf6d8ee364088949df2ed3c69d5d222ac8,single-hot,50,strict-alternating,17,1,1,COLD,d554b3994771fd03269bf4de77d35485419621c058fd0ea5c39fd70c1f28861d,60,1,1,0,67108864,66655694,66654892,802,417548,4159546,417548,4159546,802,802,0,0,60,0,0,0,0,0,0,0,0,0,0,0,0,42716,0.234861
development,syn-scale-free-50000-m4-v1,05b0186a56673b5665dd773738a943bf6d8ee364088949df2ed3c69d5d222ac8,single-hot,50,strict-alternating,17,1,2,B3L,d554b3994771fd03269bf4de77d35485419621c058fd0ea5c39fd70c1f28861d,60,1,1,0,67108864,230692773,230685409,7364,241,29196656,240,29196656,7364,7364,17600128,17600128,8,52,0,0,0,0,0,0,0,0,0,0,0,57808,0.391253
development,syn-scale-free-50000-m4-v1,05b0186a56673b5665dd773738a943bf6d8ee364088949df2ed3c69d5d222ac8,single-hot,50,strict-alternating,17,1,3,FREQ-LRU-REPAIR,d554b3994771fd03269bf4de77d35485419621c058fd0ea5c39fd70c1f28861d,60,1,1,0,67108864,45657070,45655647,1423,210,2391539,210,2391539,1423,1423,2200220,2200220,11,49,1,0,1,0,0,0,1,0,0,0,0,45060,0.206661
development,syn-scale-free-50000-m4-v1,05b0186a56673b5665dd773738a943bf6d8ee364088949df2ed3c69d5d222ac8,single-hot,50,strict-alternating,17,1,4,ADES,d554b3994771fd03269bf4de77d35485419621c058fd0ea5c39fd70c1f28861d,60,1,1,0,67108864,56301177,56299985,1192,270,2605788,241,2605788,1192,1192,2200220,2200220,25,35,1,0,1,0,0,0,1,0,0,0,0,44620,0.221135
development,syn-scale-free-50000-m4-v1,05b0186a56673b5665dd773738a943bf6d8ee364088949df2ed3c69d5d222ac8,single-hot,50,strict-alternating,29,0,0,ADES,e3a0d372c7e5fe57b91165e08ca7261681bc71a30001fafa0c5cecced13a9651,60,1,1,0,16777216,49984537,49983425,1112,100,4657028,100,4657028,1112,1112,2200124,2200124,6,54,1,0,1,0,0,0,1,0,0,0,0,44068,0.210806
development,syn-scale-free-50000-m4-v1,05b0186a56673b5665dd773738a943bf6d8ee364088949df2ed3c69d5d222ac8,single-hot,50,strict-alternating,29,0,1,ADES-V2,e3a0d372c7e5fe57b91165e08ca7261681bc71a30001fafa0c5cecced13a9651,60,1,1,0,16777216,34448653,34447792,861,100,861,100,742,861,861,2202000,2202000,3,57,1,0,1,0,0,0,1,0,0,0,0,42976,0.191027
development,syn-scale-free-50000-m4-v1,05b0186a56673b5665dd773738a943bf6d8ee364088949df2ed3c69d5d222ac8,single-hot,50,strict-alternating,29,0,2,COLD,e3a0d372c7e5fe57b91165e08ca7261681bc71a30001fafa0c5cecced13a9651,60,1,1,0,16777216,201860292,201859149,1143,3264824,6893686,3264824,6893686,1143,1143,0,0,60,0,0,0,0,0,0,0,0,0,0,0,0,41956,0.367725
development,syn-scale-free-50000-m4-v1,05b0186a56673b5665dd773738a943bf6d8ee364088949df2ed3c69d5d222ac8,single-hot,50,strict-alternating,29,0,3,B3L,e3a0d372c7e5fe57b91165e08ca7261681bc71a30001fafa0c5cecced13a9651,60,1,1,0,16777216,63831701,63831080,621,120,621,110,341,621,621,4400032,4400032,2,58,0,0,0,0,0,0,0,0,0,0,0,46124,0.230184
development,syn-scale-free-50000-m4-v1,05b0186a56673b5665dd773738a943bf6d8ee364088949df2ed3c69d5d222ac8,single-hot,50,strict-alternating,29,0,4,FREQ-LRU-REPAIR,e3a0d372c7e5fe57b91165e08ca7261681bc71a30001fafa0c5cecced13a9651,60,1,1,0,16777216,53683755,53682533,1222,101,3522274,101,3522274,1222,1222,2200124,2200124,5,55,1,0,1,0,0,0,1,0,0,0,0,44096,0.214317
development,syn-scale-free-50000-m4-v1,05b0186a56673b5665dd773738a943bf6d8ee364088949df2ed3c69d5d222ac8,single-hot,50,strict-alternating,29,1,0,ADES-V2,e3a0d372c7e5fe57b91165e08ca7261681bc71a30001fafa0c5cecced13a9651,60,1,1,0,16777216,34951890,34950978,912,101,912,100,801,912,912,2202000,2202000,3,57,1,0,1,0,0,0,1,0,0,0,0,44112,0.197449
development,syn-scale-free-50000-m4-v1,05b0186a56673b5665dd773738a943bf6d8ee364088949df2ed3c69d5d222ac8,single-hot,50,strict-alternating,29,1,1,COLD,e3a0d372c7e5fe57b91165e08ca7261681bc71a30001fafa0c5cecced13a9651,60,1,1,0,16777216,216343749,216342507,1242,3332971,8348428,3332971,8348428,1242,1242,0,0,60,0,0,0,0,0,0,0,0,0,0,0,0,42696,0.377451
development,syn-scale-free-50000-m4-v1,05b0186a56673b5665dd773738a943bf6d8ee364088949df2ed3c69d5d222ac8,single-hot,50,strict-alternating,29,1,2,B3L,e3a0d372c7e5fe57b91165e08ca7261681bc71a30001fafa0c5cecced13a9651,60,1,1,0,16777216,68683211,68682780,431,130,451,51,451,431,431,4400032,4400032,2,58,0,0,0,0,0,0,0,0,0,0,0,44980,0.245678
development,syn-scale-free-50000-m4-v1,05b0186a56673b5665dd773738a943bf6d8ee364088949df2ed3c69d5d222ac8,single-hot,50,strict-alternating,29,1,3,FREQ-LRU-REPAIR,e3a0d372c7e5fe57b91165e08ca7261681bc71a30001fafa0c5cecced13a9651,60,1,1,0,16777216,63440643,63439671,972,100,4823178,100,4823178,972,972,2200124,2200124,5,55,1,0,1,0,0,0,1,0,0,0,0,42884,0.250640
development,syn-scale-free-50000-m4-v1,05b0186a56673b5665dd773738a943bf6d8ee364088949df2ed3c69d5d222ac8,single-hot,50,strict-alternating,29,1,4,ADES,e3a0d372c7e5fe57b91165e08ca7261681bc71a30001fafa0c5cecced13a9651,60,1,1,0,16777216,60122392,60121200,1192,110,5622868,110,5622868,1192,1192,2200124,2200124,6,54,1,0,1,0,0,0,1,0,0,0,0,44180,0.232015
development,syn-scale-free-50000-m4-v1,05b0186a56673b5665dd773738a943bf6d8ee364088949df2ed3c69d5d222ac8,single-hot,50,strict-alternating,29,0,0,ADES-V2,e3a0d372c7e5fe57b91165e08ca7261681bc71a30001fafa0c5cecced13a9651,60,1,1,0,67108864,38280872,38279780,1092,101,1092,101,992,1092,1092,2202000,2202000,3,57,1,0,1,0,0,0,1,0,0,0,0,44684,0.213935
development,syn-scale-free-50000-m4-v1,05b0186a56673b5665dd773738a943bf6d8ee364088949df2ed3c69d5d222ac8,single-hot,50,strict-alternating,29,0,1,COLD,e3a0d372c7e5fe57b91165e08ca7261681bc71a30001fafa0c5cecced13a9651,60,1,1,0,67108864,230309418,230308035,1383,3783471,7963179,3783471,7963179,1383,1383,0,0,60,0,0,0,0,0,0,0,0,0,0,0,0,41968,0.398568
development,syn-scale-free-50000-m4-v1,05b0186a56673b5665dd773738a943bf6d8ee364088949df2ed3c69d5d222ac8,single-hot,50,strict-alternating,29,0,2,B3L,e3a0d372c7e5fe57b91165e08ca7261681bc71a30001fafa0c5cecced13a9651,60,1,1,0,67108864,56828700,56828219,481,120,481,120,450,481,481,4400032,4400032,2,58,0,0,0,0,0,0,0,0,0,0,0,46144,0.220075
development,syn-scale-free-50000-m4-v1,05b0186a56673b5665dd773738a943bf6d8ee364088949df2ed3c69d5d222ac8,single-hot,50,strict-alternating,29,0,3,FREQ-LRU-REPAIR,e3a0d372c7e5fe57b91165e08ca7261681bc71a30001fafa0c5cecced13a9651,60,1,1,0,67108864,52260153,52259011,1142,100,3602984,100,3602984,1142,1142,2200124,2200124,5,55,1,0,1,0,0,0,1,0,0,0,0,43452,0.214699
development,syn-scale-free-50000-m4-v1,05b0186a56673b5665dd773738a943bf6d8ee364088949df2ed3c69d5d222ac8,single-hot,50,strict-alternating,29,0,4,ADES,e3a0d372c7e5fe57b91165e08ca7261681bc71a30001fafa0c5cecced13a9651,60,1,1,0,67108864,47746882,47745900,982,100,4818510,100,4818510,982,982,2200124,2200124,6,54,1,0,1,0,0,0,1,0,0,0,0,42976,0.206165
development,syn-scale-free-50000-m4-v1,05b0186a56673b5665dd773738a943bf6d8ee364088949df2ed3c69d5d222ac8,single-hot,50,strict-alternating,29,1,0,COLD,e3a0d372c7e5fe57b91165e08ca7261681bc71a30001fafa0c5cecced13a9651,60,1,1,0,67108864,209720269,209719037,1232,3284050,7374893,3284050,7374893,1232,1232,0,0,60,0,0,0,0,0,0,0,0,0,0,0,0,41968,0.364889
development,syn-scale-free-50000-m4-v1,05b0186a56673b5665dd773738a943bf6d8ee364088949df2ed3c69d5d222ac8,single-hot,50,strict-alternating,29,1,1,B3L,e3a0d372c7e5fe57b91165e08ca7261681bc71a30001fafa0c5cecced13a9651,60,1,1,0,67108864,60937585,60937264,321,131,492,131,492,321,321,4400032,4400032,2,58,0,0,0,0,0,0,0,0,0,0,0,46160,0.225390
development,syn-scale-free-50000-m4-v1,05b0186a56673b5665dd773738a943bf6d8ee364088949df2ed3c69d5d222ac8,single-hot,50,strict-alternating,29,1,2,FREQ-LRU-REPAIR,e3a0d372c7e5fe57b91165e08ca7261681bc71a30001fafa0c5cecced13a9651,60,1,1,0,67108864,52021541,52020590,951,110,3576024,101,3576024,951,951,2200124,2200124,5,55,1,0,1,0,0,0,1,0,0,0,0,44116,0.215284
development,syn-scale-free-50000-m4-v1,05b0186a56673b5665dd773738a943bf6d8ee364088949df2ed3c69d5d222ac8,single-hot,50,strict-alternating,29,1,3,ADES,e3a0d372c7e5fe57b91165e08ca7261681bc71a30001fafa0c5cecced13a9651,60,1,1,0,67108864,55787261,55786319,942,110,5363334,110,5363334,942,942,2200124,2200124,6,54,1,0,1,0,0,0,1,0,0,0,0,44680,0.220381
development,syn-scale-free-50000-m4-v1,05b0186a56673b5665dd773738a943bf6d8ee364088949df2ed3c69d5d222ac8,single-hot,50,strict-alternating,29,1,4,ADES-V2,e3a0d372c7e5fe57b91165e08ca7261681bc71a30001fafa0c5cecced13a9651,60,1,1,0,67108864,36209474,36208582,892,100,1042,100,1042,892,892,2202000,2202000,3,57,1,0,1,0,0,0,1,0,0,0,0,42924,0.201147
development,syn-scale-free-50000-m4-v1,05b0186a56673b5665dd773738a943bf6d8ee364088949df2ed3c69d5d222ac8,churn,5,strict-alternating,7,0,0,ADES-V2,ce2e2983c81369eab0e913ab658ae8e11bbd2a2efb32e749f908701d3222e415,60,11,6,5,16777216,68051192,68047025,4167,382924,4804313,519468,4804313,370,601,1944,1944,60,0,0,0,0,0,0,0,0,0,0,0,0,42760,0.224412
development,syn-scale-free-50000-m4-v1,05b0186a56673b5665dd773738a943bf6d8ee364088949df2ed3c69d5d222ac8,churn,5,strict-alternating,7,0,1,COLD,ce2e2983c81369eab0e913ab658ae8e11bbd2a2efb32e749f908701d3222e415,60,11,6,5,16777216,77964617,77958816,5801,454216,5198267,592985,5198267,491,1032,0,0,60,0,0,0,0,0,0,0,0,0,0,0,0,41384,0.239427
development,syn-scale-free-50000-m4-v1,05b0186a56673b5665dd773738a943bf6d8ee364088949df2ed3c69d5d222ac8,churn,5,strict-alternating,7,0,2,B3L,ce2e2983c81369eab0e913ab658ae8e11bbd2a2efb32e749f908701d3222e415,60,11,6,5,16777216,110853958,110843930,10028,160,25472788,150,25472788,331,6422,8800064,8800064,4,56,0,0,0,0,0,0,0,0,0,0,0,50548,0.270281
development,syn-scale-free-50000-m4-v1,05b0186a56673b5665dd773738a943bf6d8ee364088949df2ed3c69d5d222ac8,churn,5,strict-alternating,7,0,3,FREQ-LRU-REPAIR,ce2e2983c81369eab0e913ab658ae8e11bbd2a2efb32e749f908701d3222e415,60,11,6,5,16777216,145377389,145357524,19865,321,29909211,280,29909211,1242,7324,8800432,8800432,16,44,4,0,4,0,0,0,31,0,4,0,0,49716,0.310089
development,syn-scale-free-50000-m4-v1,05b0186a56673b5665dd773738a943bf6d8ee364088949df2ed3c69d5d222ac8,churn,5,strict-alternating,7,0,4,ADES,ce2e2983c81369eab0e913ab658ae8e11bbd2a2efb32e749f908701d3222e415,60,11,6,5,16777216,113632053,113619598,12455,220161,4698656,372404,4698656,692,5180,4400248,4400248,46,14,2,0,2,0,0,0,9,0,2,0,0,46284,0.269612
development,syn-scale-free-50000-m4-v1,05b0186a56673b5665dd773738a943bf6d8ee364088949df2ed3c69d5d222ac8,churn,5,strict-alternating,7,1,0,COLD,ce2e2983c81369eab0e913ab658ae8e11bbd2a2efb32e749f908701d3222e415,60,11,6,5,16777216,76989801,76983778,6023,488380,5055041,614405,5055041,471,982,0,0,60,0,0,0,0,0,0,0,0,0,0,0,0,41404,0.228673
development,syn-scale-free-50000-m4-v1,05b0186a56673b5665dd773738a943bf6d8ee364088949df2ed3c69d5d222ac8,churn,5,strict-alternating,7,1,1,B3L,ce2e2983c81369eab0e913ab658ae8e11bbd2a2efb32e749f908701d3222e415,60,11,6,5,16777216,114654222,114644512,9710,150,27858519,141,27858519,331,5781,8800064,8800064,4,56,0,0,0,0,0,0,0,0,0,0,0,50504,0.271148
development,syn-scale-free-50000-m4-v1,05b0186a56673b5665dd773738a943bf6d8ee364088949df2ed3c69d5d222ac8,churn,5,strict-alternating,7,1,2,FREQ-LRU-REPAIR,ce2e2983c81369eab0e913ab658ae8e11bbd2a2efb32e749f908701d3222e415,60,11,6,5,16777216,135837131,135815781,21350,300,28286707,231,28286707,1273,7955,8800432,8800432,16,44,4,0,4,0,0,0,31,0,4,0,0,49280,0.294130
development,syn-scale-free-50000-m4-v1,05b0186a56673b5665dd773738a943bf6d8ee364088949df2ed3c69d5d222ac8,churn,5,strict-alternating,7,1,3,ADES,ce2e2983c81369eab0e913ab658ae8e11bbd2a2efb32e749f908701d3222e415,60,11,6,5,16777216,105744322,105732191,12131,213819,4436548,347297,4436548,851,4679,4400248,4400248,46,14,2,0,2,0,0,0,9,0,2,0,0,45000,0.266272
development,syn-scale-free-50000-m4-v1,05b0186a56673b5665dd773738a943bf6d8ee364088949df2ed3c69d5d222ac8,churn,5,strict-alternating,7,1,4,ADES-V2,ce2e2983c81369eab0e913ab658ae8e11bbd2a2efb32e749f908701d3222e415,60,11,6,5,16777216,74344365,74339656,4709,473964,4813722,602052,4813722,411,611,1944,1944,60,0,0,0,0,0,0,0,0,0,0,0,0,41476,0.232397
development,syn-scale-free-50000-m4-v1,05b0186a56673b5665dd773738a943bf6d8ee364088949df2ed3c69d5d222ac8,churn,5,strict-alternating,7,0,0,COLD,ce2e2983c81369eab0e913ab658ae8e11bbd2a2efb32e749f908701d3222e415,60,11,6,5,67108864,67136825,67133029,3796,403762,4478226,513918,4478226,321,501,0,0,60,0,0,0,0,0,0,0,0,0,0,0,0,42568,0.218373
development,syn-scale-free-50000-m4-v1,05b0186a56673b5665dd773738a943bf6d8ee364088949df2ed3c69d5d222ac8,churn,5,strict-alternating,7,0,1,B3L,ce2e2983c81369eab0e913ab658ae8e11bbd2a2efb32e749f908701d3222e415,60,11,6,5,67108864,109438469,109427379,11090,160,25458838,150,25458838,311,7444,8800064,8800064,4,56,0,0,0,0,0,0,0,0,0,0,0,49304,0.263273
development,syn-scale-free-50000-m4-v1,05b0186a56673b5665dd773738a943bf6d8ee364088949df2ed3c69d5d222ac8,churn,5,strict-alternating,7,0,2,FREQ-LRU-REPAIR,ce2e2983c81369eab0e913ab658ae8e11bbd2a2efb32e749f908701d3222e415,60,11,6,5,67108864,135240284,135219475,20809,301,27266105,260,27266105,1463,7544,8800432,8800432,16,44,4,0,4,0,0,0,31,0,4,0,0,49416,0.292618
development,syn-scale-free-50000-m4-v1,05b0186a56673b5665dd773738a943bf6d8ee364088949df2ed3c69d5d222ac8,churn,5,strict-alternating,7,0,3,ADES,ce2e2983c81369eab0e913ab658ae8e11bbd2a2efb32e749f908701d3222e415,60,11,6,5,67108864,109264294,109252530,11764,214009,4640759,349782,4640759,762,4659,4400248,4400248,46,14,2,0,2,0,0,0,9,0,2,0,0,46288,0.268701
development,syn-scale-free-50000-m4-v1,05b0186a56673b5665dd773738a943bf6d8ee364088949df2ed3c69d5d222ac8,churn,5,strict-alternating,7,0,4,ADES-V2,ce2e2983c81369eab0e913ab658ae8e11bbd2a2efb32e749f908701d3222e415,60,11,6,5,67108864,71144995,71141719,3276,418580,4415539,493960,4415539,290,521,1944,1944,60,0,0,0,0,0,0,0,0,0,0,0,0,42772,0.230056
development,syn-scale-free-50000-m4-v1,05b0186a56673b5665dd773738a943bf6d8ee364088949df2ed3c69d5d222ac8,churn,5,strict-alternating,7,1,0,B3L,ce2e2983c81369eab0e913ab658ae8e11bbd2a2efb32e749f908701d3222e415,60,11,6,5,67108864,118649990,118639920,10070,161,28954371,151,28954371,331,6172,8800064,8800064,4,56,0,0,0,0,0,0,0,0,0,0,0,49376,0.289785
development,syn-scale-free-50000-m4-v1,05b0186a56673b5665dd773738a943bf6d8ee364088949df2ed3c69d5d222ac8,churn,5,strict-alternating,7,1,1,FREQ-LRU-REPAIR,ce2e2983c81369eab0e913ab658ae8e11bbd2a2efb32e749f908701d3222e415,60,11,6,5,67108864,138978342,138957133,21209,320,26961408,290,26961408,1493,7674,8800432,8800432,16,44,4,0,4,0,0,0,31,0,4,0,0,49372,0.297904
development,syn-scale-free-50000-m4-v1,05b0186a56673b5665dd773738a943bf6d8ee364088949df2ed3c69d5d222ac8,churn,5,strict-alternating,7,1,2,ADES,ce2e2983c81369eab0e913ab658ae8e11bbd2a2efb32e749f908701d3222e415,60,11,6,5,67108864,112495669,112482614,13055,219389,4663140,365962,4663140,812,4909,4400248,4400248,46,14,2,0,2,0,0,0,9,0,2,0,0,46280,0.271461
development,syn-scale-free-50000-m4-v1,05b0186a56673b5665dd773738a943bf6d8ee364088949df2ed3c69d5d222ac8,churn,5,strict-alternating,7,1,3,ADES-V2,ce2e2983c81369eab0e913ab658ae8e11bbd2a2efb32e749f908701d3222e415,60,11,6,5,67108864,68791417,68786817,4600,372614,4669833,515371,4669833,421,601,1944,1944,60,0,0,0,0,0,0,0,0,0,0,0,0,43260,0.225552
development,syn-scale-free-50000-m4-v1,05b0186a56673b5665dd773738a943bf6d8ee364088949df2ed3c69d5d222ac8,churn,5,strict-alternating,7,1,4,COLD,ce2e2983c81369eab0e913ab658ae8e11bbd2a2efb32e749f908701d3222e415,60,11,6,5,67108864,64749523,64745565,3958,380560,4359074,496195,4359074,360,451,0,0,60,0,0,0,0,0,0,0,0,0,0,0,0,42540,0.223014
development,syn-scale-free-50000-m4-v1,05b0186a56673b5665dd773738a943bf6d8ee364088949df2ed3c69d5d222ac8,churn,5,strict-alternating,17,0,0,COLD,00f95415e2be21f41e16b8d92a738139e1f2a805b390128e9ef2f553d2fdd6a8,60,11,6,5,16777216,49213238,49209368,3870,343150,2295759,361153,2295759,301,862,0,0,60,0,0,0,0,0,0,0,0,0,0,0,0,42708,0.208495
development,syn-scale-free-50000-m4-v1,05b0186a56673b5665dd773738a943bf6d8ee364088949df2ed3c69d5d222ac8,churn,5,strict-alternating,17,0,1,B3L,00f95415e2be21f41e16b8d92a738139e1f2a805b390128e9ef2f553d2fdd6a8,60,11,6,5,16777216,108444896,108438594,6302,150,24666730,150,24666730,341,2705,8800064,8800064,4,56,0,0,0,0,0,0,0,0,0,0,0,49324,0.266008
development,syn-scale-free-50000-m4-v1,05b0186a56673b5665dd773738a943bf6d8ee364088949df2ed3c69d5d222ac8,churn,5,strict-alternating,17,0,2,FREQ-LRU-REPAIR,00f95415e2be21f41e16b8d92a738139e1f2a805b390128e9ef2f553d2fdd6a8,60,11,6,5,16777216,128823071,128805119,17952,271,28819670,210,28819670,1292,5320,8800432,8800432,16,44,4,0,4,0,0,0,32,3,0,0,0,51012,0.286613
development,syn-scale-free-50000-m4-v1,05b0186a56673b5665dd773738a943bf6d8ee364088949df2ed3c69d5d222ac8,churn,5,strict-alternating,17,0,3,ADES,00f95415e2be21f41e16b8d92a738139e1f2a805b390128e9ef2f553d2fdd6a8,60,11,6,5,16777216,68100273,68097377,2896,315758,2460125,328082,2460125,230,420,2200156,2200156,60,0,1,0,1,0,0,0,0,0,0,0,0,44080,0.233107
development,syn-scale-free-50000-m4-v1,05b0186a56673b5665dd773738a943bf6d8ee364088949df2ed3c69d5d222ac8,churn,5,strict-alternating,17,0,4,ADES-V2,00f95415e2be21f41e16b8d92a738139e1f2a805b390128e9ef2f553d2fdd6a8,60,11,6,5,16777216,47746211,47742405,3806,340816,2195932,381391,2195932,310,611,2032,2032,60,0,0,0,0,0,0,0,0,0,0,0,0,41620,0.204475
development,syn-scale-free-50000-m4-v1,05b0186a56673b5665dd773738a943bf6d8ee364088949df2ed3c69d5d222ac8,churn,5,strict-alternating,17,1,0,B3L,00f95415e2be21f41e16b8d92a738139e1f2a805b390128e9ef2f553d2fdd6a8,60,11,6,5,16777216,113752044,113744771,7273,150,27372664,140,27372664,431,2945,8800064,8800064,4,56,0,0,0,0,0,0,0,0,0,0,0,50352,0.270613
development,syn-scale-free-50000-m4-v1,05b0186a56673b5665dd773738a943bf6d8ee364088949df2ed3c69d5d222ac8,churn,5,strict-alternating,17,1,1,FREQ-LRU-REPAIR,00f95415e2be21f41e16b8d92a738139e1f2a805b390128e9ef2f553d2fdd6a8,60,11,6,5,16777216,125860456,125843603,16853,290,25440102,211,25440102,1312,4499,8800432,8800432,16,44,4,0,4,0,0,0,32,3,0,0,0,49144,0.285214
development,syn-scale-free-50000-m4-v1,05b0186a56673b5665dd773738a943bf6d8ee364088949df2ed3c69d5d222ac8,churn,5,strict-alternating,17,1,2,ADES,00f95415e2be21f41e16b8d92a738139e1f2a805b390128e9ef2f553d2fdd6a8,60,11,6,5,16777216,70759697,70756692,3005,315938,2216147,340665,2216147,260,440,2200156,2200156,60,0,1,0,1,0,0,0,0,0,0,0,0,44080,0.225691
development,syn-scale-free-50000-m4-v1,05b0186a56673b5665dd773738a943bf6d8ee364088949df2ed3c69d5d222ac8,churn,5,strict-alternating,17,1,3,ADES-V2,00f95415e2be21f41e16b8d92a738139e1f2a805b390128e9ef2f553d2fdd6a8,60,11,6,5,16777216,45848620,45845104,3516,345263,2217330,361463,2217330,351,511,2032,2032,60,0,0,0,0,0,0,0,0,0,0,0,0,41640,0.200184
development,syn-scale-free-50000-m4-v1,05b0186a56673b5665dd773738a943bf6d8ee364088949df2ed3c69d5d222ac8,churn,5,strict-alternating,17,1,4,COLD,00f95415e2be21f41e16b8d92a738139e1f2a805b390128e9ef2f553d2fdd6a8,60,11,6,5,16777216,45425863,45422160,3703,332219,2223120,347196,2223120,330,531,0,0,60,0,0,0,0,0,0,0,0,0,0,0,0,42772,0.202829
development,syn-scale-free-50000-m4-v1,05b0186a56673b5665dd773738a943bf6d8ee364088949df2ed3c69d5d222ac8,churn,5,strict-alternating,17,0,0,B3L,00f95415e2be21f41e16b8d92a738139e1f2a805b390128e9ef2f553d2fdd6a8,60,11,6,5,67108864,113732715,113725441,7274,140,25337299,140,25337299,421,3156,8800064,8800064,4,56,0,0,0,0,0,0,0,0,0,0,0,50404,0.269624
development,syn-scale-free-50000-m4-v1,05b0186a56673b5665dd773738a943bf6d8ee364088949df2ed3c69d5d222ac8,churn,5,strict-alternating,17,0,1,FREQ-LRU-REPAIR,00f95415e2be21f41e16b8d92a738139e1f2a805b390128e9ef2f553d2fdd6a8,60,11,6,5,67108864,126203740,126187039,16701,221,26446325,211,26446325,1362,4759,8800432,8800432,16,44,4,0,4,0,0,0,32,3,0,0,0,49316,0.284644
development,syn-scale-free-50000-m4-v1,05b0186a56673b5665dd773738a943bf6d8ee364088949df2ed3c69d5d222ac8,churn,5,strict-alternating,17,0,2,ADES,00f95415e2be21f41e16b8d92a738139e1f2a805b390128e9ef2f553d2fdd6a8,60,11,6,5,67108864,75350027,75346029,3998,336497,2716620,346766,2716620,361,451,2200156,2200156,60,0,1,0,1,0,0,0,0,0,0,0,0,44084,0.237738
development,syn-scale-free-50000-m4-v1,05b0186a56673b5665dd773738a943bf6d8ee364088949df2ed3c69d5d222ac8,churn,5,strict-alternating,17,0,3,ADES-V2,00f95415e2be21f41e16b8d92a738139e1f2a805b390128e9ef2f553d2fdd6a8,60,11,6,5,67108864,46600187,46596290,3897,327079,2137060,359219,2137060,360,681,2032,2032,60,0,0,0,0,0,0,0,0,0,0,0,0,41604,0.201952
development,syn-scale-free-50000-m4-v1,05b0186a56673b5665dd773738a943bf6d8ee364088949df2ed3c69d5d222ac8,churn,5,strict-alternating,17,0,4,COLD,00f95415e2be21f41e16b8d92a738139e1f2a805b390128e9ef2f553d2fdd6a8,60,11,6,5,67108864,44983442,44979161,4281,310318,2000886,328792,2000886,361,642,0,0,60,0,0,0,0,0,0,0,0,0,0,0,0,42732,0.207326
development,syn-scale-free-50000-m4-v1,05b0186a56673b5665dd773738a943bf6d8ee364088949df2ed3c69d5d222ac8,churn,5,strict-alternating,17,1,0,FREQ-LRU-REPAIR,00f95415e2be21f41e16b8d92a738139e1f2a805b390128e9ef2f553d2fdd6a8,60,11,6,5,67108864,122132011,122114799,17212,231,26662187,210,26662187,1313,4889,8800432,8800432,16,44,4,0,4,0,0,0,32,3,0,0,0,49360,0.278525
development,syn-scale-free-50000-m4-v1,05b0186a56673b5665dd773738a943bf6d8ee364088949df2ed3c69d5d222ac8,churn,5,strict-alternating,17,1,1,ADES,00f95415e2be21f41e16b8d92a738139e1f2a805b390128e9ef2f553d2fdd6a8,60,11,6,5,67108864,70852545,70848058,4487,312121,2385312,325536,2385312,301,1653,2200156,2200156,60,0,1,0,1,0,0,0,0,0,0,0,0,44140,0.233058
development,syn-scale-free-50000-m4-v1,05b0186a56673b5665dd773738a943bf6d8ee364088949df2ed3c69d5d222ac8,churn,5,strict-alternating,17,1,2,ADES-V2,00f95415e2be21f41e16b8d92a738139e1f2a805b390128e9ef2f553d2fdd6a8,60,11,6,5,67108864,46300011,46297044,2967,322050,2110791,363537,2110791,251,401,2032,2032,60,0,0,0,0,0,0,0,0,0,0,0,0,42812,0.204126
development,syn-scale-free-50000-m4-v1,05b0186a56673b5665dd773738a943bf6d8ee364088949df2ed3c69d5d222ac8,churn,5,strict-alternating,17,1,3,COLD,00f95415e2be21f41e16b8d92a738139e1f2a805b390128e9ef2f553d2fdd6a8,60,11,6,5,67108864,45346090,45341773,4317,322802,2092487,354190,2092487,391,652,0,0,60,0,0,0,0,0,0,0,0,0,0,0,0,43152,0.210498
development,syn-scale-free-50000-m4-v1,05b0186a56673b5665dd773738a943bf6d8ee364088949df2ed3c69d5d222ac8,churn,5,strict-alternating,17,1,4,B3L,00f95415e2be21f41e16b8d92a738139e1f2a805b390128e9ef2f553d2fdd6a8,60,11,6,5,67108864,119627789,119619366,8423,150,29014899,140,29014899,461,3597,8800064,8800064,4,56,0,0,0,0,0,0,0,0,0,0,0,51048,0.277066
development,syn-scale-free-50000-m4-v1,05b0186a56673b5665dd773738a943bf6d8ee364088949df2ed3c69d5d222ac8,churn,5,strict-alternating,29,0,0,B3L,a3b4dd8bec2ad0b891f1c275ec3b4ba795016fcaa1231eebaa203abb25d4771b,60,11,6,5,16777216,111887309,111870488,16821,160,24228794,150,24228794,401,9268,8800064,8800064,4,56,0,0,0,0,0,0,0,0,0,0,0,49820,0.271774
development,syn-scale-free-50000-m4-v1,05b0186a56673b5665dd773738a943bf6d8ee364088949df2ed3c69d5d222ac8,churn,5,strict-alternating,29,0,1,FREQ-LRU-REPAIR,a3b4dd8bec2ad0b891f1c275ec3b4ba795016fcaa1231eebaa203abb25d4771b,60,11,6,5,16777216,149820081,149789375,30706,321,32994390,220,32994390,1492,12894,8800432,8800432,16,44,4,0,4,0,0,0,31,0,4,0,0,50520,0.314834
development,syn-scale-free-50000-m4-v1,05b0186a56673b5665dd773738a943bf6d8ee364088949df2ed3c69d5d222ac8,churn,5,strict-alternating,29,0,2,ADES,a3b4dd8bec2ad0b891f1c275ec3b4ba795016fcaa1231eebaa203abb25d4771b,60,11,6,5,16777216,130482243,130472386,9857,351043,5192350,504870,5192350,902,1613,4400248,4400248,48,12,2,0,2,0,0,0,10,0,0,0,0,46660,0.286581
development,syn-scale-free-50000-m4-v1,05b0186a56673b5665dd773738a943bf6d8ee364088949df2ed3c69d5d222ac8,churn,5,strict-alternating,29,0,3,ADES-V2,a3b4dd8bec2ad0b891f1c275ec3b4ba795016fcaa1231eebaa203abb25d4771b,60,11,6,5,16777216,118162882,118157621,5261,746691,5130104,921647,5130104,501,861,2032,2032,60,0,0,0,0,0,0,0,0,0,0,0,0,42856,0.275761
development,syn-scale-free-50000-m4-v1,05b0186a56673b5665dd773738a943bf6d8ee364088949df2ed3c69d5d222ac8,churn,5,strict-alternating,29,0,4,COLD,a3b4dd8bec2ad0b891f1c275ec3b4ba795016fcaa1231eebaa203abb25d4771b,60,11,6,5,16777216,111365273,111360023,5250,631467,5338794,809418,5338794,471,761,0,0,60,0,0,0,0,0,0,0,0,0,0,0,0,42736,0.271760
development,syn-scale-free-50000-m4-v1,05b0186a56673b5665dd773738a943bf6d8ee364088949df2ed3c69d5d222ac8,churn,5,strict-alternating,29,1,0,FREQ-LRU-REPAIR,a3b4dd8bec2ad0b891f1c275ec3b4ba795016fcaa1231eebaa203abb25d4771b,60,11,6,5,16777216,136616671,136588158,28513,371,27626343,301,27626343,1533,11772,8800432,8800432,16,44,4,0,4,0,0,0,31,0,4,0,0,50516,0.296342
development,syn-scale-free-50000-m4-v1,05b0186a56673b5665dd773738a943bf6d8ee364088949df2ed3c69d5d222ac8,churn,5,strict-alternating,29,1,1,ADES,a3b4dd8bec2ad0b891f1c275ec3b4ba795016fcaa1231eebaa203abb25d4771b,60,11,6,5,16777216,124699984,124691176,8808,287565,4395266,480756,4395266,732,1553,4400248,4400248,48,12,2,0,2,0,0,0,10,0,0,0,0,47140,0.280053
development,syn-scale-free-50000-m4-v1,05b0186a56673b5665dd773738a943bf6d8ee364088949df2ed3c69d5d222ac8,churn,5,strict-alternating,29,1,2,ADES-V2,a3b4dd8bec2ad0b891f1c275ec3b4ba795016fcaa1231eebaa203abb25d4771b,60,11,6,5,16777216,112713362,112709104,4258,682582,5518377,848000,5518377,351,621,2032,2032,60,0,0,0,0,0,0,0,0,0,0,0,0,41628,0.267605
development,syn-scale-free-50000-m4-v1,05b0186a56673b5665dd773738a943bf6d8ee364088949df2ed3c69d5d222ac8,churn,5,strict-alternating,29,1,3,COLD,a3b4dd8bec2ad0b891f1c275ec3b4ba795016fcaa1231eebaa203abb25d4771b,60,11,6,5,16777216,102511806,102507547,4259,629973,4831539,736552,4831539,301,852,0,0,60,0,0,0,0,0,0,0,0,0,0,0,0,41504,0.256878
development,syn-scale-free-50000-m4-v1,05b0186a56673b5665dd773738a943bf6d8ee364088949df2ed3c69d5d222ac8,churn,5,strict-alternating,29,1,4,B3L,a3b4dd8bec2ad0b891f1c275ec3b4ba795016fcaa1231eebaa203abb25d4771b,60,11,6,5,16777216,114586484,114571327,15157,151,25684997,150,25684997,380,8716,8800064,8800064,4,56,0,0,0,0,0,0,0,0,0,0,0,49296,0.272274
development,syn-scale-free-50000-m4-v1,05b0186a56673b5665dd773738a943bf6d8ee364088949df2ed3c69d5d222ac8,churn,5,strict-alternating,29,0,0,FREQ-LRU-REPAIR,a3b4dd8bec2ad0b891f1c275ec3b4ba795016fcaa1231eebaa203abb25d4771b,60,11,6,5,67108864,137928709,137900185,28524,301,27176198,211,27176198,1553,11641,8800432,8800432,16,44,4,0,4,0,0,0,31,0,4,0,0,49356,0.298856
development,syn-scale-free-50000-m4-v1,05b0186a56673b5665dd773738a943bf6d8ee364088949df2ed3c69d5d222ac8,churn,5,strict-alternating,29,0,1,ADES,a3b4dd8bec2ad0b891f1c275ec3b4ba795016fcaa1231eebaa203abb25d4771b,60,11,6,5,67108864,119670024,119662390,7634,335630,5031242,505363,5031242,752,1122,4400248,4400248,48,12,2,0,2,0,0,0,10,0,0,0,0,46644,0.272777
development,syn-scale-free-50000-m4-v1,05b0186a56673b5665dd773738a943bf6d8ee364088949df2ed3c69d5d222ac8,churn,5,strict-alternating,29,0,2,ADES-V2,a3b4dd8bec2ad0b891f1c275ec3b4ba795016fcaa1231eebaa203abb25d4771b,60,11,6,5,67108864,118855121,118850292,4829,695324,5997677,874184,5997677,431,662,2032,2032,60,0,0,0,0,0,0,0,0,0,0,0,0,41648,0.277790
development,syn-scale-free-50000-m4-v1,05b0186a56673b5665dd773738a943bf6d8ee364088949df2ed3c69d5d222ac8,churn,5,strict-alternating,29,0,3,COLD,a3b4dd8bec2ad0b891f1c275ec3b4ba795016fcaa1231eebaa203abb25d4771b,60,11,6,5,67108864,122414971,122408819,6152,710893,5945610,983236,5945610,531,1042,0,0,60,0,0,0,0,0,0,0,0,0,0,0,0,41552,0.275507
development,syn-scale-free-50000-m4-v1,05b0186a56673b5665dd773738a943bf6d8ee364088949df2ed3c69d5d222ac8,churn,5,strict-alternating,29,0,4,B3L,a3b4dd8bec2ad0b891f1c275ec3b4ba795016fcaa1231eebaa203abb25d4771b,60,11,6,5,67108864,126273445,126256892,16553,161,29377153,160,29377153,371,9157,8800064,8800064,4,56,0,0,0,0,0,0,0,0,0,0,0,49820,0.286567
development,syn-scale-free-50000-m4-v1,05b0186a56673b5665dd773738a943bf6d8ee364088949df2ed3c69d5d222ac8,churn,5,strict-alternating,29,1,0,ADES,a3b4dd8bec2ad0b891f1c275ec3b4ba795016fcaa1231eebaa203abb25d4771b,60,11,6,5,67108864,113624520,113616235,8285,277192,4460327,461422,4460327,771,1292,4400248,4400248,48,12,2,0,2,0,0,0,10,0,0,0,0,46656,0.276796
development,syn-scale-free-50000-m4-v1,05b0186a56673b5665dd773738a943bf6d8ee364088949df2ed3c69d5d222ac8,churn,5,strict-alternating,29,1,1,ADES-V2,a3b4dd8bec2ad0b891f1c275ec3b4ba795016fcaa1231eebaa203abb25d4771b,60,11,6,5,67108864,112837615,112832516,5099,631597,5042693,839570,5042693,461,962,2032,2032,60,0,0,0,0,0,0,0,0,0,0,0,0,42880,0.266427
development,syn-scale-free-50000-m4-v1,05b0186a56673b5665dd773738a943bf6d8ee364088949df2ed3c69d5d222ac8,churn,5,strict-alternating,29,1,2,COLD,a3b4dd8bec2ad0b891f1c275ec3b4ba795016fcaa1231eebaa203abb25d4771b,60,11,6,5,67108864,111325122,111319632,5490,651523,6481029,827528,6481029,571,801,0,0,60,0,0,0,0,0,0,0,0,0,0,0,0,42700,0.265943
development,syn-scale-free-50000-m4-v1,05b0186a56673b5665dd773738a943bf6d8ee364088949df2ed3c69d5d222ac8,churn,5,strict-alternating,29,1,3,B3L,a3b4dd8bec2ad0b891f1c275ec3b4ba795016fcaa1231eebaa203abb25d4771b,60,11,6,5,67108864,120210604,120195094,15510,161,27134170,160,27134170,410,8165,8800064,8800064,4,56,0,0,0,0,0,0,0,0,0,0,0,50444,0.270882
development,syn-scale-free-50000-m4-v1,05b0186a56673b5665dd773738a943bf6d8ee364088949df2ed3c69d5d222ac8,churn,5,strict-alternating,29,1,4,FREQ-LRU-REPAIR,a3b4dd8bec2ad0b891f1c275ec3b4ba795016fcaa1231eebaa203abb25d4771b,60,11,6,5,67108864,139669374,139637926,31448,300,28324325,211,28324325,1422,13635,8800432,8800432,16,44,4,0,4,0,0,0,31,0,4,0,0,50560,0.312124
development,syn-scale-free-50000-m4-v1,05b0186a56673b5665dd773738a943bf6d8ee364088949df2ed3c69d5d222ac8,churn,50,strict-alternating,7,0,0,FREQ-LRU-REPAIR,43a6ed4ee95f1a06fde3acb82947661565e338333ab5fd5605dd2d7ceee0a813,60,1,1,0,16777216,129860843,129852648,8195,320,25222946,320,25222946,8195,8195,8800432,8800432,16,44,4,0,4,0,0,0,0,0,4,0,0,49376,0.286160
development,syn-scale-free-50000-m4-v1,05b0186a56673b5665dd773738a943bf6d8ee364088949df2ed3c69d5d222ac8,churn,50,strict-alternating,7,0,1,ADES,43a6ed4ee95f1a06fde3acb82947661565e338333ab5fd5605dd2d7ceee0a813,60,1,1,0,16777216,124155375,124151699,3676,426535,5366649,426535,5366649,3676,3676,4400248,4400248,54,6,2,0,2,0,0,0,0,0,1,0,0,46280,0.292023
development,syn-scale-free-50000-m4-v1,05b0186a56673b5665dd773738a943bf6d8ee364088949df2ed3c69d5d222ac8,churn,50,strict-alternating,7,0,2,ADES-V2,43a6ed4ee95f1a06fde3acb82947661565e338333ab5fd5605dd2d7ceee0a813,60,1,1,0,16777216,79403353,79402882,471,617019,4633563,617019,4633563,471,471,1944,1944,60,0,0,0,0,0,0,0,0,0,0,0,0,41492,0.241459
development,syn-scale-free-50000-m4-v1,05b0186a56673b5665dd773738a943bf6d8ee364088949df2ed3c69d5d222ac8,churn,50,strict-alternating,7,0,3,COLD,43a6ed4ee95f1a06fde3acb82947661565e338333ab5fd5605dd2d7ceee0a813,60,1,1,0,16777216,82658611,82658050,561,615788,4800805,615788,4800805,561,561,0,0,60,0,0,0,0,0,0,0,0,0,0,0,0,42648,0.245904
development,syn-scale-free-50000-m4-v1,05b0186a56673b5665dd773738a943bf6d8ee364088949df2ed3c69d5d222ac8,churn,50,strict-alternating,7,0,4,B3L,43a6ed4ee95f1a06fde3acb82947661565e338333ab5fd5605dd2d7ceee0a813,60,1,1,0,16777216,115944281,115936567,7714,161,26354584,160,26354584,7714,7714,8800064,8800064,4,56,0,0,0,0,0,0,0,0,0,0,0,50528,0.278914
development,syn-scale-free-50000-m4-v1,05b0186a56673b5665dd773738a943bf6d8ee364088949df2ed3c69d5d222ac8,churn,50,strict-alternating,7,1,0,ADES,43a6ed4ee95f1a06fde3acb82947661565e338333ab5fd5605dd2d7ceee0a813,60,1,1,0,16777216,124395415,124391388,4027,398814,5326224,398814,5326224,4027,4027,4400248,4400248,54,6,2,0,2,0,0,0,0,0,1,0,0,46280,0.281550
development,syn-scale-free-50000-m4-v1,05b0186a56673b5665dd773738a943bf6d8ee364088949df2ed3c69d5d222ac8,churn,50,strict-alternating,7,1,1,ADES-V2,43a6ed4ee95f1a06fde3acb82947661565e338333ab5fd5605dd2d7ceee0a813,60,1,1,0,16777216,72967612,72967131,481,583227,4161164,583227,4161164,481,481,1944,1944,60,0,0,0,0,0,0,0,0,0,0,0,0,41468,0.235283
development,syn-scale-free-50000-m4-v1,05b0186a56673b5665dd773738a943bf6d8ee364088949df2ed3c69d5d222ac8,churn,50,strict-alternating,7,1,2,COLD,43a6ed4ee95f1a06fde3acb82947661565e338333ab5fd5605dd2d7ceee0a813,60,1,1,0,16777216,82971274,82970613,661,668125,4726357,668125,4726357,661,661,0,0,60,0,0,0,0,0,0,0,0,0,0,0,0,41880,0.242482
development,syn-scale-free-50000-m4-v1,05b0186a56673b5665dd773738a943bf6d8ee364088949df2ed3c69d5d222ac8,churn,50,strict-alternating,7,1,3,B3L,43a6ed4ee95f1a06fde3acb82947661565e338333ab5fd5605dd2d7ceee0a813,60,1,1,0,16777216,122937044,122930281,6763,150,27943866,150,27943866,6763,6763,8800064,8800064,4,56,0,0,0,0,0,0,0,0,0,0,0,49848,0.280547
development,syn-scale-free-50000-m4-v1,05b0186a56673b5665dd773738a943bf6d8ee364088949df2ed3c69d5d222ac8,churn,50,strict-alternating,7,1,4,FREQ-LRU-REPAIR,43a6ed4ee95f1a06fde3acb82947661565e338333ab5fd5605dd2d7ceee0a813,60,1,1,0,16777216,133139997,133132403,7594,300,29454871,300,29454871,7594,7594,8800432,8800432,16,44,4,0,4,0,0,0,0,0,4,0,0,49360,0.296747
development,syn-scale-free-50000-m4-v1,05b0186a56673b5665dd773738a943bf6d8ee364088949df2ed3c69d5d222ac8,churn,50,strict-alternating,7,0,0,ADES,43a6ed4ee95f1a06fde3acb82947661565e338333ab5fd5605dd2d7ceee0a813,60,1,1,0,67108864,131715315,131711599,3716,397280,5312308,397280,5312308,3716,3716,4400248,4400248,54,6,2,0,2,0,0,0,0,0,1,0,0,46276,0.292643
development,syn-scale-free-50000-m4-v1,05b0186a56673b5665dd773738a943bf6d8ee364088949df2ed3c69d5d222ac8,churn,50,strict-alternating,7,0,1,ADES-V2,43a6ed4ee95f1a06fde3acb82947661565e338333ab5fd5605dd2d7ceee0a813,60,1,1,0,67108864,76552104,76551693,411,598385,4556420,598385,4556420,411,411,1944,1944,60,0,0,0,0,0,0,0,0,0,0,0,0,42688,0.234555
development,syn-scale-free-50000-m4-v1,05b0186a56673b5665dd773738a943bf6d8ee364088949df2ed3c69d5d222ac8,churn,50,strict-alternating,7,0,2,COLD,43a6ed4ee95f1a06fde3acb82947661565e338333ab5fd5605dd2d7ceee0a813,60,1,1,0,67108864,70052752,70052111,641,534763,4182503,534763,4182503,641,641,0,0,60,0,0,0,0,0,0,0,0,0,0,0,0,41912,0.234008
development,syn-scale-free-50000-m4-v1,05b0186a56673b5665dd773738a943bf6d8ee364088949df2ed3c69d5d222ac8,churn,50,strict-alternating,7,0,3,B3L,43a6ed4ee95f1a06fde3acb82947661565e338333ab5fd5605dd2d7ceee0a813,60,1,1,0,67108864,120445811,120438757,7054,140,27938596,140,27938596,7054,7054,8800064,8800064,4,56,0,0,0,0,0,0,0,0,0,0,0,50500,0.280533
development,syn-scale-free-50000-m4-v1,05b0186a56673b5665dd773738a943bf6d8ee364088949df2ed3c69d5d222ac8,churn,50,strict-alternating,7,0,4,FREQ-LRU-REPAIR,43a6ed4ee95f1a06fde3acb82947661565e338333ab5fd5605dd2d7ceee0a813,60,1,1,0,67108864,120819186,120811482,7704,301,27074793,291,27074793,7704,7704,8800432,8800432,16,44,4,0,4,0,0,0,0,0,4,0,0,49408,0.277315
development,syn-scale-free-50000-m4-v1,05b0186a56673b5665dd773738a943bf6d8ee364088949df2ed3c69d5d222ac8,churn,50,strict-alternating,7,1,0,ADES-V2,43a6ed4ee95f1a06fde3acb82947661565e338333ab5fd5605dd2d7ceee0a813,60,1,1,0,67108864,72077225,72076764,461,547006,4354292,547006,4354292,461,461,1944,1944,60,0,0,0,0,0,0,0,0,0,0,0,0,42652,0.227951
development,syn-scale-free-50000-m4-v1,05b0186a56673b5665dd773738a943bf6d8ee364088949df2ed3c69d5d222ac8,churn,50,strict-alternating,7,1,1,COLD,43a6ed4ee95f1a06fde3acb82947661565e338333ab5fd5605dd2d7ceee0a813,60,1,1,0,67108864,70718545,70717754,791,507141,4251711,507141,4251711,791,791,0,0,60,0,0,0,0,0,0,0,0,0,0,0,0,42604,0.234172
development,syn-scale-free-50000-m4-v1,05b0186a56673b5665dd773738a943bf6d8ee364088949df2ed3c69d5d222ac8,churn,50,strict-alternating,7,1,2,B3L,43a6ed4ee95f1a06fde3acb82947661565e338333ab5fd5605dd2d7ceee0a813,60,1,1,0,67108864,115056364,115048519,7845,161,27305251,161,27305251,7845,7845,8800064,8800064,4,56,0,0,0,0,0,0,0,0,0,0,0,49792,0.278092
development,syn-scale-free-50000-m4-v1,05b0186a56673b5665dd773738a943bf6d8ee364088949df2ed3c69d5d222ac8,churn,50,strict-alternating,7,1,3,FREQ-LRU-REPAIR,43a6ed4ee95f1a06fde3acb82947661565e338333ab5fd5605dd2d7ceee0a813,60,1,1,0,67108864,122133219,122125534,7685,310,25849608,310,25849608,7685,7685,8800432,8800432,16,44,4,0,4,0,0,0,0,0,4,0,0,50636,0.277606
development,syn-scale-free-50000-m4-v1,05b0186a56673b5665dd773738a943bf6d8ee364088949df2ed3c69d5d222ac8,churn,50,strict-alternating,7,1,4,ADES,43a6ed4ee95f1a06fde3acb82947661565e338333ab5fd5605dd2d7ceee0a813,60,1,1,0,67108864,130012142,130008194,3948,408248,5447992,408248,5447992,3948,3948,4400248,4400248,54,6,2,0,2,0,0,0,0,0,1,0,0,46288,0.289874
development,syn-scale-free-50000-m4-v1,05b0186a56673b5665dd773738a943bf6d8ee364088949df2ed3c69d5d222ac8,churn,50,strict-alternating,17,0,0,ADES,79270fc64647abc2c1eda23dae85295fe12f21d6134599c3916578054e052e32,60,1,1,0,16777216,37621013,37620092,921,417768,2388197,417768,2388197,921,921,64,64,60,0,0,0,0,0,0,0,0,0,0,0,0,41912,0.196383
development,syn-scale-free-50000-m4-v1,05b0186a56673b5665dd773738a943bf6d8ee364088949df2ed3c69d5d222ac8,churn,50,strict-alternating,17,0,1,ADES-V2,79270fc64647abc2c1eda23dae85295fe12f21d6134599c3916578054e052e32,60,1,1,0,16777216,36814376,36813875,501,393122,2185269,393122,2185269,501,501,2032,2032,60,0,0,0,0,0,0,0,0,0,0,0,0,41328,0.193069
development,syn-scale-free-50000-m4-v1,05b0186a56673b5665dd773738a943bf6d8ee364088949df2ed3c69d5d222ac8,churn,50,strict-alternating,17,0,2,COLD,79270fc64647abc2c1eda23dae85295fe12f21d6134599c3916578054e052e32,60,1,1,0,16777216,36809856,36809204,652,402720,2392455,402720,2392455,652,652,0,0,60,0,0,0,0,0,0,0,0,0,0,0,0,42428,0.198515
development,syn-scale-free-50000-m4-v1,05b0186a56673b5665dd773738a943bf6d8ee364088949df2ed3c69d5d222ac8,churn,50,strict-alternating,17,0,3,B3L,79270fc64647abc2c1eda23dae85295fe12f21d6134599c3916578054e052e32,60,1,1,0,16777216,114294336,114286342,7994,150,26172496,150,26172496,7994,7994,8800064,8800064,4,56,0,0,0,0,0,0,0,0,0,0,0,50528,0.273366
development,syn-scale-free-50000-m4-v1,05b0186a56673b5665dd773738a943bf6d8ee364088949df2ed3c69d5d222ac8,churn,50,strict-alternating,17,0,4,FREQ-LRU-REPAIR,79270fc64647abc2c1eda23dae85295fe12f21d6134599c3916578054e052e32,60,1,1,0,16777216,125556622,125547275,9347,300,27506019,291,27506019,9347,9347,8800432,8800432,16,44,4,0,4,0,0,0,0,0,4,0,0,51040,0.282802
development,syn-scale-free-50000-m4-v1,05b0186a56673b5665dd773738a943bf6d8ee364088949df2ed3c69d5d222ac8,churn,50,strict-alternating,17,1,0,ADES-V2,79270fc64647abc2c1eda23dae85295fe12f21d6134599c3916578054e052e32,60,1,1,0,16777216,38559601,38559050,551,419511,2326332,419511,2326332,551,551,2032,2032,60,0,0,0,0,0,0,0,0,0,0,0,0,41340,0.193598
development,syn-scale-free-50000-m4-v1,05b0186a56673b5665dd773738a943bf6d8ee364088949df2ed3c69d5d222ac8,churn,50,strict-alternating,17,1,1,COLD,79270fc64647abc2c1eda23dae85295fe12f21d6134599c3916578054e052e32,60,1,1,0,16777216,37544071,37543410,661,412568,2330089,412568,2330089,661,661,0,0,60,0,0,0,0,0,0,0,0,0,0,0,0,42884,0.199364
development,syn-scale-free-50000-m4-v1,05b0186a56673b5665dd773738a943bf6d8ee364088949df2ed3c69d5d222ac8,churn,50,strict-alternating,17,1,2,B3L,79270fc64647abc2c1eda23dae85295fe12f21d6134599c3916578054e052e32,60,1,1,0,16777216,106504382,106495696,8686,150,25804631,150,25804631,8686,8686,8800064,8800064,4,56,0,0,0,0,0,0,0,0,0,0,0,50552,0.273050
development,syn-scale-free-50000-m4-v1,05b0186a56673b5665dd773738a943bf6d8ee364088949df2ed3c69d5d222ac8,churn,50,strict-alternating,17,1,3,FREQ-LRU-REPAIR,79270fc64647abc2c1eda23dae85295fe12f21d6134599c3916578054e052e32,60,1,1,0,16777216,126160881,126152014,8867,301,26270017,301,26270017,8867,8867,8800432,8800432,16,44,4,0,4,0,0,0,0,0,4,0,0,50496,0.296064
development,syn-scale-free-50000-m4-v1,05b0186a56673b5665dd773738a943bf6d8ee364088949df2ed3c69d5d222ac8,churn,50,strict-alternating,17,1,4,ADES,79270fc64647abc2c1eda23dae85295fe12f21d6134599c3916578054e052e32,60,1,1,0,16777216,37328078,37327507,571,406006,2174800,406006,2174800,571,571,64,64,60,0,0,0,0,0,0,0,0,0,0,0,0,41876,0.192425
development,syn-scale-free-50000-m4-v1,05b0186a56673b5665dd773738a943bf6d8ee364088949df2ed3c69d5d222ac8,churn,50,strict-alternating,17,0,0,ADES-V2,79270fc64647abc2c1eda23dae85295fe12f21d6134599c3916578054e052e32,60,1,1,0,67108864,36155897,36155376,521,383384,2302327,383384,2302327,521,521,2032,2032,60,0,0,0,0,0,0,0,0,0,0,0,0,42548,0.197738
development,syn-scale-free-50000-m4-v1,05b0186a56673b5665dd773738a943bf6d8ee364088949df2ed3c69d5d222ac8,churn,50,strict-alternating,17,0,1,COLD,79270fc64647abc2c1eda23dae85295fe12f21d6134599c3916578054e052e32,60,1,1,0,67108864,35543737,35542946,791,415183,2160212,415183,2160212,791,791,0,0,60,0,0,0,0,0,0,0,0,0,0,0,0,42500,0.193506
development,syn-scale-free-50000-m4-v1,05b0186a56673b5665dd773738a943bf6d8ee364088949df2ed3c69d5d222ac8,churn,50,strict-alternating,17,0,2,B3L,79270fc64647abc2c1eda23dae85295fe12f21d6134599c3916578054e052e32,60,1,1,0,67108864,116477714,116469429,8285,151,26973458,150,26973458,8285,8285,8800064,8800064,4,56,0,0,0,0,0,0,0,0,0,0,0,50508,0.276650
development,syn-scale-free-50000-m4-v1,05b0186a56673b5665dd773738a943bf6d8ee364088949df2ed3c69d5d222ac8,churn,50,strict-alternating,17,0,3,FREQ-LRU-REPAIR,79270fc64647abc2c1eda23dae85295fe12f21d6134599c3916578054e052e32,60,1,1,0,67108864,127452732,127445138,7594,290,27490160,281,27490160,7594,7594,8800432,8800432,16,44,4,0,4,0,0,0,0,0,4,0,0,50508,0.296671
development,syn-scale-free-50000-m4-v1,05b0186a56673b5665dd773738a943bf6d8ee364088949df2ed3c69d5d222ac8,churn,50,strict-alternating,17,0,4,ADES,79270fc64647abc2c1eda23dae85295fe12f21d6134599c3916578054e052e32,60,1,1,0,67108864,40068390,40067618,772,435110,2617694,435110,2617694,772,772,64,64,60,0,0,0,0,0,0,0,0,0,0,0,0,42576,0.198174
development,syn-scale-free-50000-m4-v1,05b0186a56673b5665dd773738a943bf6d8ee364088949df2ed3c69d5d222ac8,churn,50,strict-alternating,17,1,0,COLD,79270fc64647abc2c1eda23dae85295fe12f21d6134599c3916578054e052e32,60,1,1,0,67108864,41941659,41940828,831,425472,2457066,425472,2457066,831,831,0,0,60,0,0,0,0,0,0,0,0,0,0,0,0,42436,0.201064
development,syn-scale-free-50000-m4-v1,05b0186a56673b5665dd773738a943bf6d8ee364088949df2ed3c69d5d222ac8,churn,50,strict-alternating,17,1,1,B3L,79270fc64647abc2c1eda23dae85295fe12f21d6134599c3916578054e052e32,60,1,1,0,67108864,118239496,118231582,7914,140,27028310,140,27028310,7914,7914,8800064,8800064,4,56,0,0,0,0,0,0,0,0,0,0,0,51020,0.272619
development,syn-scale-free-50000-m4-v1,05b0186a56673b5665dd773738a943bf6d8ee364088949df2ed3c69d5d222ac8,churn,50,strict-alternating,17,1,2,FREQ-LRU-REPAIR,79270fc64647abc2c1eda23dae85295fe12f21d6134599c3916578054e052e32,60,1,1,0,67108864,126288692,126279475,9217,311,24993225,310,24993225,9217,9217,8800432,8800432,16,44,4,0,4,0,0,0,0,0,4,0,0,50480,0.288483
development,syn-scale-free-50000-m4-v1,05b0186a56673b5665dd773738a943bf6d8ee364088949df2ed3c69d5d222ac8,churn,50,strict-alternating,17,1,3,ADES,79270fc64647abc2c1eda23dae85295fe12f21d6134599c3916578054e052e32,60,1,1,0,67108864,35946702,35946071,631,394914,2132573,394914,2132573,631,631,64,64,60,0,0,0,0,0,0,0,0,0,0,0,0,41332,0.191220
development,syn-scale-free-50000-m4-v1,05b0186a56673b5665dd773738a943bf6d8ee364088949df2ed3c69d5d222ac8,churn,50,strict-alternating,17,1,4,ADES-V2,79270fc64647abc2c1eda23dae85295fe12f21d6134599c3916578054e052e32,60,1,1,0,67108864,36010921,36010390,531,387961,2205218,387961,2205218,531,531,2032,2032,60,0,0,0,0,0,0,0,0,0,0,0,0,42592,0.193854
development,syn-scale-free-50000-m4-v1,05b0186a56673b5665dd773738a943bf6d8ee364088949df2ed3c69d5d222ac8,churn,50,strict-alternating,29,0,0,ADES-V2,7f7b455fe9c5d6532f592477ae2772685103b6f649d2f55cccbe374d4f1ef2eb,60,1,1,0,16777216,115287497,115286946,551,723304,5014028,723304,5014028,551,551,2202132,2202132,60,0,1,0,1,0,0,0,0,0,0,0,0,44552,0.274562
development,syn-scale-free-50000-m4-v1,05b0186a56673b5665dd773738a943bf6d8ee364088949df2ed3c69d5d222ac8,churn,50,strict-alternating,29,0,1,COLD,7f7b455fe9c5d6532f592477ae2772685103b6f649d2f55cccbe374d4f1ef2eb,60,1,1,0,16777216,99220481,99219739,742,775411,5003248,775411,5003248,742,742,0,0,60,0,0,0,0,0,0,0,0,0,0,0,0,41508,0.253026
development,syn-scale-free-50000-m4-v1,05b0186a56673b5665dd773738a943bf6d8ee364088949df2ed3c69d5d222ac8,churn,50,strict-alternating,29,0,2,B3L,7f7b455fe9c5d6532f592477ae2772685103b6f649d2f55cccbe374d4f1ef2eb,60,1,1,0,16777216,118047990,118047239,751,151,28035788,151,28035788,751,751,8800064,8800064,4,56,0,0,0,0,0,0,0,0,0,0,0,49336,0.275190
development,syn-scale-free-50000-m4-v1,05b0186a56673b5665dd773738a943bf6d8ee364088949df2ed3c69d5d222ac8,churn,50,strict-alternating,29,0,3,FREQ-LRU-REPAIR,7f7b455fe9c5d6532f592477ae2772685103b6f649d2f55cccbe374d4f1ef2eb,60,1,1,0,16777216,142309934,142308040,1894,301,26635196,301,26635196,1894,1894,8800432,8800432,16,44,4,0,4,0,0,0,4,0,0,0,0,49340,0.299607
development,syn-scale-free-50000-m4-v1,05b0186a56673b5665dd773738a943bf6d8ee364088949df2ed3c69d5d222ac8,churn,50,strict-alternating,29,0,4,ADES,7f7b455fe9c5d6532f592477ae2772685103b6f649d2f55cccbe374d4f1ef2eb,60,1,1,0,16777216,98176861,98175188,1673,277466,4326560,277466,4326560,1673,1673,4400248,4400248,48,12,2,0,2,0,0,0,2,0,0,0,0,46260,0.256142
development,syn-scale-free-50000-m4-v1,05b0186a56673b5665dd773738a943bf6d8ee364088949df2ed3c69d5d222ac8,churn,50,strict-alternating,29,1,0,COLD,7f7b455fe9c5d6532f592477ae2772685103b6f649d2f55cccbe374d4f1ef2eb,60,1,1,0,16777216,96515734,96514772,962,752709,5057228,752709,5057228,962,962,0,0,60,0,0,0,0,0,0,0,0,0,0,0,0,42732,0.258884
development,syn-scale-free-50000-m4-v1,05b0186a56673b5665dd773738a943bf6d8ee364088949df2ed3c69d5d222ac8,churn,50,strict-alternating,29,1,1,B3L,7f7b455fe9c5d6532f592477ae2772685103b6f649d2f55cccbe374d4f1ef2eb,60,1,1,0,16777216,112159087,112158706,381,160,27350014,160,27350014,381,381,8800064,8800064,4,56,0,0,0,0,0,0,0,0,0,0,0,49276,0.275791
development,syn-scale-free-50000-m4-v1,05b0186a56673b5665dd773738a943bf6d8ee364088949df2ed3c69d5d222ac8,churn,50,strict-alternating,29,1,2,FREQ-LRU-REPAIR,7f7b455fe9c5d6532f592477ae2772685103b6f649d2f55cccbe374d4f1ef2eb,60,1,1,0,16777216,133660340,133657715,2625,300,26737516,291,26737516,2625,2625,8800432,8800432,16,44,4,0,4,0,0,0,4,0,0,0,0,50608,0.289096
development,syn-scale-free-50000-m4-v1,05b0186a56673b5665dd773738a943bf6d8ee364088949df2ed3c69d5d222ac8,churn,50,strict-alternating,29,1,3,ADES,7f7b455fe9c5d6532f592477ae2772685103b6f649d2f55cccbe374d4f1ef2eb,60,1,1,0,16777216,109282275,109280341,1934,304226,5346365,304226,5346365,1934,1934,4400248,4400248,48,12,2,0,2,0,0,0,2,0,0,0,0,46300,0.273211
development,syn-scale-free-50000-m4-v1,05b0186a56673b5665dd773738a943bf6d8ee364088949df2ed3c69d5d222ac8,churn,50,strict-alternating,29,1,4,ADES-V2,7f7b455fe9c5d6532f592477ae2772685103b6f649d2f55cccbe374d4f1ef2eb,60,1,1,0,16777216,116495409,116494597,812,735126,4835927,735126,4835927,812,812,2202132,2202132,60,0,1,0,1,0,0,0,0,0,0,0,0,43312,0.276467
development,syn-scale-free-50000-m4-v1,05b0186a56673b5665dd773738a943bf6d8ee364088949df2ed3c69d5d222ac8,churn,50,strict-alternating,29,0,0,COLD,7f7b455fe9c5d6532f592477ae2772685103b6f649d2f55cccbe374d4f1ef2eb,60,1,1,0,67108864,97455307,97454646,661,725490,5131522,725490,5131522,661,661,0,0,60,0,0,0,0,0,0,0,0,0,0,0,0,42704,0.254639
development,syn-scale-free-50000-m4-v1,05b0186a56673b5665dd773738a943bf6d8ee364088949df2ed3c69d5d222ac8,churn,50,strict-alternating,29,0,1,B3L,7f7b455fe9c5d6532f592477ae2772685103b6f649d2f55cccbe374d4f1ef2eb,60,1,1,0,67108864,123142231,123141650,581,170,29463477,170,29463477,581,581,8800064,8800064,4,56,0,0,0,0,0,0,0,0,0,0,0,50444,0.289207
development,syn-scale-free-50000-m4-v1,05b0186a56673b5665dd773738a943bf6d8ee364088949df2ed3c69d5d222ac8,churn,50,strict-alternating,29,0,2,FREQ-LRU-REPAIR,7f7b455fe9c5d6532f592477ae2772685103b6f649d2f55cccbe374d4f1ef2eb,60,1,1,0,67108864,136837443,136835490,1953,301,27698994,300,27698994,1953,1953,8800432,8800432,16,44,4,0,4,0,0,0,4,0,0,0,0,50524,0.294093
development,syn-scale-free-50000-m4-v1,05b0186a56673b5665dd773738a943bf6d8ee364088949df2ed3c69d5d222ac8,churn,50,strict-alternating,29,0,3,ADES,7f7b455fe9c5d6532f592477ae2772685103b6f649d2f55cccbe374d4f1ef2eb,60,1,1,0,67108864,112876985,112875502,1483,320266,5659526,320266,5659526,1483,1483,4400248,4400248,48,12,2,0,2,0,0,0,2,0,0,0,0,46284,0.276790
development,syn-scale-free-50000-m4-v1,05b0186a56673b5665dd773738a943bf6d8ee364088949df2ed3c69d5d222ac8,churn,50,strict-alternating,29,0,4,ADES-V2,7f7b455fe9c5d6532f592477ae2772685103b6f649d2f55cccbe374d4f1ef2eb,60,1,1,0,67108864,120231669,120231219,450,796723,5292181,796723,5292181,450,450,2202132,2202132,60,0,1,0,1,0,0,0,0,0,0,0,0,43324,0.277736
development,syn-scale-free-50000-m4-v1,05b0186a56673b5665dd773738a943bf6d8ee364088949df2ed3c69d5d222ac8,churn,50,strict-alternating,29,1,0,B3L,7f7b455fe9c5d6532f592477ae2772685103b6f649d2f55cccbe374d4f1ef2eb,60,1,1,0,67108864,112699899,112699137,762,150,27449659,150,27449659,762,762,8800064,8800064,4,56,0,0,0,0,0,0,0,0,0,0,0,50512,0.270896
development,syn-scale-free-50000-m4-v1,05b0186a56673b5665dd773738a943bf6d8ee364088949df2ed3c69d5d222ac8,churn,50,strict-alternating,29,1,1,FREQ-LRU-REPAIR,7f7b455fe9c5d6532f592477ae2772685103b6f649d2f55cccbe374d4f1ef2eb,60,1,1,0,67108864,139591892,139589648,2244,311,27743697,311,27743697,2244,2244,8800432,8800432,16,44,4,0,4,0,0,0,4,0,0,0,0,50528,0.302043
development,syn-scale-free-50000-m4-v1,05b0186a56673b5665dd773738a943bf6d8ee364088949df2ed3c69d5d222ac8,churn,50,strict-alternating,29,1,2,ADES,7f7b455fe9c5d6532f592477ae2772685103b6f649d2f55cccbe374d4f1ef2eb,60,1,1,0,67108864,106294490,106292836,1654,336787,4911804,336787,4911804,1654,1654,4400248,4400248,48,12,2,0,2,0,0,0,2,0,0,0,0,46896,0.261693
development,syn-scale-free-50000-m4-v1,05b0186a56673b5665dd773738a943bf6d8ee364088949df2ed3c69d5d222ac8,churn,50,strict-alternating,29,1,3,ADES-V2,7f7b455fe9c5d6532f592477ae2772685103b6f649d2f55cccbe374d4f1ef2eb,60,1,1,0,67108864,117375020,117374509,511,727935,5619671,727935,5619671,511,511,2202132,2202132,60,0,1,0,1,0,0,0,0,0,0,0,0,43312,0.272080
development,syn-scale-free-50000-m4-v1,05b0186a56673b5665dd773738a943bf6d8ee364088949df2ed3c69d5d222ac8,churn,50,strict-alternating,29,1,4,COLD,7f7b455fe9c5d6532f592477ae2772685103b6f649d2f55cccbe374d4f1ef2eb,60,1,1,0,67108864,96364734,96363752,982,680166,5078915,680166,5078915,982,982,0,0,60,0,0,0,0,0,0,0,0,0,0,0,0,41472,0.249233
holdout,syn-uniform-50000-d6-v1,64a62099fef989cb6979a5ea2a5de027a3086e65816635466341476fa70f94b5,hot-pool,2,bursty,43,0,0,B3L,c7c9143a666b49a187c9eff24ad2943fe91a36cc4536bd1a7e1cfec319bb0b4d,60,29,15,14,16777216,304525486,304448471,77015,451,27980478,261,28107534,802,10831,15400112,15400112,11,49,0,4,0,0,0,0,0,0,0,0,0,52384,0.449017
holdout,syn-uniform-50000-d6-v1,64a62099fef989cb6979a5ea2a5de027a3086e65816635466341476fa70f94b5,hot-pool,2,bursty,43,0,1,FREQ-LRU-REPAIR,c7c9143a666b49a187c9eff24ad2943fe91a36cc4536bd1a7e1cfec319bb0b4d,60,29,15,14,16777216,124047472,123980486,66986,1092,583046,261,28459148,1362,5109,8800544,8800544,23,37,4,0,4,0,0,0,82,8,6,0,0,42940,0.261275
holdout,syn-uniform-50000-d6-v1,64a62099fef989cb6979a5ea2a5de027a3086e65816635466341476fa70f94b5,hot-pool,2,bursty,43,0,2,ADES,c7c9143a666b49a187c9eff24ad2943fe91a36cc4536bd1a7e1cfec319bb0b4d,60,29,15,14,16777216,11848665,11840470,8195,117849,388352,160308,450950,261,431,176,176,60,0,0,0,0,0,0,0,0,0,0,0,0,34636,0.151907
holdout,syn-uniform-50000-d6-v1,64a62099fef989cb6979a5ea2a5de027a3086e65816635466341476fa70f94b5,hot-pool,2,bursty,43,0,3,ADES-V2,c7c9143a666b49a187c9eff24ad2943fe91a36cc4536bd1a7e1cfec319bb0b4d,60,29,15,14,16777216,11485058,11477309,7749,107269,401397,158195,438706,251,441,2032,2032,60,0,0,0,0,0,0,0,0,0,0,0,0,33760,0.143667
holdout,syn-uniform-50000-d6-v1,64a62099fef989cb6979a5ea2a5de027a3086e65816635466341476fa70f94b5,hot-pool,2,bursty,43,0,4,COLD,c7c9143a666b49a187c9eff24ad2943fe91a36cc4536bd1a7e1cfec319bb0b4d,60,29,15,14,16777216,11070340,11062732,7608,103122,401457,155139,421926,251,370,0,0,60,0,0,0,0,0,0,0,0,0,0,0,0,33628,0.142477
holdout,syn-uniform-50000-d6-v1,64a62099fef989cb6979a5ea2a5de027a3086e65816635466341476fa70f94b5,hot-pool,2,bursty,43,0,0,FREQ-LRU-REPAIR,c7c9143a666b49a187c9eff24ad2943fe91a36cc4536bd1a7e1cfec319bb0b4d,60,29,15,14,67108864,105029858,104951806,78052,1071,511512,270,23531177,1603,13155,8800544,8800544,23,37,4,0,4,0,0,0,82,8,6,0,0,43848,0.240397
holdout,syn-uniform-50000-d6-v1,64a62099fef989cb6979a5ea2a5de027a3086e65816635466341476fa70f94b5,hot-pool,2,bursty,43,0,1,ADES,c7c9143a666b49a187c9eff24ad2943fe91a36cc4536bd1a7e1cfec319bb0b4d,60,29,15,14,67108864,10591846,10583611,8235,99575,368446,141934,419291,260,611,176,176,60,0,0,0,0,0,0,0,0,0,0,0,0,33764,0.137922
holdout,syn-uniform-50000-d6-v1,64a62099fef989cb6979a5ea2a5de027a3086e65816635466341476fa70f94b5,hot-pool,2,bursty,43,0,2,ADES-V2,c7c9143a666b49a187c9eff24ad2943fe91a36cc4536bd1a7e1cfec319bb0b4d,60,29,15,14,67108864,12349677,12341057,8620,118741,411977,170537,478471,280,490,2032,2032,60,0,0,0,0,0,0,0,0,0,0,0,0,34268,0.147979
holdout,syn-uniform-50000-d6-v1,64a62099fef989cb6979a5ea2a5de027a3086e65816635466341476fa70f94b5,hot-pool,2,bursty,43,0,3,COLD,c7c9143a666b49a187c9eff24ad2943fe91a36cc4536bd1a7e1cfec319bb0b4d,60,29,15,14,67108864,12203550,12195307,8243,113892,399975,164766,489531,290,371,0,0,60,0,0,0,0,0,0,0,0,0,0,0,0,34532,0.143088
holdout,syn-uniform-50000-d6-v1,64a62099fef989cb6979a5ea2a5de027a3086e65816635466341476fa70f94b5,hot-pool,2,bursty,43,0,4,B3L,c7c9143a666b49a187c9eff24ad2943fe91a36cc4536bd1a7e1cfec319bb0b4d,60,29,15,14,67108864,297708875,297597438,111437,541,27197491,281,27624586,842,21470,24200176,24200176,11,49,0,0,0,0,0,0,0,0,0,0,0,58892,0.436114
holdout,syn-uniform-50000-d6-v1,64a62099fef989cb6979a5ea2a5de027a3086e65816635466341476fa70f94b5,hot-pool,2,bursty,59,0,0,FREQ-LRU-REPAIR,a29d6dbe70251df6bbb4041763d4663d9878295ee68b854d3e6cf0618c1987b1,60,29,15,14,16777216,116243233,116164235,78998,882,1285413,330,25426556,1232,7373,8800560,8800560,24,36,4,0,4,0,0,0,65,9,2,0,0,43788,0.257038
holdout,syn-uniform-50000-d6-v1,64a62099fef989cb6979a5ea2a5de027a3086e65816635466341476fa70f94b5,hot-pool,2,bursty,59,0,1,ADES,a29d6dbe70251df6bbb4041763d4663d9878295ee68b854d3e6cf0618c1987b1,60,29,15,14,16777216,15314209,15306656,7553,135923,581632,207196,592393,251,371,192,192,60,0,0,0,0,0,0,0,0,0,0,0,0,34012,0.144904
holdout,syn-uniform-50000-d6-v1,64a62099fef989cb6979a5ea2a5de027a3086e65816635466341476fa70f94b5,hot-pool,2,bursty,59,0,2,ADES-V2,a29d6dbe70251df6bbb4041763d4663d9878295ee68b854d3e6cf0618c1987b1,60,29,15,14,16777216,15978497,15970441,8056,135592,471939,204091,592292,261,371,2032,2032,60,0,0,0,0,0,0,0,0,0,0,0,0,34012,0.155071
holdout,syn-uniform-50000-d6-v1,64a62099fef989cb6979a5ea2a5de027a3086e65816635466341476fa70f94b5,hot-pool,2,bursty,59,0,3,COLD,a29d6dbe70251df6bbb4041763d4663d9878295ee68b854d3e6cf0618c1987b1,60,29,15,14,16777216,13905460,13898886,6574,117379,411346,190635,525870,200,361,0,0,60,0,0,0,0,0,0,0,0,0,0,0,0,34732,0.147499
holdout,syn-uniform-50000-d6-v1,64a62099fef989cb6979a5ea2a5de027a3086e65816635466341476fa70f94b5,hot-pool,2,bursty,59,0,4,B3L,a29d6dbe70251df6bbb4041763d4663d9878295ee68b854d3e6cf0618c1987b1,60,29,15,14,16777216,297145335,297039799,105536,491,25037822,271,25182542,1072,12123,15400112,15400112,12,48,0,5,0,0,0,0,0,0,0,0,0,51552,0.430137
holdout,syn-uniform-50000-d6-v1,64a62099fef989cb6979a5ea2a5de027a3086e65816635466341476fa70f94b5,hot-pool,2,bursty,59,0,0,ADES,a29d6dbe70251df6bbb4041763d4663d9878295ee68b854d3e6cf0618c1987b1,60,29,15,14,67108864,15241342,15233730,7612,126455,601581,208778,621267,241,500,192,192,60,0,0,0,0,0,0,0,0,0,0,0,0,34892,0.149559
holdout,syn-uniform-50000-d6-v1,64a62099fef989cb6979a5ea2a5de027a3086e65816635466341476fa70f94b5,hot-pool,2,bursty,59,0,1,ADES-V2,a29d6dbe70251df6bbb4041763d4663d9878295ee68b854d3e6cf0618c1987b1,60,29,15,14,67108864,14064564,14056499,8065,118811,391339,188421,514728,261,491,2032,2032,60,0,0,0,0,0,0,0,0,0,0,0,0,33256,0.145472
holdout,syn-uniform-50000-d6-v1,64a62099fef989cb6979a5ea2a5de027a3086e65816635466341476fa70f94b5,hot-pool,2,bursty,59,0,2,COLD,a29d6dbe70251df6bbb4041763d4663d9878295ee68b854d3e6cf0618c1987b1,60,29,15,14,67108864,16693249,16683959,9290,142264,499981,222023,624052,291,621,0,0,60,0,0,0,0,0,0,0,0,0,0,0,0,33888,0.160525
holdout,syn-uniform-50000-d6-v1,64a62099fef989cb6979a5ea2a5de027a3086e65816635466341476fa70f94b5,hot-pool,2,bursty,59,0,3,B3L,a29d6dbe70251df6bbb4041763d4663d9878295ee68b854d3e6cf0618c1987b1,60,29,15,14,67108864,327988958,327255563,733395,561,27214525,280,27274918,1092,16200,26400192,26400192,12,48,0,0,0,0,0,0,0,0,0,0,0,59432,0.470216
holdout,syn-uniform-50000-d6-v1,64a62099fef989cb6979a5ea2a5de027a3086e65816635466341476fa70f94b5,hot-pool,2,bursty,59,0,4,FREQ-LRU-REPAIR,a29d6dbe70251df6bbb4041763d4663d9878295ee68b854d3e6cf0618c1987b1,60,29,15,14,67108864,122236048,122158587,77461,871,1293388,351,28065580,1272,6863,8800560,8800560,24,36,4,0,4,0,0,0,65,9,2,0,0,43788,0.265368
holdout,syn-uniform-50000-d6-v1,64a62099fef989cb6979a5ea2a5de027a3086e65816635466341476fa70f94b5,hot-pool,2,bursty,83,0,0,ADES,2dd4e689408d963172706139640d9e6e5df1f216b150f619add71cf6a5400dac,60,29,15,14,16777216,14695223,14686868,8355,112359,429500,184694,436342,270,511,224,224,60,0,0,0,0,0,0,0,0,0,0,0,0,34364,0.150188
holdout,syn-uniform-50000-d6-v1,64a62099fef989cb6979a5ea2a5de027a3086e65816635466341476fa70f94b5,hot-pool,2,bursty,83,0,1,ADES-V2,2dd4e689408d963172706139640d9e6e5df1f216b150f619add71cf6a5400dac,60,29,15,14,16777216,14829581,14821489,8092,115375,461169,184544,479353,271,391,2032,2032,60,0,0,0,0,0,0,0,0,0,0,0,0,34880,0.147221
holdout,syn-uniform-50000-d6-v1,64a62099fef989cb6979a5ea2a5de027a3086e65816635466341476fa70f94b5,hot-pool,2,bursty,83,0,2,COLD,2dd4e689408d963172706139640d9e6e5df1f216b150f619add71cf6a5400dac,60,29,15,14,16777216,14930791,14922065,8726,115084,456850,181969,472640,291,531,0,0,60,0,0,0,0,0,0,0,0,0,0,0,0,34268,0.158731
holdout,syn-uniform-50000-d6-v1,64a62099fef989cb6979a5ea2a5de027a3086e65816635466341476fa70f94b5,hot-pool,2,bursty,83,0,3,B3L,2dd4e689408d963172706139640d9e6e5df1f216b150f619add71cf6a5400dac,60,29,15,14,16777216,463233158,462998017,235141,661,30413372,390,30699545,1002,34465,15400112,15400112,16,44,0,9,0,0,0,0,0,0,0,0,0,51540,0.612310
holdout,syn-uniform-50000-d6-v1,64a62099fef989cb6979a5ea2a5de027a3086e65816635466341476fa70f94b5,hot-pool,2,bursty,83,0,4,FREQ-LRU-REPAIR,2dd4e689408d963172706139640d9e6e5df1f216b150f619add71cf6a5400dac,60,29,15,14,16777216,131620938,131385719,235219,1162,588526,441,29129652,1463,78436,8800592,8800592,26,34,4,0,4,0,0,0,77,4,7,0,0,43780,0.282570
holdout,syn-uniform-50000-d6-v1,64a62099fef989cb6979a5ea2a5de027a3086e65816635466341476fa70f94b5,hot-pool,2,bursty,83,0,0,ADES-V2,2dd4e689408d963172706139640d9e6e5df1f216b150f619add71cf6a5400dac,60,29,15,14,67108864,15670310,15661291,9019,113201,466489,190285,503026,291,451,2032,2032,60,0,0,0,0,0,0,0,0,0,0,0,0,34908,0.163618
holdout,syn-uniform-50000-d6-v1,64a62099fef989cb6979a5ea2a5de027a3086e65816635466341476fa70f94b5,hot-pool,2,bursty,83,0,1,COLD,2dd4e689408d963172706139640d9e6e5df1f216b150f619add71cf6a5400dac,60,29,15,14,67108864,15273566,15265054,8512,108212,467119,189263,475214,300,461,0,0,60,0,0,0,0,0,0,0,0,0,0,0,0,34992,0.153826
holdout,syn-uniform-50000-d6-v1,64a62099fef989cb6979a5ea2a5de027a3086e65816635466341476fa70f94b5,hot-pool,2,bursty,83,0,2,B3L,2dd4e689408d963172706139640d9e6e5df1f216b150f619add71cf6a5400dac,60,29,15,14,67108864,404555580,402157908,2397672,691,29524407,341,29820317,1132,100006,30800224,30800224,14,46,0,0,0,0,0,0,0,0,0,0,0,64348,0.552485
holdout,syn-uniform-50000-d6-v1,64a62099fef989cb6979a5ea2a5de027a3086e65816635466341476fa70f94b5,hot-pool,2,bursty,83,0,3,FREQ-LRU-REPAIR,2dd4e689408d963172706139640d9e6e5df1f216b150f619add71cf6a5400dac,60,29,15,14,67108864,113499115,113274266,224849,1122,528704,400,25921718,1292,72776,8800592,8800592,26,34,4,0,4,0,0,0,77,4,7,0,0,42848,0.260613
holdout,syn-uniform-50000-d6-v1,64a62099fef989cb6979a5ea2a5de027a3086e65816635466341476fa70f94b5,hot-pool,2,bursty,83,0,4,ADES,2dd4e689408d963172706139640d9e6e5df1f216b150f619add71cf6a5400dac,60,29,15,14,67108864,14413879,14406334,7545,112870,448755,185004,449537,261,421,224,224,60,0,0,0,0,0,0,0,0,0,0,0,0,35228,0.152775
holdout,syn-uniform-50000-d6-v1,64a62099fef989cb6979a5ea2a5de027a3086e65816635466341476fa70f94b5,hot-pool,2,repeated-edge,43,0,0,ADES-V2,9728a28e9ea8fe5cb9c3555e465b164d1edd6139d2b054230a7751a1eb4b10b0,60,29,15,14,16777216,20882094,20874797,7297,129601,607581,192969,702147,211,441,2032,2032,60,0,0,0,0,0,0,0,0,0,0,0,0,34596,0.161043
holdout,syn-uniform-50000-d6-v1,64a62099fef989cb6979a5ea2a5de027a3086e65816635466341476fa70f94b5,hot-pool,2,repeated-edge,43,0,1,COLD,9728a28e9ea8fe5cb9c3555e465b164d1edd6139d2b054230a7751a1eb4b10b0,60,29,15,14,16777216,22226034,22218623,7411,129922,674055,205642,699282,211,421,0,0,60,0,0,0,0,0,0,0,0,0,0,0,0,33704,0.159840
holdout,syn-uniform-50000-d6-v1,64a62099fef989cb6979a5ea2a5de027a3086e65816635466341476fa70f94b5,hot-pool,2,repeated-edge,43,0,2,B3L,9728a28e9ea8fe5cb9c3555e465b164d1edd6139d2b054230a7751a1eb4b10b0,60,29,15,14,16777216,538497076,538426496,70580,571,29323384,472,29339443,2084,7234,15400112,15400112,19,41,0,12,0,0,0,0,0,0,0,0,0,50844,0.686765
holdout,syn-uniform-50000-d6-v1,64a62099fef989cb6979a5ea2a5de027a3086e65816635466341476fa70f94b5,hot-pool,2,repeated-edge,43,0,3,FREQ-LRU-REPAIR,9728a28e9ea8fe5cb9c3555e465b164d1edd6139d2b054230a7751a1eb4b10b0,60,29,15,14,16777216,119682271,119650027,32244,842,583035,481,27180834,1022,2444,8800624,8800624,28,32,4,0,4,0,0,0,70,8,9,0,0,43876,0.264910
holdout,syn-uniform-50000-d6-v1,64a62099fef989cb6979a5ea2a5de027a3086e65816635466341476fa70f94b5,hot-pool,2,repeated-edge,43,0,4,ADES,9728a28e9ea8fe5cb9c3555e465b164d1edd6139d2b054230a7751a1eb4b10b0,60,29,15,14,16777216,22732283,22725331,6952,138988,618161,209019,693241,211,391,256,256,60,0,0,0,0,0,0,0,0,0,0,0,0,35332,0.167416
holdout,syn-uniform-50000-d6-v1,64a62099fef989cb6979a5ea2a5de027a3086e65816635466341476fa70f94b5,hot-pool,2,repeated-edge,43,0,0,COLD,9728a28e9ea8fe5cb9c3555e465b164d1edd6139d2b054230a7751a1eb4b10b0,60,29,15,14,67108864,21654285,21648260,6025,129931,613192,199231,661372,191,421,0,0,60,0,0,0,0,0,0,0,0,0,0,0,0,35268,0.170004
holdout,syn-uniform-50000-d6-v1,64a62099fef989cb6979a5ea2a5de027a3086e65816635466341476fa70f94b5,hot-pool,2,repeated-edge,43,0,1,B3L,9728a28e9ea8fe5cb9c3555e465b164d1edd6139d2b054230a7751a1eb4b10b0,60,29,15,14,67108864,455886704,455787739,98965,632,29340104,350,29488430,1994,10459,35200256,35200256,16,44,0,0,0,0,0,0,0,0,0,0,0,69536,0.605862
holdout,syn-uniform-50000-d6-v1,64a62099fef989cb6979a5ea2a5de027a3086e65816635466341476fa70f94b5,hot-pool,2,repeated-edge,43,0,2,FREQ-LRU-REPAIR,9728a28e9ea8fe5cb9c3555e465b164d1edd6139d2b054230a7751a1eb4b10b0,60,29,15,14,67108864,124560617,124529633,30984,871,648237,401,27304515,901,2364,8800624,8800624,28,32,4,0,4,0,0,0,70,8,9,0,0,42972,0.262649
holdout,syn-uniform-50000-d6-v1,64a62099fef989cb6979a5ea2a5de027a3086e65816635466341476fa70f94b5,hot-pool,2,repeated-edge,43,0,3,ADES,9728a28e9ea8fe5cb9c3555e465b164d1edd6139d2b054230a7751a1eb4b10b0,60,29,15,14,67108864,21844055,21837678,6377,138708,631225,199943,663956,200,371,256,256,60,0,0,0,0,0,0,0,0,0,0,0,0,34524,0.166582
holdout,syn-uniform-50000-d6-v1,64a62099fef989cb6979a5ea2a5de027a3086e65816635466341476fa70f94b5,hot-pool,2,repeated-edge,43,0,4,ADES-V2,9728a28e9ea8fe5cb9c3555e465b164d1edd6139d2b054230a7751a1eb4b10b0,60,29,15,14,67108864,21666088,21659305,6783,137556,674937,205212,695495,210,431,2032,2032,60,0,0,0,0,0,0,0,0,0,0,0,0,34440,0.157791
holdout,syn-uniform-50000-d6-v1,64a62099fef989cb6979a5ea2a5de027a3086e65816635466341476fa70f94b5,hot-pool,2,repeated-edge,59,0,0,COLD,f7fcb788f199f2d9cf8a368ffc16428a536ac86e51515f34a06e4aed68a1e74e,60,29,15,14,16777216,15926600,15918907,7693,136595,621677,215261,680878,201,521,0,0,60,0,0,0,0,0,0,0,0,0,0,0,0,34728,0.158058
holdout,syn-uniform-50000-d6-v1,64a62099fef989cb6979a5ea2a5de027a3086e65816635466341476fa70f94b5,hot-pool,2,repeated-edge,59,0,1,B3L,f7fcb788f199f2d9cf8a368ffc16428a536ac86e51515f34a06e4aed68a1e74e,60,29,15,14,16777216,471613987,471520986,93001,541,28654458,330,28820588,2875,7955,15400112,15400112,17,43,0,10,0,0,0,0,0,0,0,0,0,52232,0.616806
holdout,syn-uniform-50000-d6-v1,64a62099fef989cb6979a5ea2a5de027a3086e65816635466341476fa70f94b5,hot-pool,2,repeated-edge,59,0,2,FREQ-LRU-REPAIR,f7fcb788f199f2d9cf8a368ffc16428a536ac86e51515f34a06e4aed68a1e74e,60,29,15,14,16777216,121083324,121035809,47515,1001,706475,311,27772155,1252,6371,8800592,8800592,26,34,4,0,4,0,0,0,9,33,35,0,0,43816,0.261071
holdout,syn-uniform-50000-d6-v1,64a62099fef989cb6979a5ea2a5de027a3086e65816635466341476fa70f94b5,hot-pool,2,repeated-edge,59,0,3,ADES,f7fcb788f199f2d9cf8a368ffc16428a536ac86e51515f34a06e4aed68a1e74e,60,29,15,14,16777216,15511978,15506374,5604,146163,569991,214941,603113,181,281,224,224,60,0,0,0,0,0,0,0,0,0,0,0,0,34012,0.149128
holdout,syn-uniform-50000-d6-v1,64a62099fef989cb6979a5ea2a5de027a3086e65816635466341476fa70f94b5,hot-pool,2,repeated-edge,59,0,4,ADES-V2,f7fcb788f199f2d9cf8a368ffc16428a536ac86e51515f34a06e4aed68a1e74e,60,29,15,14,16777216,14679508,14673614,5894,127647,547940,207166,591632,190,241,2032,2032,60,0,0,0,0,0,0,0,0,0,0,0,0,34016,0.152475
holdout,syn-uniform-50000-d6-v1,64a62099fef989cb6979a5ea2a5de027a3086e65816635466341476fa70f94b5,hot-pool,2,repeated-edge,59,0,0,B3L,f7fcb788f199f2d9cf8a368ffc16428a536ac86e51515f34a06e4aed68a1e74e,60,29,15,14,67108864,380924719,380810654,114065,541,28177093,280,28238247,3075,14047,30800224,30800224,14,46,0,0,0,0,0,0,0,0,0,0,0,64352,0.521327
holdout,syn-uniform-50000-d6-v1,64a62099fef989cb6979a5ea2a5de027a3086e65816635466341476fa70f94b5,hot-pool,2,repeated-edge,59,0,1,FREQ-LRU-REPAIR,f7fcb788f199f2d9cf8a368ffc16428a536ac86e51515f34a06e4aed68a1e74e,60,29,15,14,67108864,118248799,118201301,47498,941,703660,351,26390879,1363,5680,8800592,8800592,26,34,4,0,4,0,0,0,9,33,35,0,0,42964,0.257941
holdout,syn-uniform-50000-d6-v1,64a62099fef989cb6979a5ea2a5de027a3086e65816635466341476fa70f94b5,hot-pool,2,repeated-edge,59,0,2,ADES,f7fcb788f199f2d9cf8a368ffc16428a536ac86e51515f34a06e4aed68a1e74e,60,29,15,14,67108864,14615205,14609562,5643,122588,571504,199361,575181,190,211,224,224,60,0,0,0,0,0,0,0,0,0,0,0,0,33976,0.149789
holdout,syn-uniform-50000-d6-v1,64a62099fef989cb6979a5ea2a5de027a3086e65816635466341476fa70f94b5,hot-pool,2,repeated-edge,59,0,3,ADES-V2,f7fcb788f199f2d9cf8a368ffc16428a536ac86e51515f34a06e4aed68a1e74e,60,29,15,14,67108864,14752289,14745254,7035,127738,572196,205903,580170,230,350,2032,2032,60,0,0,0,0,0,0,0,0,0,0,0,0,34852,0.155347
holdout,syn-uniform-50000-d6-v1,64a62099fef989cb6979a5ea2a5de027a3086e65816635466341476fa70f94b5,hot-pool,2,repeated-edge,59,0,4,COLD,f7fcb788f199f2d9cf8a368ffc16428a536ac86e51515f34a06e4aed68a1e74e,60,29,15,14,67108864,15522345,15516195,6150,135322,597602,210000,626166,190,410,0,0,60,0,0,0,0,0,0,0,0,0,0,0,0,33196,0.156691
holdout,syn-uniform-50000-d6-v1,64a62099fef989cb6979a5ea2a5de027a3086e65816635466341476fa70f94b5,hot-pool,2,repeated-edge,83,0,0,B3L,002d9a0beefe01bde7d4b180d7fb1c392c3c2d25f1706a6f6fbce443d9f68908,60,29,15,14,16777216,259555834,259546135,9699,260,28525924,281,29317327,140,1143,15400112,15400112,9,51,0,2,0,0,0,0,0,0,0,0,0,51552,0.399477
holdout,syn-uniform-50000-d6-v1,64a62099fef989cb6979a5ea2a5de027a3086e65816635466341476fa70f94b5,hot-pool,2,repeated-edge,83,0,1,FREQ-LRU-REPAIR,002d9a0beefe01bde7d4b180d7fb1c392c3c2d25f1706a6f6fbce443d9f68908,60,29,15,14,16777216,119453441,119429935,23506,601,679986,350,27693053,662,2104,8800512,8800512,21,39,4,0,4,0,0,0,80,0,0,0,0,42820,0.260790
holdout,syn-uniform-50000-d6-v1,64a62099fef989cb6979a5ea2a5de027a3086e65816635466341476fa70f94b5,hot-pool,2,repeated-edge,83,0,2,ADES,002d9a0beefe01bde7d4b180d7fb1c392c3c2d25f1706a6f6fbce443d9f68908,60,29,15,14,16777216,14317659,14311731,5928,118761,515790,207306,533854,191,311,144,144,60,0,0,0,0,0,0,0,0,0,0,0,0,34584,0.154207
holdout,syn-uniform-50000-d6-v1,64a62099fef989cb6979a5ea2a5de027a3086e65816635466341476fa70f94b5,hot-pool,2,repeated-edge,83,0,3,ADES-V2,002d9a0beefe01bde7d4b180d7fb1c392c3c2d25f1706a6f6fbce443d9f68908,60,29,15,14,16777216,14255537,14249616,5921,103923,518685,209450,518996,201,261,2032,2032,60,0,0,0,0,0,0,0,0,0,0,0,0,33760,0.156285
holdout,syn-uniform-50000-d6-v1,64a62099fef989cb6979a5ea2a5de027a3086e65816635466341476fa70f94b5,hot-pool,2,repeated-edge,83,0,4,COLD,002d9a0beefe01bde7d4b180d7fb1c392c3c2d25f1706a6f6fbce443d9f68908,60,29,15,14,16777216,14203136,14197026,6110,109273,520649,199691,523665,201,281,0,0,60,0,0,0,0,0,0,0,0,0,0,0,0,34456,0.152459
holdout,syn-uniform-50000-d6-v1,64a62099fef989cb6979a5ea2a5de027a3086e65816635466341476fa70f94b5,hot-pool,2,repeated-edge,83,0,0,FREQ-LRU-REPAIR,002d9a0beefe01bde7d4b180d7fb1c392c3c2d25f1706a6f6fbce443d9f68908,60,29,15,14,67108864,122596397,122572588,23809,531,706916,350,27266849,712,2044,8800512,8800512,21,39,4,0,4,0,0,0,80,0,0,0,0,43812,0.260625
holdout,syn-uniform-50000-d6-v1,64a62099fef989cb6979a5ea2a5de027a3086e65816635466341476fa70f94b5,hot-pool,2,repeated-edge,83,0,1,ADES,002d9a0beefe01bde7d4b180d7fb1c392c3c2d25f1706a6f6fbce443d9f68908,60,29,15,14,67108864,15047510,15041220,6290,112649,531690,217075,581452,201,361,144,144,60,0,0,0,0,0,0,0,0,0,0,0,0,34592,0.152963
holdout,syn-uniform-50000-d6-v1,64a62099fef989cb6979a5ea2a5de027a3086e65816635466341476fa70f94b5,hot-pool,2,repeated-edge,83,0,2,ADES-V2,002d9a0beefe01bde7d4b180d7fb1c392c3c2d25f1706a6f6fbce443d9f68908,60,29,15,14,67108864,14432184,14425430,6754,105837,509769,198981,514458,220,400,2032,2032,60,0,0,0,0,0,0,0,0,0,0,0,0,34596,0.152341
holdout,syn-uniform-50000-d6-v1,64a62099fef989cb6979a5ea2a5de027a3086e65816635466341476fa70f94b5,hot-pool,2,repeated-edge,83,0,3,COLD,002d9a0beefe01bde7d4b180d7fb1c392c3c2d25f1706a6f6fbce443d9f68908,60,29,15,14,67108864,15135696,15129864,5832,111397,537751,212646,561244,191,231,0,0,60,0,0,0,0,0,0,0,0,0,0,0,0,33632,0.163725
holdout,syn-uniform-50000-d6-v1,64a62099fef989cb6979a5ea2a5de027a3086e65816635466341476fa70f94b5,hot-pool,2,repeated-edge,83,0,4,B3L,002d9a0beefe01bde7d4b180d7fb1c392c3c2d25f1706a6f6fbce443d9f68908,60,29,15,14,67108864,264691131,264681244,9887,251,29391114,260,29414407,161,1132,19800144,19800144,9,51,0,0,0,0,0,0,0,0,0,0,0,53600,0.409463
holdout,syn-uniform-50000-d6-v1,64a62099fef989cb6979a5ea2a5de027a3086e65816635466341476fa70f94b5,hot-pool,10,bursty,43,0,0,FREQ-LRU-REPAIR,58824143fe90abd7cd2d97a9b3f552cce0e5366564756acd39dc0e61b2f60d91,60,5,3,2,16777216,117018242,117005507,12735,501,26624804,411,26624804,2385,4598,8800592,8800592,26,34,4,0,4,0,0,0,13,2,1,0,0,43816,0.258549
holdout,syn-uniform-50000-d6-v1,64a62099fef989cb6979a5ea2a5de027a3086e65816635466341476fa70f94b5,hot-pool,10,bursty,43,0,1,ADES,58824143fe90abd7cd2d97a9b3f552cce0e5366564756acd39dc0e61b2f60d91,60,5,3,2,16777216,14807901,14805948,1953,177951,554062,191126,554062,321,631,224,224,60,0,0,0,0,0,0,0,0,0,0,0,0,34584,0.148922
holdout,syn-uniform-50000-d6-v1,64a62099fef989cb6979a5ea2a5de027a3086e65816635466341476fa70f94b5,hot-pool,10,bursty,43,0,2,ADES-V2,58824143fe90abd7cd2d97a9b3f552cce0e5366564756acd39dc0e61b2f60d91,60,5,3,2,16777216,13967780,13966246,1534,168524,542771,176969,542771,301,411,2032,2032,60,0,0,0,0,0,0,0,0,0,0,0,0,33760,0.156977
holdout,syn-uniform-50000-d6-v1,64a62099fef989cb6979a5ea2a5de027a3086e65816635466341476fa70f94b5,hot-pool,10,bursty,43,0,3,COLD,58824143fe90abd7cd2d97a9b3f552cce0e5366564756acd39dc0e61b2f60d91,60,5,3,2,16777216,14501962,14499769,2193,167212,558681,184193,558681,290,1052,0,0,60,0,0,0,0,0,0,0,0,0,0,0,0,33628,0.152994
holdout,syn-uniform-50000-d6-v1,64a62099fef989cb6979a5ea2a5de027a3086e65816635466341476fa70f94b5,hot-pool,10,bursty,43,0,4,B3L,58824143fe90abd7cd2d97a9b3f552cce0e5366564756acd39dc0e61b2f60d91,60,5,3,2,16777216,411738592,411727521,11071,371,27882795,351,27882795,701,6072,15400112,15400112,15,45,0,8,0,0,0,0,0,0,0,0,0,52392,0.559181
holdout,syn-uniform-50000-d6-v1,64a62099fef989cb6979a5ea2a5de027a3086e65816635466341476fa70f94b5,hot-pool,10,bursty,43,0,0,ADES,58824143fe90abd7cd2d97a9b3f552cce0e5366564756acd39dc0e61b2f60d91,60,5,3,2,67108864,15351078,15349015,2063,188050,555174,195584,555174,360,761,224,224,60,0,0,0,0,0,0,0,0,0,0,0,0,34592,0.154212
holdout,syn-uniform-50000-d6-v1,64a62099fef989cb6979a5ea2a5de027a3086e65816635466341476fa70f94b5,hot-pool,10,bursty,43,0,1,ADES-V2,58824143fe90abd7cd2d97a9b3f552cce0e5366564756acd39dc0e61b2f60d91,60,5,3,2,67108864,13618024,13616452,1572,175056,514919,184073,514919,331,501,2032,2032,60,0,0,0,0,0,0,0,0,0,0,0,0,34572,0.154842
holdout,syn-uniform-50000-d6-v1,64a62099fef989cb6979a5ea2a5de027a3086e65816635466341476fa70f94b5,hot-pool,10,bursty,43,0,2,COLD,58824143fe90abd7cd2d97a9b3f552cce0e5366564756acd39dc0e61b2f60d91,60,5,3,2,67108864,14504909,14502916,1993,172201,579950,184944,579950,320,862,0,0,60,0,0,0,0,0,0,0,0,0,0,0,0,33604,0.154376
holdout,syn-uniform-50000-d6-v1,64a62099fef989cb6979a5ea2a5de027a3086e65816635466341476fa70f94b5,hot-pool,10,bursty,43,0,3,B3L,58824143fe90abd7cd2d97a9b3f552cce0e5366564756acd39dc0e61b2f60d91,60,5,3,2,67108864,392542520,392529887,12633,361,29094140,271,29094140,1252,5871,30800224,30800224,14,46,0,0,0,0,0,0,0,0,0,0,0,65188,0.537011
holdout,syn-uniform-50000-d6-v1,64a62099fef989cb6979a5ea2a5de027a3086e65816635466341476fa70f94b5,hot-pool,10,bursty,43,0,4,FREQ-LRU-REPAIR,58824143fe90abd7cd2d97a9b3f552cce0e5366564756acd39dc0e61b2f60d91,60,5,3,2,67108864,121404821,121393639,11182,631,26601509,441,26601509,2354,3938,8800592,8800592,26,34,4,0,4,0,0,0,13,2,1,0,0,43876,0.263084
holdout,syn-uniform-50000-d6-v1,64a62099fef989cb6979a5ea2a5de027a3086e65816635466341476fa70f94b5,hot-pool,10,bursty,59,0,0,ADES,e9d333a5b782c91d1364dee3f713e9dff3dc97017533121bfeb8aa5b8d87b622,60,5,3,2,16777216,15456245,15454901,1344,194402,555935,200172,555935,251,491,224,224,60,0,0,0,0,0,0,0,0,0,0,0,0,33860,0.151645
holdout,syn-uniform-50000-d6-v1,64a62099fef989cb6979a5ea2a5de027a3086e65816635466341476fa70f94b5,hot-pool,10,bursty,59,0,1,ADES-V2,e9d333a5b782c91d1364dee3f713e9dff3dc97017533121bfeb8aa5b8d87b622,60,5,3,2,16777216,14175065,14173492,1573,179625,492928,185486,492928,261,661,2032,2032,60,0,0,0,0,0,0,0,0,0,0,0,0,34776,0.148924
holdout,syn-uniform-50000-d6-v1,64a62099fef989cb6979a5ea2a5de027a3086e65816635466341476fa70f94b5,hot-pool,10,bursty,59,0,2,COLD,e9d333a5b782c91d1364dee3f713e9dff3dc97017533121bfeb8aa5b8d87b622,60,5,3,2,16777216,16431451,16429496,1955,222784,605838,225279,605838,280,742,0,0,60,0,0,0,0,0,0,0,0,0,0,0,0,34636,0.148919
holdout,syn-uniform-50000-d6-v1,64a62099fef989cb6979a5ea2a5de027a3086e65816635466341476fa70f94b5,hot-pool,10,bursty,59,0,3,B3L,e9d333a5b782c91d1364dee3f713e9dff3dc97017533121bfeb8aa5b8d87b622,60,5,3,2,16777216,419204157,419167658,36499,371,28040469,361,28040469,7444,15449,15400112,15400112,16,44,0,9,0,0,0,0,0,0,0,0,0,52392,0.550460
holdout,syn-uniform-50000-d6-v1,64a62099fef989cb6979a5ea2a5de027a3086e65816635466341476fa70f94b5,hot-pool,10,bursty,59,0,4,FREQ-LRU-REPAIR,e9d333a5b782c91d1364dee3f713e9dff3dc97017533121bfeb8aa5b8d87b622,60,5,3,2,16777216,121657240,121626273,30967,761,28080602,370,28080602,4008,12272,8800592,8800592,26,34,4,0,4,0,0,0,14,4,2,0,0,42976,0.261121
holdout,syn-uniform-50000-d6-v1,64a62099fef989cb6979a5ea2a5de027a3086e65816635466341476fa70f94b5,hot-pool,10,bursty,59,0,0,ADES-V2,e9d333a5b782c91d1364dee3f713e9dff3dc97017533121bfeb8aa5b8d87b622,60,5,3,2,67108864,15676436,15674864,1572,204641,536078,220471,536078,331,380,2032,2032,60,0,0,0,0,0,0,0,0,0,0,0,0,34704,0.152656
holdout,syn-uniform-50000-d6-v1,64a62099fef989cb6979a5ea2a5de027a3086e65816635466341476fa70f94b5,hot-pool,10,bursty,59,0,1,COLD,e9d333a5b782c91d1364dee3f713e9dff3dc97017533121bfeb8aa5b8d87b622,60,5,3,2,67108864,14840252,14838870,1382,197247,499420,202898,499420,240,520,0,0,60,0,0,0,0,0,0,0,0,0,0,0,0,34500,0.152905
holdout,syn-uniform-50000-d6-v1,64a62099fef989cb6979a5ea2a5de027a3086e65816635466341476fa70f94b5,hot-pool,10,bursty,59,0,2,B3L,e9d333a5b782c91d1364dee3f713e9dff3dc97017533121bfeb8aa5b8d87b622,60,5,3,2,67108864,382739291,382700326,38965,411,28979266,350,28979266,7504,15439,30800224,30800224,14,46,0,0,0,0,0,0,0,0,0,0,0,63652,0.517940
holdout,syn-uniform-50000-d6-v1,64a62099fef989cb6979a5ea2a5de027a3086e65816635466341476fa70f94b5,hot-pool,10,bursty,59,0,3,FREQ-LRU-REPAIR,e9d333a5b782c91d1364dee3f713e9dff3dc97017533121bfeb8aa5b8d87b622,60,5,3,2,67108864,121564296,121538127,26169,772,27441493,401,27441493,3106,10249,8800592,8800592,26,34,4,0,4,0,0,0,14,4,2,0,0,42976,0.260528
holdout,syn-uniform-50000-d6-v1,64a62099fef989cb6979a5ea2a5de027a3086e65816635466341476fa70f94b5,hot-pool,10,bursty,59,0,4,ADES,e9d333a5b782c91d1364dee3f713e9dff3dc97017533121bfeb8aa5b8d87b622,60,5,3,2,67108864,15832376,15831023,1353,211184,538552,214480,538552,261,331,224,224,60,0,0,0,0,0,0,0,0,0,0,0,0,34708,0.154120
holdout,syn-uniform-50000-d6-v1,64a62099fef989cb6979a5ea2a5de027a3086e65816635466341476fa70f94b5,hot-pool,10,bursty,83,0,0,ADES-V2,50b16a388349b893ec8d9b80df78d4c865d505982498aa78b002310479378a0b,60,5,3,2,16777216,13640441,13639248,1193,186366,494471,194021,494471,191,341,2032,2032,60,0,0,0,0,0,0,0,0,0,0,0,0,33860,0.143113
holdout,syn-uniform-50000-d6-v1,64a62099fef989cb6979a5ea2a5de027a3086e65816635466341476fa70f94b5,hot-pool,10,bursty,83,0,1,COLD,50b16a388349b893ec8d9b80df78d4c865d505982498aa78b002310479378a0b,60,5,3,2,16777216,13199353,13197892,1461,179033,378424,192538,378424,271,380,0,0,60,0,0,0,0,0,0,0,0,0,0,0,0,34584,0.145528
holdout,syn-uniform-50000-d6-v1,64a62099fef989cb6979a5ea2a5de027a3086e65816635466341476fa70f94b5,hot-pool,10,bursty,83,0,2,B3L,50b16a388349b893ec8d9b80df78d4c865d505982498aa78b002310479378a0b,60,5,3,2,16777216,347680787,347627847,52940,290,27115266,270,27115266,2154,43291,15400112,15400112,13,47,0,6,0,0,0,0,0,0,0,0,0,51524,0.485267
holdout,syn-uniform-50000-d6-v1,64a62099fef989cb6979a5ea2a5de027a3086e65816635466341476fa70f94b5,hot-pool,10,bursty,83,0,3,FREQ-LRU-REPAIR,50b16a388349b893ec8d9b80df78d4c865d505982498aa78b002310479378a0b,60,5,3,2,16777216,113900297,113890197,10100,601,25308224,391,25308224,1523,4318,8800560,8800560,24,36,4,0,4,0,0,0,19,0,1,0,0,43548,0.253027
holdout,syn-uniform-50000-d6-v1,64a62099fef989cb6979a5ea2a5de027a3086e65816635466341476fa70f94b5,hot-pool,10,bursty,83,0,4,ADES,50b16a388349b893ec8d9b80df78d4c865d505982498aa78b002310479378a0b,60,5,3,2,16777216,13656381,13654857,1524,188440,405415,221964,405415,271,441,192,192,60,0,0,0,0,0,0,0,0,0,0,0,0,33888,0.146237
holdout,syn-uniform-50000-d6-v1,64a62099fef989cb6979a5ea2a5de027a3086e65816635466341476fa70f94b5,hot-pool,10,bursty,83,0,0,COLD,50b16a388349b893ec8d9b80df78d4c865d505982498aa78b002310479378a0b,60,5,3,2,67108864,14102485,14100822,1663,191466,395397,211924,395397,240,571,0,0,60,0,0,0,0,0,0,0,0,0,0,0,0,33068,0.147477
holdout,syn-uniform-50000-d6-v1,64a62099fef989cb6979a5ea2a5de027a3086e65816635466341476fa70f94b5,hot-pool,10,bursty,83,0,1,B3L,50b16a388349b893ec8d9b80df78d4c865d505982498aa78b002310479378a0b,60,5,3,2,67108864,316502336,316450158,52178,291,26534797,280,26534797,2144,42610,26400192,26400192,12,48,0,0,0,0,0,0,0,0,0,0,0,60128,0.452464
holdout,syn-uniform-50000-d6-v1,64a62099fef989cb6979a5ea2a5de027a3086e65816635466341476fa70f94b5,hot-pool,10,bursty,83,0,2,FREQ-LRU-REPAIR,50b16a388349b893ec8d9b80df78d4c865d505982498aa78b002310479378a0b,60,5,3,2,67108864,108875267,108864489,10778,401,25392149,380,25392149,1552,4679,8800560,8800560,24,36,4,0,4,0,0,0,19,0,1,0,0,42380,0.247609
holdout,syn-uniform-50000-d6-v1,64a62099fef989cb6979a5ea2a5de027a3086e65816635466341476fa70f94b5,hot-pool,10,bursty,83,0,3,ADES,50b16a388349b893ec8d9b80df78d4c865d505982498aa78b002310479378a0b,60,5,3,2,67108864,14488693,14487171,1522,189653,431073,223687,431073,261,461,192,192,60,0,0,0,0,0,0,0,0,0,0,0,0,34768,0.150099
holdout,syn-uniform-50000-d6-v1,64a62099fef989cb6979a5ea2a5de027a3086e65816635466341476fa70f94b5,hot-pool,10,bursty,83,0,4,ADES-V2,50b16a388349b893ec8d9b80df78d4c865d505982498aa78b002310479378a0b,60,5,3,2,67108864,14508334,14506900,1434,203799,490573,214719,490573,311,381,2032,2032,60,0,0,0,0,0,0,0,0,0,0,0,0,34364,0.148843
holdout,syn-uniform-50000-d6-v1,64a62099fef989cb6979a5ea2a5de027a3086e65816635466341476fa70f94b5,hot-pool,10,repeated-edge,43,0,0,COLD,398cfd4abcf5cd3548ab4c5de263dd39c79e013259134da4d10ec5a9e8b016f1,60,5,3,2,16777216,19886332,19884969,1363,174485,568819,179775,568819,230,441,0,0,60,0,0,0,0,0,0,0,0,0,0,0,0,34396,0.153879
holdout,syn-uniform-50000-d6-v1,64a62099fef989cb6979a5ea2a5de027a3086e65816635466341476fa70f94b5,hot-pool,10,repeated-edge,43,0,1,B3L,398cfd4abcf5cd3548ab4c5de263dd39c79e013259134da4d10ec5a9e8b016f1,60,5,3,2,16777216,482667049,482662651,4398,571,27293118,521,27293118,1012,1182,15400112,15400112,19,41,0,12,0,0,0,0,0,0,0,0,0,51548,0.622304
holdout,syn-uniform-50000-d6-v1,64a62099fef989cb6979a5ea2a5de027a3086e65816635466341476fa70f94b5,hot-pool,10,repeated-edge,43,0,2,FREQ-LRU-REPAIR,398cfd4abcf5cd3548ab4c5de263dd39c79e013259134da4d10ec5a9e8b016f1,60,5,3,2,16777216,111862783,111857162,5621,852,25561925,441,25561925,1142,1663,8800624,8800624,28,32,4,0,4,0,0,0,14,0,0,0,0,42316,0.246016
holdout,syn-uniform-50000-d6-v1,64a62099fef989cb6979a5ea2a5de027a3086e65816635466341476fa70f94b5,hot-pool,10,repeated-edge,43,0,3,ADES,398cfd4abcf5cd3548ab4c5de263dd39c79e013259134da4d10ec5a9e8b016f1,60,5,3,2,16777216,18026277,18024935,1342,167812,537430,168884,537430,220,450,256,256,60,0,0,0,0,0,0,0,0,0,0,0,0,34496,0.162051
holdout,syn-uniform-50000-d6-v1,64a62099fef989cb6979a5ea2a5de027a3086e65816635466341476fa70f94b5,hot-pool,10,repeated-edge,43,0,4,ADES-V2,398cfd4abcf5cd3548ab4c5de263dd39c79e013259134da4d10ec5a9e8b016f1,60,5,3,2,16777216,18330494,18329292,1202,169255,543863,171720,543863,200,311,2032,2032,60,0,0,0,0,0,0,0,0,0,0,0,0,34528,0.158353
holdout,syn-uniform-50000-d6-v1,64a62099fef989cb6979a5ea2a5de027a3086e65816635466341476fa70f94b5,hot-pool,10,repeated-edge,43,0,0,B3L,398cfd4abcf5cd3548ab4c5de263dd39c79e013259134da4d10ec5a9e8b016f1,60,5,3,2,67108864,432145471,432140032,5439,391,28331331,371,28331331,971,1803,35200256,35200256,16,44,0,0,0,0,0,0,0,0,0,0,0,68704,0.567622
holdout,syn-uniform-50000-d6-v1,64a62099fef989cb6979a5ea2a5de027a3086e65816635466341476fa70f94b5,hot-pool,10,repeated-edge,43,0,1,FREQ-LRU-REPAIR,398cfd4abcf5cd3548ab4c5de263dd39c79e013259134da4d10ec5a9e8b016f1,60,5,3,2,67108864,100764710,100758328,6382,681,21730052,451,21730052,1192,2144,8800624,8800624,28,32,4,0,4,0,0,0,14,0,0,0,0,43816,0.233497
holdout,syn-uniform-50000-d6-v1,64a62099fef989cb6979a5ea2a5de027a3086e65816635466341476fa70f94b5,hot-pool,10,repeated-edge,43,0,2,ADES,398cfd4abcf5cd3548ab4c5de263dd39c79e013259134da4d10ec5a9e8b016f1,60,5,3,2,67108864,19240419,19239277,1142,175797,596250,181968,596250,200,340,256,256,60,0,0,0,0,0,0,0,0,0,0,0,0,35396,0.154686
holdout,syn-uniform-50000-d6-v1,64a62099fef989cb6979a5ea2a5de027a3086e65816635466341476fa70f94b5,hot-pool,10,repeated-edge,43,0,3,ADES-V2,398cfd4abcf5cd3548ab4c5de263dd39c79e013259134da4d10ec5a9e8b016f1,60,5,3,2,67108864,18126626,18125202,1424,166720,510800,168714,510800,251,501,2032,2032,60,0,0,0,0,0,0,0,0,0,0,0,0,35396,0.150154
holdout,syn-uniform-50000-d6-v1,64a62099fef989cb6979a5ea2a5de027a3086e65816635466341476fa70f94b5,hot-pool,10,repeated-edge,43,0,4,COLD,398cfd4abcf5cd3548ab4c5de263dd39c79e013259134da4d10ec5a9e8b016f1,60,5,3,2,67108864,17315713,17314462,1251,156551,520529,168694,520529,210,421,0,0,60,0,0,0,0,0,0,0,0,0,0,0,0,34400,0.154473
holdout,syn-uniform-50000-d6-v1,64a62099fef989cb6979a5ea2a5de027a3086e65816635466341476fa70f94b5,hot-pool,10,repeated-edge,59,0,0,B3L,dd8af565fb0c699d0f4be1f37270b8ae77ed1c500a3f0bce003df18acaa729ee,60,5,3,2,16777216,440257878,440107128,150750,380,26543404,350,26543404,33933,46436,15400112,15400112,17,43,0,10,0,0,0,0,0,0,0,0,0,51548,0.572593
holdout,syn-uniform-50000-d6-v1,64a62099fef989cb6979a5ea2a5de027a3086e65816635466341476fa70f94b5,hot-pool,10,repeated-edge,59,0,1,FREQ-LRU-REPAIR,dd8af565fb0c699d0f4be1f37270b8ae77ed1c500a3f0bce003df18acaa729ee,60,5,3,2,16777216,116880678,116769270,111408,581,25553212,391,25553212,14297,41908,8800592,8800592,26,34,4,0,4,0,0,0,0,7,9,0,0,42244,0.260061
holdout,syn-uniform-50000-d6-v1,64a62099fef989cb6979a5ea2a5de027a3086e65816635466341476fa70f94b5,hot-pool,10,repeated-edge,59,0,2,ADES,dd8af565fb0c699d0f4be1f37270b8ae77ed1c500a3f0bce003df18acaa729ee,60,5,3,2,16777216,11857825,11856572,1253,151261,433487,157804,433487,230,341,224,224,60,0,0,0,0,0,0,0,0,0,0,0,0,34852,0.140404
holdout,syn-uniform-50000-d6-v1,64a62099fef989cb6979a5ea2a5de027a3086e65816635466341476fa70f94b5,hot-pool,10,repeated-edge,59,0,3,ADES-V2,dd8af565fb0c699d0f4be1f37270b8ae77ed1c500a3f0bce003df18acaa729ee,60,5,3,2,16777216,13876569,13875357,1212,182239,522553,186448,522553,231,310,2032,2032,60,0,0,0,0,0,0,0,0,0,0,0,0,34892,0.139184
holdout,syn-uniform-50000-d6-v1,64a62099fef989cb6979a5ea2a5de027a3086e65816635466341476fa70f94b5,hot-pool,10,repeated-edge,59,0,4,COLD,dd8af565fb0c699d0f4be1f37270b8ae77ed1c500a3f0bce003df18acaa729ee,60,5,3,2,16777216,13618736,13617563,1173,184894,525478,187860,525478,201,371,0,0,60,0,0,0,0,0,0,0,0,0,0,0,0,33784,0.149832
holdout,syn-uniform-50000-d6-v1,64a62099fef989cb6979a5ea2a5de027a3086e65816635466341476fa70f94b5,hot-pool,10,repeated-edge,59,0,0,FREQ-LRU-REPAIR,dd8af565fb0c699d0f4be1f37270b8ae77ed1c500a3f0bce003df18acaa729ee,60,5,3,2,67108864,116809737,116704791,104946,491,25214240,320,25214240,14387,43231,8800592,8800592,26,34,4,0,4,0,0,0,0,7,9,0,0,43484,0.252020
holdout,syn-uniform-50000-d6-v1,64a62099fef989cb6979a5ea2a5de027a3086e65816635466341476fa70f94b5,hot-pool,10,repeated-edge,59,0,1,ADES,dd8af565fb0c699d0f4be1f37270b8ae77ed1c500a3f0bce003df18acaa729ee,60,5,3,2,67108864,14241687,14240525,1162,193780,553040,197538,553040,211,330,224,224,60,0,0,0,0,0,0,0,0,0,0,0,0,34016,0.141697
holdout,syn-uniform-50000-d6-v1,64a62099fef989cb6979a5ea2a5de027a3086e65816635466341476fa70f94b5,hot-pool,10,repeated-edge,59,0,2,ADES-V2,dd8af565fb0c699d0f4be1f37270b8ae77ed1c500a3f0bce003df18acaa729ee,60,5,3,2,67108864,15376694,15375301,1393,198661,589708,214269,589708,280,401,2032,2032,60,0,0,0,0,0,0,0,0,0,0,0,0,34884,0.148600
holdout,syn-uniform-50000-d6-v1,64a62099fef989cb6979a5ea2a5de027a3086e65816635466341476fa70f94b5,hot-pool,10,repeated-edge,59,0,3,COLD,dd8af565fb0c699d0f4be1f37270b8ae77ed1c500a3f0bce003df18acaa729ee,60,5,3,2,67108864,13295538,13294196,1342,172230,521771,186176,521771,240,341,0,0,60,0,0,0,0,0,0,0,0,0,0,0,0,33860,0.147000
holdout,syn-uniform-50000-d6-v1,64a62099fef989cb6979a5ea2a5de027a3086e65816635466341476fa70f94b5,hot-pool,10,repeated-edge,59,0,4,B3L,dd8af565fb0c699d0f4be1f37270b8ae77ed1c500a3f0bce003df18acaa729ee,60,5,3,2,67108864,391476249,391314378,161871,451,28701944,380,28701944,33673,49202,30800224,30800224,14,46,0,0,0,0,0,0,0,0,0,0,0,63724,0.531241
holdout,syn-uniform-50000-d6-v1,64a62099fef989cb6979a5ea2a5de027a3086e65816635466341476fa70f94b5,hot-pool,10,repeated-edge,83,0,0,FREQ-LRU-REPAIR,7a03674b31e2a7746de1c016b4aeee1b5b272c639fa1bfa834825d57db33598b,60,5,3,2,16777216,113402566,113359426,43140,360,24187599,331,24187599,7494,23233,8800480,8800480,19,41,4,0,4,0,0,0,11,2,2,0,0,42976,0.247020
holdout,syn-uniform-50000-d6-v1,64a62099fef989cb6979a5ea2a5de027a3086e65816635466341476fa70f94b5,hot-pool,10,repeated-edge,83,0,1,ADES,7a03674b31e2a7746de1c016b4aeee1b5b272c639fa1bfa834825d57db33598b,60,5,3,2,16777216,13511223,13510040,1183,180236,522813,194522,522813,221,341,112,112,60,0,0,0,0,0,0,0,0,0,0,0,0,34600,0.146550
holdout,syn-uniform-50000-d6-v1,64a62099fef989cb6979a5ea2a5de027a3086e65816635466341476fa70f94b5,hot-pool,10,repeated-edge,83,0,2,ADES-V2,7a03674b31e2a7746de1c016b4aeee1b5b272c639fa1bfa834825d57db33598b,60,5,3,2,16777216,13909695,13908424,1271,190886,526600,205392,526600,250,331,2032,2032,60,0,0,0,0,0,0,0,0,0,0,0,0,34584,0.146432
holdout,syn-uniform-50000-d6-v1,64a62099fef989cb6979a5ea2a5de027a3086e65816635466341476fa70f94b5,hot-pool,10,repeated-edge,83,0,3,COLD,7a03674b31e2a7746de1c016b4aeee1b5b272c639fa1bfa834825d57db33598b,60,5,3,2,16777216,12685597,12684255,1342,166760,478260,173774,478260,241,381,0,0,60,0,0,0,0,0,0,0,0,0,0,0,0,33696,0.142128
holdout,syn-uniform-50000-d6-v1,64a62099fef989cb6979a5ea2a5de027a3086e65816635466341476fa70f94b5,hot-pool,10,repeated-edge,83,0,4,B3L,7a03674b31e2a7746de1c016b4aeee1b5b272c639fa1bfa834825d57db33598b,60,5,3,2,16777216,190642873,190570750,72123,251,26702832,251,26702832,19006,22622,15400112,15400112,7,53,0,0,0,0,0,0,0,0,0,0,0,50180,0.328045
holdout,syn-uniform-50000-d6-v1,64a62099fef989cb6979a5ea2a5de027a3086e65816635466341476fa70f94b5,hot-pool,10,repeated-edge,83,0,0,ADES,7a03674b31e2a7746de1c016b4aeee1b5b272c639fa1bfa834825d57db33598b,60,5,3,2,67108864,13556455,13555262,1193,177831,516682,192920,516682,221,351,112,112,60,0,0,0,0,0,0,0,0,0,0,0,0,33064,0.148282
holdout,syn-uniform-50000-d6-v1,64a62099fef989cb6979a5ea2a5de027a3086e65816635466341476fa70f94b5,hot-pool,10,repeated-edge,83,0,1,ADES-V2,7a03674b31e2a7746de1c016b4aeee1b5b272c639fa1bfa834825d57db33598b,60,5,3,2,67108864,11631874,11630501,1373,148506,442794,160418,442794,301,351,2032,2032,60,0,0,0,0,0,0,0,0,0,0,0,0,34600,0.139202
holdout,syn-uniform-50000-d6-v1,64a62099fef989cb6979a5ea2a5de027a3086e65816635466341476fa70f94b5,hot-pool,10,repeated-edge,83,0,2,COLD,7a03674b31e2a7746de1c016b4aeee1b5b272c639fa1bfa834825d57db33598b,60,5,3,2,67108864,12905604,12904000,1604,171540,492076,175607,492076,321,471,0,0,60,0,0,0,0,0,0,0,0,0,0,0,0,33604,0.140037
holdout,syn-uniform-50000-d6-v1,64a62099fef989cb6979a5ea2a5de027a3086e65816635466341476fa70f94b5,hot-pool,10,repeated-edge,83,0,3,B3L,7a03674b31e2a7746de1c016b4aeee1b5b272c639fa1bfa834825d57db33598b,60,5,3,2,67108864,183350049,183275940,74109,270,25731673,261,25731673,19827,25167,15400112,15400112,7,53,0,0,0,0,0,0,0,0,0,0,0,49340,0.315485
holdout,syn-uniform-50000-d6-v1,64a62099fef989cb6979a5ea2a5de027a3086e65816635466341476fa70f94b5,hot-pool,10,repeated-edge,83,0,4,FREQ-LRU-REPAIR,7a03674b31e2a7746de1c016b4aeee1b5b272c639fa1bfa834825d57db33598b,60,5,3,2,67108864,104211980,104168739,43241,330,23873875,320,23873875,7524,22652,8800480,8800480,19,41,4,0,4,0,0,0,11,2,2,0,0,42976,0.237349
holdout,syn-uniform-50000-d6-v1,64a62099fef989cb6979a5ea2a5de027a3086e65816635466341476fa70f94b5,zipf,2,bursty,43,0,0,ADES,cc5e6e36158b59bc90411fee65d51ff8525044612730f6279d2007f318df15a9,60,29,15,14,16777216,10708062,10700679,7383,113872,342077,177751,360521,240,431,80,80,60,0,0,0,0,0,0,0,0,0,0,0,0,33748,0.143077
holdout,syn-uniform-50000-d6-v1,64a62099fef989cb6979a5ea2a5de027a3086e65816635466341476fa70f94b5,zipf,2,bursty,43,0,1,ADES-V2,cc5e6e36158b59bc90411fee65d51ff8525044612730f6279d2007f318df15a9,60,29,15,14,16777216,10040528,10034022,6506,104855,325937,157904,329373,190,341,2032,2032,60,0,0,0,0,0,0,0,0,0,0,0,0,33720,0.138279
holdout,syn-uniform-50000-d6-v1,64a62099fef989cb6979a5ea2a5de027a3086e65816635466341476fa70f94b5,zipf,2,bursty,43,0,2,COLD,cc5e6e36158b59bc90411fee65d51ff8525044612730f6279d2007f318df15a9,60,29,15,14,16777216,11834293,11825980,8313,104384,373054,183923,395747,271,551,0,0,60,0,0,0,0,0,0,0,0,0,0,0,0,34456,0.138334
holdout,syn-uniform-50000-d6-v1,64a62099fef989cb6979a5ea2a5de027a3086e65816635466341476fa70f94b5,zipf,2,bursty,43,0,3,B3L,cc5e6e36158b59bc90411fee65d51ff8525044612730f6279d2007f318df15a9,60,29,15,14,16777216,127281047,127225762,55285,251,23580846,160,24982905,612,5350,11000080,11000080,5,55,0,0,0,0,0,0,0,0,0,0,0,45696,0.255480
holdout,syn-uniform-50000-d6-v1,64a62099fef989cb6979a5ea2a5de027a3086e65816635466341476fa70f94b5,zipf,2,bursty,43,0,4,FREQ-LRU-REPAIR,cc5e6e36158b59bc90411fee65d51ff8525044612730f6279d2007f318df15a9,60,29,15,14,16777216,106115968,106055437,60531,531,397730,240,24294364,1332,5480,8800448,8800448,17,43,4,0,4,0,0,0,79,7,6,0,0,43804,0.234707
holdout,syn-uniform-50000-d6-v1,64a62099fef989cb6979a5ea2a5de027a3086e65816635466341476fa70f94b5,zipf,2,bursty,43,0,0,ADES-V2,cc5e6e36158b59bc90411fee65d51ff8525044612730f6279d2007f318df15a9,60,29,15,14,67108864,10856318,10849179,7139,101218,336055,166730,375860,240,420,2032,2032,60,0,0,0,0,0,0,0,0,0,0,0,0,34600,0.140925
holdout,syn-uniform-50000-d6-v1,64a62099fef989cb6979a5ea2a5de027a3086e65816635466341476fa70f94b5,zipf,2,bursty,43,0,1,COLD,cc5e6e36158b59bc90411fee65d51ff8525044612730f6279d2007f318df15a9,60,29,15,14,67108864,11141206,11134080,7126,98373,372544,166069,375138,251,331,0,0,60,0,0,0,0,0,0,0,0,0,0,0,0,33632,0.142149
holdout,syn-uniform-50000-d6-v1,64a62099fef989cb6979a5ea2a5de027a3086e65816635466341476fa70f94b5,zipf,2,bursty,43,0,2,B3L,cc5e6e36158b59bc90411fee65d51ff8525044612730f6279d2007f318df15a9,60,29,15,14,67108864,130725341,130670678,54663,231,25346052,150,25588764,571,4568,11000080,11000080,5,55,0,0,0,0,0,0,0,0,0,0,0,44328,0.259861
holdout,syn-uniform-50000-d6-v1,64a62099fef989cb6979a5ea2a5de027a3086e65816635466341476fa70f94b5,zipf,2,bursty,43,0,3,FREQ-LRU-REPAIR,cc5e6e36158b59bc90411fee65d51ff8525044612730f6279d2007f318df15a9,60,29,15,14,67108864,110751066,110690818,60248,691,431564,280,25715309,1352,5039,8800448,8800448,17,43,4,0,4,0,0,0,79,7,6,0,0,43804,0.240198
holdout,syn-uniform-50000-d6-v1,64a62099fef989cb6979a5ea2a5de027a3086e65816635466341476fa70f94b5,zipf,2,bursty,43,0,4,ADES,cc5e6e36158b59bc90411fee65d51ff8525044612730f6279d2007f318df15a9,60,29,15,14,67108864,11346051,11338696,7355,105386,354701,180917,380098,240,361,80,80,60,0,0,0,0,0,0,0,0,0,0,0,0,33696,0.140243
holdout,syn-uniform-50000-d6-v1,64a62099fef989cb6979a5ea2a5de027a3086e65816635466341476fa70f94b5,zipf,2,bursty,59,0,0,ADES-V2,e259fc205779af34ec145d9bd04c09f48d065e957054a0d25d83795dc33954c4,60,29,15,14,16777216,21290403,21233355,57048,189642,683333,269642,749255,261,662,2032,2032,60,0,0,0,0,0,0,0,0,0,0,0,0,34872,0.159835
holdout,syn-uniform-50000-d6-v1,64a62099fef989cb6979a5ea2a5de027a3086e65816635466341476fa70f94b5,zipf,2,bursty,59,0,1,COLD,e259fc205779af34ec145d9bd04c09f48d065e957054a0d25d83795dc33954c4,60,29,15,14,16777216,16769986,16761762,8224,140181,524266,204641,625896,270,430,0,0,60,0,0,0,0,0,0,0,0,0,0,0,0,33884,0.164438
holdout,syn-uniform-50000-d6-v1,64a62099fef989cb6979a5ea2a5de027a3086e65816635466341476fa70f94b5,zipf,2,bursty,59,0,2,B3L,e259fc205779af34ec145d9bd04c09f48d065e957054a0d25d83795dc33954c4,60,29,15,14,16777216,160800150,160707044,93106,251,25651551,151,25862404,541,11872,13200096,13200096,6,54,0,0,0,0,0,0,0,0,0,0,0,48024,0.295008
holdout,syn-uniform-50000-d6-v1,64a62099fef989cb6979a5ea2a5de027a3086e65816635466341476fa70f94b5,zipf,2,bursty,59,0,3,FREQ-LRU-REPAIR,e259fc205779af34ec145d9bd04c09f48d065e957054a0d25d83795dc33954c4,60,29,15,14,16777216,111034867,110929864,105003,732,1351156,250,24380845,1223,12182,8800464,8800464,18,42,4,0,4,0,0,0,66,9,5,0,0,43472,0.242156
holdout,syn-uniform-50000-d6-v1,64a62099fef989cb6979a5ea2a5de027a3086e65816635466341476fa70f94b5,zipf,2,bursty,59,0,4,ADES,e259fc205779af34ec145d9bd04c09f48d065e957054a0d25d83795dc33954c4,60,29,15,14,16777216,17810622,17802509,8113,146673,573458,208859,682832,271,371,96,96,60,0,0,0,0,0,0,0,0,0,0,0,0,34000,0.165720
holdout,syn-uniform-50000-d6-v1,64a62099fef989cb6979a5ea2a5de027a3086e65816635466341476fa70f94b5,zipf,2,bursty,59,0,0,COLD,e259fc205779af34ec145d9bd04c09f48d065e957054a0d25d83795dc33954c4,60,29,15,14,67108864,14778906,14771063,7843,122208,470826,174695,568158,270,371,0,0,60,0,0,0,0,0,0,0,0,0,0,0,0,34756,0.155833
holdout,syn-uniform-50000-d6-v1,64a62099fef989cb6979a5ea2a5de027a3086e65816635466341476fa70f94b5,zipf,2,bursty,59,0,1,B3L,e259fc205779af34ec145d9bd04c09f48d065e957054a0d25d83795dc33954c4,60,29,15,14,67108864,179321303,179213462,107841,310,29043606,160,29967947,651,11672,13200096,13200096,6,54,0,0,0,0,0,0,0,0,0,0,0,47200,0.320674
holdout,syn-uniform-50000-d6-v1,64a62099fef989cb6979a5ea2a5de027a3086e65816635466341476fa70f94b5,zipf,2,bursty,59,0,2,FREQ-LRU-REPAIR,e259fc205779af34ec145d9bd04c09f48d065e957054a0d25d83795dc33954c4,60,29,15,14,67108864,114912792,114814918,97874,761,1330668,311,26270593,1212,11842,8800464,8800464,18,42,4,0,4,0,0,0,66,9,5,0,0,43788,0.243849
holdout,syn-uniform-50000-d6-v1,64a62099fef989cb6979a5ea2a5de027a3086e65816635466341476fa70f94b5,zipf,2,bursty,59,0,3,ADES,e259fc205779af34ec145d9bd04c09f48d065e957054a0d25d83795dc33954c4,60,29,15,14,67108864,14427116,14420246,6870,120584,486305,173733,541838,241,351,96,96,60,0,0,0,0,0,0,0,0,0,0,0,0,33976,0.140215
holdout,syn-uniform-50000-d6-v1,64a62099fef989cb6979a5ea2a5de027a3086e65816635466341476fa70f94b5,zipf,2,bursty,59,0,4,ADES-V2,e259fc205779af34ec145d9bd04c09f48d065e957054a0d25d83795dc33954c4,60,29,15,14,67108864,17302538,17294542,7996,150851,532040,205964,630543,270,381,2032,2032,60,0,0,0,0,0,0,0,0,0,0,0,0,34840,0.156658
holdout,syn-uniform-50000-d6-v1,64a62099fef989cb6979a5ea2a5de027a3086e65816635466341476fa70f94b5,zipf,2,bursty,83,0,0,COLD,50453e01b54302fdd31dd5b98c2cd7b192d23281a99f435d3a3a8fb1642c7395,60,29,15,14,16777216,14391870,14383677,8193,118240,475846,222333,511452,270,491,0,0,60,0,0,0,0,0,0,0,0,0,0,0,0,33528,0.167396
holdout,syn-uniform-50000-d6-v1,64a62099fef989cb6979a5ea2a5de027a3086e65816635466341476fa70f94b5,zipf,2,bursty,83,0,1,B3L,50453e01b54302fdd31dd5b98c2cd7b192d23281a99f435d3a3a8fb1642c7395,60,29,15,14,16777216,185005579,184740575,265004,340,26056590,161,26211869,651,91179,15400112,15400112,7,53,0,0,0,0,0,0,0,0,0,0,0,50200,0.323671
holdout,syn-uniform-50000-d6-v1,64a62099fef989cb6979a5ea2a5de027a3086e65816635466341476fa70f94b5,zipf,2,bursty,83,0,2,FREQ-LRU-REPAIR,50453e01b54302fdd31dd5b98c2cd7b192d23281a99f435d3a3a8fb1642c7395,60,29,15,14,16777216,117924169,117699922,224247,561,841447,301,26860646,1062,74469,8800480,8800480,19,41,4,0,4,0,0,0,69,4,7,0,0,42276,0.252644
holdout,syn-uniform-50000-d6-v1,64a62099fef989cb6979a5ea2a5de027a3086e65816635466341476fa70f94b5,zipf,2,bursty,83,0,3,ADES,50453e01b54302fdd31dd5b98c2cd7b192d23281a99f435d3a3a8fb1642c7395,60,29,15,14,16777216,13941458,13933061,8397,123721,451971,212596,460548,280,471,112,112,60,0,0,0,0,0,0,0,0,0,0,0,0,34240,0.147679
holdout,syn-uniform-50000-d6-v1,64a62099fef989cb6979a5ea2a5de027a3086e65816635466341476fa70f94b5,zipf,2,bursty,83,0,4,ADES-V2,50453e01b54302fdd31dd5b98c2cd7b192d23281a99f435d3a3a8fb1642c7395,60,29,15,14,16777216,13696312,13688167,8145,116818,402580,217074,451160,261,371,2032,2032,60,0,0,0,0,0,0,0,0,0,0,0,0,33720,0.150817
holdout,syn-uniform-50000-d6-v1,64a62099fef989cb6979a5ea2a5de027a3086e65816635466341476fa70f94b5,zipf,2,bursty,83,0,0,B3L,50453e01b54302fdd31dd5b98c2cd7b192d23281a99f435d3a3a8fb1642c7395,60,29,15,14,67108864,192618532,192344991,273541,301,26274334,200,27984940,601,95288,15400112,15400112,7,53,0,0,0,0,0,0,0,0,0,0,0,50192,0.329809
holdout,syn-uniform-50000-d6-v1,64a62099fef989cb6979a5ea2a5de027a3086e65816635466341476fa70f94b5,zipf,2,bursty,83,0,1,FREQ-LRU-REPAIR,50453e01b54302fdd31dd5b98c2cd7b192d23281a99f435d3a3a8fb1642c7395,60,29,15,14,67108864,110508350,110276497,231853,491,872615,280,25381713,1102,76633,8800480,8800480,19,41,4,0,4,0,0,0,69,4,7,0,0,43800,0.248686
holdout,syn-uniform-50000-d6-v1,64a62099fef989cb6979a5ea2a5de027a3086e65816635466341476fa70f94b5,zipf,2,bursty,83,0,2,ADES,50453e01b54302fdd31dd5b98c2cd7b192d23281a99f435d3a3a8fb1642c7395,60,29,15,14,67108864,14216697,14208675,8022,131585,439788,229136,473541,280,391,112,112,60,0,0,0,0,0,0,0,0,0,0,0,0,33732,0.156578
holdout,syn-uniform-50000-d6-v1,64a62099fef989cb6979a5ea2a5de027a3086e65816635466341476fa70f94b5,zipf,2,bursty,83,0,3,ADES-V2,50453e01b54302fdd31dd5b98c2cd7b192d23281a99f435d3a3a8fb1642c7395,60,29,15,14,67108864,13960982,13952971,8011,121447,438957,204971,440010,260,481,2032,2032,60,0,0,0,0,0,0,0,0,0,0,0,0,34600,0.145247
holdout,syn-uniform-50000-d6-v1,64a62099fef989cb6979a5ea2a5de027a3086e65816635466341476fa70f94b5,zipf,2,bursty,83,0,4,COLD,50453e01b54302fdd31dd5b98c2cd7b192d23281a99f435d3a3a8fb1642c7395,60,29,15,14,67108864,13368209,13360685,7524,125233,414953,201575,478501,270,361,0,0,60,0,0,0,0,0,0,0,0,0,0,0,0,33620,0.149304
holdout,syn-uniform-50000-d6-v1,64a62099fef989cb6979a5ea2a5de027a3086e65816635466341476fa70f94b5,zipf,2,repeated-edge,43,0,0,B3L,306ad67eccadc1d54453b9e24c7b47a18bd91ca31f573178336271a058d97de4,60,29,15,14,16777216,315166499,315107362,59137,361,30292987,260,30747352,891,7143,15400112,15400112,11,49,0,4,0,0,0,0,0,0,0,0,0,51540,0.455656
holdout,syn-uniform-50000-d6-v1,64a62099fef989cb6979a5ea2a5de027a3086e65816635466341476fa70f94b5,zipf,2,repeated-edge,43,0,1,FREQ-LRU-REPAIR,306ad67eccadc1d54453b9e24c7b47a18bd91ca31f573178336271a058d97de4,60,29,15,14,16777216,95936347,95905918,30429,521,438006,320,660861,901,3707,6600436,6600436,21,39,3,0,3,0,0,0,40,11,12,0,0,40092,0.246675
holdout,syn-uniform-50000-d6-v1,64a62099fef989cb6979a5ea2a5de027a3086e65816635466341476fa70f94b5,zipf,2,repeated-edge,43,0,2,ADES,306ad67eccadc1d54453b9e24c7b47a18bd91ca31f573178336271a058d97de4,60,29,15,14,16777216,12740535,12734804,5731,104344,463352,170437,536910,190,220,160,160,60,0,0,0,0,0,0,0,0,0,0,0,0,34892,0.149522
holdout,syn-uniform-50000-d6-v1,64a62099fef989cb6979a5ea2a5de027a3086e65816635466341476fa70f94b5,zipf,2,repeated-edge,43,0,3,ADES-V2,306ad67eccadc1d54453b9e24c7b47a18bd91ca31f573178336271a058d97de4,60,29,15,14,16777216,13312106,13305565,6541,109043,478681,186517,549162,200,311,2032,2032,60,0,0,0,0,0,0,0,0,0,0,0,0,34012,0.148423
holdout,syn-uniform-50000-d6-v1,64a62099fef989cb6979a5ea2a5de027a3086e65816635466341476fa70f94b5,zipf,2,repeated-edge,43,0,4,COLD,306ad67eccadc1d54453b9e24c7b47a18bd91ca31f573178336271a058d97de4,60,29,15,14,16777216,13291861,13285398,6463,102982,434499,185616,545596,200,381,0,0,60,0,0,0,0,0,0,0,0,0,0,0,0,34260,0.163104
holdout,syn-uniform-50000-d6-v1,64a62099fef989cb6979a5ea2a5de027a3086e65816635466341476fa70f94b5,zipf,2,repeated-edge,43,0,0,FREQ-LRU-REPAIR,306ad67eccadc1d54453b9e24c7b47a18bd91ca31f573178336271a058d97de4,60,29,15,14,67108864,84570729,84540402,30327,521,410464,321,573448,912,4057,6600436,6600436,21,39,3,0,3,0,0,0,40,11,12,0,0,40772,0.218362
holdout,syn-uniform-50000-d6-v1,64a62099fef989cb6979a5ea2a5de027a3086e65816635466341476fa70f94b5,zipf,2,repeated-edge,43,0,1,ADES,306ad67eccadc1d54453b9e24c7b47a18bd91ca31f573178336271a058d97de4,60,29,15,14,67108864,13495430,13488675,6755,113521,429028,182340,561335,201,320,160,160,60,0,0,0,0,0,0,0,0,0,0,0,0,34412,0.147804
holdout,syn-uniform-50000-d6-v1,64a62099fef989cb6979a5ea2a5de027a3086e65816635466341476fa70f94b5,zipf,2,repeated-edge,43,0,2,ADES-V2,306ad67eccadc1d54453b9e24c7b47a18bd91ca31f573178336271a058d97de4,60,29,15,14,67108864,13575423,13569129,6294,112209,535206,184614,562557,200,310,2032,2032,60,0,0,0,0,0,0,0,0,0,0,0,0,34080,0.163839
holdout,syn-uniform-50000-d6-v1,64a62099fef989cb6979a5ea2a5de027a3086e65816635466341476fa70f94b5,zipf,2,repeated-edge,43,0,3,COLD,306ad67eccadc1d54453b9e24c7b47a18bd91ca31f573178336271a058d97de4,60,29,15,14,67108864,12828581,12822126,6455,99785,453254,162192,537300,210,301,0,0,60,0,0,0,0,0,0,0,0,0,0,0,0,34256,0.156493
holdout,syn-uniform-50000-d6-v1,64a62099fef989cb6979a5ea2a5de027a3086e65816635466341476fa70f94b5,zipf,2,repeated-edge,43,0,4,B3L,306ad67eccadc1d54453b9e24c7b47a18bd91ca31f573178336271a058d97de4,60,29,15,14,67108864,300591423,300533256,58167,310,29907289,271,30181378,781,7043,22000160,22000160,10,50,0,0,0,0,0,0,0,0,0,0,0,55776,0.444337
holdout,syn-uniform-50000-d6-v1,64a62099fef989cb6979a5ea2a5de027a3086e65816635466341476fa70f94b5,zipf,2,repeated-edge,59,0,0,FREQ-LRU-REPAIR,9733c735e6531bf09396da4875be01702ffc55a3984c50767557db3fa611a7d4,60,29,15,14,16777216,129386509,129338250,48259,641,1260387,290,30034800,1352,4338,8800464,8800464,18,42,4,0,4,0,0,0,18,34,36,0,0,43860,0.275761
holdout,syn-uniform-50000-d6-v1,64a62099fef989cb6979a5ea2a5de027a3086e65816635466341476fa70f94b5,zipf,2,repeated-edge,59,0,1,ADES,9733c735e6531bf09396da4875be01702ffc55a3984c50767557db3fa611a7d4,60,29,15,14,16777216,14336673,14330760,5913,132216,438757,185826,468302,191,241,96,96,60,0,0,0,0,0,0,0,0,0,0,0,0,34588,0.148506
holdout,syn-uniform-50000-d6-v1,64a62099fef989cb6979a5ea2a5de027a3086e65816635466341476fa70f94b5,zipf,2,repeated-edge,59,0,2,ADES-V2,9733c735e6531bf09396da4875be01702ffc55a3984c50767557db3fa611a7d4,60,29,15,14,16777216,15070113,15063750,6363,139420,512023,200293,516672,210,301,2032,2032,60,0,0,0,0,0,0,0,0,0,0,0,0,34812,0.149542
holdout,syn-uniform-50000-d6-v1,64a62099fef989cb6979a5ea2a5de027a3086e65816635466341476fa70f94b5,zipf,2,repeated-edge,59,0,3,COLD,9733c735e6531bf09396da4875be01702ffc55a3984c50767557db3fa611a7d4,60,29,15,14,16777216,14261497,14254723,6774,128950,439258,190194,448075,200,451,0,0,60,0,0,0,0,0,0,0,0,0,0,0,0,34688,0.151009
holdout,syn-uniform-50000-d6-v1,64a62099fef989cb6979a5ea2a5de027a3086e65816635466341476fa70f94b5,zipf,2,repeated-edge,59,0,4,B3L,9733c735e6531bf09396da4875be01702ffc55a3984c50767557db3fa611a7d4,60,29,15,14,16777216,169388125,169348243,39882,230,27177829,160,27332438,371,5931,13200096,13200096,6,54,0,0,0,0,0,0,0,0,0,0,0,47200,0.308566
holdout,syn-uniform-50000-d6-v1,64a62099fef989cb6979a5ea2a5de027a3086e65816635466341476fa70f94b5,zipf,2,repeated-edge,59,0,0,ADES,9733c735e6531bf09396da4875be01702ffc55a3984c50767557db3fa611a7d4,60,29,15,14,67108864,14577165,14571044,6121,131946,434399,194061,442273,200,271,96,96,60,0,0,0,0,0,0,0,0,0,0,0,0,34852,0.150010
holdout,syn-uniform-50000-d6-v1,64a62099fef989cb6979a5ea2a5de027a3086e65816635466341476fa70f94b5,zipf,2,repeated-edge,59,0,1,ADES-V2,9733c735e6531bf09396da4875be01702ffc55a3984c50767557db3fa611a7d4,60,29,15,14,67108864,15278822,15271798,7024,136805,475676,204090,486667,211,481,2032,2032,60,0,0,0,0,0,0,0,0,0,0,0,0,34076,0.154724
holdout,syn-uniform-50000-d6-v1,64a62099fef989cb6979a5ea2a5de027a3086e65816635466341476fa70f94b5,zipf,2,repeated-edge,59,0,2,COLD,9733c735e6531bf09396da4875be01702ffc55a3984c50767557db3fa611a7d4,60,29,15,14,67108864,16141685,16135334,6351,142636,503418,216874,518125,200,301,0,0,60,0,0,0,0,0,0,0,0,0,0,0,0,33876,0.156157
holdout,syn-uniform-50000-d6-v1,64a62099fef989cb6979a5ea2a5de027a3086e65816635466341476fa70f94b5,zipf,2,repeated-edge,59,0,3,B3L,9733c735e6531bf09396da4875be01702ffc55a3984c50767557db3fa611a7d4,60,29,15,14,67108864,164501063,164461767,39296,221,25649073,151,27224085,371,6392,13200096,13200096,6,54,0,0,0,0,0,0,0,0,0,0,0,46488,0.304221
holdout,syn-uniform-50000-d6-v1,64a62099fef989cb6979a5ea2a5de027a3086e65816635466341476fa70f94b5,zipf,2,repeated-edge,59,0,4,FREQ-LRU-REPAIR,9733c735e6531bf09396da4875be01702ffc55a3984c50767557db3fa611a7d4,60,29,15,14,67108864,113597200,113545933,51267,681,1025019,260,26173880,1362,4418,8800464,8800464,18,42,4,0,4,0,0,0,18,34,36,0,0,42968,0.252536
holdout,syn-uniform-50000-d6-v1,64a62099fef989cb6979a5ea2a5de027a3086e65816635466341476fa70f94b5,zipf,2,repeated-edge,83,0,0,ADES,c659ca6f75bf5a5874d1458a1dd57ca07193e78c67d64c6f1f678ccf12e23ceb,60,29,15,14,16777216,13889021,13881779,7242,126325,535688,166229,553571,220,380,96,96,60,0,0,0,0,0,0,0,0,0,0,0,0,33760,0.143184
holdout,syn-uniform-50000-d6-v1,64a62099fef989cb6979a5ea2a5de027a3086e65816635466341476fa70f94b5,zipf,2,repeated-edge,83,0,1,ADES-V2,c659ca6f75bf5a5874d1458a1dd57ca07193e78c67d64c6f1f678ccf12e23ceb,60,29,15,14,16777216,15056725,15049884,6841,126044,619323,183441,629832,211,350,2032,2032,60,0,0,0,0,0,0,0,0,0,0,0,0,34232,0.156458
holdout,syn-uniform-50000-d6-v1,64a62099fef989cb6979a5ea2a5de027a3086e65816635466341476fa70f94b5,zipf,2,repeated-edge,83,0,2,COLD,c659ca6f75bf5a5874d1458a1dd57ca07193e78c67d64c6f1f678ccf12e23ceb,60,29,15,14,16777216,13916543,13910072,6471,112499,523545,171510,612129,210,310,0,0,60,0,0,0,0,0,0,0,0,0,0,0,0,33596,0.157046
holdout,syn-uniform-50000-d6-v1,64a62099fef989cb6979a5ea2a5de027a3086e65816635466341476fa70f94b5,zipf,2,repeated-edge,83,0,3,B3L,c659ca6f75bf5a5874d1458a1dd57ca07193e78c67d64c6f1f678ccf12e23ceb,60,29,15,14,16777216,166659253,166653091,6162,190,26051101,241,27880789,120,811,13200096,13200096,6,54,0,0,0,0,0,0,0,0,0,0,0,48092,0.303145
holdout,syn-uniform-50000-d6-v1,64a62099fef989cb6979a5ea2a5de027a3086e65816635466341476fa70f94b5,zipf,2,repeated-edge,83,0,4,FREQ-LRU-REPAIR,c659ca6f75bf5a5874d1458a1dd57ca07193e78c67d64c6f1f678ccf12e23ceb,60,29,15,14,16777216,124907757,124888459,19298,431,928038,291,28657154,551,1222,8800464,8800464,18,42,4,0,4,0,0,0,62,0,0,0,0,42972,0.260645
holdout,syn-uniform-50000-d6-v1,64a62099fef989cb6979a5ea2a5de027a3086e65816635466341476fa70f94b5,zipf,2,repeated-edge,83,0,0,ADES-V2,c659ca6f75bf5a5874d1458a1dd57ca07193e78c67d64c6f1f678ccf12e23ceb,60,29,15,14,67108864,14801395,14794993,6402,120745,599636,171098,642226,210,330,2032,2032,60,0,0,0,0,0,0,0,0,0,0,0,0,34596,0.155264
holdout,syn-uniform-50000-d6-v1,64a62099fef989cb6979a5ea2a5de027a3086e65816635466341476fa70f94b5,zipf,2,repeated-edge,83,0,1,COLD,c659ca6f75bf5a5874d1458a1dd57ca07193e78c67d64c6f1f678ccf12e23ceb,60,29,15,14,67108864,13525283,13518751,6532,110746,526290,165067,596701,210,381,0,0,60,0,0,0,0,0,0,0,0,0,0,0,0,33632,0.151175
holdout,syn-uniform-50000-d6-v1,64a62099fef989cb6979a5ea2a5de027a3086e65816635466341476fa70f94b5,zipf,2,repeated-edge,83,0,2,B3L,c659ca6f75bf5a5874d1458a1dd57ca07193e78c67d64c6f1f678ccf12e23ceb,60,29,15,14,67108864,173693937,173688160,5777,151,28138539,170,28356044,90,711,13200096,13200096,6,54,0,0,0,0,0,0,0,0,0,0,0,47984,0.314344
holdout,syn-uniform-50000-d6-v1,64a62099fef989cb6979a5ea2a5de027a3086e65816635466341476fa70f94b5,zipf,2,repeated-edge,83,0,3,FREQ-LRU-REPAIR,c659ca6f75bf5a5874d1458a1dd57ca07193e78c67d64c6f1f678ccf12e23ceb,60,29,15,14,67108864,121193871,121174905,18966,411,845534,310,28115336,622,1113,8800464,8800464,18,42,4,0,4,0,0,0,62,0,0,0,0,43788,0.261520
holdout,syn-uniform-50000-d6-v1,64a62099fef989cb6979a5ea2a5de027a3086e65816635466341476fa70f94b5,zipf,2,repeated-edge,83,0,4,ADES,c659ca6f75bf5a5874d1458a1dd57ca07193e78c67d64c6f1f678ccf12e23ceb,60,29,15,14,67108864,14710974,14704742,6232,118852,557448,188932,663836,200,311,96,96,60,0,0,0,0,0,0,0,0,0,0,0,0,34588,0.157589
holdout,syn-uniform-50000-d6-v1,64a62099fef989cb6979a5ea2a5de027a3086e65816635466341476fa70f94b5,zipf,10,bursty,43,0,0,ADES-V2,6d6035c6f8962f4f7fe18aa4e3e3bf4ea1ab2b96b7edbdb4ab0eb1dff2aa2f18,60,5,3,2,16777216,13651886,13650162,1724,188000,448315,197487,448315,301,551,2032,2032,60,0,0,0,0,0,0,0,0,0,0,0,0,34656,0.171119
holdout,syn-uniform-50000-d6-v1,64a62099fef989cb6979a5ea2a5de027a3086e65816635466341476fa70f94b5,zipf,10,bursty,43,0,1,COLD,6d6035c6f8962f4f7fe18aa4e3e3bf4ea1ab2b96b7edbdb4ab0eb1dff2aa2f18,60,5,3,2,16777216,13992134,13989989,2145,191346,481757,201044,481757,371,832,0,0,60,0,0,0,0,0,0,0,0,0,0,0,0,34464,0.172432
holdout,syn-uniform-50000-d6-v1,64a62099fef989cb6979a5ea2a5de027a3086e65816635466341476fa70f94b5,zipf,10,bursty,43,0,2,B3L,6d6035c6f8962f4f7fe18aa4e3e3bf4ea1ab2b96b7edbdb4ab0eb1dff2aa2f18,60,5,3,2,16777216,229207965,229197835,10130,270,32922252,250,32922252,1062,4860,15400112,15400112,7,53,0,0,0,0,0,0,0,0,0,0,0,49380,0.387062
holdout,syn-uniform-50000-d6-v1,64a62099fef989cb6979a5ea2a5de027a3086e65816635466341476fa70f94b5,zipf,10,bursty,43,0,3,FREQ-LRU-REPAIR,6d6035c6f8962f4f7fe18aa4e3e3bf4ea1ab2b96b7edbdb4ab0eb1dff2aa2f18,60,5,3,2,16777216,134932428,134918592,13836,371,32123525,331,32123525,1813,5521,8800480,8800480,19,41,4,0,4,0,0,0,17,2,1,0,0,42316,0.285904
holdout,syn-uniform-50000-d6-v1,64a62099fef989cb6979a5ea2a5de027a3086e65816635466341476fa70f94b5,zipf,10,bursty,43,0,4,ADES,6d6035c6f8962f4f7fe18aa4e3e3bf4ea1ab2b96b7edbdb4ab0eb1dff2aa2f18,60,5,3,2,16777216,12596331,12594698,1633,177220,428067,183161,428067,290,541,112,112,60,0,0,0,0,0,0,0,0,0,0,0,0,33760,0.158194
holdout,syn-uniform-50000-d6-v1,64a62099fef989cb6979a5ea2a5de027a3086e65816635466341476fa70f94b5,zipf,10,bursty,43,0,0,COLD,6d6035c6f8962f4f7fe18aa4e3e3bf4ea1ab2b96b7edbdb4ab0eb1dff2aa2f18,60,5,3,2,67108864,13700415,13698299,2116,183742,447553,190805,447553,321,872,0,0,60,0,0,0,0,0,0,0,0,0,0,0,0,34536,0.159579
holdout,syn-uniform-50000-d6-v1,64a62099fef989cb6979a5ea2a5de027a3086e65816635466341476fa70f94b5,zipf,10,bursty,43,0,1,B3L,6d6035c6f8962f4f7fe18aa4e3e3bf4ea1ab2b96b7edbdb4ab0eb1dff2aa2f18,60,5,3,2,67108864,219711472,219700803,10669,280,31315882,280,31315882,771,5670,15400112,15400112,7,53,0,0,0,0,0,0,0,0,0,0,0,50216,0.372111
holdout,syn-uniform-50000-d6-v1,64a62099fef989cb6979a5ea2a5de027a3086e65816635466341476fa70f94b5,zipf,10,bursty,43,0,2,FREQ-LRU-REPAIR,6d6035c6f8962f4f7fe18aa4e3e3bf4ea1ab2b96b7edbdb4ab0eb1dff2aa2f18,60,5,3,2,67108864,132259579,132247186,12393,350,30480316,331,30480316,1864,4338,8800480,8800480,19,41,4,0,4,0,0,0,17,2,1,0,0,43796,0.288765
holdout,syn-uniform-50000-d6-v1,64a62099fef989cb6979a5ea2a5de027a3086e65816635466341476fa70f94b5,zipf,10,bursty,43,0,3,ADES,6d6035c6f8962f4f7fe18aa4e3e3bf4ea1ab2b96b7edbdb4ab0eb1dff2aa2f18,60,5,3,2,67108864,11982258,11980456,1802,165538,415493,167081,415493,360,451,112,112,60,0,0,0,0,0,0,0,0,0,0,0,0,33756,0.160485
holdout,syn-uniform-50000-d6-v1,64a62099fef989cb6979a5ea2a5de027a3086e65816635466341476fa70f94b5,zipf,10,bursty,43,0,4,ADES-V2,6d6035c6f8962f4f7fe18aa4e3e3bf4ea1ab2b96b7edbdb4ab0eb1dff2aa2f18,60,5,3,2,67108864,13813278,13811645,1633,183411,451601,194362,451601,341,411,2032,2032,60,0,0,0,0,0,0,0,0,0,0,0,0,33760,0.170328
holdout,syn-uniform-50000-d6-v1,64a62099fef989cb6979a5ea2a5de027a3086e65816635466341476fa70f94b5,zipf,10,bursty,59,0,0,COLD,3f32a8c3bf644ddf65ec5d8b34620b537b1b094a018cd57748c3532c7700ef4b,60,5,3,2,16777216,18167208,18165264,1944,230389,568508,238614,568508,271,822,0,0,60,0,0,0,0,0,0,0,0,0,0,0,0,33752,0.167552
holdout,syn-uniform-50000-d6-v1,64a62099fef989cb6979a5ea2a5de027a3086e65816635466341476fa70f94b5,zipf,10,bursty,59,0,1,B3L,3f32a8c3bf644ddf65ec5d8b34620b537b1b094a018cd57748c3532c7700ef4b,60,5,3,2,16777216,233343033,233312897,30136,251,28948083,241,28948083,3116,14256,15400112,15400112,8,52,0,1,0,0,0,0,0,0,0,0,0,51552,0.380189
holdout,syn-uniform-50000-d6-v1,64a62099fef989cb6979a5ea2a5de027a3086e65816635466341476fa70f94b5,zipf,10,bursty,59,0,2,FREQ-LRU-REPAIR,3f32a8c3bf644ddf65ec5d8b34620b537b1b094a018cd57748c3532c7700ef4b,60,5,3,2,16777216,119735546,119703646,31900,351,26071027,321,26071027,3757,13526,8800496,8800496,20,40,4,0,4,0,0,0,14,4,2,0,0,43764,0.256449
holdout,syn-uniform-50000-d6-v1,64a62099fef989cb6979a5ea2a5de027a3086e65816635466341476fa70f94b5,zipf,10,bursty,59,0,3,ADES,3f32a8c3bf644ddf65ec5d8b34620b537b1b094a018cd57748c3532c7700ef4b,60,5,3,2,16777216,16426230,16424806,1424,223677,500993,238073,500993,250,441,128,128,60,0,0,0,0,0,0,0,0,0,0,0,0,33888,0.149907
holdout,syn-uniform-50000-d6-v1,64a62099fef989cb6979a5ea2a5de027a3086e65816635466341476fa70f94b5,zipf,10,bursty,59,0,4,ADES-V2,3f32a8c3bf644ddf65ec5d8b34620b537b1b094a018cd57748c3532c7700ef4b,60,5,3,2,16777216,14913076,14911844,1232,190675,460508,214059,460508,191,391,2032,2032,60,0,0,0,0,0,0,0,0,0,0,0,0,34728,0.147545
holdout,syn-uniform-50000-d6-v1,64a62099fef989cb6979a5ea2a5de027a3086e65816635466341476fa70f94b5,zipf,10,bursty,59,0,0,B3L,3f32a8c3bf644ddf65ec5d8b34620b537b1b094a018cd57748c3532c7700ef4b,60,5,3,2,67108864,210402435,210376657,25778,240,26374783,240,26374783,3596,12042,17600128,17600128,8,52,0,0,0,0,0,0,0,0,0,0,0,51540,0.349104
holdout,syn-uniform-50000-d6-v1,64a62099fef989cb6979a5ea2a5de027a3086e65816635466341476fa70f94b5,zipf,10,bursty,59,0,1,FREQ-LRU-REPAIR,3f32a8c3bf644ddf65ec5d8b34620b537b1b094a018cd57748c3532c7700ef4b,60,5,3,2,67108864,108220942,108192117,28825,380,24009179,340,24009179,2896,12023,8800496,8800496,20,40,4,0,4,0,0,0,14,4,2,0,0,43800,0.237965
holdout,syn-uniform-50000-d6-v1,64a62099fef989cb6979a5ea2a5de027a3086e65816635466341476fa70f94b5,zipf,10,bursty,59,0,2,ADES,3f32a8c3bf644ddf65ec5d8b34620b537b1b094a018cd57748c3532c7700ef4b,60,5,3,2,67108864,17752835,17751442,1393,219599,561496,261156,561496,260,451,128,128,60,0,0,0,0,0,0,0,0,0,0,0,0,33888,0.151550
holdout,syn-uniform-50000-d6-v1,64a62099fef989cb6979a5ea2a5de027a3086e65816635466341476fa70f94b5,zipf,10,bursty,59,0,3,ADES-V2,3f32a8c3bf644ddf65ec5d8b34620b537b1b094a018cd57748c3532c7700ef4b,60,5,3,2,67108864,17732934,17731371,1563,238834,558760,243743,558760,250,461,2032,2032,60,0,0,0,0,0,0,0,0,0,0,0,0,33884,0.156176
holdout,syn-uniform-50000-d6-v1,64a62099fef989cb6979a5ea2a5de027a3086e65816635466341476fa70f94b5,zipf,10,bursty,59,0,4,COLD,3f32a8c3bf644ddf65ec5d8b34620b537b1b094a018cd57748c3532c7700ef4b,60,5,3,2,67108864,15313254,15311552,1702,194772,497456,220831,497456,260,551,0,0,60,0,0,0,0,0,0,0,0,0,0,0,0,34600,0.144704
holdout,syn-uniform-50000-d6-v1,64a62099fef989cb6979a5ea2a5de027a3086e65816635466341476fa70f94b5,zipf,10,bursty,83,0,0,B3L,674d54412f61a68d96340bf9700458eba9d225a3b2b5fc3ea73d740ff75ed509,60,5,3,2,16777216,164047223,164040981,6242,200,28115862,170,28115862,541,4118,13200096,13200096,6,54,0,0,0,0,0,0,0,0,0,0,0,47200,0.301544
holdout,syn-uniform-50000-d6-v1,64a62099fef989cb6979a5ea2a5de027a3086e65816635466341476fa70f94b5,zipf,10,bursty,83,0,1,FREQ-LRU-REPAIR,674d54412f61a68d96340bf9700458eba9d225a3b2b5fc3ea73d740ff75ed509,60,5,3,2,16777216,108587941,108577493,10448,291,24837539,281,24837539,1583,4388,8800464,8800464,18,42,4,0,4,0,0,0,19,0,1,0,0,43728,0.236832
holdout,syn-uniform-50000-d6-v1,64a62099fef989cb6979a5ea2a5de027a3086e65816635466341476fa70f94b5,zipf,10,bursty,83,0,2,ADES,674d54412f61a68d96340bf9700458eba9d225a3b2b5fc3ea73d740ff75ed509,60,5,3,2,16777216,15689431,15687427,2004,221262,627368,241529,627368,361,681,96,96,60,0,0,0,0,0,0,0,0,0,0,0,0,33752,0.141831
holdout,syn-uniform-50000-d6-v1,64a62099fef989cb6979a5ea2a5de027a3086e65816635466341476fa70f94b5,zipf,10,bursty,83,0,3,ADES-V2,674d54412f61a68d96340bf9700458eba9d225a3b2b5fc3ea73d740ff75ed509,60,5,3,2,16777216,13586339,13584987,1352,174264,477660,217044,477660,261,451,2032,2032,60,0,0,0,0,0,0,0,0,0,0,0,0,33756,0.138912
holdout,syn-uniform-50000-d6-v1,64a62099fef989cb6979a5ea2a5de027a3086e65816635466341476fa70f94b5,zipf,10,bursty,83,0,4,COLD,674d54412f61a68d96340bf9700458eba9d225a3b2b5fc3ea73d740ff75ed509,60,5,3,2,16777216,14490827,14489115,1712,194512,528895,231060,528895,351,581,0,0,60,0,0,0,0,0,0,0,0,0,0,0,0,33632,0.141547
holdout,syn-uniform-50000-d6-v1,64a62099fef989cb6979a5ea2a5de027a3086e65816635466341476fa70f94b5,zipf,10,bursty,83,0,0,FREQ-LRU-REPAIR,674d54412f61a68d96340bf9700458eba9d225a3b2b5fc3ea73d740ff75ed509,60,5,3,2,67108864,105886385,105875705,10680,291,24941342,291,24941342,1693,4247,8800464,8800464,18,42,4,0,4,0,0,0,19,0,1,0,0,42976,0.233179
holdout,syn-uniform-50000-d6-v1,64a62099fef989cb6979a5ea2a5de027a3086e65816635466341476fa70f94b5,zipf,10,bursty,83,0,1,ADES,674d54412f61a68d96340bf9700458eba9d225a3b2b5fc3ea73d740ff75ed509,60,5,3,2,67108864,14059193,14057639,1554,190304,531821,220971,531821,321,491,96,96,60,0,0,0,0,0,0,0,0,0,0,0,0,33728,0.150507
holdout,syn-uniform-50000-d6-v1,64a62099fef989cb6979a5ea2a5de027a3086e65816635466341476fa70f94b5,zipf,10,bursty,83,0,2,ADES-V2,674d54412f61a68d96340bf9700458eba9d225a3b2b5fc3ea73d740ff75ed509,60,5,3,2,67108864,13156673,13154850,1823,184674,455548,198450,455548,261,781,2032,2032,60,0,0,0,0,0,0,0,0,0,0,0,0,33728,0.146660
holdout,syn-uniform-50000-d6-v1,64a62099fef989cb6979a5ea2a5de027a3086e65816635466341476fa70f94b5,zipf,10,bursty,83,0,3,COLD,674d54412f61a68d96340bf9700458eba9d225a3b2b5fc3ea73d740ff75ed509,60,5,3,2,67108864,15527673,15525838,1835,226081,551346,247261,551346,311,661,0,0,60,0,0,0,0,0,0,0,0,0,0,0,0,33632,0.142551
holdout,syn-uniform-50000-d6-v1,64a62099fef989cb6979a5ea2a5de027a3086e65816635466341476fa70f94b5,zipf,10,bursty,83,0,4,B3L,674d54412f61a68d96340bf9700458eba9d225a3b2b5fc3ea73d740ff75ed509,60,5,3,2,67108864,148547535,148541324,6211,250,24156181,241,24156181,681,4098,13200096,13200096,6,54,0,0,0,0,0,0,0,0,0,0,0,47264,0.276984
holdout,syn-uniform-50000-d6-v1,64a62099fef989cb6979a5ea2a5de027a3086e65816635466341476fa70f94b5,zipf,10,repeated-edge,43,0,0,FREQ-LRU-REPAIR,b7e6aea8bfec44bc61ac7ca58319cd014697949e385d3c2f73a80b36d597bc20,60,5,3,2,16777216,101744677,101738497,6180,381,20262111,340,20262111,901,2525,8800528,8800528,22,38,4,0,4,0,0,0,15,0,0,0,0,42944,0.225859
holdout,syn-uniform-50000-d6-v1,64a62099fef989cb6979a5ea2a5de027a3086e65816635466341476fa70f94b5,zipf,10,repeated-edge,43,0,1,ADES,b7e6aea8bfec44bc61ac7ca58319cd014697949e385d3c2f73a80b36d597bc20,60,5,3,2,16777216,11761607,11760235,1372,157884,433477,165629,433477,221,460,160,160,60,0,0,0,0,0,0,0,0,0,0,0,0,34008,0.134762
holdout,syn-uniform-50000-d6-v1,64a62099fef989cb6979a5ea2a5de027a3086e65816635466341476fa70f94b5,zipf,10,repeated-edge,43,0,2,ADES-V2,b7e6aea8bfec44bc61ac7ca58319cd014697949e385d3c2f73a80b36d597bc20,60,5,3,2,16777216,12277043,12275912,1131,172761,441732,176709,441732,200,331,2032,2032,60,0,0,0,0,0,0,0,0,0,0,0,0,34016,0.141075
holdout,syn-uniform-50000-d6-v1,64a62099fef989cb6979a5ea2a5de027a3086e65816635466341476fa70f94b5,zipf,10,repeated-edge,43,0,3,COLD,b7e6aea8bfec44bc61ac7ca58319cd014697949e385d3c2f73a80b36d597bc20,60,5,3,2,16777216,12215632,12214290,1342,158014,448205,164106,448205,210,481,0,0,60,0,0,0,0,0,0,0,0,0,0,0,0,33748,0.145633
holdout,syn-uniform-50000-d6-v1,64a62099fef989cb6979a5ea2a5de027a3086e65816635466341476fa70f94b5,zipf,10,repeated-edge,43,0,4,B3L,b7e6aea8bfec44bc61ac7ca58319cd014697949e385d3c2f73a80b36d597bc20,60,5,3,2,16777216,277500986,277497170,3816,331,26975299,290,26975299,761,1132,15400112,15400112,11,49,0,4,0,0,0,0,0,0,0,0,0,52408,0.411229
holdout,syn-uniform-50000-d6-v1,64a62099fef989cb6979a5ea2a5de027a3086e65816635466341476fa70f94b5,zipf,10,repeated-edge,43,0,0,ADES,b7e6aea8bfec44bc61ac7ca58319cd014697949e385d3c2f73a80b36d597bc20,60,5,3,2,67108864,12408557,12407144,1413,162222,427716,170798,427716,221,431,160,160,60,0,0,0,0,0,0,0,0,0,0,0,0,34016,0.137935
holdout,syn-uniform-50000-d6-v1,64a62099fef989cb6979a5ea2a5de027a3086e65816635466341476fa70f94b5,zipf,10,repeated-edge,43,0,1,ADES-V2,b7e6aea8bfec44bc61ac7ca58319cd014697949e385d3c2f73a80b36d597bc20,60,5,3,2,67108864,12858111,12857009,1102,170708,426514,181408,426514,201,290,2032,2032,60,0,0,0,0,0,0,0,0,0,0,0,0,34856,0.137328
holdout,syn-uniform-50000-d6-v1,64a62099fef989cb6979a5ea2a5de027a3086e65816635466341476fa70f94b5,zipf,10,repeated-edge,43,0,2,COLD,b7e6aea8bfec44bc61ac7ca58319cd014697949e385d3c2f73a80b36d597bc20,60,5,3,2,67108864,10545792,10544528,1264,138538,428739,144990,428739,221,391,0,0,60,0,0,0,0,0,0,0,0,0,0,0,0,33760,0.136761
holdout,syn-uniform-50000-d6-v1,64a62099fef989cb6979a5ea2a5de027a3086e65816635466341476fa70f94b5,zipf,10,repeated-edge,43,0,3,B3L,b7e6aea8bfec44bc61ac7ca58319cd014697949e385d3c2f73a80b36d597bc20,60,5,3,2,67108864,221823297,221820071,3226,261,22891115,260,22891115,681,1172,22000160,22000160,10,50,0,0,0,0,0,0,0,0,0,0,0,55744,0.345043
holdout,syn-uniform-50000-d6-v1,64a62099fef989cb6979a5ea2a5de027a3086e65816635466341476fa70f94b5,zipf,10,repeated-edge,43,0,4,FREQ-LRU-REPAIR,b7e6aea8bfec44bc61ac7ca58319cd014697949e385d3c2f73a80b36d597bc20,60,5,3,2,67108864,98403492,98396720,6772,411,22766443,351,22766443,1152,2634,8800528,8800528,22,38,4,0,4,0,0,0,15,0,0,0,0,42968,0.222973
holdout,syn-uniform-50000-d6-v1,64a62099fef989cb6979a5ea2a5de027a3086e65816635466341476fa70f94b5,zipf,10,repeated-edge,59,0,0,ADES,1b3bcde6d88f3c79b84f40a4b04965bc743c62876db14fc558ca2908e7014540,60,5,3,2,16777216,14023784,14022132,1652,185755,487197,188741,487197,311,441,96,96,60,0,0,0,0,0,0,0,0,0,0,0,0,34012,0.145679
holdout,syn-uniform-50000-d6-v1,64a62099fef989cb6979a5ea2a5de027a3086e65816635466341476fa70f94b5,zipf,10,repeated-edge,59,0,1,ADES-V2,1b3bcde6d88f3c79b84f40a4b04965bc743c62876db14fc558ca2908e7014540,60,5,3,2,16777216,13425202,13423828,1374,171800,433377,179194,433377,301,321,2032,2032,60,0,0,0,0,0,0,0,0,0,0,0,0,34016,0.145515
holdout,syn-uniform-50000-d6-v1,64a62099fef989cb6979a5ea2a5de027a3086e65816635466341476fa70f94b5,zipf,10,repeated-edge,59,0,2,COLD,1b3bcde6d88f3c79b84f40a4b04965bc743c62876db14fc558ca2908e7014540,60,5,3,2,16777216,13212516,13211155,1361,175787,420773,176719,420773,290,340,0,0,60,0,0,0,0,0,0,0,0,0,0,0,0,34704,0.141173
holdout,syn-uniform-50000-d6-v1,64a62099fef989cb6979a5ea2a5de027a3086e65816635466341476fa70f94b5,zipf,10,repeated-edge,59,0,3,B3L,1b3bcde6d88f3c79b84f40a4b04965bc743c62876db14fc558ca2908e7014540,60,5,3,2,16777216,148956418,148849700,106718,241,24319996,240,24319996,27782,37199,13200096,13200096,6,54,0,0,0,0,0,0,0,0,0,0,0,47708,0.275638
holdout,syn-uniform-50000-d6-v1,64a62099fef989cb6979a5ea2a5de027a3086e65816635466341476fa70f94b5,zipf,10,repeated-edge,59,0,4,FREQ-LRU-REPAIR,1b3bcde6d88f3c79b84f40a4b04965bc743c62876db14fc558ca2908e7014540,60,5,3,2,16777216,116848729,116760254,88475,401,25994623,330,25994623,6402,45605,8800464,8800464,18,42,4,0,4,0,0,0,0,6,10,0,0,43772,0.245764
holdout,syn-uniform-50000-d6-v1,64a62099fef989cb6979a5ea2a5de027a3086e65816635466341476fa70f94b5,zipf,10,repeated-edge,59,0,0,ADES-V2,1b3bcde6d88f3c79b84f40a4b04965bc743c62876db14fc558ca2908e7014540,60,5,3,2,67108864,12943877,12942545,1332,167942,416675,175306,416675,220,401,2032,2032,60,0,0,0,0,0,0,0,0,0,0,0,0,33312,0.139794
holdout,syn-uniform-50000-d6-v1,64a62099fef989cb6979a5ea2a5de027a3086e65816635466341476fa70f94b5,zipf,10,repeated-edge,59,0,1,COLD,1b3bcde6d88f3c79b84f40a4b04965bc743c62876db14fc558ca2908e7014540,60,5,3,2,67108864,12613633,12612109,1524,168083,401948,172672,401948,301,471,0,0,60,0,0,0,0,0,0,0,0,0,0,0,0,33888,0.141815
holdout,syn-uniform-50000-d6-v1,64a62099fef989cb6979a5ea2a5de027a3086e65816635466341476fa70f94b5,zipf,10,repeated-edge,59,0,2,B3L,1b3bcde6d88f3c79b84f40a4b04965bc743c62876db14fc558ca2908e7014540,60,5,3,2,67108864,164395168,164279272,115896,240,27594271,231,27594271,29505,41928,13200096,13200096,6,54,0,0,0,0,0,0,0,0,0,0,0,47992,0.293494
holdout,syn-uniform-50000-d6-v1,64a62099fef989cb6979a5ea2a5de027a3086e65816635466341476fa70f94b5,zipf,10,repeated-edge,59,0,3,FREQ-LRU-REPAIR,1b3bcde6d88f3c79b84f40a4b04965bc743c62876db14fc558ca2908e7014540,60,5,3,2,67108864,105397083,105327443,69640,340,24191306,331,24191306,6251,44954,8800464,8800464,18,42,4,0,4,0,0,0,0,6,10,0,0,42940,0.236612
holdout,syn-uniform-50000-d6-v1,64a62099fef989cb6979a5ea2a5de027a3086e65816635466341476fa70f94b5,zipf,10,repeated-edge,59,0,4,ADES,1b3bcde6d88f3c79b84f40a4b04965bc743c62876db14fc558ca2908e7014540,60,5,3,2,67108864,13417555,13416111,1444,175917,430672,182430,430672,281,361,96,96,60,0,0,0,0,0,0,0,0,0,0,0,0,34076,0.143563
holdout,syn-uniform-50000-d6-v1,64a62099fef989cb6979a5ea2a5de027a3086e65816635466341476fa70f94b5,zipf,10,repeated-edge,83,0,0,ADES-V2,c33102753defe0eb092c0db1954ea3c47242ca74a8ae61c3a602a0bbeff5b711,60,5,3,2,16777216,13272801,13271398,1403,157443,481747,172822,481747,261,390,2032,2032,60,0,0,0,0,0,0,0,0,0,0,0,0,34232,0.142517
holdout,syn-uniform-50000-d6-v1,64a62099fef989cb6979a5ea2a5de027a3086e65816635466341476fa70f94b5,zipf,10,repeated-edge,83,0,1,COLD,c33102753defe0eb092c0db1954ea3c47242ca74a8ae61c3a602a0bbeff5b711,60,5,3,2,16777216,12606603,12604990,1613,137716,489041,166870,489041,230,742,0,0,60,0,0,0,0,0,0,0,0,0,0,0,0,34444,0.140715
holdout,syn-uniform-50000-d6-v1,64a62099fef989cb6979a5ea2a5de027a3086e65816635466341476fa70f94b5,zipf,10,repeated-edge,83,0,2,B3L,c33102753defe0eb092c0db1954ea3c47242ca74a8ae61c3a602a0bbeff5b711,60,5,3,2,16777216,131575230,131533300,41930,170,25639102,161,25639102,4930,25668,11000080,11000080,5,55,0,0,0,0,0,0,0,0,0,0,0,44992,0.261041
holdout,syn-uniform-50000-d6-v1,64a62099fef989cb6979a5ea2a5de027a3086e65816635466341476fa70f94b5,zipf,10,repeated-edge,83,0,3,FREQ-LRU-REPAIR,c33102753defe0eb092c0db1954ea3c47242ca74a8ae61c3a602a0bbeff5b711,60,5,3,2,16777216,110554872,110529806,25066,310,25395457,301,25395457,1583,19787,8800448,8800448,17,43,4,0,4,0,0,0,11,0,1,0,0,42972,0.244856
holdout,syn-uniform-50000-d6-v1,64a62099fef989cb6979a5ea2a5de027a3086e65816635466341476fa70f94b5,zipf,10,repeated-edge,83,0,4,ADES,c33102753defe0eb092c0db1954ea3c47242ca74a8ae61c3a602a0bbeff5b711,60,5,3,2,16777216,11829041,11827749,1292,138147,436783,162102,436783,220,341,80,80,60,0,0,0,0,0,0,0,0,0,0,0,0,34584,0.138905
holdout,syn-uniform-50000-d6-v1,64a62099fef989cb6979a5ea2a5de027a3086e65816635466341476fa70f94b5,zipf,10,repeated-edge,83,0,0,COLD,c33102753defe0eb092c0db1954ea3c47242ca74a8ae61c3a602a0bbeff5b711,60,5,3,2,67108864,12826716,12825445,1271,135862,493128,172290,493128,210,431,0,0,60,0,0,0,0,0,0,0,0,0,0,0,0,34536,0.143582
holdout,syn-uniform-50000-d6-v1,64a62099fef989cb6979a5ea2a5de027a3086e65816635466341476fa70f94b5,zipf,10,repeated-edge,83,0,1,B3L,c33102753defe0eb092c0db1954ea3c47242ca74a8ae61c3a602a0bbeff5b711,60,5,3,2,67108864,130160444,130127392,33052,181,24944488,161,24944488,3256,22261,11000080,11000080,5,55,0,0,0,0,0,0,0,0,0,0,0,45592,0.262645
holdout,syn-uniform-50000-d6-v1,64a62099fef989cb6979a5ea2a5de027a3086e65816635466341476fa70f94b5,zipf,10,repeated-edge,83,0,2,FREQ-LRU-REPAIR,c33102753defe0eb092c0db1954ea3c47242ca74a8ae61c3a602a0bbeff5b711,60,5,3,2,67108864,105367287,105343712,23575,300,24522152,280,24522152,1192,18665,8800448,8800448,17,43,4,0,4,0,0,0,11,0,1,0,0,42976,0.240803
holdout,syn-uniform-50000-d6-v1,64a62099fef989cb6979a5ea2a5de027a3086e65816635466341476fa70f94b5,zipf,10,repeated-edge,83,0,3,ADES,c33102753defe0eb092c0db1954ea3c47242ca74a8ae61c3a602a0bbeff5b711,60,5,3,2,67108864,12478923,12477600,1323,140902,456800,161932,456800,281,341,80,80,60,0,0,0,0,0,0,0,0,0,0,0,0,34600,0.144037
holdout,syn-uniform-50000-d6-v1,64a62099fef989cb6979a5ea2a5de027a3086e65816635466341476fa70f94b5,zipf,10,repeated-edge,83,0,4,ADES-V2,c33102753defe0eb092c0db1954ea3c47242ca74a8ae61c3a602a0bbeff5b711,60,5,3,2,67108864,13674708,13673386,1322,144399,503277,172441,503277,281,321,2032,2032,60,0,0,0,0,0,0,0,0,0,0,0,0,33728,0.146633
holdout,syn-uniform-50000-d6-v1,64a62099fef989cb6979a5ea2a5de027a3086e65816635466341476fa70f94b5,rotating-hot,2,bursty,43,0,0,COLD,c654fcb0d778ab9e00c7c91a9e14d95bcedea9c390acde96f2aa8612e7e99010,60,29,15,14,16777216,10583326,10575182,8144,103693,312651,141173,331988,261,541,0,0,60,0,0,0,0,0,0,0,0,0,0,0,0,33632,0.137379
holdout,syn-uniform-50000-d6-v1,64a62099fef989cb6979a5ea2a5de027a3086e65816635466341476fa70f94b5,rotating-hot,2,bursty,43,0,1,B3L,c654fcb0d778ab9e00c7c91a9e14d95bcedea9c390acde96f2aa8612e7e99010,60,29,15,14,16777216,100380827,100338828,41999,50,16781,40,24090078,431,10499,8800064,8800064,4,56,0,0,0,0,0,0,0,0,0,0,0,43672,0.227165
holdout,syn-uniform-50000-d6-v1,64a62099fef989cb6979a5ea2a5de027a3086e65816635466341476fa70f94b5,rotating-hot,2,bursty,43,0,2,FREQ-LRU-REPAIR,c654fcb0d778ab9e00c7c91a9e14d95bcedea9c390acde96f2aa8612e7e99010,60,29,15,14,16777216,108598271,108537378,60893,441,792996,130,25408002,932,11942,8800432,8800432,16,44,4,0,4,0,0,0,62,3,3,0,0,42972,0.240739
holdout,syn-uniform-50000-d6-v1,64a62099fef989cb6979a5ea2a5de027a3086e65816635466341476fa70f94b5,rotating-hot,2,bursty,43,0,3,ADES,c654fcb0d778ab9e00c7c91a9e14d95bcedea9c390acde96f2aa8612e7e99010,60,29,15,14,16777216,11124271,11116589,7682,105486,337588,149097,359139,251,451,64,64,60,0,0,0,0,0,0,0,0,0,0,0,0,33756,0.139600
holdout,syn-uniform-50000-d6-v1,64a62099fef989cb6979a5ea2a5de027a3086e65816635466341476fa70f94b5,rotating-hot,2,bursty,43,0,4,ADES-V2,c654fcb0d778ab9e00c7c91a9e14d95bcedea9c390acde96f2aa8612e7e99010,60,29,15,14,16777216,10495420,10488600,6820,102230,326739,144860,328913,240,371,2032,2032,60,0,0,0,0,0,0,0,0,0,0,0,0,34256,0.139420
holdout,syn-uniform-50000-d6-v1,64a62099fef989cb6979a5ea2a5de027a3086e65816635466341476fa70f94b5,rotating-hot,2,bursty,43,0,0,B3L,c654fcb0d778ab9e00c7c91a9e14d95bcedea9c390acde96f2aa8612e7e99010,60,29,15,14,67108864,111922805,111879604,43201,60,18605,50,26187543,390,10840,8800064,8800064,4,56,0,0,0,0,0,0,0,0,0,0,0,43712,0.242968
holdout,syn-uniform-50000-d6-v1,64a62099fef989cb6979a5ea2a5de027a3086e65816635466341476fa70f94b5,rotating-hot,2,bursty,43,0,1,FREQ-LRU-REPAIR,c654fcb0d778ab9e00c7c91a9e14d95bcedea9c390acde96f2aa8612e7e99010,60,29,15,14,67108864,100568174,100509676,58498,431,718899,110,23289798,931,10780,8800432,8800432,16,44,4,0,4,0,0,0,62,3,3,0,0,42908,0.234361
holdout,syn-uniform-50000-d6-v1,64a62099fef989cb6979a5ea2a5de027a3086e65816635466341476fa70f94b5,rotating-hot,2,bursty,43,0,2,ADES,c654fcb0d778ab9e00c7c91a9e14d95bcedea9c390acde96f2aa8612e7e99010,60,29,15,14,67108864,11666502,11659437,7065,107690,348339,158846,371251,250,401,64,64,60,0,0,0,0,0,0,0,0,0,0,0,0,34232,0.141485
holdout,syn-uniform-50000-d6-v1,64a62099fef989cb6979a5ea2a5de027a3086e65816635466341476fa70f94b5,rotating-hot,2,bursty,43,0,3,ADES-V2,c654fcb0d778ab9e00c7c91a9e14d95bcedea9c390acde96f2aa8612e7e99010,60,29,15,14,67108864,10807087,10799345,7742,103593,311941,142686,319044,261,360,2032,2032,60,0,0,0,0,0,0,0,0,0,0,0,0,33756,0.140445
holdout,syn-uniform-50000-d6-v1,64a62099fef989cb6979a5ea2a5de027a3086e65816635466341476fa70f94b5,rotating-hot,2,bursty,43,0,4,COLD,c654fcb0d778ab9e00c7c91a9e14d95bcedea9c390acde96f2aa8612e7e99010,60,29,15,14,67108864,10915775,10907817,7958,106308,331086,146142,338421,261,451,0,0,60,0,0,0,0,0,0,0,0,0,0,0,0,33624,0.141715
holdout,syn-uniform-50000-d6-v1,64a62099fef989cb6979a5ea2a5de027a3086e65816635466341476fa70f94b5,rotating-hot,2,bursty,59,0,0,B3L,a07d7ceab76736331756f47cd8a07644d5c9586dcace0845d82e56f7ead32178,60,29,15,14,16777216,101028301,100933341,94960,51,48821,49,23890756,461,9828,8800064,8800064,4,56,0,0,0,0,0,0,0,0,0,0,0,43340,0.227534
holdout,syn-uniform-50000-d6-v1,64a62099fef989cb6979a5ea2a5de027a3086e65816635466341476fa70f94b5,rotating-hot,2,bursty,59,0,1,FREQ-LRU-REPAIR,a07d7ceab76736331756f47cd8a07644d5c9586dcace0845d82e56f7ead32178,60,29,15,14,16777216,107463386,107352258,111128,381,913230,170,24663205,991,13114,8800432,8800432,16,44,4,0,4,0,0,0,53,10,5,0,0,43916,0.233940
holdout,syn-uniform-50000-d6-v1,64a62099fef989cb6979a5ea2a5de027a3086e65816635466341476fa70f94b5,rotating-hot,2,bursty,59,0,2,ADES,a07d7ceab76736331756f47cd8a07644d5c9586dcace0845d82e56f7ead32178,60,29,15,14,16777216,11264400,11257770,6630,108441,389865,166019,400105,191,360,64,64,60,0,0,0,0,0,0,0,0,0,0,0,0,34664,0.135927
holdout,syn-uniform-50000-d6-v1,64a62099fef989cb6979a5ea2a5de027a3086e65816635466341476fa70f94b5,rotating-hot,2,bursty,59,0,3,ADES-V2,a07d7ceab76736331756f47cd8a07644d5c9586dcace0845d82e56f7ead32178,60,29,15,14,16777216,11150882,11144620,6262,89918,392822,156972,424049,201,320,2032,2032,60,0,0,0,0,0,0,0,0,0,0,0,0,33824,0.134693
holdout,syn-uniform-50000-d6-v1,64a62099fef989cb6979a5ea2a5de027a3086e65816635466341476fa70f94b5,rotating-hot,2,bursty,59,0,4,COLD,a07d7ceab76736331756f47cd8a07644d5c9586dcace0845d82e56f7ead32178,60,29,15,14,16777216,11093125,11086314,6811,103493,388543,162132,399654,240,351,0,0,60,0,0,0,0,0,0,0,0,0,0,0,0,33620,0.135160
holdout,syn-uniform-50000-d6-v1,64a62099fef989cb6979a5ea2a5de027a3086e65816635466341476fa70f94b5,rotating-hot,2,bursty,59,0,0,FREQ-LRU-REPAIR,a07d7ceab76736331756f47cd8a07644d5c9586dcace0845d82e56f7ead32178,60,29,15,14,67108864,95510624,95409564,101060,391,977219,120,19603636,1002,10640,8800432,8800432,16,44,4,0,4,0,0,0,53,10,5,0,0,43792,0.219171
holdout,syn-uniform-50000-d6-v1,64a62099fef989cb6979a5ea2a5de027a3086e65816635466341476fa70f94b5,rotating-hot,2,bursty,59,0,1,ADES,a07d7ceab76736331756f47cd8a07644d5c9586dcace0845d82e56f7ead32178,60,29,15,14,67108864,13256273,13248648,7625,111187,487116,192538,503026,250,471,64,64,60,0,0,0,0,0,0,0,0,0,0,0,0,33756,0.138180
holdout,syn-uniform-50000-d6-v1,64a62099fef989cb6979a5ea2a5de027a3086e65816635466341476fa70f94b5,rotating-hot,2,bursty,59,0,2,ADES-V2,a07d7ceab76736331756f47cd8a07644d5c9586dcace0845d82e56f7ead32178,60,29,15,14,67108864,11312779,11306136,6643,94776,411356,163354,412127,221,331,2032,2032,60,0,0,0,0,0,0,0,0,0,0,0,0,33756,0.135515
holdout,syn-uniform-50000-d6-v1,64a62099fef989cb6979a5ea2a5de027a3086e65816635466341476fa70f94b5,rotating-hot,2,bursty,59,0,3,COLD,a07d7ceab76736331756f47cd8a07644d5c9586dcace0845d82e56f7ead32178,60,29,15,14,67108864,11751576,11744752,6824,100206,425743,168955,439718,250,311,0,0,60,0,0,0,0,0,0,0,0,0,0,0,0,33628,0.133349
holdout,syn-uniform-50000-d6-v1,64a62099fef989cb6979a5ea2a5de027a3086e65816635466341476fa70f94b5,rotating-hot,2,bursty,59,0,4,B3L,a07d7ceab76736331756f47cd8a07644d5c9586dcace0845d82e56f7ead32178,60,29,15,14,67108864,98997762,98905652,92110,50,43451,40,23506121,561,12082,8800064,8800064,4,56,0,0,0,0,0,0,0,0,0,0,0,43716,0.227035
holdout,syn-uniform-50000-d6-v1,64a62099fef989cb6979a5ea2a5de027a3086e65816635466341476fa70f94b5,rotating-hot,2,bursty,83,0,0,FREQ-LRU-REPAIR,11cb37c7a5d539e10a603833132f4af0f089e20c93b4b30a2eeeb8276fff6454,60,29,15,14,16777216,91665830,91623548,42282,341,513496,150,20531283,822,3897,8800432,8800432,16,44,4,0,4,0,0,0,62,2,4,0,0,43484,0.217769
holdout,syn-uniform-50000-d6-v1,64a62099fef989cb6979a5ea2a5de027a3086e65816635466341476fa70f94b5,rotating-hot,2,bursty,83,0,1,ADES,11cb37c7a5d539e10a603833132f4af0f089e20c93b4b30a2eeeb8276fff6454,60,29,15,14,16777216,12251902,12244126,7776,103283,406847,180476,426384,261,411,64,64,60,0,0,0,0,0,0,0,0,0,0,0,0,33756,0.140838
holdout,syn-uniform-50000-d6-v1,64a62099fef989cb6979a5ea2a5de027a3086e65816635466341476fa70f94b5,rotating-hot,2,bursty,83,0,2,ADES-V2,11cb37c7a5d539e10a603833132f4af0f089e20c93b4b30a2eeeb8276fff6454,60,29,15,14,16777216,11805627,11797797,7830,93164,397109,170908,418239,261,370,2032,2032,60,0,0,0,0,0,0,0,0,0,0,0,0,34536,0.134957
holdout,syn-uniform-50000-d6-v1,64a62099fef989cb6979a5ea2a5de027a3086e65816635466341476fa70f94b5,rotating-hot,2,bursty,83,0,3,COLD,11cb37c7a5d539e10a603833132f4af0f089e20c93b4b30a2eeeb8276fff6454,60,29,15,14,16777216,11895520,11888455,7065,99586,399845,163945,421705,240,511,0,0,60,0,0,0,0,0,0,0,0,0,0,0,0,34504,0.137980
holdout,syn-uniform-50000-d6-v1,64a62099fef989cb6979a5ea2a5de027a3086e65816635466341476fa70f94b5,rotating-hot,2,bursty,83,0,4,B3L,11cb37c7a5d539e10a603833132f4af0f089e20c93b4b30a2eeeb8276fff6454,60,29,15,14,16777216,89537022,89512464,24558,50,9778,41,21408416,361,4489,8800064,8800064,4,56,0,0,0,0,0,0,0,0,0,0,0,42848,0.211795
holdout,syn-uniform-50000-d6-v1,64a62099fef989cb6979a5ea2a5de027a3086e65816635466341476fa70f94b5,rotating-hot,2,bursty,83,0,0,ADES,11cb37c7a5d539e10a603833132f4af0f089e20c93b4b30a2eeeb8276fff6454,60,29,15,14,67108864,11013935,11007180,6755,93464,396147,152083,401367,190,371,64,64,60,0,0,0,0,0,0,0,0,0,0,0,0,34268,0.136645
holdout,syn-uniform-50000-d6-v1,64a62099fef989cb6979a5ea2a5de027a3086e65816635466341476fa70f94b5,rotating-hot,2,bursty,83,0,1,ADES-V2,11cb37c7a5d539e10a603833132f4af0f089e20c93b4b30a2eeeb8276fff6454,60,29,15,14,67108864,13500105,13492223,7882,100687,438727,193901,478932,260,441,2032,2032,60,0,0,0,0,0,0,0,0,0,0,0,0,33052,0.141275
holdout,syn-uniform-50000-d6-v1,64a62099fef989cb6979a5ea2a5de027a3086e65816635466341476fa70f94b5,rotating-hot,2,bursty,83,0,2,COLD,11cb37c7a5d539e10a603833132f4af0f089e20c93b4b30a2eeeb8276fff6454,60,29,15,14,67108864,11886988,11879812,7176,93354,396378,173633,415955,251,341,0,0,60,0,0,0,0,0,0,0,0,0,0,0,0,33596,0.142673
holdout,syn-uniform-50000-d6-v1,64a62099fef989cb6979a5ea2a5de027a3086e65816635466341476fa70f94b5,rotating-hot,2,bursty,83,0,3,B3L,11cb37c7a5d539e10a603833132f4af0f089e20c93b4b30a2eeeb8276fff6454,60,29,15,14,67108864,97115228,97088379,26849,50,10720,40,22499968,381,4107,8800064,8800064,4,56,0,0,0,0,0,0,0,0,0,0,0,43656,0.224936
holdout,syn-uniform-50000-d6-v1,64a62099fef989cb6979a5ea2a5de027a3086e65816635466341476fa70f94b5,rotating-hot,2,bursty,83,0,4,FREQ-LRU-REPAIR,11cb37c7a5d539e10a603833132f4af0f089e20c93b4b30a2eeeb8276fff6454,60,29,15,14,67108864,106867548,106822306,45242,371,547960,150,24060604,922,4799,8800432,8800432,16,44,4,0,4,0,0,0,62,2,4,0,0,42976,0.233625
holdout,syn-uniform-50000-d6-v1,64a62099fef989cb6979a5ea2a5de027a3086e65816635466341476fa70f94b5,rotating-hot,2,repeated-edge,43,0,0,ADES,db50e1f3a2adb09f312dca3af19b4e10b9b2afa358e90e8b143db5ebea7f9cd4,60,29,15,14,16777216,10305083,10298732,6351,105737,263160,155680,263360,201,310,64,64,60,0,0,0,0,0,0,0,0,0,0,0,0,34592,0.130099
holdout,syn-uniform-50000-d6-v1,64a62099fef989cb6979a5ea2a5de027a3086e65816635466341476fa70f94b5,rotating-hot,2,repeated-edge,43,0,1,ADES-V2,db50e1f3a2adb09f312dca3af19b4e10b9b2afa358e90e8b143db5ebea7f9cd4,60,29,15,14,16777216,11801785,11794852,6933,119312,314024,185475,340564,220,341,2032,2032,60,0,0,0,0,0,0,0,0,0,0,0,0,34600,0.148522
holdout,syn-uniform-50000-d6-v1,64a62099fef989cb6979a5ea2a5de027a3086e65816635466341476fa70f94b5,rotating-hot,2,repeated-edge,43,0,2,COLD,db50e1f3a2adb09f312dca3af19b4e10b9b2afa358e90e8b143db5ebea7f9cd4,60,29,15,14,16777216,11944907,11938288,6619,119612,311750,176950,347366,210,360,0,0,60,0,0,0,0,0,0,0,0,0,0,0,0,34448,0.138488
holdout,syn-uniform-50000-d6-v1,64a62099fef989cb6979a5ea2a5de027a3086e65816635466341476fa70f94b5,rotating-hot,2,repeated-edge,43,0,3,B3L,db50e1f3a2adb09f312dca3af19b4e10b9b2afa358e90e8b143db5ebea7f9cd4,60,29,15,14,16777216,78053544,78049475,4069,50,752,41,18244405,80,411,8800064,8800064,4,56,0,0,0,0,0,0,0,0,0,0,0,42844,0.198349
holdout,syn-uniform-50000-d6-v1,64a62099fef989cb6979a5ea2a5de027a3086e65816635466341476fa70f94b5,rotating-hot,2,repeated-edge,43,0,4,FREQ-LRU-REPAIR,db50e1f3a2adb09f312dca3af19b4e10b9b2afa358e90e8b143db5ebea7f9cd4,60,29,15,14,16777216,90580349,90560934,19415,341,712206,110,19223969,571,1533,8800432,8800432,16,44,4,0,4,0,0,0,66,0,0,0,0,43804,0.211778
holdout,syn-uniform-50000-d6-v1,64a62099fef989cb6979a5ea2a5de027a3086e65816635466341476fa70f94b5,rotating-hot,2,repeated-edge,43,0,0,ADES-V2,db50e1f3a2adb09f312dca3af19b4e10b9b2afa358e90e8b143db5ebea7f9cd4,60,29,15,14,67108864,12754442,12747100,7342,128680,374697,183922,389656,210,541,2032,2032,60,0,0,0,0,0,0,0,0,0,0,0,0,33756,0.135648
holdout,syn-uniform-50000-d6-v1,64a62099fef989cb6979a5ea2a5de027a3086e65816635466341476fa70f94b5,rotating-hot,2,repeated-edge,43,0,1,COLD,db50e1f3a2adb09f312dca3af19b4e10b9b2afa358e90e8b143db5ebea7f9cd4,60,29,15,14,67108864,10290188,10283977,6211,104895,282686,160178,296081,210,270,0,0,60,0,0,0,0,0,0,0,0,0,0,0,0,34468,0.132901
holdout,syn-uniform-50000-d6-v1,64a62099fef989cb6979a5ea2a5de027a3086e65816635466341476fa70f94b5,rotating-hot,2,repeated-edge,43,0,2,B3L,db50e1f3a2adb09f312dca3af19b4e10b9b2afa358e90e8b143db5ebea7f9cd4,60,29,15,14,67108864,95732109,95727018,5091,50,962,41,23025807,70,892,8800064,8800064,4,56,0,0,0,0,0,0,0,0,0,0,0,42848,0.219875
holdout,syn-uniform-50000-d6-v1,64a62099fef989cb6979a5ea2a5de027a3086e65816635466341476fa70f94b5,rotating-hot,2,repeated-edge,43,0,3,FREQ-LRU-REPAIR,db50e1f3a2adb09f312dca3af19b4e10b9b2afa358e90e8b143db5ebea7f9cd4,60,29,15,14,67108864,99010062,98989817,20245,331,739908,110,22682117,521,1873,8800432,8800432,16,44,4,0,4,0,0,0,66,0,0,0,0,43776,0.226199
holdout,syn-uniform-50000-d6-v1,64a62099fef989cb6979a5ea2a5de027a3086e65816635466341476fa70f94b5,rotating-hot,2,repeated-edge,43,0,4,ADES,db50e1f3a2adb09f312dca3af19b4e10b9b2afa358e90e8b143db5ebea7f9cd4,60,29,15,14,67108864,10204316,10197753,6563,100177,263601,157102,278618,220,311,64,64,60,0,0,0,0,0,0,0,0,0,0,0,0,34592,0.131794
holdout,syn-uniform-50000-d6-v1,64a62099fef989cb6979a5ea2a5de027a3086e65816635466341476fa70f94b5,rotating-hot,2,repeated-edge,59,0,0,ADES-V2,2b2f46f9e119ddb5a0a15a8ad582322545525203374485f1d59f2fac12d9f23b,60,29,15,14,16777216,12364811,12358521,6290,98955,402490,184673,410114,201,300,2032,2032,60,0,0,0,0,0,0,0,0,0,0,0,0,34672,0.144690
holdout,syn-uniform-50000-d6-v1,64a62099fef989cb6979a5ea2a5de027a3086e65816635466341476fa70f94b5,rotating-hot,2,repeated-edge,59,0,1,COLD,2b2f46f9e119ddb5a0a15a8ad582322545525203374485f1d59f2fac12d9f23b,60,29,15,14,16777216,13987276,13979893,7383,110586,476176,195163,476457,230,421,0,0,60,0,0,0,0,0,0,0,0,0,0,0,0,34496,0.136399
holdout,syn-uniform-50000-d6-v1,64a62099fef989cb6979a5ea2a5de027a3086e65816635466341476fa70f94b5,rotating-hot,2,repeated-edge,59,0,2,B3L,2b2f46f9e119ddb5a0a15a8ad582322545525203374485f1d59f2fac12d9f23b,60,29,15,14,16777216,96433860,96429545,4315,50,741,40,23079807,90,712,8800064,8800064,4,56,0,0,0,0,0,0,0,0,0,0,0,42152,0.225054
holdout,syn-uniform-50000-d6-v1,64a62099fef989cb6979a5ea2a5de027a3086e65816635466341476fa70f94b5,rotating-hot,2,repeated-edge,59,0,3,FREQ-LRU-REPAIR,2b2f46f9e119ddb5a0a15a8ad582322545525203374485f1d59f2fac12d9f23b,60,29,15,14,16777216,91181432,91162034,19398,321,762410,110,20285986,612,1743,8800432,8800432,16,44,4,0,4,0,0,0,66,0,0,0,0,42972,0.212941
holdout,syn-uniform-50000-d6-v1,64a62099fef989cb6979a5ea2a5de027a3086e65816635466341476fa70f94b5,rotating-hot,2,repeated-edge,59,0,4,ADES,2b2f46f9e119ddb5a0a15a8ad582322545525203374485f1d59f2fac12d9f23b,60,29,15,14,16777216,11847297,11840472,6825,91751,401327,164146,409593,211,300,64,64,60,0,0,0,0,0,0,0,0,0,0,0,0,33880,0.129620
holdout,syn-uniform-50000-d6-v1,64a62099fef989cb6979a5ea2a5de027a3086e65816635466341476fa70f94b5,rotating-hot,2,repeated-edge,59,0,0,COLD,2b2f46f9e119ddb5a0a15a8ad582322545525203374485f1d59f2fac12d9f23b,60,29,15,14,67108864,13019469,13012362,7107,102822,417446,185726,419000,260,300,0,0,60,0,0,0,0,0,0,0,0,0,0,0,0,33756,0.134297
holdout,syn-uniform-50000-d6-v1,64a62099fef989cb6979a5ea2a5de027a3086e65816635466341476fa70f94b5,rotating-hot,2,repeated-edge,59,0,1,B3L,2b2f46f9e119ddb5a0a15a8ad582322545525203374485f1d59f2fac12d9f23b,60,29,15,14,67108864,87263808,87259718,4090,50,591,40,19046789,71,501,8800064,8800064,4,56,0,0,0,0,0,0,0,0,0,0,0,42844,0.211151
holdout,syn-uniform-50000-d6-v1,64a62099fef989cb6979a5ea2a5de027a3086e65816635466341476fa70f94b5,rotating-hot,2,repeated-edge,59,0,2,FREQ-LRU-REPAIR,2b2f46f9e119ddb5a0a15a8ad582322545525203374485f1d59f2fac12d9f23b,60,29,15,14,67108864,85871559,85852370,19189,341,741260,101,18365471,581,1703,8800432,8800432,16,44,4,0,4,0,0,0,66,0,0,0,0,43788,0.204702
holdout,syn-uniform-50000-d6-v1,64a62099fef989cb6979a5ea2a5de027a3086e65816635466341476fa70f94b5,rotating-hot,2,repeated-edge,59,0,3,ADES,2b2f46f9e119ddb5a0a15a8ad582322545525203374485f1d59f2fac12d9f23b,60,29,15,14,67108864,12336567,12329599,6968,96559,401006,173803,427446,211,341,64,64,60,0,0,0,0,0,0,0,0,0,0,0,0,34700,0.131611
holdout,syn-uniform-50000-d6-v1,64a62099fef989cb6979a5ea2a5de027a3086e65816635466341476fa70f94b5,rotating-hot,2,repeated-edge,59,0,4,ADES-V2,2b2f46f9e119ddb5a0a15a8ad582322545525203374485f1d59f2fac12d9f23b,60,29,15,14,67108864,14752086,14745015,7071,118801,519888,204732,525748,230,350,2032,2032,60,0,0,0,0,0,0,0,0,0,0,0,0,34724,0.139578
holdout,syn-uniform-50000-d6-v1,64a62099fef989cb6979a5ea2a5de027a3086e65816635466341476fa70f94b5,rotating-hot,2,repeated-edge,83,0,0,COLD,1127dbd48284e1fa62924e7cdeaea17da0e079d893d211930e539a766e7be2e7,60,29,15,14,16777216,11468351,11461340,7011,85589,395476,137997,410163,231,330,0,0,60,0,0,0,0,0,0,0,0,0,0,0,0,34632,0.134285
holdout,syn-uniform-50000-d6-v1,64a62099fef989cb6979a5ea2a5de027a3086e65816635466341476fa70f94b5,rotating-hot,2,repeated-edge,83,0,1,B3L,1127dbd48284e1fa62924e7cdeaea17da0e079d893d211930e539a766e7be2e7,60,29,15,14,16777216,101850670,101826753,23917,50,5811,50,23691236,291,3587,8800064,8800064,4,56,0,0,0,0,0,0,0,0,0,0,0,43688,0.231726
holdout,syn-uniform-50000-d6-v1,64a62099fef989cb6979a5ea2a5de027a3086e65816635466341476fa70f94b5,rotating-hot,2,repeated-edge,83,0,2,FREQ-LRU-REPAIR,1127dbd48284e1fa62924e7cdeaea17da0e079d893d211930e539a766e7be2e7,60,29,15,14,16777216,105728945,105688567,40378,330,860632,110,23895636,952,6322,8800432,8800432,16,44,4,0,4,0,0,0,46,10,10,0,0,42968,0.241079
holdout,syn-uniform-50000-d6-v1,64a62099fef989cb6979a5ea2a5de027a3086e65816635466341476fa70f94b5,rotating-hot,2,repeated-edge,83,0,3,ADES,1127dbd48284e1fa62924e7cdeaea17da0e079d893d211930e539a766e7be2e7,60,29,15,14,16777216,10993693,10987640,6053,82924,406486,128089,449908,201,281,64,64,60,0,0,0,0,0,0,0,0,0,0,0,0,34012,0.133594
holdout,syn-uniform-50000-d6-v1,64a62099fef989cb6979a5ea2a5de027a3086e65816635466341476fa70f94b5,rotating-hot,2,repeated-edge,83,0,4,ADES-V2,1127dbd48284e1fa62924e7cdeaea17da0e079d893d211930e539a766e7be2e7,60,29,15,14,16777216,13243737,13236644,7093,96470,466058,164376,530778,220,340,2032,2032,60,0,0,0,0,0,0,0,0,0,0,0,0,34884,0.141588
holdout,syn-uniform-50000-d6-v1,64a62099fef989cb6979a5ea2a5de027a3086e65816635466341476fa70f94b5,rotating-hot,2,repeated-edge,83,0,0,B3L,1127dbd48284e1fa62924e7cdeaea17da0e079d893d211930e539a766e7be2e7,60,29,15,14,67108864,108462139,108437177,24962,50,6132,49,26497921,300,4838,8800064,8800064,4,56,0,0,0,0,0,0,0,0,0,0,0,42848,0.247368
holdout,syn-uniform-50000-d6-v1,64a62099fef989cb6979a5ea2a5de027a3086e65816635466341476fa70f94b5,rotating-hot,2,repeated-edge,83,0,1,FREQ-LRU-REPAIR,1127dbd48284e1fa62924e7cdeaea17da0e079d893d211930e539a766e7be2e7,60,29,15,14,67108864,108527985,108485696,42289,331,841266,111,23769031,902,6923,8800432,8800432,16,44,4,0,4,0,0,0,46,10,10,0,0,43808,0.238527
holdout,syn-uniform-50000-d6-v1,64a62099fef989cb6979a5ea2a5de027a3086e65816635466341476fa70f94b5,rotating-hot,2,repeated-edge,83,0,2,ADES,1127dbd48284e1fa62924e7cdeaea17da0e079d893d211930e539a766e7be2e7,60,29,15,14,67108864,12260520,12254227,6293,91060,440931,147315,469294,200,311,64,64,60,0,0,0,0,0,0,0,0,0,0,0,0,33284,0.137750
holdout,syn-uniform-50000-d6-v1,64a62099fef989cb6979a5ea2a5de027a3086e65816635466341476fa70f94b5,rotating-hot,2,repeated-edge,83,0,3,ADES-V2,1127dbd48284e1fa62924e7cdeaea17da0e079d893d211930e539a766e7be2e7,60,29,15,14,67108864,10886375,10880432,5943,80910,411596,129862,435451,191,280,2032,2032,60,0,0,0,0,0,0,0,0,0,0,0,0,34016,0.134156
holdout,syn-uniform-50000-d6-v1,64a62099fef989cb6979a5ea2a5de027a3086e65816635466341476fa70f94b5,rotating-hot,2,repeated-edge,83,0,4,COLD,1127dbd48284e1fa62924e7cdeaea17da0e079d893d211930e539a766e7be2e7,60,29,15,14,67108864,9833825,9827895,5930,77835,352015,124943,359740,191,230,0,0,60,0,0,0,0,0,0,0,0,0,0,0,0,34268,0.129179
holdout,syn-uniform-50000-d6-v1,64a62099fef989cb6979a5ea2a5de027a3086e65816635466341476fa70f94b5,rotating-hot,10,bursty,43,0,0,B3L,af7f8dd7e182a40d0dabc8c2e3d7f58c4788b53d115e33274765da1f62a6dff5,60,5,3,2,16777216,96372572,96362734,9838,41,23146882,40,23146882,491,8285,8800064,8800064,4,56,0,0,0,0,0,0,0,0,0,0,0,42908,0.225291
holdout,syn-uniform-50000-d6-v1,64a62099fef989cb6979a5ea2a5de027a3086e65816635466341476fa70f94b5,rotating-hot,10,bursty,43,0,1,FREQ-LRU-REPAIR,af7f8dd7e182a40d0dabc8c2e3d7f58c4788b53d115e33274765da1f62a6dff5,60,5,3,2,16777216,111350936,111339534,11402,151,24006182,110,24006182,1162,6382,8800432,8800432,16,44,4,0,4,0,0,0,15,0,1,0,0,42976,0.239113
holdout,syn-uniform-50000-d6-v1,64a62099fef989cb6979a5ea2a5de027a3086e65816635466341476fa70f94b5,rotating-hot,10,bursty,43,0,2,ADES,af7f8dd7e182a40d0dabc8c2e3d7f58c4788b53d115e33274765da1f62a6dff5,60,5,3,2,16777216,11760303,11759151,1152,164095,326948,167442,326948,210,361,64,64,60,0,0,0,0,0,0,0,0,0,0,0,0,34844,0.132047
holdout,syn-uniform-50000-d6-v1,64a62099fef989cb6979a5ea2a5de027a3086e65816635466341476fa70f94b5,rotating-hot,10,bursty,43,0,3,ADES-V2,af7f8dd7e182a40d0dabc8c2e3d7f58c4788b53d115e33274765da1f62a6dff5,60,5,3,2,16777216,10787140,10785929,1211,150690,284911,157864,284911,241,330,2032,2032,60,0,0,0,0,0,0,0,0,0,0,0,0,34012,0.140443
holdout,syn-uniform-50000-d6-v1,64a62099fef989cb6979a5ea2a5de027a3086e65816635466341476fa70f94b5,rotating-hot,10,bursty,43,0,4,COLD,af7f8dd7e182a40d0dabc8c2e3d7f58c4788b53d115e33274765da1f62a6dff5,60,5,3,2,16777216,11310331,11308989,1342,156842,311400,159567,311400,210,491,0,0,60,0,0,0,0,0,0,0,0,0,0,0,0,34764,0.140150
holdout,syn-uniform-50000-d6-v1,64a62099fef989cb6979a5ea2a5de027a3086e65816635466341476fa70f94b5,rotating-hot,10,bursty,43,0,0,FREQ-LRU-REPAIR,af7f8dd7e182a40d0dabc8c2e3d7f58c4788b53d115e33274765da1f62a6dff5,60,5,3,2,67108864,108004324,107992552,11772,140,24906508,110,24906508,1203,6532,8800432,8800432,16,44,4,0,4,0,0,0,15,0,1,0,0,43844,0.236350
holdout,syn-uniform-50000-d6-v1,64a62099fef989cb6979a5ea2a5de027a3086e65816635466341476fa70f94b5,rotating-hot,10,bursty,43,0,1,ADES,af7f8dd7e182a40d0dabc8c2e3d7f58c4788b53d115e33274765da1f62a6dff5,60,5,3,2,67108864,11555985,11554772,1213,156051,327309,163605,327309,251,351,64,64,60,0,0,0,0,0,0,0,0,0,0,0,0,34016,0.138343
holdout,syn-uniform-50000-d6-v1,64a62099fef989cb6979a5ea2a5de027a3086e65816635466341476fa70f94b5,rotating-hot,10,bursty,43,0,2,ADES-V2,af7f8dd7e182a40d0dabc8c2e3d7f58c4788b53d115e33274765da1f62a6dff5,60,5,3,2,67108864,11745796,11744394,1402,159287,353548,166660,353548,260,431,2032,2032,60,0,0,0,0,0,0,0,0,0,0,0,0,33976,0.135177
holdout,syn-uniform-50000-d6-v1,64a62099fef989cb6979a5ea2a5de027a3086e65816635466341476fa70f94b5,rotating-hot,10,bursty,43,0,3,COLD,af7f8dd7e182a40d0dabc8c2e3d7f58c4788b53d115e33274765da1f62a6dff5,60,5,3,2,67108864,11764677,11763115,1562,163755,335615,168964,335615,200,772,0,0,60,0,0,0,0,0,0,0,0,0,0,0,0,33204,0.141912
holdout,syn-uniform-50000-d6-v1,64a62099fef989cb6979a5ea2a5de027a3086e65816635466341476fa70f94b5,rotating-hot,10,bursty,43,0,4,B3L,af7f8dd7e182a40d0dabc8c2e3d7f58c4788b53d115e33274765da1f62a6dff5,60,5,3,2,67108864,92966262,92960240,6022,40,21836143,40,21836143,371,4539,8800064,8800064,4,56,0,0,0,0,0,0,0,0,0,0,0,43572,0.217678
holdout,syn-uniform-50000-d6-v1,64a62099fef989cb6979a5ea2a5de027a3086e65816635466341476fa70f94b5,rotating-hot,10,bursty,59,0,0,FREQ-LRU-REPAIR,0175306e5d4b734ad1360151aaf83814e48071c8027e7fbed1dc09259a58fb12,60,5,3,2,16777216,98937224,98912730,24494,150,21026706,111,21026706,2274,15238,8800432,8800432,16,44,4,0,4,0,0,0,11,5,0,0,0,42908,0.227649
holdout,syn-uniform-50000-d6-v1,64a62099fef989cb6979a5ea2a5de027a3086e65816635466341476fa70f94b5,rotating-hot,10,bursty,59,0,1,ADES,0175306e5d4b734ad1360151aaf83814e48071c8027e7fbed1dc09259a58fb12,60,5,3,2,16777216,14192959,14191586,1373,165999,708128,183551,708128,250,481,64,64,60,0,0,0,0,0,0,0,0,0,0,0,0,34840,0.136506
holdout,syn-uniform-50000-d6-v1,64a62099fef989cb6979a5ea2a5de027a3086e65816635466341476fa70f94b5,rotating-hot,10,bursty,59,0,2,ADES-V2,0175306e5d4b734ad1360151aaf83814e48071c8027e7fbed1dc09259a58fb12,60,5,3,2,16777216,12229271,12228108,1163,146223,622920,165528,622920,220,341,2032,2032,60,0,0,0,0,0,0,0,0,0,0,0,0,34012,0.135156
holdout,syn-uniform-50000-d6-v1,64a62099fef989cb6979a5ea2a5de027a3086e65816635466341476fa70f94b5,rotating-hot,10,bursty,59,0,3,COLD,0175306e5d4b734ad1360151aaf83814e48071c8027e7fbed1dc09259a58fb12,60,5,3,2,16777216,13378427,13377286,1141,159457,668264,179354,668264,200,380,0,0,60,0,0,0,0,0,0,0,0,0,0,0,0,34388,0.138227
holdout,syn-uniform-50000-d6-v1,64a62099fef989cb6979a5ea2a5de027a3086e65816635466341476fa70f94b5,rotating-hot,10,bursty,59,0,4,B3L,0175306e5d4b734ad1360151aaf83814e48071c8027e7fbed1dc09259a58fb12,60,5,3,2,16777216,92711877,92692320,19557,49,20784414,40,20784414,371,15699,8800064,8800064,4,56,0,0,0,0,0,0,0,0,0,0,0,43668,0.220299
holdout,syn-uniform-50000-d6-v1,64a62099fef989cb6979a5ea2a5de027a3086e65816635466341476fa70f94b5,rotating-hot,10,bursty,59,0,0,ADES,0175306e5d4b734ad1360151aaf83814e48071c8027e7fbed1dc09259a58fb12,60,5,3,2,67108864,11812717,11811555,1162,137186,623811,142476,623811,210,361,64,64,60,0,0,0,0,0,0,0,0,0,0,0,0,33988,0.135666
holdout,syn-uniform-50000-d6-v1,64a62099fef989cb6979a5ea2a5de027a3086e65816635466341476fa70f94b5,rotating-hot,10,bursty,59,0,1,ADES-V2,0175306e5d4b734ad1360151aaf83814e48071c8027e7fbed1dc09259a58fb12,60,5,3,2,67108864,13150726,13149613,1113,158996,685526,162783,685526,171,421,2032,2032,60,0,0,0,0,0,0,0,0,0,0,0,0,34080,0.137927
holdout,syn-uniform-50000-d6-v1,64a62099fef989cb6979a5ea2a5de027a3086e65816635466341476fa70f94b5,rotating-hot,10,bursty,59,0,2,COLD,0175306e5d4b734ad1360151aaf83814e48071c8027e7fbed1dc09259a58fb12,60,5,3,2,67108864,12339449,12338276,1173,147574,644840,152424,644840,201,371,0,0,60,0,0,0,0,0,0,0,0,0,0,0,0,34712,0.134439
holdout,syn-uniform-50000-d6-v1,64a62099fef989cb6979a5ea2a5de027a3086e65816635466341476fa70f94b5,rotating-hot,10,bursty,59,0,3,B3L,0175306e5d4b734ad1360151aaf83814e48071c8027e7fbed1dc09259a58fb12,60,5,3,2,67108864,102482715,102460224,22491,40,23620034,40,23620034,761,17823,8800064,8800064,4,56,0,0,0,0,0,0,0,0,0,0,0,42752,0.226478
holdout,syn-uniform-50000-d6-v1,64a62099fef989cb6979a5ea2a5de027a3086e65816635466341476fa70f94b5,rotating-hot,10,bursty,59,0,4,FREQ-LRU-REPAIR,0175306e5d4b734ad1360151aaf83814e48071c8027e7fbed1dc09259a58fb12,60,5,3,2,67108864,96813689,96788041,25648,131,22144147,110,22144147,2344,17232,8800432,8800432,16,44,4,0,4,0,0,0,11,5,0,0,0,42944,0.219991
holdout,syn-uniform-50000-d6-v1,64a62099fef989cb6979a5ea2a5de027a3086e65816635466341476fa70f94b5,rotating-hot,10,bursty,83,0,0,ADES,be908038ee6db61c95e06570dea23f0a767f301b0156d3fd4c72f15c98d5d1d6,60,5,3,2,16777216,11738240,11737008,1232,156902,452031,164756,452031,200,461,64,64,60,0,0,0,0,0,0,0,0,0,0,0,0,33760,0.139596
holdout,syn-uniform-50000-d6-v1,64a62099fef989cb6979a5ea2a5de027a3086e65816635466341476fa70f94b5,rotating-hot,10,bursty,83,0,1,ADES-V2,be908038ee6db61c95e06570dea23f0a767f301b0156d3fd4c72f15c98d5d1d6,60,5,3,2,16777216,11923298,11910314,12984,158345,445710,169105,445710,261,11862,2032,2032,60,0,0,0,0,0,0,0,0,0,0,0,0,34552,0.133002
holdout,syn-uniform-50000-d6-v1,64a62099fef989cb6979a5ea2a5de027a3086e65816635466341476fa70f94b5,rotating-hot,10,bursty,83,0,2,COLD,be908038ee6db61c95e06570dea23f0a767f301b0156d3fd4c72f15c98d5d1d6,60,5,3,2,16777216,9422814,9421482,1332,124292,345303,145871,345303,270,451,0,0,60,0,0,0,0,0,0,0,0,0,0,0,0,34456,0.132342
holdout,syn-uniform-50000-d6-v1,64a62099fef989cb6979a5ea2a5de027a3086e65816635466341476fa70f94b5,rotating-hot,10,bursty,83,0,3,B3L,be908038ee6db61c95e06570dea23f0a767f301b0156d3fd4c72f15c98d5d1d6,60,5,3,2,16777216,109357444,109350122,7322,41,26883841,40,26883841,671,5049,8800064,8800064,4,56,0,0,0,0,0,0,0,0,0,0,0,42848,0.234834
holdout,syn-uniform-50000-d6-v1,64a62099fef989cb6979a5ea2a5de027a3086e65816635466341476fa70f94b5,rotating-hot,10,bursty,83,0,4,FREQ-LRU-REPAIR,be908038ee6db61c95e06570dea23f0a767f301b0156d3fd4c72f15c98d5d1d6,60,5,3,2,16777216,88040336,88028856,11480,120,19966492,110,19966492,1233,5640,8800432,8800432,16,44,4,0,4,0,0,0,13,0,3,0,0,42976,0.212751
holdout,syn-uniform-50000-d6-v1,64a62099fef989cb6979a5ea2a5de027a3086e65816635466341476fa70f94b5,rotating-hot,10,bursty,83,0,0,ADES-V2,be908038ee6db61c95e06570dea23f0a767f301b0156d3fd4c72f15c98d5d1d6,60,5,3,2,67108864,9927314,9926222,1092,134621,372954,154387,372954,161,411,2032,2032,60,0,0,0,0,0,0,0,0,0,0,0,0,33756,0.129412
holdout,syn-uniform-50000-d6-v1,64a62099fef989cb6979a5ea2a5de027a3086e65816635466341476fa70f94b5,rotating-hot,10,bursty,83,0,1,COLD,be908038ee6db61c95e06570dea23f0a767f301b0156d3fd4c72f15c98d5d1d6,60,5,3,2,67108864,11618419,11617267,1152,155089,417988,164035,417988,220,370,0,0,60,0,0,0,0,0,0,0,0,0,0,0,0,33628,0.136436
holdout,syn-uniform-50000-d6-v1,64a62099fef989cb6979a5ea2a5de027a3086e65816635466341476fa70f94b5,rotating-hot,10,bursty,83,0,2,B3L,be908038ee6db61c95e06570dea23f0a767f301b0156d3fd4c72f15c98d5d1d6,60,5,3,2,67108864,84608346,84601214,7132,50,19746022,41,19746022,541,5179,8800064,8800064,4,56,0,0,0,0,0,0,0,0,0,0,0,42804,0.209388
holdout,syn-uniform-50000-d6-v1,64a62099fef989cb6979a5ea2a5de027a3086e65816635466341476fa70f94b5,rotating-hot,10,bursty,83,0,3,FREQ-LRU-REPAIR,be908038ee6db61c95e06570dea23f0a767f301b0156d3fd4c72f15c98d5d1d6,60,5,3,2,67108864,105147433,105134077,13356,121,24387014,110,24387014,1403,7194,8800432,8800432,16,44,4,0,4,0,0,0,13,0,3,0,0,43420,0.229592
holdout,syn-uniform-50000-d6-v1,64a62099fef989cb6979a5ea2a5de027a3086e65816635466341476fa70f94b5,rotating-hot,10,bursty,83,0,4,ADES,be908038ee6db61c95e06570dea23f0a767f301b0156d3fd4c72f15c98d5d1d6,60,5,3,2,67108864,10837303,10836062,1241,146953,411616,155720,411616,220,460,64,64,60,0,0,0,0,0,0,0,0,0,0,0,0,33728,0.133700
holdout,syn-uniform-50000-d6-v1,64a62099fef989cb6979a5ea2a5de027a3086e65816635466341476fa70f94b5,rotating-hot,10,repeated-edge,43,0,0,ADES-V2,1e45b4c57eefbd017646b71b529b28bf8e5818cb9e9d44415277c7f70a71c7bd,60,5,3,2,16777216,12598343,12596541,1802,182680,378144,186318,378144,360,491,2032,2032,60,0,0,0,0,0,0,0,0,0,0,0,0,33760,0.151572
holdout,syn-uniform-50000-d6-v1,64a62099fef989cb6979a5ea2a5de027a3086e65816635466341476fa70f94b5,rotating-hot,10,repeated-edge,43,0,1,COLD,1e45b4c57eefbd017646b71b529b28bf8e5818cb9e9d44415277c7f70a71c7bd,60,5,3,2,16777216,13004164,13002501,1663,186608,397631,191216,397631,311,441,0,0,60,0,0,0,0,0,0,0,0,0,0,0,0,34508,0.159332
holdout,syn-uniform-50000-d6-v1,64a62099fef989cb6979a5ea2a5de027a3086e65816635466341476fa70f94b5,rotating-hot,10,repeated-edge,43,0,2,B3L,1e45b4c57eefbd017646b71b529b28bf8e5818cb9e9d44415277c7f70a71c7bd,60,5,3,2,16777216,113397398,113395034,2364,50,26945375,40,26945375,481,801,8800064,8800064,4,56,0,0,0,0,0,0,0,0,0,0,0,42816,0.260632
holdout,syn-uniform-50000-d6-v1,64a62099fef989cb6979a5ea2a5de027a3086e65816635466341476fa70f94b5,rotating-hot,10,repeated-edge,43,0,3,FREQ-LRU-REPAIR,1e45b4c57eefbd017646b71b529b28bf8e5818cb9e9d44415277c7f70a71c7bd,60,5,3,2,16777216,97340253,97333541,6712,170,21465854,111,21465854,1322,2414,8800432,8800432,16,44,4,0,4,0,0,0,12,0,0,0,0,43848,0.222325
holdout,syn-uniform-50000-d6-v1,64a62099fef989cb6979a5ea2a5de027a3086e65816635466341476fa70f94b5,rotating-hot,10,repeated-edge,43,0,4,ADES,1e45b4c57eefbd017646b71b529b28bf8e5818cb9e9d44415277c7f70a71c7bd,60,5,3,2,16777216,11143865,11141531,2334,159808,300690,161271,300690,531,611,64,64,60,0,0,0,0,0,0,0,0,0,0,0,0,34632,0.131424
holdout,syn-uniform-50000-d6-v1,64a62099fef989cb6979a5ea2a5de027a3086e65816635466341476fa70f94b5,rotating-hot,10,repeated-edge,43,0,0,COLD,1e45b4c57eefbd017646b71b529b28bf8e5818cb9e9d44415277c7f70a71c7bd,60,5,3,2,67108864,10360144,10358781,1363,148917,288657,152925,288657,230,441,0,0,60,0,0,0,0,0,0,0,0,0,0,0,0,33620,0.139971
holdout,syn-uniform-50000-d6-v1,64a62099fef989cb6979a5ea2a5de027a3086e65816635466341476fa70f94b5,rotating-hot,10,repeated-edge,43,0,1,B3L,1e45b4c57eefbd017646b71b529b28bf8e5818cb9e9d44415277c7f70a71c7bd,60,5,3,2,67108864,106012761,106010134,2627,49,25066728,40,25066728,672,781,8800064,8800064,4,56,0,0,0,0,0,0,0,0,0,0,0,42816,0.231997
holdout,syn-uniform-50000-d6-v1,64a62099fef989cb6979a5ea2a5de027a3086e65816635466341476fa70f94b5,rotating-hot,10,repeated-edge,43,0,2,FREQ-LRU-REPAIR,1e45b4c57eefbd017646b71b529b28bf8e5818cb9e9d44415277c7f70a71c7bd,60,5,3,2,67108864,106488745,106481942,6803,140,24110599,110,24110599,1012,2675,8800432,8800432,16,44,4,0,4,0,0,0,12,0,0,0,0,43484,0.233469
holdout,syn-uniform-50000-d6-v1,64a62099fef989cb6979a5ea2a5de027a3086e65816635466341476fa70f94b5,rotating-hot,10,repeated-edge,43,0,3,ADES,1e45b4c57eefbd017646b71b529b28bf8e5818cb9e9d44415277c7f70a71c7bd,60,5,3,2,67108864,9421318,9419926,1392,137937,260555,142505,260555,281,341,64,64,60,0,0,0,0,0,0,0,0,0,0,0,0,34268,0.134790
holdout,syn-uniform-50000-d6-v1,64a62099fef989cb6979a5ea2a5de027a3086e65816635466341476fa70f94b5,rotating-hot,10,repeated-edge,43,0,4,ADES-V2,1e45b4c57eefbd017646b71b529b28bf8e5818cb9e9d44415277c7f70a71c7bd,60,5,3,2,67108864,11049462,11047610,1852,163855,313494,169736,313494,280,721,2032,2032,60,0,0,0,0,0,0,0,0,0,0,0,0,34632,0.138698
holdout,syn-uniform-50000-d6-v1,64a62099fef989cb6979a5ea2a5de027a3086e65816635466341476fa70f94b5,rotating-hot,10,repeated-edge,59,0,0,COLD,b4d0c3d3392d1bbeed187707743723ba9cdb8dc3630bcf51edf0e1103ad7ddd8,60,5,3,2,16777216,11467751,11466427,1324,142776,401228,148516,401228,211,351,0,0,60,0,0,0,0,0,0,0,0,0,0,0,0,34628,0.129989
holdout,syn-uniform-50000-d6-v1,64a62099fef989cb6979a5ea2a5de027a3086e65816635466341476fa70f94b5,rotating-hot,10,repeated-edge,59,0,1,B3L,b4d0c3d3392d1bbeed187707743723ba9cdb8dc3630bcf51edf0e1103ad7ddd8,60,5,3,2,16777216,103647030,103631801,15229,50,24772636,50,24772636,2154,7784,8800064,8800064,4,56,0,0,0,0,0,0,0,0,0,0,0,42848,0.224646
holdout,syn-uniform-50000-d6-v1,64a62099fef989cb6979a5ea2a5de027a3086e65816635466341476fa70f94b5,rotating-hot,10,repeated-edge,59,0,2,FREQ-LRU-REPAIR,b4d0c3d3392d1bbeed187707743723ba9cdb8dc3630bcf51edf0e1103ad7ddd8,60,5,3,2,16777216,98675022,98654704,20318,150,21610112,110,21610112,3506,10350,8800432,8800432,16,44,4,0,4,0,0,0,7,2,3,0,0,43484,0.222094
holdout,syn-uniform-50000-d6-v1,64a62099fef989cb6979a5ea2a5de027a3086e65816635466341476fa70f94b5,rotating-hot,10,repeated-edge,59,0,3,ADES,b4d0c3d3392d1bbeed187707743723ba9cdb8dc3630bcf51edf0e1103ad7ddd8,60,5,3,2,16777216,11871969,11870697,1272,143558,390077,157855,390077,220,391,64,64,60,0,0,0,0,0,0,0,0,0,0,0,0,34400,0.138129
holdout,syn-uniform-50000-d6-v1,64a62099fef989cb6979a5ea2a5de027a3086e65816635466341476fa70f94b5,rotating-hot,10,repeated-edge,59,0,4,ADES-V2,b4d0c3d3392d1bbeed187707743723ba9cdb8dc3630bcf51edf0e1103ad7ddd8,60,5,3,2,16777216,12216216,12214864,1352,149589,435021,180757,435021,231,421,2032,2032,60,0,0,0,0,0,0,0,0,0,0,0,0,33888,0.134817
holdout,syn-uniform-50000-d6-v1,64a62099fef989cb6979a5ea2a5de027a3086e65816635466341476fa70f94b5,rotating-hot,10,repeated-edge,59,0,0,B3L,b4d0c3d3392d1bbeed187707743723ba9cdb8dc3630bcf51edf0e1103ad7ddd8,60,5,3,2,67108864,104489521,104473763,15758,50,24746428,50,24746428,2094,7905,8800064,8800064,4,56,0,0,0,0,0,0,0,0,0,0,0,43640,0.228949
holdout,syn-uniform-50000-d6-v1,64a62099fef989cb6979a5ea2a5de027a3086e65816635466341476fa70f94b5,rotating-hot,10,repeated-edge,59,0,1,FREQ-LRU-REPAIR,b4d0c3d3392d1bbeed187707743723ba9cdb8dc3630bcf51edf0e1103ad7ddd8,60,5,3,2,67108864,94509053,94487371,21682,170,21280168,161,21280168,3787,11001,8800432,8800432,16,44,4,0,4,0,0,0,7,2,3,0,0,43788,0.216720
holdout,syn-uniform-50000-d6-v1,64a62099fef989cb6979a5ea2a5de027a3086e65816635466341476fa70f94b5,rotating-hot,10,repeated-edge,59,0,2,ADES,b4d0c3d3392d1bbeed187707743723ba9cdb8dc3630bcf51edf0e1103ad7ddd8,60,5,3,2,67108864,11654008,11652796,1212,144709,405456,149609,405456,221,350,64,64,60,0,0,0,0,0,0,0,0,0,0,0,0,33948,0.130452
holdout,syn-uniform-50000-d6-v1,64a62099fef989cb6979a5ea2a5de027a3086e65816635466341476fa70f94b5,rotating-hot,10,repeated-edge,59,0,3,ADES-V2,b4d0c3d3392d1bbeed187707743723ba9cdb8dc3630bcf51edf0e1103ad7ddd8,60,5,3,2,67108864,10571492,10570210,1282,127828,355111,133880,355111,221,400,2032,2032,60,0,0,0,0,0,0,0,0,0,0,0,0,33888,0.126382
holdout,syn-uniform-50000-d6-v1,64a62099fef989cb6979a5ea2a5de027a3086e65816635466341476fa70f94b5,rotating-hot,10,repeated-edge,59,0,4,COLD,b4d0c3d3392d1bbeed187707743723ba9cdb8dc3630bcf51edf0e1103ad7ddd8,60,5,3,2,67108864,12567405,12565882,1523,152996,435442,165147,435442,290,461,0,0,60,0,0,0,0,0,0,0,0,0,0,0,0,33748,0.131456
holdout,syn-uniform-50000-d6-v1,64a62099fef989cb6979a5ea2a5de027a3086e65816635466341476fa70f94b5,rotating-hot,10,repeated-edge,83,0,0,B3L,c856a22996749bf9e8f5854cd97517fefcbfabcec0eee43ec9dc7aca32bcb977,60,5,3,2,16777216,68382745,68381494,1251,41,16117496,40,16117496,260,371,8800064,8800064,4,56,0,0,0,0,0,0,0,0,0,0,0,43420,0.188157
holdout,syn-uniform-50000-d6-v1,64a62099fef989cb6979a5ea2a5de027a3086e65816635466341476fa70f94b5,rotating-hot,10,repeated-edge,83,0,1,FREQ-LRU-REPAIR,c856a22996749bf9e8f5854cd97517fefcbfabcec0eee43ec9dc7aca32bcb977,60,5,3,2,16777216,80599353,80594243,5110,110,17950913,101,17950913,872,1734,8800432,8800432,16,44,4,0,4,0,0,0,12,0,0,0,0,42972,0.199099
holdout,syn-uniform-50000-d6-v1,64a62099fef989cb6979a5ea2a5de027a3086e65816635466341476fa70f94b5,rotating-hot,10,repeated-edge,83,0,2,ADES,c856a22996749bf9e8f5854cd97517fefcbfabcec0eee43ec9dc7aca32bcb977,60,5,3,2,16777216,9519232,9517127,2105,108182,357155,123219,357155,351,662,64,64,60,0,0,0,0,0,0,0,0,0,0,0,0,34856,0.132051
holdout,syn-uniform-50000-d6-v1,64a62099fef989cb6979a5ea2a5de027a3086e65816635466341476fa70f94b5,rotating-hot,10,repeated-edge,83,0,3,ADES-V2,c856a22996749bf9e8f5854cd97517fefcbfabcec0eee43ec9dc7aca32bcb977,60,5,3,2,16777216,9307196,9306004,1192,109193,351986,118240,351986,220,330,2032,2032,60,0,0,0,0,0,0,0,0,0,0,0,0,33896,0.126062
holdout,syn-uniform-50000-d6-v1,64a62099fef989cb6979a5ea2a5de027a3086e65816635466341476fa70f94b5,rotating-hot,10,repeated-edge,83,0,4,COLD,c856a22996749bf9e8f5854cd97517fefcbfabcec0eee43ec9dc7aca32bcb977,60,5,3,2,16777216,12228799,12227256,1543,141944,423450,144089,423450,290,511,0,0,60,0,0,0,0,0,0,0,0,0,0,0,0,33060,0.128060
holdout,syn-uniform-50000-d6-v1,64a62099fef989cb6979a5ea2a5de027a3086e65816635466341476fa70f94b5,rotating-hot,10,repeated-edge,83,0,0,FREQ-LRU-REPAIR,c856a22996749bf9e8f5854cd97517fefcbfabcec0eee43ec9dc7aca32bcb977,60,5,3,2,67108864,87264156,87257933,6223,170,19920154,130,19920154,1082,2355,8800432,8800432,16,44,4,0,4,0,0,0,12,0,0,0,0,42976,0.205940
holdout,syn-uniform-50000-d6-v1,64a62099fef989cb6979a5ea2a5de027a3086e65816635466341476fa70f94b5,rotating-hot,10,repeated-edge,83,0,1,ADES,c856a22996749bf9e8f5854cd97517fefcbfabcec0eee43ec9dc7aca32bcb977,60,5,3,2,67108864,9250753,9249571,1182,104776,357006,115746,357006,210,361,64,64,60,0,0,0,0,0,0,0,0,0,0,0,0,34520,0.124998
holdout,syn-uniform-50000-d6-v1,64a62099fef989cb6979a5ea2a5de027a3086e65816635466341476fa70f94b5,rotating-hot,10,repeated-edge,83,0,2,ADES-V2,c856a22996749bf9e8f5854cd97517fefcbfabcec0eee43ec9dc7aca32bcb977,60,5,3,2,67108864,9470027,9468847,1180,110786,362346,120194,362346,210,310,2032,2032,60,0,0,0,0,0,0,0,0,0,0,0,0,34852,0.121607
holdout,syn-uniform-50000-d6-v1,64a62099fef989cb6979a5ea2a5de027a3086e65816635466341476fa70f94b5,rotating-hot,10,repeated-edge,83,0,3,COLD,c856a22996749bf9e8f5854cd97517fefcbfabcec0eee43ec9dc7aca32bcb977,60,5,3,2,67108864,10638073,10636732,1341,120284,396539,136314,396539,210,481,0,0,60,0,0,0,0,0,0,0,0,0,0,0,0,33760,0.129938
holdout,syn-uniform-50000-d6-v1,64a62099fef989cb6979a5ea2a5de027a3086e65816635466341476fa70f94b5,rotating-hot,10,repeated-edge,83,0,4,B3L,c856a22996749bf9e8f5854cd97517fefcbfabcec0eee43ec9dc7aca32bcb977,60,5,3,2,67108864,95298809,95295823,2986,50,21469862,50,21469862,671,1012,8800064,8800064,4,56,0,0,0,0,0,0,0,0,0,0,0,42848,0.218218
holdout,syn-small-world-50000-k8-r10-v1,08abafb16a2f58def0f2310fdedc18d5cdc4870e51b2f3f4cda02b2c8a04de55,hot-pool,2,bursty,43,0,0,FREQ-LRU-REPAIR,19503bf6f8e5a846d9d8e58465cc73130169a4c630cbeba9f20040b5c806fed6,60,29,15,14,16777216,83955873,83896270,59603,982,573368,310,18336428,1152,2735,8800544,8800544,23,37,4,0,4,0,0,0,91,2,3,0,0,49188,0.218275
holdout,syn-small-world-50000-k8-r10-v1,08abafb16a2f58def0f2310fdedc18d5cdc4870e51b2f3f4cda02b2c8a04de55,hot-pool,2,bursty,43,0,1,ADES,19503bf6f8e5a846d9d8e58465cc73130169a4c630cbeba9f20040b5c806fed6,60,29,15,14,16777216,12529907,12523717,6190,128219,381080,192097,387702,171,350,176,176,60,0,0,0,0,0,0,0,0,0,0,0,0,40012,0.144172
holdout,syn-small-world-50000-k8-r10-v1,08abafb16a2f58def0f2310fdedc18d5cdc4870e51b2f3f4cda02b2c8a04de55,hot-pool,2,bursty,43,0,2,ADES-V2,19503bf6f8e5a846d9d8e58465cc73130169a4c630cbeba9f20040b5c806fed6,60,29,15,14,16777216,12780261,12774169,6092,129461,400816,192648,404583,161,321,2032,2032,60,0,0,0,0,0,0,0,0,0,0,0,0,38724,0.143991
holdout,syn-small-world-50000-k8-r10-v1,08abafb16a2f58def0f2310fdedc18d5cdc4870e51b2f3f4cda02b2c8a04de55,hot-pool,2,bursty,43,0,3,COLD,19503bf6f8e5a846d9d8e58465cc73130169a4c630cbeba9f20040b5c806fed6,60,29,15,14,16777216,12217102,12211033,6069,126195,380849,185245,389835,180,320,0,0,60,0,0,0,0,0,0,0,0,0,0,0,0,39844,0.142811
holdout,syn-small-world-50000-k8-r10-v1,08abafb16a2f58def0f2310fdedc18d5cdc4870e51b2f3f4cda02b2c8a04de55,hot-pool,2,bursty,43,0,4,B3L,19503bf6f8e5a846d9d8e58465cc73130169a4c630cbeba9f20040b5c806fed6,60,29,15,14,16777216,210138969,210074487,64482,461,19606412,250,19888994,711,4118,15400112,15400112,11,49,0,4,0,0,0,0,0,0,0,0,0,57780,0.341225
holdout,syn-small-world-50000-k8-r10-v1,08abafb16a2f58def0f2310fdedc18d5cdc4870e51b2f3f4cda02b2c8a04de55,hot-pool,2,bursty,43,0,0,ADES,19503bf6f8e5a846d9d8e58465cc73130169a4c630cbeba9f20040b5c806fed6,60,29,15,14,67108864,13145707,13139354,6353,127711,399763,206479,402018,180,361,176,176,60,0,0,0,0,0,0,0,0,0,0,0,0,40560,0.145456
holdout,syn-small-world-50000-k8-r10-v1,08abafb16a2f58def0f2310fdedc18d5cdc4870e51b2f3f4cda02b2c8a04de55,hot-pool,2,bursty,43,0,1,ADES-V2,19503bf6f8e5a846d9d8e58465cc73130169a4c630cbeba9f20040b5c806fed6,60,29,15,14,67108864,12197104,12191226,5878,123863,370688,191862,379746,180,281,2032,2032,60,0,0,0,0,0,0,0,0,0,0,0,0,38852,0.139822
holdout,syn-small-world-50000-k8-r10-v1,08abafb16a2f58def0f2310fdedc18d5cdc4870e51b2f3f4cda02b2c8a04de55,hot-pool,2,bursty,43,0,2,COLD,19503bf6f8e5a846d9d8e58465cc73130169a4c630cbeba9f20040b5c806fed6,60,29,15,14,67108864,13617232,13610420,6812,137970,429910,203594,433207,220,441,0,0,60,0,0,0,0,0,0,0,0,0,0,0,0,38680,0.146952
holdout,syn-small-world-50000-k8-r10-v1,08abafb16a2f58def0f2310fdedc18d5cdc4870e51b2f3f4cda02b2c8a04de55,hot-pool,2,bursty,43,0,3,B3L,19503bf6f8e5a846d9d8e58465cc73130169a4c630cbeba9f20040b5c806fed6,60,29,15,14,67108864,240227655,240106964,120691,521,21942635,271,22422950,771,5470,24200176,24200176,11,49,0,0,0,0,0,0,0,0,0,0,0,64064,0.373770
holdout,syn-small-world-50000-k8-r10-v1,08abafb16a2f58def0f2310fdedc18d5cdc4870e51b2f3f4cda02b2c8a04de55,hot-pool,2,bursty,43,0,4,FREQ-LRU-REPAIR,19503bf6f8e5a846d9d8e58465cc73130169a4c630cbeba9f20040b5c806fed6,60,29,15,14,67108864,89858670,89779221,79449,1012,532462,330,20020826,1213,16571,8800544,8800544,23,37,4,0,4,0,0,0,91,2,3,0,0,49152,0.220096
holdout,syn-small-world-50000-k8-r10-v1,08abafb16a2f58def0f2310fdedc18d5cdc4870e51b2f3f4cda02b2c8a04de55,hot-pool,2,bursty,59,0,0,ADES,de6b036ff0b828d161ebd04a807c8ba6a8e5b8d7945560ac4350a8860498faa2,60,29,15,14,16777216,11634958,11628767,6191,108462,332309,171299,377884,200,330,192,192,60,0,0,0,0,0,0,0,0,0,0,0,0,40008,0.144663
holdout,syn-small-world-50000-k8-r10-v1,08abafb16a2f58def0f2310fdedc18d5cdc4870e51b2f3f4cda02b2c8a04de55,hot-pool,2,bursty,59,0,1,ADES-V2,de6b036ff0b828d161ebd04a807c8ba6a8e5b8d7945560ac4350a8860498faa2,60,29,15,14,16777216,10474820,10468367,6453,101389,329013,149719,363667,191,371,2032,2032,60,0,0,0,0,0,0,0,0,0,0,0,0,40076,0.141600
holdout,syn-small-world-50000-k8-r10-v1,08abafb16a2f58def0f2310fdedc18d5cdc4870e51b2f3f4cda02b2c8a04de55,hot-pool,2,bursty,59,0,2,COLD,de6b036ff0b828d161ebd04a807c8ba6a8e5b8d7945560ac4350a8860498faa2,60,29,15,14,16777216,11502393,11495488,6905,104495,355102,173994,378284,221,450,0,0,60,0,0,0,0,0,0,0,0,0,0,0,0,38532,0.142607
holdout,syn-small-world-50000-k8-r10-v1,08abafb16a2f58def0f2310fdedc18d5cdc4870e51b2f3f4cda02b2c8a04de55,hot-pool,2,bursty,59,0,3,B3L,de6b036ff0b828d161ebd04a807c8ba6a8e5b8d7945560ac4350a8860498faa2,60,29,15,14,16777216,231019671,230768215,251456,381,19428623,261,19637582,501,88935,15400112,15400112,12,48,0,5,0,0,0,0,0,0,0,0,0,57640,0.364345
holdout,syn-small-world-50000-k8-r10-v1,08abafb16a2f58def0f2310fdedc18d5cdc4870e51b2f3f4cda02b2c8a04de55,hot-pool,2,bursty,59,0,4,FREQ-LRU-REPAIR,de6b036ff0b828d161ebd04a807c8ba6a8e5b8d7945560ac4350a8860498faa2,60,29,15,14,16777216,90089920,89990037,99883,651,613172,211,19072098,882,33903,8800560,8800560,24,36,4,0,4,0,0,0,69,4,3,0,0,48360,0.224850
holdout,syn-small-world-50000-k8-r10-v1,08abafb16a2f58def0f2310fdedc18d5cdc4870e51b2f3f4cda02b2c8a04de55,hot-pool,2,bursty,59,0,0,ADES-V2,de6b036ff0b828d161ebd04a807c8ba6a8e5b8d7945560ac4350a8860498faa2,60,29,15,14,67108864,11712951,11706468,6483,115085,383163,175126,391810,230,380,2032,2032,60,0,0,0,0,0,0,0,0,0,0,0,0,38812,0.146060
holdout,syn-small-world-50000-k8-r10-v1,08abafb16a2f58def0f2310fdedc18d5cdc4870e51b2f3f4cda02b2c8a04de55,hot-pool,2,bursty,59,0,1,COLD,de6b036ff0b828d161ebd04a807c8ba6a8e5b8d7945560ac4350a8860498faa2,60,29,15,14,67108864,12035999,12029826,6173,108993,383223,175637,387902,180,371,0,0,60,0,0,0,0,0,0,0,0,0,0,0,0,39800,0.144736
holdout,syn-small-world-50000-k8-r10-v1,08abafb16a2f58def0f2310fdedc18d5cdc4870e51b2f3f4cda02b2c8a04de55,hot-pool,2,bursty,59,0,2,B3L,de6b036ff0b828d161ebd04a807c8ba6a8e5b8d7945560ac4350a8860498faa2,60,29,15,14,67108864,238150282,237865430,284852,340,20191182,260,20825083,661,84076,26400192,26400192,12,48,0,0,0,0,0,0,0,0,0,0,0,66208,0.371001
holdout,syn-small-world-50000-k8-r10-v1,08abafb16a2f58def0f2310fdedc18d5cdc4870e51b2f3f4cda02b2c8a04de55,hot-pool,2,bursty,59,0,3,FREQ-LRU-REPAIR,de6b036ff0b828d161ebd04a807c8ba6a8e5b8d7945560ac4350a8860498faa2,60,29,15,14,67108864,91035885,90934175,101710,641,645692,260,19298601,852,34334,8800560,8800560,24,36,4,0,4,0,0,0,69,4,3,0,0,47876,0.221760
holdout,syn-small-world-50000-k8-r10-v1,08abafb16a2f58def0f2310fdedc18d5cdc4870e51b2f3f4cda02b2c8a04de55,hot-pool,2,bursty,59,0,4,ADES,de6b036ff0b828d161ebd04a807c8ba6a8e5b8d7945560ac4350a8860498faa2,60,29,15,14,67108864,10334476,10328758,5718,100758,304176,147324,309696,160,381,192,192,60,0,0,0,0,0,0,0,0,0,0,0,0,40000,0.143629
holdout,syn-small-world-50000-k8-r10-v1,08abafb16a2f58def0f2310fdedc18d5cdc4870e51b2f3f4cda02b2c8a04de55,hot-pool,2,bursty,83,0,0,ADES-V2,f972f88307fd4d67134ee89ce01d0ed1ca5adb1ca2268627b9fc7bfda94e34b4,60,29,15,14,16777216,15043549,15036485,7064,141022,465216,208177,523595,250,371,2032,2032,60,0,0,0,0,0,0,0,0,0,0,0,0,38720,0.148073
holdout,syn-small-world-50000-k8-r10-v1,08abafb16a2f58def0f2310fdedc18d5cdc4870e51b2f3f4cda02b2c8a04de55,hot-pool,2,bursty,83,0,1,COLD,f972f88307fd4d67134ee89ce01d0ed1ca5adb1ca2268627b9fc7bfda94e34b4,60,29,15,14,16777216,15020628,14997185,23443,134831,500252,210612,545826,250,731,0,0,60,0,0,0,0,0,0,0,0,0,0,0,0,39808,0.147551
holdout,syn-small-world-50000-k8-r10-v1,08abafb16a2f58def0f2310fdedc18d5cdc4870e51b2f3f4cda02b2c8a04de55,hot-pool,2,bursty,83,0,2,B3L,f972f88307fd4d67134ee89ce01d0ed1ca5adb1ca2268627b9fc7bfda94e34b4,60,29,15,14,16777216,358600450,358524479,75971,541,23586444,301,23643049,681,10148,15400112,15400112,16,44,0,9,0,0,0,0,0,0,0,0,0,56564,0.493112
holdout,syn-small-world-50000-k8-r10-v1,08abafb16a2f58def0f2310fdedc18d5cdc4870e51b2f3f4cda02b2c8a04de55,hot-pool,2,bursty,83,0,3,FREQ-LRU-REPAIR,f972f88307fd4d67134ee89ce01d0ed1ca5adb1ca2268627b9fc7bfda94e34b4,60,29,15,14,16777216,91892022,91821070,70952,1203,570573,320,19749841,1262,10831,8800592,8800592,26,34,4,0,4,0,0,0,75,6,7,0,0,47900,0.226159
holdout,syn-small-world-50000-k8-r10-v1,08abafb16a2f58def0f2310fdedc18d5cdc4870e51b2f3f4cda02b2c8a04de55,hot-pool,2,bursty,83,0,4,ADES,f972f88307fd4d67134ee89ce01d0ed1ca5adb1ca2268627b9fc7bfda94e34b4,60,29,15,14,16777216,13399799,13393817,5982,119433,405405,192338,464976,190,311,224,224,60,0,0,0,0,0,0,0,0,0,0,0,0,40036,0.143394
holdout,syn-small-world-50000-k8-r10-v1,08abafb16a2f58def0f2310fdedc18d5cdc4870e51b2f3f4cda02b2c8a04de55,hot-pool,2,bursty,83,0,0,COLD,f972f88307fd4d67134ee89ce01d0ed1ca5adb1ca2268627b9fc7bfda94e34b4,60,29,15,14,67108864,15642283,15635188,7095,143768,480625,203228,554843,250,381,0,0,60,0,0,0,0,0,0,0,0,0,0,0,0,38604,0.148414
holdout,syn-small-world-50000-k8-r10-v1,08abafb16a2f58def0f2310fdedc18d5cdc4870e51b2f3f4cda02b2c8a04de55,hot-pool,2,bursty,83,0,1,B3L,f972f88307fd4d67134ee89ce01d0ed1ca5adb1ca2268627b9fc7bfda94e34b4,60,29,15,14,67108864,291388890,291273232,115658,511,21279158,341,21818572,822,8366,30800224,30800224,14,46,0,0,0,0,0,0,0,0,0,0,0,70568,0.425576
holdout,syn-small-world-50000-k8-r10-v1,08abafb16a2f58def0f2310fdedc18d5cdc4870e51b2f3f4cda02b2c8a04de55,hot-pool,2,bursty,83,0,2,FREQ-LRU-REPAIR,f972f88307fd4d67134ee89ce01d0ed1ca5adb1ca2268627b9fc7bfda94e34b4,60,29,15,14,67108864,89312229,89244132,68097,1172,580360,421,20436168,1242,9798,8800592,8800592,26,34,4,0,4,0,0,0,75,6,7,0,0,48432,0.221220
holdout,syn-small-world-50000-k8-r10-v1,08abafb16a2f58def0f2310fdedc18d5cdc4870e51b2f3f4cda02b2c8a04de55,hot-pool,2,bursty,83,0,3,ADES,f972f88307fd4d67134ee89ce01d0ed1ca5adb1ca2268627b9fc7bfda94e34b4,60,29,15,14,67108864,15292010,15284848,7162,145451,457673,215461,540096,240,400,224,224,60,0,0,0,0,0,0,0,0,0,0,0,0,39428,0.148649
holdout,syn-small-world-50000-k8-r10-v1,08abafb16a2f58def0f2310fdedc18d5cdc4870e51b2f3f4cda02b2c8a04de55,hot-pool,2,bursty,83,0,4,ADES-V2,f972f88307fd4d67134ee89ce01d0ed1ca5adb1ca2268627b9fc7bfda94e34b4,60,29,15,14,67108864,13210815,13204625,6190,122629,398853,192038,458363,161,380,2032,2032,60,0,0,0,0,0,0,0,0,0,0,0,0,40004,0.143564
holdout,syn-small-world-50000-k8-r10-v1,08abafb16a2f58def0f2310fdedc18d5cdc4870e51b2f3f4cda02b2c8a04de55,hot-pool,2,repeated-edge,43,0,0,COLD,f283927e8fd3fc595f8a39c22909dca7352c3d8457f0728b769adb75e2172599,60,29,15,14,16777216,13035474,13030083,5391,144990,416415,197127,442214,171,241,0,0,60,0,0,0,0,0,0,0,0,0,0,0,0,38584,0.144901
holdout,syn-small-world-50000-k8-r10-v1,08abafb16a2f58def0f2310fdedc18d5cdc4870e51b2f3f4cda02b2c8a04de55,hot-pool,2,repeated-edge,43,0,1,B3L,f283927e8fd3fc595f8a39c22909dca7352c3d8457f0728b769adb75e2172599,60,29,15,14,16777216,372551486,372538511,12975,371,21406245,371,21464092,371,881,15400112,15400112,19,41,0,12,0,0,0,0,0,0,0,0,0,57648,0.505755
holdout,syn-small-world-50000-k8-r10-v1,08abafb16a2f58def0f2310fdedc18d5cdc4870e51b2f3f4cda02b2c8a04de55,hot-pool,2,repeated-edge,43,0,2,FREQ-LRU-REPAIR,f283927e8fd3fc595f8a39c22909dca7352c3d8457f0728b769adb75e2172599,60,29,15,14,16777216,86836698,86813637,23061,701,557007,501,19405359,721,1613,8800624,8800624,28,32,4,0,4,0,0,0,87,0,0,0,0,49196,0.218794
holdout,syn-small-world-50000-k8-r10-v1,08abafb16a2f58def0f2310fdedc18d5cdc4870e51b2f3f4cda02b2c8a04de55,hot-pool,2,repeated-edge,43,0,3,ADES,f283927e8fd3fc595f8a39c22909dca7352c3d8457f0728b769adb75e2172599,60,29,15,14,16777216,12580300,12574340,5960,137777,386279,185786,394895,190,270,256,256,60,0,0,0,0,0,0,0,0,0,0,0,0,38756,0.145378
holdout,syn-small-world-50000-k8-r10-v1,08abafb16a2f58def0f2310fdedc18d5cdc4870e51b2f3f4cda02b2c8a04de55,hot-pool,2,repeated-edge,43,0,4,ADES-V2,f283927e8fd3fc595f8a39c22909dca7352c3d8457f0728b769adb75e2172599,60,29,15,14,16777216,12784828,12778999,5829,146673,397921,191617,401809,190,281,2032,2032,60,0,0,0,0,0,0,0,0,0,0,0,0,40544,0.142532
holdout,syn-small-world-50000-k8-r10-v1,08abafb16a2f58def0f2310fdedc18d5cdc4870e51b2f3f4cda02b2c8a04de55,hot-pool,2,repeated-edge,43,0,0,B3L,f283927e8fd3fc595f8a39c22909dca7352c3d8457f0728b769adb75e2172599,60,29,15,14,67108864,337097078,337081361,15717,371,22348580,371,23013569,360,1272,35200256,35200256,16,44,0,0,0,0,0,0,0,0,0,0,0,74856,0.470235
holdout,syn-small-world-50000-k8-r10-v1,08abafb16a2f58def0f2310fdedc18d5cdc4870e51b2f3f4cda02b2c8a04de55,hot-pool,2,repeated-edge,43,0,1,FREQ-LRU-REPAIR,f283927e8fd3fc595f8a39c22909dca7352c3d8457f0728b769adb75e2172599,60,29,15,14,67108864,90751377,90728209,23168,711,584288,390,19993003,731,2034,8800624,8800624,28,32,4,0,4,0,0,0,87,0,0,0,0,48560,0.223069
holdout,syn-small-world-50000-k8-r10-v1,08abafb16a2f58def0f2310fdedc18d5cdc4870e51b2f3f4cda02b2c8a04de55,hot-pool,2,repeated-edge,43,0,2,ADES,f283927e8fd3fc595f8a39c22909dca7352c3d8457f0728b769adb75e2172599,60,29,15,14,67108864,13480966,13475354,5612,153345,425793,200143,453444,190,221,256,256,60,0,0,0,0,0,0,0,0,0,0,0,0,38928,0.144044
holdout,syn-small-world-50000-k8-r10-v1,08abafb16a2f58def0f2310fdedc18d5cdc4870e51b2f3f4cda02b2c8a04de55,hot-pool,2,repeated-edge,43,0,3,ADES-V2,f283927e8fd3fc595f8a39c22909dca7352c3d8457f0728b769adb75e2172599,60,29,15,14,67108864,15064707,15058804,5903,176519,444958,221653,494280,190,260,2032,2032,60,0,0,0,0,0,0,0,0,0,0,0,0,39960,0.147110
holdout,syn-small-world-50000-k8-r10-v1,08abafb16a2f58def0f2310fdedc18d5cdc4870e51b2f3f4cda02b2c8a04de55,hot-pool,2,repeated-edge,43,0,4,COLD,f283927e8fd3fc595f8a39c22909dca7352c3d8457f0728b769adb75e2172599,60,29,15,14,67108864,15277532,15271166,6366,169205,474684,224428,503037,191,321,0,0,60,0,0,0,0,0,0,0,0,0,0,0,0,38652,0.149238
holdout,syn-small-world-50000-k8-r10-v1,08abafb16a2f58def0f2310fdedc18d5cdc4870e51b2f3f4cda02b2c8a04de55,hot-pool,2,repeated-edge,59,0,0,B3L,7277427daa74a77fdd9912d4fecef3024b0010640fa71bc1ec064b2cd4981227,60,29,15,14,16777216,332981451,332969521,11930,351,20726559,351,20747819,261,991,15400112,15400112,17,43,0,10,0,0,0,0,0,0,0,0,0,57644,0.466326
holdout,syn-small-world-50000-k8-r10-v1,08abafb16a2f58def0f2310fdedc18d5cdc4870e51b2f3f4cda02b2c8a04de55,hot-pool,2,repeated-edge,59,0,1,FREQ-LRU-REPAIR,7277427daa74a77fdd9912d4fecef3024b0010640fa71bc1ec064b2cd4981227,60,29,15,14,16777216,84639977,84619672,20305,601,559122,361,18498449,681,1372,8800592,8800592,26,34,4,0,4,0,0,0,77,0,0,0,0,49188,0.215793
holdout,syn-small-world-50000-k8-r10-v1,08abafb16a2f58def0f2310fdedc18d5cdc4870e51b2f3f4cda02b2c8a04de55,hot-pool,2,repeated-edge,59,0,2,ADES,7277427daa74a77fdd9912d4fecef3024b0010640fa71bc1ec064b2cd4981227,60,29,15,14,16777216,13240816,13234437,6379,129872,421475,212907,426464,200,281,224,224,60,0,0,0,0,0,0,0,0,0,0,0,0,40076,0.146754
holdout,syn-small-world-50000-k8-r10-v1,08abafb16a2f58def0f2310fdedc18d5cdc4870e51b2f3f4cda02b2c8a04de55,hot-pool,2,repeated-edge,59,0,3,ADES-V2,7277427daa74a77fdd9912d4fecef3024b0010640fa71bc1ec064b2cd4981227,60,29,15,14,16777216,14505067,14498418,6649,150971,481978,221082,497527,200,401,2032,2032,60,0,0,0,0,0,0,0,0,0,0,0,0,38788,0.148203
holdout,syn-small-world-50000-k8-r10-v1,08abafb16a2f58def0f2310fdedc18d5cdc4870e51b2f3f4cda02b2c8a04de55,hot-pool,2,repeated-edge,59,0,4,COLD,7277427daa74a77fdd9912d4fecef3024b0010640fa71bc1ec064b2cd4981227,60,29,15,14,16777216,13868265,13861731,6534,139640,451130,216564,459386,201,331,0,0,60,0,0,0,0,0,0,0,0,0,0,0,0,38552,0.146655
holdout,syn-small-world-50000-k8-r10-v1,08abafb16a2f58def0f2310fdedc18d5cdc4870e51b2f3f4cda02b2c8a04de55,hot-pool,2,repeated-edge,59,0,0,FREQ-LRU-REPAIR,7277427daa74a77fdd9912d4fecef3024b0010640fa71bc1ec064b2cd4981227,60,29,15,14,67108864,103603184,103580563,22621,632,629703,330,23292437,711,1783,8800592,8800592,26,34,4,0,4,0,0,0,77,0,0,0,0,49092,0.237192
holdout,syn-small-world-50000-k8-r10-v1,08abafb16a2f58def0f2310fdedc18d5cdc4870e51b2f3f4cda02b2c8a04de55,hot-pool,2,repeated-edge,59,0,1,ADES,7277427daa74a77fdd9912d4fecef3024b0010640fa71bc1ec064b2cd4981227,60,29,15,14,67108864,12472217,12466155,6062,125164,396428,192438,402490,200,290,224,224,60,0,0,0,0,0,0,0,0,0,0,0,0,38800,0.142338
holdout,syn-small-world-50000-k8-r10-v1,08abafb16a2f58def0f2310fdedc18d5cdc4870e51b2f3f4cda02b2c8a04de55,hot-pool,2,repeated-edge,59,0,2,ADES-V2,7277427daa74a77fdd9912d4fecef3024b0010640fa71bc1ec064b2cd4981227,60,29,15,14,67108864,12405922,12399810,6112,131665,407810,189303,410675,191,301,2032,2032,60,0,0,0,0,0,0,0,0,0,0,0,0,38804,0.142177
holdout,syn-small-world-50000-k8-r10-v1,08abafb16a2f58def0f2310fdedc18d5cdc4870e51b2f3f4cda02b2c8a04de55,hot-pool,2,repeated-edge,59,0,3,COLD,7277427daa74a77fdd9912d4fecef3024b0010640fa71bc1ec064b2cd4981227,60,29,15,14,67108864,11917758,11911176,6582,121867,375480,187719,391559,201,301,0,0,60,0,0,0,0,0,0,0,0,0,0,0,0,38560,0.144660
holdout,syn-small-world-50000-k8-r10-v1,08abafb16a2f58def0f2310fdedc18d5cdc4870e51b2f3f4cda02b2c8a04de55,hot-pool,2,repeated-edge,59,0,4,B3L,7277427daa74a77fdd9912d4fecef3024b0010640fa71bc1ec064b2cd4981227,60,29,15,14,67108864,282835236,282823105,12131,351,20884533,360,21306188,291,862,30800224,30800224,14,46,0,0,0,0,0,0,0,0,0,0,0,70504,0.416230
holdout,syn-small-world-50000-k8-r10-v1,08abafb16a2f58def0f2310fdedc18d5cdc4870e51b2f3f4cda02b2c8a04de55,hot-pool,2,repeated-edge,83,0,0,FREQ-LRU-REPAIR,e4e22ba71a30b86108da3c19b1963c2afd2043d4059bc4248ddb919c427650a1,60,29,15,14,16777216,89624865,89603285,21580,451,635694,331,19137025,682,1954,8800512,8800512,21,39,4,0,4,0,0,0,80,0,0,0,0,49036,0.223952
holdout,syn-small-world-50000-k8-r10-v1,08abafb16a2f58def0f2310fdedc18d5cdc4870e51b2f3f4cda02b2c8a04de55,hot-pool,2,repeated-edge,83,0,1,ADES,e4e22ba71a30b86108da3c19b1963c2afd2043d4059bc4248ddb919c427650a1,60,29,15,14,16777216,11458833,11452802,6031,106508,357897,159687,398371,190,201,144,144,60,0,0,0,0,0,0,0,0,0,0,0,0,40568,0.142320
holdout,syn-small-world-50000-k8-r10-v1,08abafb16a2f58def0f2310fdedc18d5cdc4870e51b2f3f4cda02b2c8a04de55,hot-pool,2,repeated-edge,83,0,2,ADES-V2,e4e22ba71a30b86108da3c19b1963c2afd2043d4059bc4248ddb919c427650a1,60,29,15,14,16777216,11698785,11691351,7434,104795,364779,156462,406466,260,301,2032,2032,60,0,0,0,0,0,0,0,0,0,0,0,0,40484,0.142956
holdout,syn-small-world-50000-k8-r10-v1,08abafb16a2f58def0f2310fdedc18d5cdc4870e51b2f3f4cda02b2c8a04de55,hot-pool,2,repeated-edge,83,0,3,COLD,e4e22ba71a30b86108da3c19b1963c2afd2043d4059bc4248ddb919c427650a1,60,29,15,14,16777216,12665437,12658808,6629,116777,381410,170808,445519,201,320,0,0,60,0,0,0,0,0,0,0,0,0,0,0,0,39848,0.143195
holdout,syn-small-world-50000-k8-r10-v1,08abafb16a2f58def0f2310fdedc18d5cdc4870e51b2f3f4cda02b2c8a04de55,hot-pool,2,repeated-edge,83,0,4,B3L,e4e22ba71a30b86108da3c19b1963c2afd2043d4059bc4248ddb919c427650a1,60,29,15,14,16777216,186425330,186417376,7954,250,19391328,260,20291414,130,792,15400112,15400112,9,51,0,2,0,0,0,0,0,0,0,0,0,57604,0.321457
holdout,syn-small-world-50000-k8-r10-v1,08abafb16a2f58def0f2310fdedc18d5cdc4870e51b2f3f4cda02b2c8a04de55,hot-pool,2,repeated-edge,83,0,0,ADES,e4e22ba71a30b86108da3c19b1963c2afd2043d4059bc4248ddb919c427650a1,60,29,15,14,67108864,11458497,11452896,5601,102331,343891,156932,403982,190,200,144,144,60,0,0,0,0,0,0,0,0,0,0,0,0,38752,0.138725
holdout,syn-small-world-50000-k8-r10-v1,08abafb16a2f58def0f2310fdedc18d5cdc4870e51b2f3f4cda02b2c8a04de55,hot-pool,2,repeated-edge,83,0,1,ADES-V2,e4e22ba71a30b86108da3c19b1963c2afd2043d4059bc4248ddb919c427650a1,60,29,15,14,67108864,12222899,12216756,6143,108021,380098,163083,416505,190,391,2032,2032,60,0,0,0,0,0,0,0,0,0,0,0,0,39988,0.142862
holdout,syn-small-world-50000-k8-r10-v1,08abafb16a2f58def0f2310fdedc18d5cdc4870e51b2f3f4cda02b2c8a04de55,hot-pool,2,repeated-edge,83,0,2,COLD,e4e22ba71a30b86108da3c19b1963c2afd2043d4059bc4248ddb919c427650a1,60,29,15,14,67108864,13114272,13107584,6688,117018,447213,180857,463092,200,271,0,0,60,0,0,0,0,0,0,0,0,0,0,0,0,39848,0.145659
holdout,syn-small-world-50000-k8-r10-v1,08abafb16a2f58def0f2310fdedc18d5cdc4870e51b2f3f4cda02b2c8a04de55,hot-pool,2,repeated-edge,83,0,3,B3L,e4e22ba71a30b86108da3c19b1963c2afd2043d4059bc4248ddb919c427650a1,60,29,15,14,67108864,187656631,187648735,7896,241,20622230,261,21538747,131,801,19800144,19800144,9,51,0,0,0,0,0,0,0,0,0,0,0,59852,0.322615
holdout,syn-small-world-50000-k8-r10-v1,08abafb16a2f58def0f2310fdedc18d5cdc4870e51b2f3f4cda02b2c8a04de55,hot-pool,2,repeated-edge,83,0,4,FREQ-LRU-REPAIR,e4e22ba71a30b86108da3c19b1963c2afd2043d4059bc4248ddb919c427650a1,60,29,15,14,67108864,85482684,85461426,21258,460,580080,301,19678905,651,1522,8800512,8800512,21,39,4,0,4,0,0,0,80,0,0,0,0,49188,0.217284
holdout,syn-small-world-50000-k8-r10-v1,08abafb16a2f58def0f2310fdedc18d5cdc4870e51b2f3f4cda02b2c8a04de55,hot-pool,10,bursty,43,0,0,ADES,1767bb4c004bfe7c9b2e477521a24d99b53562884fe259ef0af14c4ca7f2d825,60,5,3,2,16777216,12989574,12988481,1093,194703,461430,197057,461430,211,331,224,224,60,0,0,0,0,0,0,0,0,0,0,0,0,38764,0.141707
holdout,syn-small-world-50000-k8-r10-v1,08abafb16a2f58def0f2310fdedc18d5cdc4870e51b2f3f4cda02b2c8a04de55,hot-pool,10,bursty,43,0,1,ADES-V2,1767bb4c004bfe7c9b2e477521a24d99b53562884fe259ef0af14c4ca7f2d825,60,5,3,2,16777216,14376188,14374764,1424,208468,485825,211294,485825,271,391,2032,2032,60,0,0,0,0,0,0,0,0,0,0,0,0,40056,0.148975
holdout,syn-small-world-50000-k8-r10-v1,08abafb16a2f58def0f2310fdedc18d5cdc4870e51b2f3f4cda02b2c8a04de55,hot-pool,10,bursty,43,0,2,COLD,1767bb4c004bfe7c9b2e477521a24d99b53562884fe259ef0af14c4ca7f2d825,60,5,3,2,16777216,12403081,12402048,1033,182149,438757,192098,438757,161,350,0,0,60,0,0,0,0,0,0,0,0,0,0,0,0,40300,0.144050
holdout,syn-small-world-50000-k8-r10-v1,08abafb16a2f58def0f2310fdedc18d5cdc4870e51b2f3f4cda02b2c8a04de55,hot-pool,10,bursty,43,0,3,B3L,1767bb4c004bfe7c9b2e477521a24d99b53562884fe259ef0af14c4ca7f2d825,60,5,3,2,16777216,294710579,294707273,3306,380,21083680,321,21083680,631,981,15400112,15400112,15,45,0,8,0,0,0,0,0,0,0,0,0,56420,0.425249
holdout,syn-small-world-50000-k8-r10-v1,08abafb16a2f58def0f2310fdedc18d5cdc4870e51b2f3f4cda02b2c8a04de55,hot-pool,10,bursty,43,0,4,FREQ-LRU-REPAIR,1767bb4c004bfe7c9b2e477521a24d99b53562884fe259ef0af14c4ca7f2d825,60,5,3,2,16777216,85426242,85420342,5900,511,19003106,361,19003106,1133,1603,8800592,8800592,26,34,4,0,4,0,0,0,16,0,0,0,0,47940,0.217457
holdout,syn-small-world-50000-k8-r10-v1,08abafb16a2f58def0f2310fdedc18d5cdc4870e51b2f3f4cda02b2c8a04de55,hot-pool,10,bursty,43,0,0,ADES-V2,1767bb4c004bfe7c9b2e477521a24d99b53562884fe259ef0af14c4ca7f2d825,60,5,3,2,67108864,15228656,15227373,1283,219699,535567,224719,535567,220,492,2032,2032,60,0,0,0,0,0,0,0,0,0,0,0,0,40508,0.149547
holdout,syn-small-world-50000-k8-r10-v1,08abafb16a2f58def0f2310fdedc18d5cdc4870e51b2f3f4cda02b2c8a04de55,hot-pool,10,bursty,43,0,1,COLD,1767bb4c004bfe7c9b2e477521a24d99b53562884fe259ef0af14c4ca7f2d825,60,5,3,2,67108864,15643990,15642155,1835,222094,564371,232823,564371,311,772,0,0,60,0,0,0,0,0,0,0,0,0,0,0,0,39880,0.151393
holdout,syn-small-world-50000-k8-r10-v1,08abafb16a2f58def0f2310fdedc18d5cdc4870e51b2f3f4cda02b2c8a04de55,hot-pool,10,bursty,43,0,2,B3L,1767bb4c004bfe7c9b2e477521a24d99b53562884fe259ef0af14c4ca7f2d825,60,5,3,2,67108864,334663436,334657816,5620,521,24182480,400,24182480,1202,1402,30800224,30800224,14,46,0,0,0,0,0,0,0,0,0,0,0,69424,0.471830
holdout,syn-small-world-50000-k8-r10-v1,08abafb16a2f58def0f2310fdedc18d5cdc4870e51b2f3f4cda02b2c8a04de55,hot-pool,10,bursty,43,0,3,FREQ-LRU-REPAIR,1767bb4c004bfe7c9b2e477521a24d99b53562884fe259ef0af14c4ca7f2d825,60,5,3,2,67108864,101696874,101690021,6853,551,23184321,401,23184321,1062,2295,8800592,8800592,26,34,4,0,4,0,0,0,16,0,0,0,0,47956,0.237807
holdout,syn-small-world-50000-k8-r10-v1,08abafb16a2f58def0f2310fdedc18d5cdc4870e51b2f3f4cda02b2c8a04de55,hot-pool,10,bursty,43,0,4,ADES,1767bb4c004bfe7c9b2e477521a24d99b53562884fe259ef0af14c4ca7f2d825,60,5,3,2,67108864,15657341,15656089,1252,230890,561044,234396,561044,190,411,224,224,60,0,0,0,0,0,0,0,0,0,0,0,0,38828,0.150951
holdout,syn-small-world-50000-k8-r10-v1,08abafb16a2f58def0f2310fdedc18d5cdc4870e51b2f3f4cda02b2c8a04de55,hot-pool,10,bursty,59,0,0,ADES-V2,d25a5148310414df932ee8bd6a6513be7ecd6125e20b050b08653ff2426aa77d,60,5,3,2,16777216,14793755,14792422,1333,190245,598726,202928,598726,251,391,2032,2032,60,0,0,0,0,0,0,0,0,0,0,0,0,39408,0.150744
holdout,syn-small-world-50000-k8-r10-v1,08abafb16a2f58def0f2310fdedc18d5cdc4870e51b2f3f4cda02b2c8a04de55,hot-pool,10,bursty,59,0,1,COLD,d25a5148310414df932ee8bd6a6513be7ecd6125e20b050b08653ff2426aa77d,60,5,3,2,16777216,14459920,14457965,1955,189763,578477,202187,578477,220,1113,0,0,60,0,0,0,0,0,0,0,0,0,0,0,0,39232,0.155700
holdout,syn-small-world-50000-k8-r10-v1,08abafb16a2f58def0f2310fdedc18d5cdc4870e51b2f3f4cda02b2c8a04de55,hot-pool,10,bursty,59,0,2,B3L,d25a5148310414df932ee8bd6a6513be7ecd6125e20b050b08653ff2426aa77d,60,5,3,2,16777216,372910515,372902299,8216,411,24296390,341,24296390,832,5039,15400112,15400112,16,44,0,9,0,0,0,0,0,0,0,0,0,57672,0.510927
holdout,syn-small-world-50000-k8-r10-v1,08abafb16a2f58def0f2310fdedc18d5cdc4870e51b2f3f4cda02b2c8a04de55,hot-pool,10,bursty,59,0,3,FREQ-LRU-REPAIR,d25a5148310414df932ee8bd6a6513be7ecd6125e20b050b08653ff2426aa77d,60,5,3,2,16777216,107249111,107239674,9437,661,23836282,340,23836282,1513,3386,8800592,8800592,26,34,4,0,4,0,0,0,19,1,0,0,0,49084,0.243615
holdout,syn-small-world-50000-k8-r10-v1,08abafb16a2f58def0f2310fdedc18d5cdc4870e51b2f3f4cda02b2c8a04de55,hot-pool,10,bursty,59,0,4,ADES,d25a5148310414df932ee8bd6a6513be7ecd6125e20b050b08653ff2426aa77d,60,5,3,2,16777216,14043502,14042280,1222,188922,570432,196797,570432,160,410,224,224,60,0,0,0,0,0,0,0,0,0,0,0,0,40056,0.148522
holdout,syn-small-world-50000-k8-r10-v1,08abafb16a2f58def0f2310fdedc18d5cdc4870e51b2f3f4cda02b2c8a04de55,hot-pool,10,bursty,59,0,0,COLD,d25a5148310414df932ee8bd6a6513be7ecd6125e20b050b08653ff2426aa77d,60,5,3,2,67108864,14173521,14172318,1203,187740,588577,189904,588577,190,451,0,0,60,0,0,0,0,0,0,0,0,0,0,0,0,39864,0.149062
holdout,syn-small-world-50000-k8-r10-v1,08abafb16a2f58def0f2310fdedc18d5cdc4870e51b2f3f4cda02b2c8a04de55,hot-pool,10,bursty,59,0,1,B3L,d25a5148310414df932ee8bd6a6513be7ecd6125e20b050b08653ff2426aa77d,60,5,3,2,67108864,340016413,340002876,13537,331,25134180,271,25134180,1433,8706,30800224,30800224,14,46,0,0,0,0,0,0,0,0,0,0,0,69364,0.476594
holdout,syn-small-world-50000-k8-r10-v1,08abafb16a2f58def0f2310fdedc18d5cdc4870e51b2f3f4cda02b2c8a04de55,hot-pool,10,bursty,59,0,2,FREQ-LRU-REPAIR,d25a5148310414df932ee8bd6a6513be7ecd6125e20b050b08653ff2426aa77d,60,5,3,2,67108864,103785196,103775337,9859,441,23671526,421,23671526,1563,3447,8800592,8800592,26,34,4,0,4,0,0,0,19,1,0,0,0,49104,0.239502
holdout,syn-small-world-50000-k8-r10-v1,08abafb16a2f58def0f2310fdedc18d5cdc4870e51b2f3f4cda02b2c8a04de55,hot-pool,10,bursty,59,0,3,ADES,d25a5148310414df932ee8bd6a6513be7ecd6125e20b050b08653ff2426aa77d,60,5,3,2,67108864,14450694,14449644,1050,204671,587725,208628,587725,160,320,224,224,60,0,0,0,0,0,0,0,0,0,0,0,0,38888,0.151691
holdout,syn-small-world-50000-k8-r10-v1,08abafb16a2f58def0f2310fdedc18d5cdc4870e51b2f3f4cda02b2c8a04de55,hot-pool,10,bursty,59,0,4,ADES-V2,d25a5148310414df932ee8bd6a6513be7ecd6125e20b050b08653ff2426aa77d,60,5,3,2,67108864,14657495,14656082,1413,188331,592603,195233,592603,281,431,2032,2032,60,0,0,0,0,0,0,0,0,0,0,0,0,39276,0.150220
holdout,syn-small-world-50000-k8-r10-v1,08abafb16a2f58def0f2310fdedc18d5cdc4870e51b2f3f4cda02b2c8a04de55,hot-pool,10,bursty,83,0,0,COLD,aecec075a1dc8438bc6e8113662185988816142d6d1b290a8a3d132c87d5c5ed,60,5,3,2,16777216,13412664,13411471,1193,173563,519758,174596,519758,161,441,0,0,60,0,0,0,0,0,0,0,0,0,0,0,0,38492,0.156114
holdout,syn-small-world-50000-k8-r10-v1,08abafb16a2f58def0f2310fdedc18d5cdc4870e51b2f3f4cda02b2c8a04de55,hot-pool,10,bursty,83,0,1,B3L,aecec075a1dc8438bc6e8113662185988816142d6d1b290a8a3d132c87d5c5ed,60,5,3,2,16777216,296951898,296937772,14126,270,23247536,261,23247536,942,8666,15400112,15400112,13,47,0,6,0,0,0,0,0,0,0,0,0,57648,0.434045
holdout,syn-small-world-50000-k8-r10-v1,08abafb16a2f58def0f2310fdedc18d5cdc4870e51b2f3f4cda02b2c8a04de55,hot-pool,10,bursty,83,0,2,FREQ-LRU-REPAIR,aecec075a1dc8438bc6e8113662185988816142d6d1b290a8a3d132c87d5c5ed,60,5,3,2,16777216,104343423,104327693,15730,441,24300036,331,24300036,1413,9387,8800560,8800560,24,36,4,0,4,0,0,0,17,0,3,0,0,47912,0.240109
holdout,syn-small-world-50000-k8-r10-v1,08abafb16a2f58def0f2310fdedc18d5cdc4870e51b2f3f4cda02b2c8a04de55,hot-pool,10,bursty,83,0,3,ADES,aecec075a1dc8438bc6e8113662185988816142d6d1b290a8a3d132c87d5c5ed,60,5,3,2,16777216,14864562,14863109,1453,190865,568739,198560,568739,241,601,192,192,60,0,0,0,0,0,0,0,0,0,0,0,0,39380,0.149678
holdout,syn-small-world-50000-k8-r10-v1,08abafb16a2f58def0f2310fdedc18d5cdc4870e51b2f3f4cda02b2c8a04de55,hot-pool,10,bursty,83,0,4,ADES-V2,aecec075a1dc8438bc6e8113662185988816142d6d1b290a8a3d132c87d5c5ed,60,5,3,2,16777216,15226243,15224900,1343,206184,569871,209520,569871,230,511,2032,2032,60,0,0,0,0,0,0,0,0,0,0,0,0,39924,0.151115
holdout,syn-small-world-50000-k8-r10-v1,08abafb16a2f58def0f2310fdedc18d5cdc4870e51b2f3f4cda02b2c8a04de55,hot-pool,10,bursty,83,0,0,B3L,aecec075a1dc8438bc6e8113662185988816142d6d1b290a8a3d132c87d5c5ed,60,5,3,2,67108864,290871239,290856943,14296,271,24897694,271,24897694,782,9056,26400192,26400192,12,48,0,0,0,0,0,0,0,0,0,0,0,66296,0.427815
holdout,syn-small-world-50000-k8-r10-v1,08abafb16a2f58def0f2310fdedc18d5cdc4870e51b2f3f4cda02b2c8a04de55,hot-pool,10,bursty,83,0,1,FREQ-LRU-REPAIR,aecec075a1dc8438bc6e8113662185988816142d6d1b290a8a3d132c87d5c5ed,60,5,3,2,67108864,99651005,99634845,16160,401,23379036,321,23379036,1462,9829,8800560,8800560,24,36,4,0,4,0,0,0,17,0,3,0,0,47916,0.237207
holdout,syn-small-world-50000-k8-r10-v1,08abafb16a2f58def0f2310fdedc18d5cdc4870e51b2f3f4cda02b2c8a04de55,hot-pool,10,bursty,83,0,2,ADES,aecec075a1dc8438bc6e8113662185988816142d6d1b290a8a3d132c87d5c5ed,60,5,3,2,67108864,15037825,15036564,1261,199982,561556,209410,561556,241,440,192,192,60,0,0,0,0,0,0,0,0,0,0,0,0,38780,0.148020
holdout,syn-small-world-50000-k8-r10-v1,08abafb16a2f58def0f2310fdedc18d5cdc4870e51b2f3f4cda02b2c8a04de55,hot-pool,10,bursty,83,0,3,ADES-V2,aecec075a1dc8438bc6e8113662185988816142d6d1b290a8a3d132c87d5c5ed,60,5,3,2,67108864,14859273,14858019,1254,201155,580261,203209,580261,261,381,2032,2032,60,0,0,0,0,0,0,0,0,0,0,0,0,38772,0.150187
holdout,syn-small-world-50000-k8-r10-v1,08abafb16a2f58def0f2310fdedc18d5cdc4870e51b2f3f4cda02b2c8a04de55,hot-pool,10,bursty,83,0,4,COLD,aecec075a1dc8438bc6e8113662185988816142d6d1b290a8a3d132c87d5c5ed,60,5,3,2,67108864,15892303,15890810,1493,212726,567917,217485,567917,261,541,0,0,60,0,0,0,0,0,0,0,0,0,0,0,0,39856,0.151121
holdout,syn-small-world-50000-k8-r10-v1,08abafb16a2f58def0f2310fdedc18d5cdc4870e51b2f3f4cda02b2c8a04de55,hot-pool,10,repeated-edge,43,0,0,B3L,48204926b3d88d8c37da986b564301690549a5bc5838b4b90481fb0c965f651b,60,5,3,2,16777216,434425924,434401561,24363,591,23767786,531,23767786,4959,8395,15400112,15400112,19,41,0,12,0,0,0,0,0,0,0,0,0,56400,0.572868
holdout,syn-small-world-50000-k8-r10-v1,08abafb16a2f58def0f2310fdedc18d5cdc4870e51b2f3f4cda02b2c8a04de55,hot-pool,10,repeated-edge,43,0,1,FREQ-LRU-REPAIR,48204926b3d88d8c37da986b564301690549a5bc5838b4b90481fb0c965f651b,60,5,3,2,16777216,90126875,90113520,13355,601,20266778,421,20266778,2194,4939,8800624,8800624,28,32,4,0,4,0,0,0,2,6,6,0,0,47896,0.223832
holdout,syn-small-world-50000-k8-r10-v1,08abafb16a2f58def0f2310fdedc18d5cdc4870e51b2f3f4cda02b2c8a04de55,hot-pool,10,repeated-edge,43,0,2,ADES,48204926b3d88d8c37da986b564301690549a5bc5838b4b90481fb0c965f651b,60,5,3,2,16777216,13584926,13583385,1541,198881,420894,209961,420894,290,411,256,256,60,0,0,0,0,0,0,0,0,0,0,0,0,40084,0.144594
holdout,syn-small-world-50000-k8-r10-v1,08abafb16a2f58def0f2310fdedc18d5cdc4870e51b2f3f4cda02b2c8a04de55,hot-pool,10,repeated-edge,43,0,3,ADES-V2,48204926b3d88d8c37da986b564301690549a5bc5838b4b90481fb0c965f651b,60,5,3,2,16777216,13604222,13602798,1424,197377,423068,201274,423068,261,401,2032,2032,60,0,0,0,0,0,0,0,0,0,0,0,0,39988,0.146245
holdout,syn-small-world-50000-k8-r10-v1,08abafb16a2f58def0f2310fdedc18d5cdc4870e51b2f3f4cda02b2c8a04de55,hot-pool,10,repeated-edge,43,0,4,COLD,48204926b3d88d8c37da986b564301690549a5bc5838b4b90481fb0c965f651b,60,5,3,2,16777216,13544141,13542468,1673,205122,426103,209239,426103,310,451,0,0,60,0,0,0,0,0,0,0,0,0,0,0,0,39884,0.146591
holdout,syn-small-world-50000-k8-r10-v1,08abafb16a2f58def0f2310fdedc18d5cdc4870e51b2f3f4cda02b2c8a04de55,hot-pool,10,repeated-edge,43,0,0,FREQ-LRU-REPAIR,48204926b3d88d8c37da986b564301690549a5bc5838b4b90481fb0c965f651b,60,5,3,2,67108864,102379676,102364328,15348,781,22854316,461,22854316,3126,5029,8800624,8800624,28,32,4,0,4,0,0,0,2,6,6,0,0,48460,0.237233
holdout,syn-small-world-50000-k8-r10-v1,08abafb16a2f58def0f2310fdedc18d5cdc4870e51b2f3f4cda02b2c8a04de55,hot-pool,10,repeated-edge,43,0,1,ADES,48204926b3d88d8c37da986b564301690549a5bc5838b4b90481fb0c965f651b,60,5,3,2,67108864,13903930,13902738,1192,202847,435741,208328,435741,191,411,256,256,60,0,0,0,0,0,0,0,0,0,0,0,0,38856,0.146761
holdout,syn-small-world-50000-k8-r10-v1,08abafb16a2f58def0f2310fdedc18d5cdc4870e51b2f3f4cda02b2c8a04de55,hot-pool,10,repeated-edge,43,0,2,ADES-V2,48204926b3d88d8c37da986b564301690549a5bc5838b4b90481fb0c965f651b,60,5,3,2,67108864,15025679,15024186,1493,216022,456731,220090,456731,281,431,2032,2032,60,0,0,0,0,0,0,0,0,0,0,0,0,38808,0.148786
holdout,syn-small-world-50000-k8-r10-v1,08abafb16a2f58def0f2310fdedc18d5cdc4870e51b2f3f4cda02b2c8a04de55,hot-pool,10,repeated-edge,43,0,3,COLD,48204926b3d88d8c37da986b564301690549a5bc5838b4b90481fb0c965f651b,60,5,3,2,67108864,13184009,13182898,1111,191517,428868,197117,428868,200,330,0,0,60,0,0,0,0,0,0,0,0,0,0,0,0,38604,0.149879
holdout,syn-small-world-50000-k8-r10-v1,08abafb16a2f58def0f2310fdedc18d5cdc4870e51b2f3f4cda02b2c8a04de55,hot-pool,10,repeated-edge,43,0,4,B3L,48204926b3d88d8c37da986b564301690549a5bc5838b4b90481fb0c965f651b,60,5,3,2,67108864,359540197,359494472,45725,470,22531726,420,22531726,7895,16100,35200256,35200256,16,44,0,0,0,0,0,0,0,0,0,0,0,73636,0.495058
holdout,syn-small-world-50000-k8-r10-v1,08abafb16a2f58def0f2310fdedc18d5cdc4870e51b2f3f4cda02b2c8a04de55,hot-pool,10,repeated-edge,59,0,0,FREQ-LRU-REPAIR,658683648550e5525e516977f3ac23e32a54937ed7bf303513bb46499d4428da,60,5,3,2,16777216,102820827,102814235,6592,561,22497191,391,22497191,1182,2254,8800592,8800592,26,34,4,0,4,0,0,0,16,0,0,0,0,49124,0.238422
holdout,syn-small-world-50000-k8-r10-v1,08abafb16a2f58def0f2310fdedc18d5cdc4870e51b2f3f4cda02b2c8a04de55,hot-pool,10,repeated-edge,59,0,1,ADES,658683648550e5525e516977f3ac23e32a54937ed7bf303513bb46499d4428da,60,5,3,2,16777216,14487406,14486205,1201,220882,460577,235728,460577,190,441,224,224,60,0,0,0,0,0,0,0,0,0,0,0,0,39988,0.154401
holdout,syn-small-world-50000-k8-r10-v1,08abafb16a2f58def0f2310fdedc18d5cdc4870e51b2f3f4cda02b2c8a04de55,hot-pool,10,repeated-edge,59,0,2,ADES-V2,658683648550e5525e516977f3ac23e32a54937ed7bf303513bb46499d4428da,60,5,3,2,16777216,15003699,15001544,2155,225430,499050,230299,499050,201,1142,2032,2032,60,0,0,0,0,0,0,0,0,0,0,0,0,39968,0.150045
holdout,syn-small-world-50000-k8-r10-v1,08abafb16a2f58def0f2310fdedc18d5cdc4870e51b2f3f4cda02b2c8a04de55,hot-pool,10,repeated-edge,59,0,3,COLD,658683648550e5525e516977f3ac23e32a54937ed7bf303513bb46499d4428da,60,5,3,2,16777216,14246578,14245267,1311,217496,477870,229467,477870,230,441,0,0,60,0,0,0,0,0,0,0,0,0,0,0,0,38512,0.147624
holdout,syn-small-world-50000-k8-r10-v1,08abafb16a2f58def0f2310fdedc18d5cdc4870e51b2f3f4cda02b2c8a04de55,hot-pool,10,repeated-edge,59,0,4,B3L,658683648550e5525e516977f3ac23e32a54937ed7bf303513bb46499d4428da,60,5,3,2,16777216,407755579,407751581,3998,501,25312203,411,25312203,802,1082,15400112,15400112,17,43,0,10,0,0,0,0,0,0,0,0,0,57656,0.545329
holdout,syn-small-world-50000-k8-r10-v1,08abafb16a2f58def0f2310fdedc18d5cdc4870e51b2f3f4cda02b2c8a04de55,hot-pool,10,repeated-edge,59,0,0,ADES,658683648550e5525e516977f3ac23e32a54937ed7bf303513bb46499d4428da,60,5,3,2,67108864,14159944,14158771,1173,223636,450729,225160,450729,191,411,224,224,60,0,0,0,0,0,0,0,0,0,0,0,0,40012,0.149326
holdout,syn-small-world-50000-k8-r10-v1,08abafb16a2f58def0f2310fdedc18d5cdc4870e51b2f3f4cda02b2c8a04de55,hot-pool,10,repeated-edge,59,0,1,ADES-V2,658683648550e5525e516977f3ac23e32a54937ed7bf303513bb46499d4428da,60,5,3,2,67108864,13487213,13485999,1214,204621,445069,210752,445069,191,411,2032,2032,60,0,0,0,0,0,0,0,0,0,0,0,0,38888,0.148099
holdout,syn-small-world-50000-k8-r10-v1,08abafb16a2f58def0f2310fdedc18d5cdc4870e51b2f3f4cda02b2c8a04de55,hot-pool,10,repeated-edge,59,0,2,COLD,658683648550e5525e516977f3ac23e32a54937ed7bf303513bb46499d4428da,60,5,3,2,67108864,12853536,12852183,1353,197097,417408,200764,417408,211,431,0,0,60,0,0,0,0,0,0,0,0,0,0,0,0,39872,0.145401
holdout,syn-small-world-50000-k8-r10-v1,08abafb16a2f58def0f2310fdedc18d5cdc4870e51b2f3f4cda02b2c8a04de55,hot-pool,10,repeated-edge,59,0,3,B3L,658683648550e5525e516977f3ac23e32a54937ed7bf303513bb46499d4428da,60,5,3,2,67108864,308681776,308677708,4068,370,24219047,350,24219047,951,962,30800224,30800224,14,46,0,0,0,0,0,0,0,0,0,0,0,69860,0.444105
holdout,syn-small-world-50000-k8-r10-v1,08abafb16a2f58def0f2310fdedc18d5cdc4870e51b2f3f4cda02b2c8a04de55,hot-pool,10,repeated-edge,59,0,4,FREQ-LRU-REPAIR,658683648550e5525e516977f3ac23e32a54937ed7bf303513bb46499d4428da,60,5,3,2,67108864,103710248,103703616,6632,661,24157443,370,24157443,1232,2355,8800592,8800592,26,34,4,0,4,0,0,0,16,0,0,0,0,47948,0.239344
holdout,syn-small-world-50000-k8-r10-v1,08abafb16a2f58def0f2310fdedc18d5cdc4870e51b2f3f4cda02b2c8a04de55,hot-pool,10,repeated-edge,83,0,0,ADES,c5f3cd8291472c7c75f752475e26f908e37ac421b09a2ea5d23de54fc5fdae7b,60,5,3,2,16777216,13229948,13228554,1394,169165,468222,172722,468222,271,361,112,112,60,0,0,0,0,0,0,0,0,0,0,0,0,40036,0.146817
holdout,syn-small-world-50000-k8-r10-v1,08abafb16a2f58def0f2310fdedc18d5cdc4870e51b2f3f4cda02b2c8a04de55,hot-pool,10,repeated-edge,83,0,1,ADES-V2,c5f3cd8291472c7c75f752475e26f908e37ac421b09a2ea5d23de54fc5fdae7b,60,5,3,2,16777216,13376085,13374542,1543,172351,470827,176149,470827,281,430,2032,2032,60,0,0,0,0,0,0,0,0,0,0,0,0,38832,0.148001
holdout,syn-small-world-50000-k8-r10-v1,08abafb16a2f58def0f2310fdedc18d5cdc4870e51b2f3f4cda02b2c8a04de55,hot-pool,10,repeated-edge,83,0,2,COLD,c5f3cd8291472c7c75f752475e26f908e37ac421b09a2ea5d23de54fc5fdae7b,60,5,3,2,16777216,13494369,13492845,1524,171200,473573,172882,473573,271,441,0,0,60,0,0,0,0,0,0,0,0,0,0,0,0,38816,0.147777
holdout,syn-small-world-50000-k8-r10-v1,08abafb16a2f58def0f2310fdedc18d5cdc4870e51b2f3f4cda02b2c8a04de55,hot-pool,10,repeated-edge,83,0,3,B3L,c5f3cd8291472c7c75f752475e26f908e37ac421b09a2ea5d23de54fc5fdae7b,60,5,3,2,16777216,156022937,156020382,2555,250,21200421,250,21200421,521,1012,15400112,15400112,7,53,0,0,0,0,0,0,0,0,0,0,0,54376,0.293490
holdout,syn-small-world-50000-k8-r10-v1,08abafb16a2f58def0f2310fdedc18d5cdc4870e51b2f3f4cda02b2c8a04de55,hot-pool,10,repeated-edge,83,0,4,FREQ-LRU-REPAIR,c5f3cd8291472c7c75f752475e26f908e37ac421b09a2ea5d23de54fc5fdae7b,60,5,3,2,16777216,93999458,93994199,5259,321,21612439,310,21612439,972,2024,8800480,8800480,19,41,4,0,4,0,0,0,15,0,0,0,0,49104,0.227878
holdout,syn-small-world-50000-k8-r10-v1,08abafb16a2f58def0f2310fdedc18d5cdc4870e51b2f3f4cda02b2c8a04de55,hot-pool,10,repeated-edge,83,0,0,ADES-V2,c5f3cd8291472c7c75f752475e26f908e37ac421b09a2ea5d23de54fc5fdae7b,60,5,3,2,67108864,14251584,14250482,1102,189333,482299,191687,482299,181,320,2032,2032,60,0,0,0,0,0,0,0,0,0,0,0,0,39420,0.147219
holdout,syn-small-world-50000-k8-r10-v1,08abafb16a2f58def0f2310fdedc18d5cdc4870e51b2f3f4cda02b2c8a04de55,hot-pool,10,repeated-edge,83,0,1,COLD,c5f3cd8291472c7c75f752475e26f908e37ac421b09a2ea5d23de54fc5fdae7b,60,5,3,2,67108864,12697601,12696269,1332,163715,461800,167943,461800,200,461,0,0,60,0,0,0,0,0,0,0,0,0,0,0,0,38660,0.145962
holdout,syn-small-world-50000-k8-r10-v1,08abafb16a2f58def0f2310fdedc18d5cdc4870e51b2f3f4cda02b2c8a04de55,hot-pool,10,repeated-edge,83,0,2,B3L,c5f3cd8291472c7c75f752475e26f908e37ac421b09a2ea5d23de54fc5fdae7b,60,5,3,2,67108864,147237378,147234845,2533,250,20243648,250,20243648,651,821,15400112,15400112,7,53,0,0,0,0,0,0,0,0,0,0,0,55476,0.279719
holdout,syn-small-world-50000-k8-r10-v1,08abafb16a2f58def0f2310fdedc18d5cdc4870e51b2f3f4cda02b2c8a04de55,hot-pool,10,repeated-edge,83,0,3,FREQ-LRU-REPAIR,c5f3cd8291472c7c75f752475e26f908e37ac421b09a2ea5d23de54fc5fdae7b,60,5,3,2,67108864,97295308,97289459,5849,331,22658358,321,22658358,921,2394,8800480,8800480,19,41,4,0,4,0,0,0,15,0,0,0,0,47904,0.231345
holdout,syn-small-world-50000-k8-r10-v1,08abafb16a2f58def0f2310fdedc18d5cdc4870e51b2f3f4cda02b2c8a04de55,hot-pool,10,repeated-edge,83,0,4,ADES,c5f3cd8291472c7c75f752475e26f908e37ac421b09a2ea5d23de54fc5fdae7b,60,5,3,2,67108864,14352708,14351395,1313,187229,484243,192318,484243,191,551,112,112,60,0,0,0,0,0,0,0,0,0,0,0,0,38832,0.148155
holdout,syn-small-world-50000-k8-r10-v1,08abafb16a2f58def0f2310fdedc18d5cdc4870e51b2f3f4cda02b2c8a04de55,zipf,2,bursty,43,0,0,ADES-V2,1ee1f04e17b97f01cfb50d15fef6b35caa576383a72c7b70578b03012233f5d2,60,29,15,14,16777216,12886722,12879272,7450,110496,423079,202858,442715,251,380,2032,2032,60,0,0,0,0,0,0,0,0,0,0,0,0,40052,0.147175
holdout,syn-small-world-50000-k8-r10-v1,08abafb16a2f58def0f2310fdedc18d5cdc4870e51b2f3f4cda02b2c8a04de55,zipf,2,bursty,43,0,1,COLD,1ee1f04e17b97f01cfb50d15fef6b35caa576383a72c7b70578b03012233f5d2,60,29,15,14,16777216,11477987,11471558,6429,94686,382423,181178,391139,181,371,0,0,60,0,0,0,0,0,0,0,0,0,0,0,0,39868,0.143337
holdout,syn-small-world-50000-k8-r10-v1,08abafb16a2f58def0f2310fdedc18d5cdc4870e51b2f3f4cda02b2c8a04de55,zipf,2,bursty,43,0,2,B3L,1ee1f04e17b97f01cfb50d15fef6b35caa576383a72c7b70578b03012233f5d2,60,29,15,14,16777216,106235076,106187920,47156,240,19962834,151,20275197,340,3547,11000080,11000080,5,55,0,0,0,0,0,0,0,0,0,0,0,51752,0.241861
holdout,syn-small-world-50000-k8-r10-v1,08abafb16a2f58def0f2310fdedc18d5cdc4870e51b2f3f4cda02b2c8a04de55,zipf,2,bursty,43,0,3,FREQ-LRU-REPAIR,1ee1f04e17b97f01cfb50d15fef6b35caa576383a72c7b70578b03012233f5d2,60,29,15,14,16777216,89907147,89840885,66262,471,651565,291,19831800,1222,3316,8800448,8800448,17,43,4,0,4,0,0,0,85,4,3,0,0,49112,0.222696
holdout,syn-small-world-50000-k8-r10-v1,08abafb16a2f58def0f2310fdedc18d5cdc4870e51b2f3f4cda02b2c8a04de55,zipf,2,bursty,43,0,4,ADES,1ee1f04e17b97f01cfb50d15fef6b35caa576383a72c7b70578b03012233f5d2,60,29,15,14,16777216,11938017,11931585,6432,98785,403983,186087,417018,220,361,80,80,60,0,0,0,0,0,0,0,0,0,0,0,0,39408,0.143167
holdout,syn-small-world-50000-k8-r10-v1,08abafb16a2f58def0f2310fdedc18d5cdc4870e51b2f3f4cda02b2c8a04de55,zipf,2,bursty,43,0,0,COLD,1ee1f04e17b97f01cfb50d15fef6b35caa576383a72c7b70578b03012233f5d2,60,29,15,14,67108864,13604754,13597893,6861,105146,452914,210753,465468,180,451,0,0,60,0,0,0,0,0,0,0,0,0,0,0,0,39768,0.148736
holdout,syn-small-world-50000-k8-r10-v1,08abafb16a2f58def0f2310fdedc18d5cdc4870e51b2f3f4cda02b2c8a04de55,zipf,2,bursty,43,0,1,B3L,1ee1f04e17b97f01cfb50d15fef6b35caa576383a72c7b70578b03012233f5d2,60,29,15,14,67108864,109816631,109775625,41006,180,19559315,141,19640485,290,3046,11000080,11000080,5,55,0,0,0,0,0,0,0,0,0,0,0,51292,0.245706
holdout,syn-small-world-50000-k8-r10-v1,08abafb16a2f58def0f2310fdedc18d5cdc4870e51b2f3f4cda02b2c8a04de55,zipf,2,bursty,43,0,2,FREQ-LRU-REPAIR,1ee1f04e17b97f01cfb50d15fef6b35caa576383a72c7b70578b03012233f5d2,60,29,15,14,67108864,85410443,85345632,64811,591,623572,280,18653477,1283,3186,8800448,8800448,17,43,4,0,4,0,0,0,85,4,3,0,0,47928,0.218220
holdout,syn-small-world-50000-k8-r10-v1,08abafb16a2f58def0f2310fdedc18d5cdc4870e51b2f3f4cda02b2c8a04de55,zipf,2,bursty,43,0,3,ADES,1ee1f04e17b97f01cfb50d15fef6b35caa576383a72c7b70578b03012233f5d2,60,29,15,14,67108864,12391522,12384684,6838,99144,421014,206134,424781,240,380,80,80,60,0,0,0,0,0,0,0,0,0,0,0,0,40016,0.145973
holdout,syn-small-world-50000-k8-r10-v1,08abafb16a2f58def0f2310fdedc18d5cdc4870e51b2f3f4cda02b2c8a04de55,zipf,2,bursty,43,0,4,ADES-V2,1ee1f04e17b97f01cfb50d15fef6b35caa576383a72c7b70578b03012233f5d2,60,29,15,14,67108864,12555892,12549322,6570,100778,406647,201385,429991,190,391,2032,2032,60,0,0,0,0,0,0,0,0,0,0,0,0,40004,0.147496
holdout,syn-small-world-50000-k8-r10-v1,08abafb16a2f58def0f2310fdedc18d5cdc4870e51b2f3f4cda02b2c8a04de55,zipf,2,bursty,59,0,0,COLD,5d8a1f242202d95ff05f551455365eb9c2162c9c7831167e4f8be0a6a6186057,60,29,15,14,16777216,14638289,14631208,7081,140692,444679,235128,451751,240,451,0,0,60,0,0,0,0,0,0,0,0,0,0,0,0,38624,0.151852
holdout,syn-small-world-50000-k8-r10-v1,08abafb16a2f58def0f2310fdedc18d5cdc4870e51b2f3f4cda02b2c8a04de55,zipf,2,bursty,59,0,1,B3L,5d8a1f242202d95ff05f551455365eb9c2162c9c7831167e4f8be0a6a6186057,60,29,15,14,16777216,163257836,163157859,99977,270,25443703,160,25578874,510,36268,13200096,13200096,6,54,0,0,0,0,0,0,0,0,0,0,0,52084,0.300144
holdout,syn-small-world-50000-k8-r10-v1,08abafb16a2f58def0f2310fdedc18d5cdc4870e51b2f3f4cda02b2c8a04de55,zipf,2,bursty,59,0,2,FREQ-LRU-REPAIR,5d8a1f242202d95ff05f551455365eb9c2162c9c7831167e4f8be0a6a6186057,60,29,15,14,16777216,99744689,99669131,75558,712,568839,290,23226684,1002,7554,8800464,8800464,18,42,4,0,4,0,0,0,73,4,3,0,0,49100,0.235457
holdout,syn-small-world-50000-k8-r10-v1,08abafb16a2f58def0f2310fdedc18d5cdc4870e51b2f3f4cda02b2c8a04de55,zipf,2,bursty,59,0,3,ADES,5d8a1f242202d95ff05f551455365eb9c2162c9c7831167e4f8be0a6a6186057,60,29,15,14,16777216,14685009,14678195,6814,133529,476457,230730,523315,240,401,96,96,60,0,0,0,0,0,0,0,0,0,0,0,0,38892,0.149293
holdout,syn-small-world-50000-k8-r10-v1,08abafb16a2f58def0f2310fdedc18d5cdc4870e51b2f3f4cda02b2c8a04de55,zipf,2,bursty,59,0,4,ADES-V2,5d8a1f242202d95ff05f551455365eb9c2162c9c7831167e4f8be0a6a6186057,60,29,15,14,16777216,13728450,13721277,7173,120975,423459,222133,486616,240,401,2032,2032,60,0,0,0,0,0,0,0,0,0,0,0,0,38820,0.147786
holdout,syn-small-world-50000-k8-r10-v1,08abafb16a2f58def0f2310fdedc18d5cdc4870e51b2f3f4cda02b2c8a04de55,zipf,2,bursty,59,0,0,B3L,5d8a1f242202d95ff05f551455365eb9c2162c9c7831167e4f8be0a6a6186057,60,29,15,14,67108864,148180274,148067434,112840,271,23853250,210,23980367,491,42198,13200096,13200096,6,54,0,0,0,0,0,0,0,0,0,0,0,52608,0.284910
holdout,syn-small-world-50000-k8-r10-v1,08abafb16a2f58def0f2310fdedc18d5cdc4870e51b2f3f4cda02b2c8a04de55,zipf,2,bursty,59,0,1,FREQ-LRU-REPAIR,5d8a1f242202d95ff05f551455365eb9c2162c9c7831167e4f8be0a6a6186057,60,29,15,14,67108864,97252796,97183818,68978,521,641815,251,21725759,1051,6292,8800464,8800464,18,42,4,0,4,0,0,0,73,4,3,0,0,49572,0.235334
holdout,syn-small-world-50000-k8-r10-v1,08abafb16a2f58def0f2310fdedc18d5cdc4870e51b2f3f4cda02b2c8a04de55,zipf,2,bursty,59,0,2,ADES,5d8a1f242202d95ff05f551455365eb9c2162c9c7831167e4f8be0a6a6186057,60,29,15,14,67108864,14400473,14393735,6738,122749,455849,223967,525388,240,360,96,96,60,0,0,0,0,0,0,0,0,0,0,0,0,38808,0.148069
holdout,syn-small-world-50000-k8-r10-v1,08abafb16a2f58def0f2310fdedc18d5cdc4870e51b2f3f4cda02b2c8a04de55,zipf,2,bursty,59,0,3,ADES-V2,5d8a1f242202d95ff05f551455365eb9c2162c9c7831167e4f8be0a6a6186057,60,29,15,14,67108864,14728724,14721209,7515,133208,459245,234707,501574,251,421,2032,2032,60,0,0,0,0,0,0,0,0,0,0,0,0,39936,0.150850
holdout,syn-small-world-50000-k8-r10-v1,08abafb16a2f58def0f2310fdedc18d5cdc4870e51b2f3f4cda02b2c8a04de55,zipf,2,bursty,59,0,4,COLD,5d8a1f242202d95ff05f551455365eb9c2162c9c7831167e4f8be0a6a6186057,60,29,15,14,67108864,15099143,15092093,7050,139130,464315,233655,497587,230,521,0,0,60,0,0,0,0,0,0,0,0,0,0,0,0,39116,0.151867
holdout,syn-small-world-50000-k8-r10-v1,08abafb16a2f58def0f2310fdedc18d5cdc4870e51b2f3f4cda02b2c8a04de55,zipf,2,bursty,83,0,0,B3L,5ad4d268070e5ba78e01026dcb73e40a5eefce59f7276d872e5c2689661afa0d,60,29,15,14,16777216,177450037,177359952,90085,300,25042495,170,25173579,551,10669,15400112,15400112,7,53,0,0,0,0,0,0,0,0,0,0,0,54256,0.315481
holdout,syn-small-world-50000-k8-r10-v1,08abafb16a2f58def0f2310fdedc18d5cdc4870e51b2f3f4cda02b2c8a04de55,zipf,2,bursty,83,0,1,FREQ-LRU-REPAIR,5ad4d268070e5ba78e01026dcb73e40a5eefce59f7276d872e5c2689661afa0d,60,29,15,14,16777216,101928605,101855146,73459,451,610497,310,23521392,1102,8877,8800480,8800480,19,41,4,0,4,0,0,0,68,5,7,0,0,47884,0.236981
holdout,syn-small-world-50000-k8-r10-v1,08abafb16a2f58def0f2310fdedc18d5cdc4870e51b2f3f4cda02b2c8a04de55,zipf,2,bursty,83,0,2,ADES,5ad4d268070e5ba78e01026dcb73e40a5eefce59f7276d872e5c2689661afa0d,60,29,15,14,16777216,15545732,15537314,8418,134100,499641,212796,529987,270,441,112,112,60,0,0,0,0,0,0,0,0,0,0,0,0,39360,0.154236
holdout,syn-small-world-50000-k8-r10-v1,08abafb16a2f58def0f2310fdedc18d5cdc4870e51b2f3f4cda02b2c8a04de55,zipf,2,bursty,83,0,3,ADES-V2,5ad4d268070e5ba78e01026dcb73e40a5eefce59f7276d872e5c2689661afa0d,60,29,15,14,16777216,13634616,13627355,7261,113982,441953,197407,480815,250,360,2032,2032,60,0,0,0,0,0,0,0,0,0,0,0,0,39956,0.151545
holdout,syn-small-world-50000-k8-r10-v1,08abafb16a2f58def0f2310fdedc18d5cdc4870e51b2f3f4cda02b2c8a04de55,zipf,2,bursty,83,0,4,COLD,5ad4d268070e5ba78e01026dcb73e40a5eefce59f7276d872e5c2689661afa0d,60,29,15,14,16777216,14041506,14033844,7662,119242,457883,195755,490384,251,481,0,0,60,0,0,0,0,0,0,0,0,0,0,0,0,39780,0.154594
holdout,syn-small-world-50000-k8-r10-v1,08abafb16a2f58def0f2310fdedc18d5cdc4870e51b2f3f4cda02b2c8a04de55,zipf,2,bursty,83,0,0,FREQ-LRU-REPAIR,5ad4d268070e5ba78e01026dcb73e40a5eefce59f7276d872e5c2689661afa0d,60,29,15,14,67108864,103814865,103734284,80581,611,563680,321,23692220,1163,9568,8800480,8800480,19,41,4,0,4,0,0,0,68,5,7,0,0,48024,0.238812
holdout,syn-small-world-50000-k8-r10-v1,08abafb16a2f58def0f2310fdedc18d5cdc4870e51b2f3f4cda02b2c8a04de55,zipf,2,bursty,83,0,1,ADES,5ad4d268070e5ba78e01026dcb73e40a5eefce59f7276d872e5c2689661afa0d,60,29,15,14,67108864,14664475,14657624,6851,135673,481055,216243,488730,241,321,112,112,60,0,0,0,0,0,0,0,0,0,0,0,0,39988,0.149748
holdout,syn-small-world-50000-k8-r10-v1,08abafb16a2f58def0f2310fdedc18d5cdc4870e51b2f3f4cda02b2c8a04de55,zipf,2,bursty,83,0,2,ADES-V2,5ad4d268070e5ba78e01026dcb73e40a5eefce59f7276d872e5c2689661afa0d,60,29,15,14,67108864,14239202,14231878,7324,121486,488059,203419,509178,251,311,2032,2032,60,0,0,0,0,0,0,0,0,0,0,0,0,40048,0.149346
holdout,syn-small-world-50000-k8-r10-v1,08abafb16a2f58def0f2310fdedc18d5cdc4870e51b2f3f4cda02b2c8a04de55,zipf,2,bursty,83,0,3,COLD,5ad4d268070e5ba78e01026dcb73e40a5eefce59f7276d872e5c2689661afa0d,60,29,15,14,67108864,14571260,14563798,7462,123951,486275,205462,498939,250,381,0,0,60,0,0,0,0,0,0,0,0,0,0,0,0,39756,0.150417
holdout,syn-small-world-50000-k8-r10-v1,08abafb16a2f58def0f2310fdedc18d5cdc4870e51b2f3f4cda02b2c8a04de55,zipf,2,bursty,83,0,4,B3L,5ad4d268070e5ba78e01026dcb73e40a5eefce59f7276d872e5c2689661afa0d,60,29,15,14,67108864,180958989,180865839,93150,281,25684991,190,25798873,592,10239,15400112,15400112,7,53,0,0,0,0,0,0,0,0,0,0,0,55492,0.318615
holdout,syn-small-world-50000-k8-r10-v1,08abafb16a2f58def0f2310fdedc18d5cdc4870e51b2f3f4cda02b2c8a04de55,zipf,2,repeated-edge,43,0,0,FREQ-LRU-REPAIR,76f77cb63a29aa2ddb1de7fc45b81574c79b6b3c495b2a0cbf8b0f72a2de5280,60,29,15,14,16777216,78433065,78414021,19044,481,570713,301,692780,561,1703,6600436,6600436,21,39,3,0,3,0,0,0,63,0,0,0,0,45680,0.214709
holdout,syn-small-world-50000-k8-r10-v1,08abafb16a2f58def0f2310fdedc18d5cdc4870e51b2f3f4cda02b2c8a04de55,zipf,2,repeated-edge,43,0,1,ADES,76f77cb63a29aa2ddb1de7fc45b81574c79b6b3c495b2a0cbf8b0f72a2de5280,60,29,15,14,16777216,12637805,12631691,6114,110977,422898,198530,426565,191,270,160,160,60,0,0,0,0,0,0,0,0,0,0,0,0,40080,0.147820
holdout,syn-small-world-50000-k8-r10-v1,08abafb16a2f58def0f2310fdedc18d5cdc4870e51b2f3f4cda02b2c8a04de55,zipf,2,repeated-edge,43,0,2,ADES-V2,76f77cb63a29aa2ddb1de7fc45b81574c79b6b3c495b2a0cbf8b0f72a2de5280,60,29,15,14,16777216,13561908,13554648,7260,116537,477149,203750,480915,261,310,2032,2032,60,0,0,0,0,0,0,0,0,0,0,0,0,38836,0.149152
holdout,syn-small-world-50000-k8-r10-v1,08abafb16a2f58def0f2310fdedc18d5cdc4870e51b2f3f4cda02b2c8a04de55,zipf,2,repeated-edge,43,0,3,COLD,76f77cb63a29aa2ddb1de7fc45b81574c79b6b3c495b2a0cbf8b0f72a2de5280,60,29,15,14,16777216,13315115,13308923,6192,115364,467771,200644,501564,191,291,0,0,60,0,0,0,0,0,0,0,0,0,0,0,0,38680,0.147870
holdout,syn-small-world-50000-k8-r10-v1,08abafb16a2f58def0f2310fdedc18d5cdc4870e51b2f3f4cda02b2c8a04de55,zipf,2,repeated-edge,43,0,4,B3L,76f77cb63a29aa2ddb1de7fc45b81574c79b6b3c495b2a0cbf8b0f72a2de5280,60,29,15,14,16777216,274196184,274184499,11685,260,25533890,260,25585907,251,1012,15400112,15400112,11,49,0,4,0,0,0,0,0,0,0,0,0,57028,0.410575
holdout,syn-small-world-50000-k8-r10-v1,08abafb16a2f58def0f2310fdedc18d5cdc4870e51b2f3f4cda02b2c8a04de55,zipf,2,repeated-edge,43,0,0,ADES,76f77cb63a29aa2ddb1de7fc45b81574c79b6b3c495b2a0cbf8b0f72a2de5280,60,29,15,14,67108864,13132692,13126189,6503,115184,451471,194863,458203,201,310,160,160,60,0,0,0,0,0,0,0,0,0,0,0,0,38920,0.147102
holdout,syn-small-world-50000-k8-r10-v1,08abafb16a2f58def0f2310fdedc18d5cdc4870e51b2f3f4cda02b2c8a04de55,zipf,2,repeated-edge,43,0,1,ADES-V2,76f77cb63a29aa2ddb1de7fc45b81574c79b6b3c495b2a0cbf8b0f72a2de5280,60,29,15,14,67108864,13449528,13443161,6367,117439,464295,206805,483080,210,311,2032,2032,60,0,0,0,0,0,0,0,0,0,0,0,0,38732,0.148949
holdout,syn-small-world-50000-k8-r10-v1,08abafb16a2f58def0f2310fdedc18d5cdc4870e51b2f3f4cda02b2c8a04de55,zipf,2,repeated-edge,43,0,2,COLD,76f77cb63a29aa2ddb1de7fc45b81574c79b6b3c495b2a0cbf8b0f72a2de5280,60,29,15,14,67108864,12679698,12673647,6051,108592,446352,193219,454317,191,341,0,0,60,0,0,0,0,0,0,0,0,0,0,0,0,38672,0.148641
holdout,syn-small-world-50000-k8-r10-v1,08abafb16a2f58def0f2310fdedc18d5cdc4870e51b2f3f4cda02b2c8a04de55,zipf,2,repeated-edge,43,0,3,B3L,76f77cb63a29aa2ddb1de7fc45b81574c79b6b3c495b2a0cbf8b0f72a2de5280,60,29,15,14,67108864,237275201,237264840,10361,251,23230499,261,23783889,160,1013,22000160,22000160,10,50,0,0,0,0,0,0,0,0,0,0,0,60688,0.373141
holdout,syn-small-world-50000-k8-r10-v1,08abafb16a2f58def0f2310fdedc18d5cdc4870e51b2f3f4cda02b2c8a04de55,zipf,2,repeated-edge,43,0,4,FREQ-LRU-REPAIR,76f77cb63a29aa2ddb1de7fc45b81574c79b6b3c495b2a0cbf8b0f72a2de5280,60,29,15,14,67108864,74547668,74529496,18172,501,526260,311,727816,561,1533,6600436,6600436,21,39,3,0,3,0,0,0,63,0,0,0,0,45700,0.209893
holdout,syn-small-world-50000-k8-r10-v1,08abafb16a2f58def0f2310fdedc18d5cdc4870e51b2f3f4cda02b2c8a04de55,zipf,2,repeated-edge,59,0,0,ADES,61c02c3d018f128faebbe26d40612303356ea5fc3c0ad8cdfe2028b6630245b1,60,29,15,14,16777216,13708125,13701064,7061,126606,549123,186618,553811,211,380,96,96,60,0,0,0,0,0,0,0,0,0,0,0,0,38820,0.150471
holdout,syn-small-world-50000-k8-r10-v1,08abafb16a2f58def0f2310fdedc18d5cdc4870e51b2f3f4cda02b2c8a04de55,zipf,2,repeated-edge,59,0,1,ADES-V2,61c02c3d018f128faebbe26d40612303356ea5fc3c0ad8cdfe2028b6630245b1,60,29,15,14,16777216,13727160,13720746,6414,119923,535728,181788,548061,191,291,2032,2032,60,0,0,0,0,0,0,0,0,0,0,0,0,40492,0.150276
holdout,syn-small-world-50000-k8-r10-v1,08abafb16a2f58def0f2310fdedc18d5cdc4870e51b2f3f4cda02b2c8a04de55,zipf,2,repeated-edge,59,0,2,COLD,61c02c3d018f128faebbe26d40612303356ea5fc3c0ad8cdfe2028b6630245b1,60,29,15,14,16777216,13415083,13396439,18644,121005,489712,178021,519127,201,722,0,0,60,0,0,0,0,0,0,0,0,0,0,0,0,39832,0.148427
holdout,syn-small-world-50000-k8-r10-v1,08abafb16a2f58def0f2310fdedc18d5cdc4870e51b2f3f4cda02b2c8a04de55,zipf,2,repeated-edge,59,0,3,B3L,61c02c3d018f128faebbe26d40612303356ea5fc3c0ad8cdfe2028b6630245b1,60,29,15,14,16777216,142335604,142329108,6496,161,22664835,230,23698790,100,752,13200096,13200096,6,54,0,0,0,0,0,0,0,0,0,0,0,53316,0.278949
holdout,syn-small-world-50000-k8-r10-v1,08abafb16a2f58def0f2310fdedc18d5cdc4870e51b2f3f4cda02b2c8a04de55,zipf,2,repeated-edge,59,0,4,FREQ-LRU-REPAIR,61c02c3d018f128faebbe26d40612303356ea5fc3c0ad8cdfe2028b6630245b1,60,29,15,14,16777216,105391075,105368545,22530,551,598445,300,22880267,642,1272,8800464,8800464,18,42,4,0,4,0,0,0,88,0,0,0,0,49088,0.240523
holdout,syn-small-world-50000-k8-r10-v1,08abafb16a2f58def0f2310fdedc18d5cdc4870e51b2f3f4cda02b2c8a04de55,zipf,2,repeated-edge,59,0,0,ADES-V2,61c02c3d018f128faebbe26d40612303356ea5fc3c0ad8cdfe2028b6630245b1,60,29,15,14,67108864,13441905,13435003,6902,110245,524146,175416,549473,201,391,2032,2032,60,0,0,0,0,0,0,0,0,0,0,0,0,38904,0.149663
holdout,syn-small-world-50000-k8-r10-v1,08abafb16a2f58def0f2310fdedc18d5cdc4870e51b2f3f4cda02b2c8a04de55,zipf,2,repeated-edge,59,0,1,COLD,61c02c3d018f128faebbe26d40612303356ea5fc3c0ad8cdfe2028b6630245b1,60,29,15,14,67108864,12936055,12929864,6191,111728,449297,175266,493519,190,321,0,0,60,0,0,0,0,0,0,0,0,0,0,0,0,39812,0.147358
holdout,syn-small-world-50000-k8-r10-v1,08abafb16a2f58def0f2310fdedc18d5cdc4870e51b2f3f4cda02b2c8a04de55,zipf,2,repeated-edge,59,0,2,B3L,61c02c3d018f128faebbe26d40612303356ea5fc3c0ad8cdfe2028b6630245b1,60,29,15,14,67108864,143997514,143990744,6770,160,22755765,240,22822269,100,882,13200096,13200096,6,54,0,0,0,0,0,0,0,0,0,0,0,53388,0.279166
holdout,syn-small-world-50000-k8-r10-v1,08abafb16a2f58def0f2310fdedc18d5cdc4870e51b2f3f4cda02b2c8a04de55,zipf,2,repeated-edge,59,0,3,FREQ-LRU-REPAIR,61c02c3d018f128faebbe26d40612303356ea5fc3c0ad8cdfe2028b6630245b1,60,29,15,14,67108864,101050062,101026658,23404,491,596461,311,23789170,641,1753,8800464,8800464,18,42,4,0,4,0,0,0,88,0,0,0,0,47876,0.235703
holdout,syn-small-world-50000-k8-r10-v1,08abafb16a2f58def0f2310fdedc18d5cdc4870e51b2f3f4cda02b2c8a04de55,zipf,2,repeated-edge,59,0,4,ADES,61c02c3d018f128faebbe26d40612303356ea5fc3c0ad8cdfe2028b6630245b1,60,29,15,14,67108864,13946924,13941073,5851,131165,542821,180205,580792,190,291,96,96,60,0,0,0,0,0,0,0,0,0,0,0,0,38800,0.148322
holdout,syn-small-world-50000-k8-r10-v1,08abafb16a2f58def0f2310fdedc18d5cdc4870e51b2f3f4cda02b2c8a04de55,zipf,2,repeated-edge,83,0,0,ADES-V2,2bae40049ace0e257af779538c05b60d27b932bfe2096ce0dcf672a8e5292baa,60,29,15,14,16777216,14008050,14002173,5877,147374,491556,209320,492107,190,281,2032,2032,60,0,0,0,0,0,0,0,0,0,0,0,0,40004,0.152191
holdout,syn-small-world-50000-k8-r10-v1,08abafb16a2f58def0f2310fdedc18d5cdc4870e51b2f3f4cda02b2c8a04de55,zipf,2,repeated-edge,83,0,1,COLD,2bae40049ace0e257af779538c05b60d27b932bfe2096ce0dcf672a8e5292baa,60,29,15,14,16777216,15482821,15476027,6794,159546,522724,226161,523635,210,290,0,0,60,0,0,0,0,0,0,0,0,0,0,0,0,39788,0.152012
holdout,syn-small-world-50000-k8-r10-v1,08abafb16a2f58def0f2310fdedc18d5cdc4870e51b2f3f4cda02b2c8a04de55,zipf,2,repeated-edge,83,0,2,B3L,2bae40049ace0e257af779538c05b60d27b932bfe2096ce0dcf672a8e5292baa,60,29,15,14,16777216,136687380,136682042,5338,150,21410480,240,22092680,100,611,13200096,13200096,6,54,0,0,0,0,0,0,0,0,0,0,0,52112,0.272464
holdout,syn-small-world-50000-k8-r10-v1,08abafb16a2f58def0f2310fdedc18d5cdc4870e51b2f3f4cda02b2c8a04de55,zipf,2,repeated-edge,83,0,3,FREQ-LRU-REPAIR,2bae40049ace0e257af779538c05b60d27b932bfe2096ce0dcf672a8e5292baa,60,29,15,14,16777216,99147228,99129007,18221,361,593045,231,22644156,511,1393,8800464,8800464,18,42,4,0,4,0,0,0,62,0,0,0,0,47896,0.235588
holdout,syn-small-world-50000-k8-r10-v1,08abafb16a2f58def0f2310fdedc18d5cdc4870e51b2f3f4cda02b2c8a04de55,zipf,2,repeated-edge,83,0,4,ADES,2bae40049ace0e257af779538c05b60d27b932bfe2096ce0dcf672a8e5292baa,60,29,15,14,16777216,14787922,14781770,6152,154939,507565,219579,509048,190,271,96,96,60,0,0,0,0,0,0,0,0,0,0,0,0,39968,0.151470
holdout,syn-small-world-50000-k8-r10-v1,08abafb16a2f58def0f2310fdedc18d5cdc4870e51b2f3f4cda02b2c8a04de55,zipf,2,repeated-edge,83,0,0,COLD,2bae40049ace0e257af779538c05b60d27b932bfe2096ce0dcf672a8e5292baa,60,29,15,14,67108864,14187911,14181408,6503,140421,492146,199000,492728,191,341,0,0,60,0,0,0,0,0,0,0,0,0,0,0,0,39876,0.149213
holdout,syn-small-world-50000-k8-r10-v1,08abafb16a2f58def0f2310fdedc18d5cdc4870e51b2f3f4cda02b2c8a04de55,zipf,2,repeated-edge,83,0,1,B3L,2bae40049ace0e257af779538c05b60d27b932bfe2096ce0dcf672a8e5292baa,60,29,15,14,67108864,136723223,136717855,5368,141,22101246,231,22286992,110,571,13200096,13200096,6,54,0,0,0,0,0,0,0,0,0,0,0,53312,0.271572
holdout,syn-small-world-50000-k8-r10-v1,08abafb16a2f58def0f2310fdedc18d5cdc4870e51b2f3f4cda02b2c8a04de55,zipf,2,repeated-edge,83,0,2,FREQ-LRU-REPAIR,2bae40049ace0e257af779538c05b60d27b932bfe2096ce0dcf672a8e5292baa,60,29,15,14,67108864,99384677,99366937,17740,370,602302,231,22424428,561,1082,8800464,8800464,18,42,4,0,4,0,0,0,62,0,0,0,0,49132,0.235034
holdout,syn-small-world-50000-k8-r10-v1,08abafb16a2f58def0f2310fdedc18d5cdc4870e51b2f3f4cda02b2c8a04de55,zipf,2,repeated-edge,83,0,3,ADES,2bae40049ace0e257af779538c05b60d27b932bfe2096ce0dcf672a8e5292baa,60,29,15,14,67108864,14254284,14247498,6786,145401,477349,211564,498729,220,301,96,96,60,0,0,0,0,0,0,0,0,0,0,0,0,40016,0.146701
holdout,syn-small-world-50000-k8-r10-v1,08abafb16a2f58def0f2310fdedc18d5cdc4870e51b2f3f4cda02b2c8a04de55,zipf,2,repeated-edge,83,0,4,ADES-V2,2bae40049ace0e257af779538c05b60d27b932bfe2096ce0dcf672a8e5292baa,60,29,15,14,67108864,13404561,13397559,7002,143207,439268,197027,477349,211,381,2032,2032,60,0,0,0,0,0,0,0,0,0,0,0,0,38800,0.146898
holdout,syn-small-world-50000-k8-r10-v1,08abafb16a2f58def0f2310fdedc18d5cdc4870e51b2f3f4cda02b2c8a04de55,zipf,10,bursty,43,0,0,COLD,8cee25d900dd5e586adf607e75b6b93d58a2adfb33fc393da7b0b3b3720c2d3e,60,5,3,2,16777216,11936714,11935311,1403,163044,449647,166991,449647,270,481,0,0,60,0,0,0,0,0,0,0,0,0,0,0,0,38588,0.143803
holdout,syn-small-world-50000-k8-r10-v1,08abafb16a2f58def0f2310fdedc18d5cdc4870e51b2f3f4cda02b2c8a04de55,zipf,10,bursty,43,0,1,B3L,8cee25d900dd5e586adf607e75b6b93d58a2adfb33fc393da7b0b3b3720c2d3e,60,5,3,2,16777216,161035041,161032285,2756,261,22695124,260,22695124,451,912,15400112,15400112,7,53,0,0,0,0,0,0,0,0,0,0,0,55476,0.296619
holdout,syn-small-world-50000-k8-r10-v1,08abafb16a2f58def0f2310fdedc18d5cdc4870e51b2f3f4cda02b2c8a04de55,zipf,10,bursty,43,0,2,FREQ-LRU-REPAIR,8cee25d900dd5e586adf607e75b6b93d58a2adfb33fc393da7b0b3b3720c2d3e,60,5,3,2,16777216,97711994,97704891,7103,321,22339572,310,22339572,1332,2134,8800480,8800480,19,41,4,0,4,0,0,0,20,0,0,0,0,49136,0.233851
holdout,syn-small-world-50000-k8-r10-v1,08abafb16a2f58def0f2310fdedc18d5cdc4870e51b2f3f4cda02b2c8a04de55,zipf,10,bursty,43,0,3,ADES,8cee25d900dd5e586adf607e75b6b93d58a2adfb33fc393da7b0b3b3720c2d3e,60,5,3,2,16777216,12904884,12903494,1390,175246,478502,180306,478502,280,350,112,112,60,0,0,0,0,0,0,0,0,0,0,0,0,38732,0.146319
holdout,syn-small-world-50000-k8-r10-v1,08abafb16a2f58def0f2310fdedc18d5cdc4870e51b2f3f4cda02b2c8a04de55,zipf,10,bursty,43,0,4,ADES-V2,8cee25d900dd5e586adf607e75b6b93d58a2adfb33fc393da7b0b3b3720c2d3e,60,5,3,2,16777216,13532040,13530648,1392,173333,497687,182921,497687,280,380,2032,2032,60,0,0,0,0,0,0,0,0,0,0,0,0,39984,0.149180
holdout,syn-small-world-50000-k8-r10-v1,08abafb16a2f58def0f2310fdedc18d5cdc4870e51b2f3f4cda02b2c8a04de55,zipf,10,bursty,43,0,0,B3L,8cee25d900dd5e586adf607e75b6b93d58a2adfb33fc393da7b0b3b3720c2d3e,60,5,3,2,67108864,156924485,156921008,3477,270,22234576,260,22234576,661,1193,15400112,15400112,7,53,0,0,0,0,0,0,0,0,0,0,0,54376,0.293147
holdout,syn-small-world-50000-k8-r10-v1,08abafb16a2f58def0f2310fdedc18d5cdc4870e51b2f3f4cda02b2c8a04de55,zipf,10,bursty,43,0,1,FREQ-LRU-REPAIR,8cee25d900dd5e586adf607e75b6b93d58a2adfb33fc393da7b0b3b3720c2d3e,60,5,3,2,67108864,105023531,105016377,7154,310,24208553,300,24208553,1343,2004,8800480,8800480,19,41,4,0,4,0,0,0,20,0,0,0,0,49156,0.242605
holdout,syn-small-world-50000-k8-r10-v1,08abafb16a2f58def0f2310fdedc18d5cdc4870e51b2f3f4cda02b2c8a04de55,zipf,10,bursty,43,0,2,ADES,8cee25d900dd5e586adf607e75b6b93d58a2adfb33fc393da7b0b3b3720c2d3e,60,5,3,2,67108864,13113671,13112108,1563,171590,463012,175436,463012,250,641,112,112,60,0,0,0,0,0,0,0,0,0,0,0,0,38780,0.148214
holdout,syn-small-world-50000-k8-r10-v1,08abafb16a2f58def0f2310fdedc18d5cdc4870e51b2f3f4cda02b2c8a04de55,zipf,10,bursty,43,0,3,ADES-V2,8cee25d900dd5e586adf607e75b6b93d58a2adfb33fc393da7b0b3b3720c2d3e,60,5,3,2,67108864,13270820,13269518,1302,177630,501343,181467,501343,280,411,2032,2032,60,0,0,0,0,0,0,0,0,0,0,0,0,38724,0.148406
holdout,syn-small-world-50000-k8-r10-v1,08abafb16a2f58def0f2310fdedc18d5cdc4870e51b2f3f4cda02b2c8a04de55,zipf,10,bursty,43,0,4,COLD,8cee25d900dd5e586adf607e75b6b93d58a2adfb33fc393da7b0b3b3720c2d3e,60,5,3,2,67108864,12968024,12966630,1394,170748,505131,176879,505131,241,461,0,0,60,0,0,0,0,0,0,0,0,0,0,0,0,38596,0.149687
holdout,syn-small-world-50000-k8-r10-v1,08abafb16a2f58def0f2310fdedc18d5cdc4870e51b2f3f4cda02b2c8a04de55,zipf,10,bursty,59,0,0,B3L,d5ba207e2286c29d71bd77504f1af72e90163166cef5a80cd80f0422e3385cb2,60,5,3,2,16777216,178980084,178973330,6754,250,22190304,241,22190304,661,4729,15400112,15400112,8,52,0,1,0,0,0,0,0,0,0,0,0,56520,0.315470
holdout,syn-small-world-50000-k8-r10-v1,08abafb16a2f58def0f2310fdedc18d5cdc4870e51b2f3f4cda02b2c8a04de55,zipf,10,bursty,59,0,1,FREQ-LRU-REPAIR,d5ba207e2286c29d71bd77504f1af72e90163166cef5a80cd80f0422e3385cb2,60,5,3,2,16777216,110928147,110917758,10389,370,25643936,330,25643936,1472,3747,8800496,8800496,20,40,4,0,4,0,0,0,19,1,0,0,0,49080,0.249609
holdout,syn-small-world-50000-k8-r10-v1,08abafb16a2f58def0f2310fdedc18d5cdc4870e51b2f3f4cda02b2c8a04de55,zipf,10,bursty,59,0,2,ADES,d5ba207e2286c29d71bd77504f1af72e90163166cef5a80cd80f0422e3385cb2,60,5,3,2,16777216,13597351,13595958,1393,206985,492217,216042,492217,251,431,128,128,60,0,0,0,0,0,0,0,0,0,0,0,0,40048,0.152314
holdout,syn-small-world-50000-k8-r10-v1,08abafb16a2f58def0f2310fdedc18d5cdc4870e51b2f3f4cda02b2c8a04de55,zipf,10,bursty,59,0,3,ADES-V2,d5ba207e2286c29d71bd77504f1af72e90163166cef5a80cd80f0422e3385cb2,60,5,3,2,16777216,13181608,13180436,1172,196656,482699,205092,482699,170,511,2032,2032,60,0,0,0,0,0,0,0,0,0,0,0,0,38832,0.145623
holdout,syn-small-world-50000-k8-r10-v1,08abafb16a2f58def0f2310fdedc18d5cdc4870e51b2f3f4cda02b2c8a04de55,zipf,10,bursty,59,0,4,COLD,d5ba207e2286c29d71bd77504f1af72e90163166cef5a80cd80f0422e3385cb2,60,5,3,2,16777216,13396990,13395589,1401,197679,494541,209741,494541,250,551,0,0,60,0,0,0,0,0,0,0,0,0,0,0,0,39820,0.147267
holdout,syn-small-world-50000-k8-r10-v1,08abafb16a2f58def0f2310fdedc18d5cdc4870e51b2f3f4cda02b2c8a04de55,zipf,10,bursty,59,0,0,FREQ-LRU-REPAIR,d5ba207e2286c29d71bd77504f1af72e90163166cef5a80cd80f0422e3385cb2,60,5,3,2,67108864,93480584,93470977,9607,391,20242797,321,20242797,1532,3527,8800496,8800496,20,40,4,0,4,0,0,0,19,1,0,0,0,49124,0.226177
holdout,syn-small-world-50000-k8-r10-v1,08abafb16a2f58def0f2310fdedc18d5cdc4870e51b2f3f4cda02b2c8a04de55,zipf,10,bursty,59,0,1,ADES,d5ba207e2286c29d71bd77504f1af72e90163166cef5a80cd80f0422e3385cb2,60,5,3,2,67108864,12231838,12230534,1304,183150,429310,196035,429310,161,471,128,128,60,0,0,0,0,0,0,0,0,0,0,0,0,40044,0.144259
holdout,syn-small-world-50000-k8-r10-v1,08abafb16a2f58def0f2310fdedc18d5cdc4870e51b2f3f4cda02b2c8a04de55,zipf,10,bursty,59,0,2,ADES-V2,d5ba207e2286c29d71bd77504f1af72e90163166cef5a80cd80f0422e3385cb2,60,5,3,2,67108864,12742081,12740497,1584,186016,461499,204781,461499,251,451,2032,2032,60,0,0,0,0,0,0,0,0,0,0,0,0,39968,0.145603
holdout,syn-small-world-50000-k8-r10-v1,08abafb16a2f58def0f2310fdedc18d5cdc4870e51b2f3f4cda02b2c8a04de55,zipf,10,bursty,59,0,3,COLD,d5ba207e2286c29d71bd77504f1af72e90163166cef5a80cd80f0422e3385cb2,60,5,3,2,67108864,13842041,13840599,1442,208489,493529,219178,493529,260,441,0,0,60,0,0,0,0,0,0,0,0,0,0,0,0,39868,0.149027
holdout,syn-small-world-50000-k8-r10-v1,08abafb16a2f58def0f2310fdedc18d5cdc4870e51b2f3f4cda02b2c8a04de55,zipf,10,bursty,59,0,4,B3L,d5ba207e2286c29d71bd77504f1af72e90163166cef5a80cd80f0422e3385cb2,60,5,3,2,67108864,186780340,186772857,7483,260,23416708,250,23416708,561,5630,17600128,17600128,8,52,0,0,0,0,0,0,0,0,0,0,0,58212,0.323380
holdout,syn-small-world-50000-k8-r10-v1,08abafb16a2f58def0f2310fdedc18d5cdc4870e51b2f3f4cda02b2c8a04de55,zipf,10,bursty,83,0,0,FREQ-LRU-REPAIR,1346acb071071a19dc6a7513fb7133206ebabb2992b32f6b2f04d6a16c5fb12b,60,5,3,2,16777216,89529585,89513537,16048,311,20649075,301,20649075,1322,9788,8800464,8800464,18,42,4,0,4,0,0,0,17,0,3,0,0,49172,0.221182
holdout,syn-small-world-50000-k8-r10-v1,08abafb16a2f58def0f2310fdedc18d5cdc4870e51b2f3f4cda02b2c8a04de55,zipf,10,bursty,83,0,1,ADES,1346acb071071a19dc6a7513fb7133206ebabb2992b32f6b2f04d6a16c5fb12b,60,5,3,2,16777216,14355496,14354394,1102,202567,497166,205232,497166,171,411,96,96,60,0,0,0,0,0,0,0,0,0,0,0,0,38836,0.145399
holdout,syn-small-world-50000-k8-r10-v1,08abafb16a2f58def0f2310fdedc18d5cdc4870e51b2f3f4cda02b2c8a04de55,zipf,10,bursty,83,0,2,ADES-V2,1346acb071071a19dc6a7513fb7133206ebabb2992b32f6b2f04d6a16c5fb12b,60,5,3,2,16777216,11830663,11829490,1173,161691,378524,164106,378524,191,401,2032,2032,60,0,0,0,0,0,0,0,0,0,0,0,0,40000,0.144985
holdout,syn-small-world-50000-k8-r10-v1,08abafb16a2f58def0f2310fdedc18d5cdc4870e51b2f3f4cda02b2c8a04de55,zipf,10,bursty,83,0,3,COLD,1346acb071071a19dc6a7513fb7133206ebabb2992b32f6b2f04d6a16c5fb12b,60,5,3,2,16777216,13160448,13159154,1294,176679,434189,185105,434189,241,461,0,0,60,0,0,0,0,0,0,0,0,0,0,0,0,39764,0.147196
holdout,syn-small-world-50000-k8-r10-v1,08abafb16a2f58def0f2310fdedc18d5cdc4870e51b2f3f4cda02b2c8a04de55,zipf,10,bursty,83,0,4,B3L,1346acb071071a19dc6a7513fb7133206ebabb2992b32f6b2f04d6a16c5fb12b,60,5,3,2,16777216,132941556,132926679,14877,260,21803024,251,21803024,551,10679,13200096,13200096,6,54,0,0,0,0,0,0,0,0,0,0,0,52612,0.266953
holdout,syn-small-world-50000-k8-r10-v1,08abafb16a2f58def0f2310fdedc18d5cdc4870e51b2f3f4cda02b2c8a04de55,zipf,10,bursty,83,0,0,ADES,1346acb071071a19dc6a7513fb7133206ebabb2992b32f6b2f04d6a16c5fb12b,60,5,3,2,67108864,14112621,14111258,1363,200854,473993,206233,473993,231,501,96,96,60,0,0,0,0,0,0,0,0,0,0,0,0,38832,0.148775
holdout,syn-small-world-50000-k8-r10-v1,08abafb16a2f58def0f2310fdedc18d5cdc4870e51b2f3f4cda02b2c8a04de55,zipf,10,bursty,83,0,1,ADES-V2,1346acb071071a19dc6a7513fb7133206ebabb2992b32f6b2f04d6a16c5fb12b,60,5,3,2,67108864,13896092,13894950,1142,190816,453995,197127,453995,190,391,2032,2032,60,0,0,0,0,0,0,0,0,0,0,0,0,38868,0.147315
holdout,syn-small-world-50000-k8-r10-v1,08abafb16a2f58def0f2310fdedc18d5cdc4870e51b2f3f4cda02b2c8a04de55,zipf,10,bursty,83,0,2,COLD,1346acb071071a19dc6a7513fb7133206ebabb2992b32f6b2f04d6a16c5fb12b,60,5,3,2,67108864,13285761,13284499,1262,180736,447914,185325,447914,241,430,0,0,60,0,0,0,0,0,0,0,0,0,0,0,0,38600,0.149727
holdout,syn-small-world-50000-k8-r10-v1,08abafb16a2f58def0f2310fdedc18d5cdc4870e51b2f3f4cda02b2c8a04de55,zipf,10,bursty,83,0,3,B3L,1346acb071071a19dc6a7513fb7133206ebabb2992b32f6b2f04d6a16c5fb12b,60,5,3,2,67108864,123214518,123199449,15069,230,20027007,170,20027007,861,10800,13200096,13200096,6,54,0,0,0,0,0,0,0,0,0,0,0,53380,0.256268
holdout,syn-small-world-50000-k8-r10-v1,08abafb16a2f58def0f2310fdedc18d5cdc4870e51b2f3f4cda02b2c8a04de55,zipf,10,bursty,83,0,4,FREQ-LRU-REPAIR,1346acb071071a19dc6a7513fb7133206ebabb2992b32f6b2f04d6a16c5fb12b,60,5,3,2,67108864,86349867,86333747,16120,301,18996317,301,18996317,1463,9858,8800464,8800464,18,42,4,0,4,0,0,0,17,0,3,0,0,47872,0.217762
holdout,syn-small-world-50000-k8-r10-v1,08abafb16a2f58def0f2310fdedc18d5cdc4870e51b2f3f4cda02b2c8a04de55,zipf,10,repeated-edge,43,0,0,ADES,4bfc89d59a6c508d7fad92f125461bc736027adf987ee70ccbbe429d8ad719bb,60,5,3,2,16777216,13197681,13196297,1384,196726,447303,197908,447303,251,431,160,160,60,0,0,0,0,0,0,0,0,0,0,0,0,38880,0.145376
holdout,syn-small-world-50000-k8-r10-v1,08abafb16a2f58def0f2310fdedc18d5cdc4870e51b2f3f4cda02b2c8a04de55,zipf,10,repeated-edge,43,0,1,ADES-V2,4bfc89d59a6c508d7fad92f125461bc736027adf987ee70ccbbe429d8ad719bb,60,5,3,2,16777216,11370482,11369151,1331,159347,362224,182059,362224,280,320,2032,2032,60,0,0,0,0,0,0,0,0,0,0,0,0,38836,0.142173
holdout,syn-small-world-50000-k8-r10-v1,08abafb16a2f58def0f2310fdedc18d5cdc4870e51b2f3f4cda02b2c8a04de55,zipf,10,repeated-edge,43,0,2,COLD,4bfc89d59a6c508d7fad92f125461bc736027adf987ee70ccbbe429d8ad719bb,60,5,3,2,16777216,12982280,12980896,1384,182109,429209,198720,429209,280,361,0,0,60,0,0,0,0,0,0,0,0,0,0,0,0,39832,0.147037
holdout,syn-small-world-50000-k8-r10-v1,08abafb16a2f58def0f2310fdedc18d5cdc4870e51b2f3f4cda02b2c8a04de55,zipf,10,repeated-edge,43,0,3,B3L,4bfc89d59a6c508d7fad92f125461bc736027adf987ee70ccbbe429d8ad719bb,60,5,3,2,16777216,230042974,230018257,24717,271,21562105,260,21562105,6492,7855,15400112,15400112,11,49,0,4,0,0,0,0,0,0,0,0,0,56400,0.365311
holdout,syn-small-world-50000-k8-r10-v1,08abafb16a2f58def0f2310fdedc18d5cdc4870e51b2f3f4cda02b2c8a04de55,zipf,10,repeated-edge,43,0,4,FREQ-LRU-REPAIR,4bfc89d59a6c508d7fad92f125461bc736027adf987ee70ccbbe429d8ad719bb,60,5,3,2,16777216,89878915,89865481,13434,311,19899900,291,19899900,2014,6532,8800528,8800528,22,38,4,0,4,0,0,0,4,4,7,0,0,49596,0.223521
holdout,syn-small-world-50000-k8-r10-v1,08abafb16a2f58def0f2310fdedc18d5cdc4870e51b2f3f4cda02b2c8a04de55,zipf,10,repeated-edge,43,0,0,ADES-V2,4bfc89d59a6c508d7fad92f125461bc736027adf987ee70ccbbe429d8ad719bb,60,5,3,2,67108864,11839180,11837868,1312,167632,382252,189824,382252,250,381,2032,2032,60,0,0,0,0,0,0,0,0,0,0,0,0,38816,0.144291
holdout,syn-small-world-50000-k8-r10-v1,08abafb16a2f58def0f2310fdedc18d5cdc4870e51b2f3f4cda02b2c8a04de55,zipf,10,repeated-edge,43,0,1,COLD,4bfc89d59a6c508d7fad92f125461bc736027adf987ee70ccbbe429d8ad719bb,60,5,3,2,67108864,11217709,11216236,1473,159758,389074,177761,389074,260,420,0,0,60,0,0,0,0,0,0,0,0,0,0,0,0,39832,0.140976
holdout,syn-small-world-50000-k8-r10-v1,08abafb16a2f58def0f2310fdedc18d5cdc4870e51b2f3f4cda02b2c8a04de55,zipf,10,repeated-edge,43,0,2,B3L,4bfc89d59a6c508d7fad92f125461bc736027adf987ee70ccbbe429d8ad719bb,60,5,3,2,67108864,205005085,204981010,24075,251,20655668,250,20655668,5640,8706,22000160,22000160,10,50,0,0,0,0,0,0,0,0,0,0,0,61988,0.338544
holdout,syn-small-world-50000-k8-r10-v1,08abafb16a2f58def0f2310fdedc18d5cdc4870e51b2f3f4cda02b2c8a04de55,zipf,10,repeated-edge,43,0,3,FREQ-LRU-REPAIR,4bfc89d59a6c508d7fad92f125461bc736027adf987ee70ccbbe429d8ad719bb,60,5,3,2,67108864,93568049,93553532,14517,371,20368963,311,20368963,2054,7514,8800528,8800528,22,38,4,0,4,0,0,0,4,4,7,0,0,48436,0.228742
holdout,syn-small-world-50000-k8-r10-v1,08abafb16a2f58def0f2310fdedc18d5cdc4870e51b2f3f4cda02b2c8a04de55,zipf,10,repeated-edge,43,0,4,ADES,4bfc89d59a6c508d7fad92f125461bc736027adf987ee70ccbbe429d8ad719bb,60,5,3,2,67108864,11789909,11788597,1312,168213,378955,192037,378955,251,431,160,160,60,0,0,0,0,0,0,0,0,0,0,0,0,38872,0.144595
holdout,syn-small-world-50000-k8-r10-v1,08abafb16a2f58def0f2310fdedc18d5cdc4870e51b2f3f4cda02b2c8a04de55,zipf,10,repeated-edge,59,0,0,ADES-V2,4937fec7c82b36ac20570c16bedf3cc3e1f1ddedca35fcde9d0d2b2f4044ddfa,60,5,3,2,16777216,11153869,11152647,1222,144739,397480,172121,397480,200,451,2032,2032,60,0,0,0,0,0,0,0,0,0,0,0,0,40032,0.138486
holdout,syn-small-world-50000-k8-r10-v1,08abafb16a2f58def0f2310fdedc18d5cdc4870e51b2f3f4cda02b2c8a04de55,zipf,10,repeated-edge,59,0,1,COLD,4937fec7c82b36ac20570c16bedf3cc3e1f1ddedca35fcde9d0d2b2f4044ddfa,60,5,3,2,16777216,11447167,11445854,1313,147154,363287,166650,363287,261,330,0,0,60,0,0,0,0,0,0,0,0,0,0,0,0,39688,0.141732
holdout,syn-small-world-50000-k8-r10-v1,08abafb16a2f58def0f2310fdedc18d5cdc4870e51b2f3f4cda02b2c8a04de55,zipf,10,repeated-edge,59,0,2,B3L,4937fec7c82b36ac20570c16bedf3cc3e1f1ddedca35fcde9d0d2b2f4044ddfa,60,5,3,2,16777216,125988415,125986441,1974,240,20462758,240,20462758,471,822,13200096,13200096,6,54,0,0,0,0,0,0,0,0,0,0,0,52100,0.256610
holdout,syn-small-world-50000-k8-r10-v1,08abafb16a2f58def0f2310fdedc18d5cdc4870e51b2f3f4cda02b2c8a04de55,zipf,10,repeated-edge,59,0,3,FREQ-LRU-REPAIR,4937fec7c82b36ac20570c16bedf3cc3e1f1ddedca35fcde9d0d2b2f4044ddfa,60,5,3,2,16777216,88102590,88097149,5441,301,19660163,300,19660163,942,2144,8800464,8800464,18,42,4,0,4,0,0,0,16,0,0,0,0,49088,0.219766
holdout,syn-small-world-50000-k8-r10-v1,08abafb16a2f58def0f2310fdedc18d5cdc4870e51b2f3f4cda02b2c8a04de55,zipf,10,repeated-edge,59,0,4,ADES,4937fec7c82b36ac20570c16bedf3cc3e1f1ddedca35fcde9d0d2b2f4044ddfa,60,5,3,2,16777216,12638454,12637032,1422,162312,440491,183792,440491,300,330,96,96,60,0,0,0,0,0,0,0,0,0,0,0,0,39996,0.147300
holdout,syn-small-world-50000-k8-r10-v1,08abafb16a2f58def0f2310fdedc18d5cdc4870e51b2f3f4cda02b2c8a04de55,zipf,10,repeated-edge,59,0,0,COLD,4937fec7c82b36ac20570c16bedf3cc3e1f1ddedca35fcde9d0d2b2f4044ddfa,60,5,3,2,67108864,11956327,11954666,1661,158345,409092,173112,409092,300,460,0,0,60,0,0,0,0,0,0,0,0,0,0,0,0,39760,0.145750
holdout,syn-small-world-50000-k8-r10-v1,08abafb16a2f58def0f2310fdedc18d5cdc4870e51b2f3f4cda02b2c8a04de55,zipf,10,repeated-edge,59,0,1,B3L,4937fec7c82b36ac20570c16bedf3cc3e1f1ddedca35fcde9d0d2b2f4044ddfa,60,5,3,2,67108864,136853385,136851211,2174,260,22010476,260,22010476,431,782,13200096,13200096,6,54,0,0,0,0,0,0,0,0,0,0,0,53332,0.273954
holdout,syn-small-world-50000-k8-r10-v1,08abafb16a2f58def0f2310fdedc18d5cdc4870e51b2f3f4cda02b2c8a04de55,zipf,10,repeated-edge,59,0,2,FREQ-LRU-REPAIR,4937fec7c82b36ac20570c16bedf3cc3e1f1ddedca35fcde9d0d2b2f4044ddfa,60,5,3,2,67108864,101060472,101054290,6182,321,23644189,301,23644189,962,2304,8800464,8800464,18,42,4,0,4,0,0,0,16,0,0,0,0,49096,0.236458
holdout,syn-small-world-50000-k8-r10-v1,08abafb16a2f58def0f2310fdedc18d5cdc4870e51b2f3f4cda02b2c8a04de55,zipf,10,repeated-edge,59,0,3,ADES,4937fec7c82b36ac20570c16bedf3cc3e1f1ddedca35fcde9d0d2b2f4044ddfa,60,5,3,2,67108864,12272393,12271190,1203,157173,456030,174886,456030,190,441,96,96,60,0,0,0,0,0,0,0,0,0,0,0,0,40052,0.145214
holdout,syn-small-world-50000-k8-r10-v1,08abafb16a2f58def0f2310fdedc18d5cdc4870e51b2f3f4cda02b2c8a04de55,zipf,10,repeated-edge,59,0,4,ADES-V2,4937fec7c82b36ac20570c16bedf3cc3e1f1ddedca35fcde9d0d2b2f4044ddfa,60,5,3,2,67108864,12408018,12406536,1482,168073,455108,178572,455108,290,401,2032,2032,60,0,0,0,0,0,0,0,0,0,0,0,0,40064,0.145898
holdout,syn-small-world-50000-k8-r10-v1,08abafb16a2f58def0f2310fdedc18d5cdc4870e51b2f3f4cda02b2c8a04de55,zipf,10,repeated-edge,83,0,0,COLD,89fd6e9cd874fed8fb8e115833bfae2eb1e96c8392d2078c61b8ee01cc2c713e,60,5,3,2,16777216,12366749,12365206,1543,161380,455498,177200,455498,261,571,0,0,60,0,0,0,0,0,0,0,0,0,0,0,0,38700,0.141158
holdout,syn-small-world-50000-k8-r10-v1,08abafb16a2f58def0f2310fdedc18d5cdc4870e51b2f3f4cda02b2c8a04de55,zipf,10,repeated-edge,83,0,1,B3L,89fd6e9cd874fed8fb8e115833bfae2eb1e96c8392d2078c61b8ee01cc2c713e,60,5,3,2,16777216,117752593,117751502,1091,150,21805775,150,21805775,130,481,11000080,11000080,5,55,0,0,0,0,0,0,0,0,0,0,0,51248,0.252229
holdout,syn-small-world-50000-k8-r10-v1,08abafb16a2f58def0f2310fdedc18d5cdc4870e51b2f3f4cda02b2c8a04de55,zipf,10,repeated-edge,83,0,2,FREQ-LRU-REPAIR,89fd6e9cd874fed8fb8e115833bfae2eb1e96c8392d2078c61b8ee01cc2c713e,60,5,3,2,16777216,89875037,89868975,6062,270,20094879,221,20094879,862,1934,8800448,8800448,17,43,4,0,4,0,0,0,12,0,0,0,0,49112,0.222978
holdout,syn-small-world-50000-k8-r10-v1,08abafb16a2f58def0f2310fdedc18d5cdc4870e51b2f3f4cda02b2c8a04de55,zipf,10,repeated-edge,83,0,3,ADES,89fd6e9cd874fed8fb8e115833bfae2eb1e96c8392d2078c61b8ee01cc2c713e,60,5,3,2,16777216,12846334,12845171,1163,180747,446972,190585,446972,191,391,80,80,60,0,0,0,0,0,0,0,0,0,0,0,0,39976,0.143853
holdout,syn-small-world-50000-k8-r10-v1,08abafb16a2f58def0f2310fdedc18d5cdc4870e51b2f3f4cda02b2c8a04de55,zipf,10,repeated-edge,83,0,4,ADES-V2,89fd6e9cd874fed8fb8e115833bfae2eb1e96c8392d2078c61b8ee01cc2c713e,60,5,3,2,16777216,11807446,11805952,1494,164055,413050,169756,413050,191,471,2032,2032,60,0,0,0,0,0,0,0,0,0,0,0,0,39368,0.140819
holdout,syn-small-world-50000-k8-r10-v1,08abafb16a2f58def0f2310fdedc18d5cdc4870e51b2f3f4cda02b2c8a04de55,zipf,10,repeated-edge,83,0,0,B3L,89fd6e9cd874fed8fb8e115833bfae2eb1e96c8392d2078c61b8ee01cc2c713e,60,5,3,2,67108864,104415925,104414983,942,151,20088917,151,20088917,100,381,11000080,11000080,5,55,0,0,0,0,0,0,0,0,0,0,0,51244,0.234736
holdout,syn-small-world-50000-k8-r10-v1,08abafb16a2f58def0f2310fdedc18d5cdc4870e51b2f3f4cda02b2c8a04de55,zipf,10,repeated-edge,83,0,1,FREQ-LRU-REPAIR,89fd6e9cd874fed8fb8e115833bfae2eb1e96c8392d2078c61b8ee01cc2c713e,60,5,3,2,67108864,88158813,88152822,5991,300,19774732,230,19774732,1002,1894,8800448,8800448,17,43,4,0,4,0,0,0,12,0,0,0,0,49088,0.222280
holdout,syn-small-world-50000-k8-r10-v1,08abafb16a2f58def0f2310fdedc18d5cdc4870e51b2f3f4cda02b2c8a04de55,zipf,10,repeated-edge,83,0,2,ADES,89fd6e9cd874fed8fb8e115833bfae2eb1e96c8392d2078c61b8ee01cc2c713e,60,5,3,2,67108864,11909131,11907910,1221,155951,432866,173664,432866,230,311,80,80,60,0,0,0,0,0,0,0,0,0,0,0,0,38776,0.140210
holdout,syn-small-world-50000-k8-r10-v1,08abafb16a2f58def0f2310fdedc18d5cdc4870e51b2f3f4cda02b2c8a04de55,zipf,10,repeated-edge,83,0,3,ADES-V2,89fd6e9cd874fed8fb8e115833bfae2eb1e96c8392d2078c61b8ee01cc2c713e,60,5,3,2,67108864,12839567,12838134,1433,179184,459647,184954,459647,240,511,2032,2032,60,0,0,0,0,0,0,0,0,0,0,0,0,38776,0.142955
holdout,syn-small-world-50000-k8-r10-v1,08abafb16a2f58def0f2310fdedc18d5cdc4870e51b2f3f4cda02b2c8a04de55,zipf,10,repeated-edge,83,0,4,COLD,89fd6e9cd874fed8fb8e115833bfae2eb1e96c8392d2078c61b8ee01cc2c713e,60,5,3,2,67108864,12137552,12135918,1634,166750,454447,169195,454447,281,531,0,0,60,0,0,0,0,0,0,0,0,0,0,0,0,39768,0.141997
holdout,syn-small-world-50000-k8-r10-v1,08abafb16a2f58def0f2310fdedc18d5cdc4870e51b2f3f4cda02b2c8a04de55,rotating-hot,2,bursty,43,0,0,B3L,f0e7dc2845e6cfddcf20c71ffa0f216b3b8c9aa982343d00ed4cb05c341d756b,60,29,15,14,16777216,79758108,79748638,9470,60,1633,50,18035502,211,1082,8800064,8800064,4,56,0,0,0,0,0,0,0,0,0,0,0,49064,0.212768
holdout,syn-small-world-50000-k8-r10-v1,08abafb16a2f58def0f2310fdedc18d5cdc4870e51b2f3f4cda02b2c8a04de55,rotating-hot,2,bursty,43,0,1,FREQ-LRU-REPAIR,f0e7dc2845e6cfddcf20c71ffa0f216b3b8c9aa982343d00ed4cb05c341d756b,60,29,15,14,16777216,88432284,88404732,27552,321,608423,121,19397469,842,2274,8800432,8800432,16,44,4,0,4,0,0,0,65,3,0,0,0,49176,0.219155
holdout,syn-small-world-50000-k8-r10-v1,08abafb16a2f58def0f2310fdedc18d5cdc4870e51b2f3f4cda02b2c8a04de55,rotating-hot,2,bursty,43,0,2,ADES,f0e7dc2845e6cfddcf20c71ffa0f216b3b8c9aa982343d00ed4cb05c341d756b,60,29,15,14,16777216,13273651,13265836,7815,115215,489361,188541,501364,260,521,64,64,60,0,0,0,0,0,0,0,0,0,0,0,0,40012,0.147588
holdout,syn-small-world-50000-k8-r10-v1,08abafb16a2f58def0f2310fdedc18d5cdc4870e51b2f3f4cda02b2c8a04de55,rotating-hot,2,bursty,43,0,3,ADES-V2,f0e7dc2845e6cfddcf20c71ffa0f216b3b8c9aa982343d00ed4cb05c341d756b,60,29,15,14,16777216,12226903,12219618,7285,99085,431394,182460,459736,251,391,2032,2032,60,0,0,0,0,0,0,0,0,0,0,0,0,38760,0.142565
holdout,syn-small-world-50000-k8-r10-v1,08abafb16a2f58def0f2310fdedc18d5cdc4870e51b2f3f4cda02b2c8a04de55,rotating-hot,2,bursty,43,0,4,COLD,f0e7dc2845e6cfddcf20c71ffa0f216b3b8c9aa982343d00ed4cb05c341d756b,60,29,15,14,16777216,12392490,12385537,6953,98764,410845,164417,435692,250,551,0,0,60,0,0,0,0,0,0,0,0,0,0,0,0,39744,0.144688
holdout,syn-small-world-50000-k8-r10-v1,08abafb16a2f58def0f2310fdedc18d5cdc4870e51b2f3f4cda02b2c8a04de55,rotating-hot,2,bursty,43,0,0,FREQ-LRU-REPAIR,f0e7dc2845e6cfddcf20c71ffa0f216b3b8c9aa982343d00ed4cb05c341d756b,60,29,15,14,67108864,101109399,101079366,30033,381,643057,140,22026766,872,2214,8800432,8800432,16,44,4,0,4,0,0,0,65,3,0,0,0,47940,0.234081
holdout,syn-small-world-50000-k8-r10-v1,08abafb16a2f58def0f2310fdedc18d5cdc4870e51b2f3f4cda02b2c8a04de55,rotating-hot,2,bursty,43,0,1,ADES,f0e7dc2845e6cfddcf20c71ffa0f216b3b8c9aa982343d00ed4cb05c341d756b,60,29,15,14,67108864,10375895,10369583,6312,87673,343490,149529,377033,190,450,64,64,60,0,0,0,0,0,0,0,0,0,0,0,0,39960,0.139886
holdout,syn-small-world-50000-k8-r10-v1,08abafb16a2f58def0f2310fdedc18d5cdc4870e51b2f3f4cda02b2c8a04de55,rotating-hot,2,bursty,43,0,2,ADES-V2,f0e7dc2845e6cfddcf20c71ffa0f216b3b8c9aa982343d00ed4cb05c341d756b,60,29,15,14,67108864,12143836,12136023,7813,96550,420944,164907,462321,251,501,2032,2032,60,0,0,0,0,0,0,0,0,0,0,0,0,40012,0.144779
holdout,syn-small-world-50000-k8-r10-v1,08abafb16a2f58def0f2310fdedc18d5cdc4870e51b2f3f4cda02b2c8a04de55,rotating-hot,2,bursty,43,0,3,COLD,f0e7dc2845e6cfddcf20c71ffa0f216b3b8c9aa982343d00ed4cb05c341d756b,60,29,15,14,67108864,10575846,10569886,5960,91310,343961,149478,361974,180,381,0,0,60,0,0,0,0,0,0,0,0,0,0,0,0,39780,0.141862
holdout,syn-small-world-50000-k8-r10-v1,08abafb16a2f58def0f2310fdedc18d5cdc4870e51b2f3f4cda02b2c8a04de55,rotating-hot,2,bursty,43,0,4,B3L,f0e7dc2845e6cfddcf20c71ffa0f216b3b8c9aa982343d00ed4cb05c341d756b,60,29,15,14,67108864,85992034,85981436,10598,50,2364,49,19460757,290,911,8800064,8800064,4,56,0,0,0,0,0,0,0,0,0,0,0,47868,0.218468
holdout,syn-small-world-50000-k8-r10-v1,08abafb16a2f58def0f2310fdedc18d5cdc4870e51b2f3f4cda02b2c8a04de55,rotating-hot,2,bursty,59,0,0,FREQ-LRU-REPAIR,1ee82135c109a3625f6ff66b8134df1f3437905a981db930cd022adaef3c07e7,60,29,15,14,16777216,94668737,94629876,38861,401,630424,130,21280725,872,4608,8800432,8800432,16,44,4,0,4,0,0,0,62,2,4,0,0,49148,0.226388
holdout,syn-small-world-50000-k8-r10-v1,08abafb16a2f58def0f2310fdedc18d5cdc4870e51b2f3f4cda02b2c8a04de55,rotating-hot,2,bursty,59,0,1,ADES,1ee82135c109a3625f6ff66b8134df1f3437905a981db930cd022adaef3c07e7,60,29,15,14,16777216,12947522,12941018,6504,104685,370871,172992,394044,230,331,64,64,60,0,0,0,0,0,0,0,0,0,0,0,0,40020,0.148668
holdout,syn-small-world-50000-k8-r10-v1,08abafb16a2f58def0f2310fdedc18d5cdc4870e51b2f3f4cda02b2c8a04de55,rotating-hot,2,bursty,59,0,2,ADES-V2,1ee82135c109a3625f6ff66b8134df1f3437905a981db930cd022adaef3c07e7,60,29,15,14,16777216,11466618,11460271,6347,104074,332589,167812,336337,230,300,2032,2032,60,0,0,0,0,0,0,0,0,0,0,0,0,39396,0.142168
holdout,syn-small-world-50000-k8-r10-v1,08abafb16a2f58def0f2310fdedc18d5cdc4870e51b2f3f4cda02b2c8a04de55,rotating-hot,2,bursty,59,0,3,COLD,1ee82135c109a3625f6ff66b8134df1f3437905a981db930cd022adaef3c07e7,60,29,15,14,16777216,12283995,12277072,6923,109704,356975,168494,389205,241,461,0,0,60,0,0,0,0,0,0,0,0,0,0,0,0,39844,0.147003
holdout,syn-small-world-50000-k8-r10-v1,08abafb16a2f58def0f2310fdedc18d5cdc4870e51b2f3f4cda02b2c8a04de55,rotating-hot,2,bursty,59,0,4,B3L,1ee82135c109a3625f6ff66b8134df1f3437905a981db930cd022adaef3c07e7,60,29,15,14,16777216,90236651,90182275,54376,50,32460,50,20921245,411,5380,8800064,8800064,4,56,0,0,0,0,0,0,0,0,0,0,0,47780,0.222298
holdout,syn-small-world-50000-k8-r10-v1,08abafb16a2f58def0f2310fdedc18d5cdc4870e51b2f3f4cda02b2c8a04de55,rotating-hot,2,bursty,59,0,0,ADES,1ee82135c109a3625f6ff66b8134df1f3437905a981db930cd022adaef3c07e7,60,29,15,14,67108864,11767311,11760949,6362,99155,344231,164637,351735,180,471,64,64,60,0,0,0,0,0,0,0,0,0,0,0,0,40000,0.145124
holdout,syn-small-world-50000-k8-r10-v1,08abafb16a2f58def0f2310fdedc18d5cdc4870e51b2f3f4cda02b2c8a04de55,rotating-hot,2,bursty,59,0,1,ADES-V2,1ee82135c109a3625f6ff66b8134df1f3437905a981db930cd022adaef3c07e7,60,29,15,14,67108864,11796608,11789804,6804,101098,343429,168404,372624,191,431,2032,2032,60,0,0,0,0,0,0,0,0,0,0,0,0,40076,0.146023
holdout,syn-small-world-50000-k8-r10-v1,08abafb16a2f58def0f2310fdedc18d5cdc4870e51b2f3f4cda02b2c8a04de55,rotating-hot,2,bursty,59,0,2,COLD,1ee82135c109a3625f6ff66b8134df1f3437905a981db930cd022adaef3c07e7,60,29,15,14,67108864,10965453,10959428,6025,98213,317532,151071,335795,161,321,0,0,60,0,0,0,0,0,0,0,0,0,0,0,0,39820,0.143616
holdout,syn-small-world-50000-k8-r10-v1,08abafb16a2f58def0f2310fdedc18d5cdc4870e51b2f3f4cda02b2c8a04de55,rotating-hot,2,bursty,59,0,3,B3L,1ee82135c109a3625f6ff66b8134df1f3437905a981db930cd022adaef3c07e7,60,29,15,14,67108864,77015295,76975401,39894,50,24737,41,18186310,230,4067,8800064,8800064,4,56,0,0,0,0,0,0,0,0,0,0,0,47848,0.210415
holdout,syn-small-world-50000-k8-r10-v1,08abafb16a2f58def0f2310fdedc18d5cdc4870e51b2f3f4cda02b2c8a04de55,rotating-hot,2,bursty,59,0,4,FREQ-LRU-REPAIR,1ee82135c109a3625f6ff66b8134df1f3437905a981db930cd022adaef3c07e7,60,29,15,14,67108864,89618093,89580784,37309,471,598996,110,20107139,932,4317,8800432,8800432,16,44,4,0,4,0,0,0,62,2,4,0,0,49108,0.221491
holdout,syn-small-world-50000-k8-r10-v1,08abafb16a2f58def0f2310fdedc18d5cdc4870e51b2f3f4cda02b2c8a04de55,rotating-hot,2,bursty,83,0,0,ADES,b0a68fffb0e37ef1fc2d0e612f843940c9e11b6eb2f89084efce4f9ee26914e7,60,29,15,14,16777216,11563219,11556713,6506,124142,340103,167983,385709,221,331,64,64,60,0,0,0,0,0,0,0,0,0,0,0,0,39952,0.145042
holdout,syn-small-world-50000-k8-r10-v1,08abafb16a2f58def0f2310fdedc18d5cdc4870e51b2f3f4cda02b2c8a04de55,rotating-hot,2,bursty,83,0,1,ADES-V2,b0a68fffb0e37ef1fc2d0e612f843940c9e11b6eb2f89084efce4f9ee26914e7,60,29,15,14,16777216,13100388,13093826,6562,142265,398272,193010,407539,250,331,2032,2032,60,0,0,0,0,0,0,0,0,0,0,0,0,38832,0.147831
holdout,syn-small-world-50000-k8-r10-v1,08abafb16a2f58def0f2310fdedc18d5cdc4870e51b2f3f4cda02b2c8a04de55,rotating-hot,2,bursty,83,0,2,COLD,b0a68fffb0e37ef1fc2d0e612f843940c9e11b6eb2f89084efce4f9ee26914e7,60,29,15,14,16777216,12472355,12464660,7695,134201,377534,179484,401459,240,641,0,0,60,0,0,0,0,0,0,0,0,0,0,0,0,39696,0.144706
holdout,syn-small-world-50000-k8-r10-v1,08abafb16a2f58def0f2310fdedc18d5cdc4870e51b2f3f4cda02b2c8a04de55,rotating-hot,2,bursty,83,0,3,B3L,b0a68fffb0e37ef1fc2d0e612f843940c9e11b6eb2f89084efce4f9ee26914e7,60,29,15,14,16777216,88891551,88866717,24834,50,5490,40,20213226,441,3066,8800064,8800064,4,56,0,0,0,0,0,0,0,0,0,0,0,49092,0.223022
holdout,syn-small-world-50000-k8-r10-v1,08abafb16a2f58def0f2310fdedc18d5cdc4870e51b2f3f4cda02b2c8a04de55,rotating-hot,2,bursty,83,0,4,FREQ-LRU-REPAIR,b0a68fffb0e37ef1fc2d0e612f843940c9e11b6eb2f89084efce4f9ee26914e7,60,29,15,14,16777216,88358358,88324475,33883,341,513427,110,19498184,1032,2875,8800432,8800432,16,44,4,0,4,0,0,0,57,6,5,0,0,49144,0.226124
holdout,syn-small-world-50000-k8-r10-v1,08abafb16a2f58def0f2310fdedc18d5cdc4870e51b2f3f4cda02b2c8a04de55,rotating-hot,2,bursty,83,0,0,ADES-V2,b0a68fffb0e37ef1fc2d0e612f843940c9e11b6eb2f89084efce4f9ee26914e7,60,29,15,14,67108864,11458778,11452376,6402,123380,345785,157614,376351,161,361,2032,2032,60,0,0,0,0,0,0,0,0,0,0,0,0,39356,0.141311
holdout,syn-small-world-50000-k8-r10-v1,08abafb16a2f58def0f2310fdedc18d5cdc4870e51b2f3f4cda02b2c8a04de55,rotating-hot,2,bursty,83,0,1,COLD,b0a68fffb0e37ef1fc2d0e612f843940c9e11b6eb2f89084efce4f9ee26914e7,60,29,15,14,67108864,11775060,11767665,7395,124972,363277,171880,395207,241,591,0,0,60,0,0,0,0,0,0,0,0,0,0,0,0,38524,0.144028
holdout,syn-small-world-50000-k8-r10-v1,08abafb16a2f58def0f2310fdedc18d5cdc4870e51b2f3f4cda02b2c8a04de55,rotating-hot,2,bursty,83,0,2,B3L,b0a68fffb0e37ef1fc2d0e612f843940c9e11b6eb2f89084efce4f9ee26914e7,60,29,15,14,67108864,85708356,85687788,20568,51,4809,41,19855791,321,2415,8800064,8800064,4,56,0,0,0,0,0,0,0,0,0,0,0,48364,0.219452
holdout,syn-small-world-50000-k8-r10-v1,08abafb16a2f58def0f2310fdedc18d5cdc4870e51b2f3f4cda02b2c8a04de55,rotating-hot,2,bursty,83,0,3,FREQ-LRU-REPAIR,b0a68fffb0e37ef1fc2d0e612f843940c9e11b6eb2f89084efce4f9ee26914e7,60,29,15,14,67108864,98726245,98689068,37177,370,524677,110,23024193,1052,3407,8800432,8800432,16,44,4,0,4,0,0,0,57,6,5,0,0,47896,0.233336
holdout,syn-small-world-50000-k8-r10-v1,08abafb16a2f58def0f2310fdedc18d5cdc4870e51b2f3f4cda02b2c8a04de55,rotating-hot,2,bursty,83,0,4,ADES,b0a68fffb0e37ef1fc2d0e612f843940c9e11b6eb2f89084efce4f9ee26914e7,60,29,15,14,67108864,12215506,12208805,6701,130443,374498,178513,376160,230,361,64,64,60,0,0,0,0,0,0,0,0,0,0,0,0,38940,0.143374
holdout,syn-small-world-50000-k8-r10-v1,08abafb16a2f58def0f2310fdedc18d5cdc4870e51b2f3f4cda02b2c8a04de55,rotating-hot,2,repeated-edge,43,0,0,ADES-V2,4c42e59887fcbf7a67e5b96a025aab957c5c0c57ee3d1e80ad43ad6dc45b691f,60,29,15,14,16777216,13390620,13383712,6908,141924,370961,222785,372243,200,391,2032,2032,60,0,0,0,0,0,0,0,0,0,0,0,0,40028,0.148200
holdout,syn-small-world-50000-k8-r10-v1,08abafb16a2f58def0f2310fdedc18d5cdc4870e51b2f3f4cda02b2c8a04de55,rotating-hot,2,repeated-edge,43,0,1,COLD,4c42e59887fcbf7a67e5b96a025aab957c5c0c57ee3d1e80ad43ad6dc45b691f,60,29,15,14,16777216,14095910,14089526,6384,152464,382682,237061,383163,200,290,0,0,60,0,0,0,0,0,0,0,0,0,0,0,0,39696,0.148928
holdout,syn-small-world-50000-k8-r10-v1,08abafb16a2f58def0f2310fdedc18d5cdc4870e51b2f3f4cda02b2c8a04de55,rotating-hot,2,repeated-edge,43,0,2,B3L,4c42e59887fcbf7a67e5b96a025aab957c5c0c57ee3d1e80ad43ad6dc45b691f,60,29,15,14,16777216,99518987,99514811,4176,50,682,40,23431663,69,661,8800064,8800064,4,56,0,0,0,0,0,0,0,0,0,0,0,49124,0.234978
holdout,syn-small-world-50000-k8-r10-v1,08abafb16a2f58def0f2310fdedc18d5cdc4870e51b2f3f4cda02b2c8a04de55,rotating-hot,2,repeated-edge,43,0,3,FREQ-LRU-REPAIR,4c42e59887fcbf7a67e5b96a025aab957c5c0c57ee3d1e80ad43ad6dc45b691f,60,29,15,14,16777216,99070239,99050453,19786,331,619197,140,22963582,521,2023,8800432,8800432,16,44,4,0,4,0,0,0,66,0,0,0,0,49152,0.233203
holdout,syn-small-world-50000-k8-r10-v1,08abafb16a2f58def0f2310fdedc18d5cdc4870e51b2f3f4cda02b2c8a04de55,rotating-hot,2,repeated-edge,43,0,4,ADES,4c42e59887fcbf7a67e5b96a025aab957c5c0c57ee3d1e80ad43ad6dc45b691f,60,29,15,14,16777216,13966449,13960422,6027,147065,384949,237313,391701,191,351,64,64,60,0,0,0,0,0,0,0,0,0,0,0,0,39980,0.149683
holdout,syn-small-world-50000-k8-r10-v1,08abafb16a2f58def0f2310fdedc18d5cdc4870e51b2f3f4cda02b2c8a04de55,rotating-hot,2,repeated-edge,43,0,0,COLD,4c42e59887fcbf7a67e5b96a025aab957c5c0c57ee3d1e80ad43ad6dc45b691f,60,29,15,14,67108864,15158148,15151475,6673,151523,403043,258153,438128,200,491,0,0,60,0,0,0,0,0,0,0,0,0,0,0,0,39756,0.153231
holdout,syn-small-world-50000-k8-r10-v1,08abafb16a2f58def0f2310fdedc18d5cdc4870e51b2f3f4cda02b2c8a04de55,rotating-hot,2,repeated-edge,43,0,1,B3L,4c42e59887fcbf7a67e5b96a025aab957c5c0c57ee3d1e80ad43ad6dc45b691f,60,29,15,14,67108864,100304702,100300324,4378,50,611,49,24095556,80,591,8800064,8800064,4,56,0,0,0,0,0,0,0,0,0,0,0,49116,0.239502
holdout,syn-small-world-50000-k8-r10-v1,08abafb16a2f58def0f2310fdedc18d5cdc4870e51b2f3f4cda02b2c8a04de55,rotating-hot,2,repeated-edge,43,0,2,FREQ-LRU-REPAIR,4c42e59887fcbf7a67e5b96a025aab957c5c0c57ee3d1e80ad43ad6dc45b691f,60,29,15,14,67108864,110907377,110887389,19988,331,655584,130,26211129,621,2073,8800432,8800432,16,44,4,0,4,0,0,0,66,0,0,0,0,49152,0.246915
holdout,syn-small-world-50000-k8-r10-v1,08abafb16a2f58def0f2310fdedc18d5cdc4870e51b2f3f4cda02b2c8a04de55,rotating-hot,2,repeated-edge,43,0,3,ADES,4c42e59887fcbf7a67e5b96a025aab957c5c0c57ee3d1e80ad43ad6dc45b691f,60,29,15,14,67108864,14842227,14835493,6734,151824,426066,252031,435223,201,411,64,64,60,0,0,0,0,0,0,0,0,0,0,0,0,38724,0.152047
holdout,syn-small-world-50000-k8-r10-v1,08abafb16a2f58def0f2310fdedc18d5cdc4870e51b2f3f4cda02b2c8a04de55,rotating-hot,2,repeated-edge,43,0,4,ADES-V2,4c42e59887fcbf7a67e5b96a025aab957c5c0c57ee3d1e80ad43ad6dc45b691f,60,29,15,14,67108864,14433968,14427356,6612,151674,403584,242462,418952,191,381,2032,2032,60,0,0,0,0,0,0,0,0,0,0,0,0,38848,0.150992
holdout,syn-small-world-50000-k8-r10-v1,08abafb16a2f58def0f2310fdedc18d5cdc4870e51b2f3f4cda02b2c8a04de55,rotating-hot,2,repeated-edge,59,0,0,COLD,49dcdddb96638803466ca2ce4e652f1a89aaca852f56ad9a15b8c5faba1d37bf,60,29,15,14,16777216,13466917,13460665,6252,131025,422880,196728,445493,191,281,0,0,60,0,0,0,0,0,0,0,0,0,0,0,0,38652,0.148191
holdout,syn-small-world-50000-k8-r10-v1,08abafb16a2f58def0f2310fdedc18d5cdc4870e51b2f3f4cda02b2c8a04de55,rotating-hot,2,repeated-edge,59,0,1,B3L,49dcdddb96638803466ca2ce4e652f1a89aaca852f56ad9a15b8c5faba1d37bf,60,29,15,14,16777216,99412657,99407798,4859,50,832,50,24323422,80,832,8800064,8800064,4,56,0,0,0,0,0,0,0,0,0,0,0,49080,0.235084
holdout,syn-small-world-50000-k8-r10-v1,08abafb16a2f58def0f2310fdedc18d5cdc4870e51b2f3f4cda02b2c8a04de55,rotating-hot,2,repeated-edge,59,0,2,FREQ-LRU-REPAIR,49dcdddb96638803466ca2ce4e652f1a89aaca852f56ad9a15b8c5faba1d37bf,60,29,15,14,16777216,101813887,101794198,19689,340,641709,130,23582227,602,1994,8800432,8800432,16,44,4,0,4,0,0,0,66,0,0,0,0,47860,0.238670
holdout,syn-small-world-50000-k8-r10-v1,08abafb16a2f58def0f2310fdedc18d5cdc4870e51b2f3f4cda02b2c8a04de55,rotating-hot,2,repeated-edge,59,0,3,ADES,49dcdddb96638803466ca2ce4e652f1a89aaca852f56ad9a15b8c5faba1d37bf,60,29,15,14,16777216,13314630,13307628,7002,133690,396281,190916,402221,210,401,64,64,60,0,0,0,0,0,0,0,0,0,0,0,0,38872,0.145601
holdout,syn-small-world-50000-k8-r10-v1,08abafb16a2f58def0f2310fdedc18d5cdc4870e51b2f3f4cda02b2c8a04de55,rotating-hot,2,repeated-edge,59,0,4,ADES-V2,49dcdddb96638803466ca2ce4e652f1a89aaca852f56ad9a15b8c5faba1d37bf,60,29,15,14,16777216,14917293,14910031,7262,140803,434612,218899,446675,260,311,2032,2032,60,0,0,0,0,0,0,0,0,0,0,0,0,39296,0.150129
holdout,syn-small-world-50000-k8-r10-v1,08abafb16a2f58def0f2310fdedc18d5cdc4870e51b2f3f4cda02b2c8a04de55,rotating-hot,2,repeated-edge,59,0,0,B3L,49dcdddb96638803466ca2ce4e652f1a89aaca852f56ad9a15b8c5faba1d37bf,60,29,15,14,67108864,92719883,92715615,4268,50,731,40,21382668,71,591,8800064,8800064,4,56,0,0,0,0,0,0,0,0,0,0,0,49612,0.227941
holdout,syn-small-world-50000-k8-r10-v1,08abafb16a2f58def0f2310fdedc18d5cdc4870e51b2f3f4cda02b2c8a04de55,rotating-hot,2,repeated-edge,59,0,1,FREQ-LRU-REPAIR,49dcdddb96638803466ca2ce4e652f1a89aaca852f56ad9a15b8c5faba1d37bf,60,29,15,14,67108864,97820181,97800111,20070,330,675942,130,22337041,562,2124,8800432,8800432,16,44,4,0,4,0,0,0,66,0,0,0,0,47864,0.232470
holdout,syn-small-world-50000-k8-r10-v1,08abafb16a2f58def0f2310fdedc18d5cdc4870e51b2f3f4cda02b2c8a04de55,rotating-hot,2,repeated-edge,59,0,2,ADES,49dcdddb96638803466ca2ce4e652f1a89aaca852f56ad9a15b8c5faba1d37bf,60,29,15,14,67108864,14070468,14064667,5801,137196,413069,206225,425973,191,260,64,64,60,0,0,0,0,0,0,0,0,0,0,0,0,38784,0.147758
holdout,syn-small-world-50000-k8-r10-v1,08abafb16a2f58def0f2310fdedc18d5cdc4870e51b2f3f4cda02b2c8a04de55,rotating-hot,2,repeated-edge,59,0,3,ADES-V2,49dcdddb96638803466ca2ce4e652f1a89aaca852f56ad9a15b8c5faba1d37bf,60,29,15,14,67108864,13573239,13566854,6385,136504,408651,198730,414922,191,301,2032,2032,60,0,0,0,0,0,0,0,0,0,0,0,0,40000,0.147536
holdout,syn-small-world-50000-k8-r10-v1,08abafb16a2f58def0f2310fdedc18d5cdc4870e51b2f3f4cda02b2c8a04de55,rotating-hot,2,repeated-edge,59,0,4,COLD,49dcdddb96638803466ca2ce4e652f1a89aaca852f56ad9a15b8c5faba1d37bf,60,29,15,14,67108864,13305387,13298696,6691,138839,392060,190966,415995,201,351,0,0,60,0,0,0,0,0,0,0,0,0,0,0,0,38608,0.148427
holdout,syn-small-world-50000-k8-r10-v1,08abafb16a2f58def0f2310fdedc18d5cdc4870e51b2f3f4cda02b2c8a04de55,rotating-hot,2,repeated-edge,83,0,0,B3L,cd4af2f25bf118c275aa333aeb02d438d62dadb34efbd9d0c6901cd62d53b596,60,29,15,14,16777216,96737825,96733196,4629,50,1032,40,23111873,70,691,8800064,8800064,4,56,0,0,0,0,0,0,0,0,0,0,0,49040,0.231123
holdout,syn-small-world-50000-k8-r10-v1,08abafb16a2f58def0f2310fdedc18d5cdc4870e51b2f3f4cda02b2c8a04de55,rotating-hot,2,repeated-edge,83,0,1,FREQ-LRU-REPAIR,cd4af2f25bf118c275aa333aeb02d438d62dadb34efbd9d0c6901cd62d53b596,60,29,15,14,16777216,96626417,96606118,20299,320,517073,110,21779131,581,2295,8800432,8800432,16,44,4,0,4,0,0,0,66,0,0,0,0,47972,0.231547
holdout,syn-small-world-50000-k8-r10-v1,08abafb16a2f58def0f2310fdedc18d5cdc4870e51b2f3f4cda02b2c8a04de55,rotating-hot,2,repeated-edge,83,0,2,ADES,cd4af2f25bf118c275aa333aeb02d438d62dadb34efbd9d0c6901cd62d53b596,60,29,15,14,16777216,14202922,14196244,6678,142235,455288,192238,467962,201,331,64,64,60,0,0,0,0,0,0,0,0,0,0,0,0,39344,0.150901
holdout,syn-small-world-50000-k8-r10-v1,08abafb16a2f58def0f2310fdedc18d5cdc4870e51b2f3f4cda02b2c8a04de55,rotating-hot,2,repeated-edge,83,0,3,ADES-V2,cd4af2f25bf118c275aa333aeb02d438d62dadb34efbd9d0c6901cd62d53b596,60,29,15,14,16777216,11846988,11840843,6145,123931,382342,177170,409262,200,301,2032,2032,60,0,0,0,0,0,0,0,0,0,0,0,0,38824,0.145891
holdout,syn-small-world-50000-k8-r10-v1,08abafb16a2f58def0f2310fdedc18d5cdc4870e51b2f3f4cda02b2c8a04de55,rotating-hot,2,repeated-edge,83,0,4,COLD,cd4af2f25bf118c275aa333aeb02d438d62dadb34efbd9d0c6901cd62d53b596,60,29,15,14,16777216,11530472,11524038,6434,122688,384325,159046,394905,201,320,0,0,60,0,0,0,0,0,0,0,0,0,0,0,0,38724,0.146432
holdout,syn-small-world-50000-k8-r10-v1,08abafb16a2f58def0f2310fdedc18d5cdc4870e51b2f3f4cda02b2c8a04de55,rotating-hot,2,repeated-edge,83,0,0,FREQ-LRU-REPAIR,cd4af2f25bf118c275aa333aeb02d438d62dadb34efbd9d0c6901cd62d53b596,60,29,15,14,67108864,100018339,99998044,20295,331,512474,120,22656285,601,2444,8800432,8800432,16,44,4,0,4,0,0,0,66,0,0,0,0,47948,0.236239
holdout,syn-small-world-50000-k8-r10-v1,08abafb16a2f58def0f2310fdedc18d5cdc4870e51b2f3f4cda02b2c8a04de55,rotating-hot,2,repeated-edge,83,0,1,ADES,cd4af2f25bf118c275aa333aeb02d438d62dadb34efbd9d0c6901cd62d53b596,60,29,15,14,67108864,12186155,12179600,6555,137085,383394,178182,429220,191,301,64,64,60,0,0,0,0,0,0,0,0,0,0,0,0,38804,0.146350
holdout,syn-small-world-50000-k8-r10-v1,08abafb16a2f58def0f2310fdedc18d5cdc4870e51b2f3f4cda02b2c8a04de55,rotating-hot,2,repeated-edge,83,0,2,ADES-V2,cd4af2f25bf118c275aa333aeb02d438d62dadb34efbd9d0c6901cd62d53b596,60,29,15,14,67108864,11813007,11807199,5808,126145,371482,176179,407559,191,281,2032,2032,60,0,0,0,0,0,0,0,0,0,0,0,0,38828,0.145775
holdout,syn-small-world-50000-k8-r10-v1,08abafb16a2f58def0f2310fdedc18d5cdc4870e51b2f3f4cda02b2c8a04de55,rotating-hot,2,repeated-edge,83,0,3,COLD,cd4af2f25bf118c275aa333aeb02d438d62dadb34efbd9d0c6901cd62d53b596,60,29,15,14,67108864,11891847,11885371,6476,120324,391779,163875,427946,201,321,0,0,60,0,0,0,0,0,0,0,0,0,0,0,0,38692,0.144996
holdout,syn-small-world-50000-k8-r10-v1,08abafb16a2f58def0f2310fdedc18d5cdc4870e51b2f3f4cda02b2c8a04de55,rotating-hot,2,repeated-edge,83,0,4,B3L,cd4af2f25bf118c275aa333aeb02d438d62dadb34efbd9d0c6901cd62d53b596,60,29,15,14,67108864,99395956,99390888,5068,50,781,49,24081015,70,741,8800064,8800064,4,56,0,0,0,0,0,0,0,0,0,0,0,49088,0.232411
holdout,syn-small-world-50000-k8-r10-v1,08abafb16a2f58def0f2310fdedc18d5cdc4870e51b2f3f4cda02b2c8a04de55,rotating-hot,10,bursty,43,0,0,FREQ-LRU-REPAIR,6f6d5b85f6f195d91082f06943e628ab117f61dcd2a59fb6e55b97f591ae2239,60,5,3,2,16777216,101267543,101259919,7624,111,22650942,101,22650942,1272,2665,8800432,8800432,16,44,4,0,4,0,0,0,16,0,0,0,0,49160,0.239408
holdout,syn-small-world-50000-k8-r10-v1,08abafb16a2f58def0f2310fdedc18d5cdc4870e51b2f3f4cda02b2c8a04de55,rotating-hot,10,bursty,43,0,1,ADES,6f6d5b85f6f195d91082f06943e628ab117f61dcd2a59fb6e55b97f591ae2239,60,5,3,2,16777216,14682491,14680928,1563,244305,427015,259302,427015,161,892,64,64,60,0,0,0,0,0,0,0,0,0,0,0,0,40056,0.147335
holdout,syn-small-world-50000-k8-r10-v1,08abafb16a2f58def0f2310fdedc18d5cdc4870e51b2f3f4cda02b2c8a04de55,rotating-hot,10,bursty,43,0,2,ADES-V2,6f6d5b85f6f195d91082f06943e628ab117f61dcd2a59fb6e55b97f591ae2239,60,5,3,2,16777216,15054039,15052596,1443,251127,443325,258341,443325,241,521,2032,2032,60,0,0,0,0,0,0,0,0,0,0,0,0,40056,0.149387
holdout,syn-small-world-50000-k8-r10-v1,08abafb16a2f58def0f2310fdedc18d5cdc4870e51b2f3f4cda02b2c8a04de55,rotating-hot,10,bursty,43,0,3,COLD,6f6d5b85f6f195d91082f06943e628ab117f61dcd2a59fb6e55b97f591ae2239,60,5,3,2,16777216,15845735,15843941,1794,270553,412478,282055,412478,291,631,0,0,60,0,0,0,0,0,0,0,0,0,0,0,0,38628,0.154779
holdout,syn-small-world-50000-k8-r10-v1,08abafb16a2f58def0f2310fdedc18d5cdc4870e51b2f3f4cda02b2c8a04de55,rotating-hot,10,bursty,43,0,4,B3L,6f6d5b85f6f195d91082f06943e628ab117f61dcd2a59fb6e55b97f591ae2239,60,5,3,2,16777216,95155188,95152342,2846,40,23000954,40,23000954,661,892,8800064,8800064,4,56,0,0,0,0,0,0,0,0,0,0,0,49124,0.230479
holdout,syn-small-world-50000-k8-r10-v1,08abafb16a2f58def0f2310fdedc18d5cdc4870e51b2f3f4cda02b2c8a04de55,rotating-hot,10,bursty,43,0,0,ADES,6f6d5b85f6f195d91082f06943e628ab117f61dcd2a59fb6e55b97f591ae2239,60,5,3,2,67108864,16201093,16199418,1675,260785,495042,271075,495042,241,742,64,64,60,0,0,0,0,0,0,0,0,0,0,0,0,38860,0.150655
holdout,syn-small-world-50000-k8-r10-v1,08abafb16a2f58def0f2310fdedc18d5cdc4870e51b2f3f4cda02b2c8a04de55,rotating-hot,10,bursty,43,0,1,ADES-V2,6f6d5b85f6f195d91082f06943e628ab117f61dcd2a59fb6e55b97f591ae2239,60,5,3,2,67108864,13161205,13159833,1372,211464,368466,213358,368466,241,530,2032,2032,60,0,0,0,0,0,0,0,0,0,0,0,0,38824,0.144309
holdout,syn-small-world-50000-k8-r10-v1,08abafb16a2f58def0f2310fdedc18d5cdc4870e51b2f3f4cda02b2c8a04de55,rotating-hot,10,bursty,43,0,2,COLD,6f6d5b85f6f195d91082f06943e628ab117f61dcd2a59fb6e55b97f591ae2239,60,5,3,2,67108864,16224440,16222785,1655,270043,428188,272277,428188,271,611,0,0,60,0,0,0,0,0,0,0,0,0,0,0,0,39808,0.153999
holdout,syn-small-world-50000-k8-r10-v1,08abafb16a2f58def0f2310fdedc18d5cdc4870e51b2f3f4cda02b2c8a04de55,rotating-hot,10,bursty,43,0,3,B3L,6f6d5b85f6f195d91082f06943e628ab117f61dcd2a59fb6e55b97f591ae2239,60,5,3,2,67108864,89733025,89730891,2134,40,18883745,40,18883745,431,601,8800064,8800064,4,56,0,0,0,0,0,0,0,0,0,0,0,47956,0.227299
holdout,syn-small-world-50000-k8-r10-v1,08abafb16a2f58def0f2310fdedc18d5cdc4870e51b2f3f4cda02b2c8a04de55,rotating-hot,10,bursty,43,0,4,FREQ-LRU-REPAIR,6f6d5b85f6f195d91082f06943e628ab117f61dcd2a59fb6e55b97f591ae2239,60,5,3,2,67108864,85805796,85798852,6944,111,19430443,110,19430443,1012,2275,8800432,8800432,16,44,4,0,4,0,0,0,16,0,0,0,0,49072,0.217679
holdout,syn-small-world-50000-k8-r10-v1,08abafb16a2f58def0f2310fdedc18d5cdc4870e51b2f3f4cda02b2c8a04de55,rotating-hot,10,bursty,59,0,0,ADES,1c3e91bbbeda64b227a5bc8bc1bacfa35e3314f3cf54cc7994b0285ad49925ff,60,5,3,2,16777216,14483117,14481324,1793,192428,551518,198028,551518,261,822,64,64,60,0,0,0,0,0,0,0,0,0,0,0,0,40008,0.151807
holdout,syn-small-world-50000-k8-r10-v1,08abafb16a2f58def0f2310fdedc18d5cdc4870e51b2f3f4cda02b2c8a04de55,rotating-hot,10,bursty,59,0,1,ADES-V2,1c3e91bbbeda64b227a5bc8bc1bacfa35e3314f3cf54cc7994b0285ad49925ff,60,5,3,2,16777216,13027437,13026316,1121,171319,477940,180957,477940,190,340,2032,2032,60,0,0,0,0,0,0,0,0,0,0,0,0,38744,0.146779
holdout,syn-small-world-50000-k8-r10-v1,08abafb16a2f58def0f2310fdedc18d5cdc4870e51b2f3f4cda02b2c8a04de55,rotating-hot,10,bursty,59,0,2,COLD,1c3e91bbbeda64b227a5bc8bc1bacfa35e3314f3cf54cc7994b0285ad49925ff,60,5,3,2,16777216,14305516,14303372,2144,189313,577356,201816,577356,270,1172,0,0,60,0,0,0,0,0,0,0,0,0,0,0,0,39856,0.149700
holdout,syn-small-world-50000-k8-r10-v1,08abafb16a2f58def0f2310fdedc18d5cdc4870e51b2f3f4cda02b2c8a04de55,rotating-hot,10,bursty,59,0,3,B3L,1c3e91bbbeda64b227a5bc8bc1bacfa35e3314f3cf54cc7994b0285ad49925ff,60,5,3,2,16777216,97205618,97201932,3686,50,23617142,50,23617142,691,1382,8800064,8800064,4,56,0,0,0,0,0,0,0,0,0,0,0,47916,0.232801
holdout,syn-small-world-50000-k8-r10-v1,08abafb16a2f58def0f2310fdedc18d5cdc4870e51b2f3f4cda02b2c8a04de55,rotating-hot,10,bursty,59,0,4,FREQ-LRU-REPAIR,1c3e91bbbeda64b227a5bc8bc1bacfa35e3314f3cf54cc7994b0285ad49925ff,60,5,3,2,16777216,112907260,112898072,9188,130,24344917,120,24344917,1984,2495,8800432,8800432,16,44,4,0,4,0,0,0,15,1,0,0,0,49112,0.249876
holdout,syn-small-world-50000-k8-r10-v1,08abafb16a2f58def0f2310fdedc18d5cdc4870e51b2f3f4cda02b2c8a04de55,rotating-hot,10,bursty,59,0,0,ADES-V2,1c3e91bbbeda64b227a5bc8bc1bacfa35e3314f3cf54cc7994b0285ad49925ff,60,5,3,2,67108864,11986570,11985197,1373,159356,458254,164567,458254,271,411,2032,2032,60,0,0,0,0,0,0,0,0,0,0,0,0,39968,0.146595
holdout,syn-small-world-50000-k8-r10-v1,08abafb16a2f58def0f2310fdedc18d5cdc4870e51b2f3f4cda02b2c8a04de55,rotating-hot,10,bursty,59,0,1,COLD,1c3e91bbbeda64b227a5bc8bc1bacfa35e3314f3cf54cc7994b0285ad49925ff,60,5,3,2,67108864,13128098,13126687,1411,169185,515400,177501,515400,241,590,0,0,60,0,0,0,0,0,0,0,0,0,0,0,0,39792,0.147135
holdout,syn-small-world-50000-k8-r10-v1,08abafb16a2f58def0f2310fdedc18d5cdc4870e51b2f3f4cda02b2c8a04de55,rotating-hot,10,bursty,59,0,2,B3L,1c3e91bbbeda64b227a5bc8bc1bacfa35e3314f3cf54cc7994b0285ad49925ff,60,5,3,2,67108864,99596377,99592642,3735,50,23903635,41,23903635,611,1412,8800064,8800064,4,56,0,0,0,0,0,0,0,0,0,0,0,49104,0.235738
holdout,syn-small-world-50000-k8-r10-v1,08abafb16a2f58def0f2310fdedc18d5cdc4870e51b2f3f4cda02b2c8a04de55,rotating-hot,10,bursty,59,0,3,FREQ-LRU-REPAIR,1c3e91bbbeda64b227a5bc8bc1bacfa35e3314f3cf54cc7994b0285ad49925ff,60,5,3,2,67108864,117295005,117286939,8066,170,27114046,140,27114046,1754,2084,8800432,8800432,16,44,4,0,4,0,0,0,15,1,0,0,0,47932,0.257779
holdout,syn-small-world-50000-k8-r10-v1,08abafb16a2f58def0f2310fdedc18d5cdc4870e51b2f3f4cda02b2c8a04de55,rotating-hot,10,bursty,59,0,4,ADES,1c3e91bbbeda64b227a5bc8bc1bacfa35e3314f3cf54cc7994b0285ad49925ff,60,5,3,2,67108864,15202480,15201189,1291,194823,568479,210753,568479,240,441,64,64,60,0,0,0,0,0,0,0,0,0,0,0,0,40044,0.156147
holdout,syn-small-world-50000-k8-r10-v1,08abafb16a2f58def0f2310fdedc18d5cdc4870e51b2f3f4cda02b2c8a04de55,rotating-hot,10,bursty,83,0,0,ADES-V2,129af00e615dbcaf5653c33531ebaa0ab6d8b8af9085f1a04a987cc7d0c836be,60,5,3,2,16777216,12564913,12563581,1332,163654,399814,171159,399814,190,581,2032,2032,60,0,0,0,0,0,0,0,0,0,0,0,0,38848,0.145386
holdout,syn-small-world-50000-k8-r10-v1,08abafb16a2f58def0f2310fdedc18d5cdc4870e51b2f3f4cda02b2c8a04de55,rotating-hot,10,bursty,83,0,1,COLD,129af00e615dbcaf5653c33531ebaa0ab6d8b8af9085f1a04a987cc7d0c836be,60,5,3,2,16777216,10799818,10798447,1371,148467,383435,152935,383435,251,530,0,0,60,0,0,0,0,0,0,0,0,0,0,0,0,39840,0.142455
holdout,syn-small-world-50000-k8-r10-v1,08abafb16a2f58def0f2310fdedc18d5cdc4870e51b2f3f4cda02b2c8a04de55,rotating-hot,10,bursty,83,0,2,B3L,129af00e615dbcaf5653c33531ebaa0ab6d8b8af9085f1a04a987cc7d0c836be,60,5,3,2,16777216,93017089,93010656,6433,50,22097373,50,22097373,641,4098,8800064,8800064,4,56,0,0,0,0,0,0,0,0,0,0,0,47856,0.225365
holdout,syn-small-world-50000-k8-r10-v1,08abafb16a2f58def0f2310fdedc18d5cdc4870e51b2f3f4cda02b2c8a04de55,rotating-hot,10,bursty,83,0,3,FREQ-LRU-REPAIR,129af00e615dbcaf5653c33531ebaa0ab6d8b8af9085f1a04a987cc7d0c836be,60,5,3,2,16777216,100705461,100694070,11391,130,23864616,120,23864616,1773,5050,8800432,8800432,16,44,4,0,4,0,0,0,13,0,3,0,0,49172,0.235041
holdout,syn-small-world-50000-k8-r10-v1,08abafb16a2f58def0f2310fdedc18d5cdc4870e51b2f3f4cda02b2c8a04de55,rotating-hot,10,bursty,83,0,4,ADES,129af00e615dbcaf5653c33531ebaa0ab6d8b8af9085f1a04a987cc7d0c836be,60,5,3,2,16777216,11437376,11435973,1403,150570,369759,159687,369759,241,571,64,64,60,0,0,0,0,0,0,0,0,0,0,0,0,38848,0.144027
holdout,syn-small-world-50000-k8-r10-v1,08abafb16a2f58def0f2310fdedc18d5cdc4870e51b2f3f4cda02b2c8a04de55,rotating-hot,10,bursty,83,0,0,COLD,129af00e615dbcaf5653c33531ebaa0ab6d8b8af9085f1a04a987cc7d0c836be,60,5,3,2,67108864,10955383,10954049,1334,146854,376432,158045,376432,241,512,0,0,60,0,0,0,0,0,0,0,0,0,0,0,0,39784,0.141504
holdout,syn-small-world-50000-k8-r10-v1,08abafb16a2f58def0f2310fdedc18d5cdc4870e51b2f3f4cda02b2c8a04de55,rotating-hot,10,bursty,83,0,1,B3L,129af00e615dbcaf5653c33531ebaa0ab6d8b8af9085f1a04a987cc7d0c836be,60,5,3,2,67108864,79492064,79487437,4627,50,18110002,50,18110002,460,2816,8800064,8800064,4,56,0,0,0,0,0,0,0,0,0,0,0,47868,0.211149
holdout,syn-small-world-50000-k8-r10-v1,08abafb16a2f58def0f2310fdedc18d5cdc4870e51b2f3f4cda02b2c8a04de55,rotating-hot,10,bursty,83,0,2,FREQ-LRU-REPAIR,129af00e615dbcaf5653c33531ebaa0ab6d8b8af9085f1a04a987cc7d0c836be,60,5,3,2,67108864,87233963,87223955,10008,110,20179638,110,20179638,1643,4007,8800432,8800432,16,44,4,0,4,0,0,0,13,0,3,0,0,49128,0.218282
holdout,syn-small-world-50000-k8-r10-v1,08abafb16a2f58def0f2310fdedc18d5cdc4870e51b2f3f4cda02b2c8a04de55,rotating-hot,10,bursty,83,0,3,ADES,129af00e615dbcaf5653c33531ebaa0ab6d8b8af9085f1a04a987cc7d0c836be,60,5,3,2,67108864,10860891,10859790,1101,143527,370961,156972,370961,160,441,64,64,60,0,0,0,0,0,0,0,0,0,0,0,0,39996,0.141842
holdout,syn-small-world-50000-k8-r10-v1,08abafb16a2f58def0f2310fdedc18d5cdc4870e51b2f3f4cda02b2c8a04de55,rotating-hot,10,bursty,83,0,4,ADES-V2,129af00e615dbcaf5653c33531ebaa0ab6d8b8af9085f1a04a987cc7d0c836be,60,5,3,2,67108864,13731098,13729554,1544,179164,433678,181248,433678,271,682,2032,2032,60,0,0,0,0,0,0,0,0,0,0,0,0,38880,0.146990
holdout,syn-small-world-50000-k8-r10-v1,08abafb16a2f58def0f2310fdedc18d5cdc4870e51b2f3f4cda02b2c8a04de55,rotating-hot,10,repeated-edge,43,0,0,COLD,5a7ddc2e390b101bc1c414398cc80725871a8b23ec0b36b4bc93710eb6eb266c,60,5,3,2,16777216,12212424,12210931,1493,181759,333351,201345,333351,271,461,0,0,60,0,0,0,0,0,0,0,0,0,0,0,0,40328,0.143226
holdout,syn-small-world-50000-k8-r10-v1,08abafb16a2f58def0f2310fdedc18d5cdc4870e51b2f3f4cda02b2c8a04de55,rotating-hot,10,repeated-edge,43,0,1,B3L,5a7ddc2e390b101bc1c414398cc80725871a8b23ec0b36b4bc93710eb6eb266c,60,5,3,2,16777216,82599951,82597757,2194,50,19022717,49,19022717,401,982,8800064,8800064,4,56,0,0,0,0,0,0,0,0,0,0,0,49028,0.214980
holdout,syn-small-world-50000-k8-r10-v1,08abafb16a2f58def0f2310fdedc18d5cdc4870e51b2f3f4cda02b2c8a04de55,rotating-hot,10,repeated-edge,43,0,2,FREQ-LRU-REPAIR,5a7ddc2e390b101bc1c414398cc80725871a8b23ec0b36b4bc93710eb6eb266c,60,5,3,2,16777216,85669657,85664378,5279,110,18952776,110,18952776,962,1633,8800432,8800432,16,44,4,0,4,0,0,0,12,0,0,0,0,49172,0.217884
holdout,syn-small-world-50000-k8-r10-v1,08abafb16a2f58def0f2310fdedc18d5cdc4870e51b2f3f4cda02b2c8a04de55,rotating-hot,10,repeated-edge,43,0,3,ADES,5a7ddc2e390b101bc1c414398cc80725871a8b23ec0b36b4bc93710eb6eb266c,60,5,3,2,16777216,13718101,13716467,1634,204181,409603,230419,409603,311,421,64,64,60,0,0,0,0,0,0,0,0,0,0,0,0,39356,0.146570
holdout,syn-small-world-50000-k8-r10-v1,08abafb16a2f58def0f2310fdedc18d5cdc4870e51b2f3f4cda02b2c8a04de55,rotating-hot,10,repeated-edge,43,0,4,ADES-V2,5a7ddc2e390b101bc1c414398cc80725871a8b23ec0b36b4bc93710eb6eb266c,60,5,3,2,16777216,12486745,12485334,1411,186968,377553,209370,377553,281,360,2032,2032,60,0,0,0,0,0,0,0,0,0,0,0,0,40532,0.144229
holdout,syn-small-world-50000-k8-r10-v1,08abafb16a2f58def0f2310fdedc18d5cdc4870e51b2f3f4cda02b2c8a04de55,rotating-hot,10,repeated-edge,43,0,0,B3L,5a7ddc2e390b101bc1c414398cc80725871a8b23ec0b36b4bc93710eb6eb266c,60,5,3,2,67108864,81458512,81457541,971,50,18945793,40,18945793,190,271,8800064,8800064,4,56,0,0,0,0,0,0,0,0,0,0,0,49080,0.213446
holdout,syn-small-world-50000-k8-r10-v1,08abafb16a2f58def0f2310fdedc18d5cdc4870e51b2f3f4cda02b2c8a04de55,rotating-hot,10,repeated-edge,43,0,1,FREQ-LRU-REPAIR,5a7ddc2e390b101bc1c414398cc80725871a8b23ec0b36b4bc93710eb6eb266c,60,5,3,2,67108864,88796530,88790860,5670,160,19740834,110,19740834,932,1984,8800432,8800432,16,44,4,0,4,0,0,0,12,0,0,0,0,48396,0.228184
holdout,syn-small-world-50000-k8-r10-v1,08abafb16a2f58def0f2310fdedc18d5cdc4870e51b2f3f4cda02b2c8a04de55,rotating-hot,10,repeated-edge,43,0,2,ADES,5a7ddc2e390b101bc1c414398cc80725871a8b23ec0b36b4bc93710eb6eb266c,60,5,3,2,67108864,12028260,12027048,1212,180566,332059,196927,332059,230,331,64,64,60,0,0,0,0,0,0,0,0,0,0,0,0,40064,0.142316
holdout,syn-small-world-50000-k8-r10-v1,08abafb16a2f58def0f2310fdedc18d5cdc4870e51b2f3f4cda02b2c8a04de55,rotating-hot,10,repeated-edge,43,0,3,ADES-V2,5a7ddc2e390b101bc1c414398cc80725871a8b23ec0b36b4bc93710eb6eb266c,60,5,3,2,67108864,13015707,13014355,1352,192228,378105,203549,378105,190,591,2032,2032,60,0,0,0,0,0,0,0,0,0,0,0,0,39308,0.150144
holdout,syn-small-world-50000-k8-r10-v1,08abafb16a2f58def0f2310fdedc18d5cdc4870e51b2f3f4cda02b2c8a04de55,rotating-hot,10,repeated-edge,43,0,4,COLD,5a7ddc2e390b101bc1c414398cc80725871a8b23ec0b36b4bc93710eb6eb266c,60,5,3,2,67108864,11901200,11899806,1394,181939,332599,199712,332599,251,441,0,0,60,0,0,0,0,0,0,0,0,0,0,0,0,38468,0.143344
holdout,syn-small-world-50000-k8-r10-v1,08abafb16a2f58def0f2310fdedc18d5cdc4870e51b2f3f4cda02b2c8a04de55,rotating-hot,10,repeated-edge,59,0,0,B3L,9dd950a6fad926ced02e0812b41b05e6fda94414f2788f25f9b0cd0d656c876d,60,5,3,2,16777216,93498743,93496769,1974,49,21578207,41,21578207,451,672,8800064,8800064,4,56,0,0,0,0,0,0,0,0,0,0,0,47712,0.226967
holdout,syn-small-world-50000-k8-r10-v1,08abafb16a2f58def0f2310fdedc18d5cdc4870e51b2f3f4cda02b2c8a04de55,rotating-hot,10,repeated-edge,59,0,1,FREQ-LRU-REPAIR,9dd950a6fad926ced02e0812b41b05e6fda94414f2788f25f9b0cd0d656c876d,60,5,3,2,16777216,92295840,92289227,6613,180,21382012,120,21382012,1213,2515,8800432,8800432,16,44,4,0,4,0,0,0,12,0,0,0,0,49052,0.223860
holdout,syn-small-world-50000-k8-r10-v1,08abafb16a2f58def0f2310fdedc18d5cdc4870e51b2f3f4cda02b2c8a04de55,rotating-hot,10,repeated-edge,59,0,2,ADES,9dd950a6fad926ced02e0812b41b05e6fda94414f2788f25f9b0cd0d656c876d,60,5,3,2,16777216,15938936,15937334,1602,233615,480655,246129,480655,220,681,64,64,60,0,0,0,0,0,0,0,0,0,0,0,0,39960,0.150429
holdout,syn-small-world-50000-k8-r10-v1,08abafb16a2f58def0f2310fdedc18d5cdc4870e51b2f3f4cda02b2c8a04de55,rotating-hot,10,repeated-edge,59,0,3,ADES-V2,9dd950a6fad926ced02e0812b41b05e6fda94414f2788f25f9b0cd0d656c876d,60,5,3,2,16777216,11854569,11853448,1121,163454,379697,178923,379697,190,341,2032,2032,60,0,0,0,0,0,0,0,0,0,0,0,0,38824,0.140391
holdout,syn-small-world-50000-k8-r10-v1,08abafb16a2f58def0f2310fdedc18d5cdc4870e51b2f3f4cda02b2c8a04de55,rotating-hot,10,repeated-edge,59,0,4,COLD,9dd950a6fad926ced02e0812b41b05e6fda94414f2788f25f9b0cd0d656c876d,60,5,3,2,16777216,12033152,12031910,1242,166881,387021,168805,387021,190,461,0,0,60,0,0,0,0,0,0,0,0,0,0,0,0,39784,0.144233
holdout,syn-small-world-50000-k8-r10-v1,08abafb16a2f58def0f2310fdedc18d5cdc4870e51b2f3f4cda02b2c8a04de55,rotating-hot,10,repeated-edge,59,0,0,FREQ-LRU-REPAIR,9dd950a6fad926ced02e0812b41b05e6fda94414f2788f25f9b0cd0d656c876d,60,5,3,2,67108864,80878409,80872579,5830,110,18701020,110,18701020,1272,1993,8800432,8800432,16,44,4,0,4,0,0,0,12,0,0,0,0,49160,0.210849
holdout,syn-small-world-50000-k8-r10-v1,08abafb16a2f58def0f2310fdedc18d5cdc4870e51b2f3f4cda02b2c8a04de55,rotating-hot,10,repeated-edge,59,0,1,ADES,9dd950a6fad926ced02e0812b41b05e6fda94414f2788f25f9b0cd0d656c876d,60,5,3,2,67108864,12160716,12159384,1332,167001,378114,179234,378114,240,441,64,64,60,0,0,0,0,0,0,0,0,0,0,0,0,38736,0.141026
holdout,syn-small-world-50000-k8-r10-v1,08abafb16a2f58def0f2310fdedc18d5cdc4870e51b2f3f4cda02b2c8a04de55,rotating-hot,10,repeated-edge,59,0,2,ADES-V2,9dd950a6fad926ced02e0812b41b05e6fda94414f2788f25f9b0cd0d656c876d,60,5,3,2,67108864,12332475,12330893,1582,169927,383855,180576,383855,291,531,2032,2032,60,0,0,0,0,0,0,0,0,0,0,0,0,38816,0.142140
holdout,syn-small-world-50000-k8-r10-v1,08abafb16a2f58def0f2310fdedc18d5cdc4870e51b2f3f4cda02b2c8a04de55,rotating-hot,10,repeated-edge,59,0,3,COLD,9dd950a6fad926ced02e0812b41b05e6fda94414f2788f25f9b0cd0d656c876d,60,5,3,2,67108864,12049354,12047931,1423,155901,396729,171991,396729,270,461,0,0,60,0,0,0,0,0,0,0,0,0,0,0,0,39896,0.143066
holdout,syn-small-world-50000-k8-r10-v1,08abafb16a2f58def0f2310fdedc18d5cdc4870e51b2f3f4cda02b2c8a04de55,rotating-hot,10,repeated-edge,59,0,4,B3L,9dd950a6fad926ced02e0812b41b05e6fda94414f2788f25f9b0cd0d656c876d,60,5,3,2,67108864,92620232,92617999,2233,50,20649279,50,20649279,571,651,8800064,8800064,4,56,0,0,0,0,0,0,0,0,0,0,0,47912,0.226660
holdout,syn-small-world-50000-k8-r10-v1,08abafb16a2f58def0f2310fdedc18d5cdc4870e51b2f3f4cda02b2c8a04de55,rotating-hot,10,repeated-edge,83,0,0,FREQ-LRU-REPAIR,07362771d0c8d19457c131dd2370ef82a9df6927ccc015f98b4aebdde94792e3,60,5,3,2,16777216,84049631,84029152,20479,170,18353994,131,18353994,4128,9157,8800432,8800432,16,44,4,0,4,0,0,0,1,5,6,0,0,49104,0.217772
holdout,syn-small-world-50000-k8-r10-v1,08abafb16a2f58def0f2310fdedc18d5cdc4870e51b2f3f4cda02b2c8a04de55,rotating-hot,10,repeated-edge,83,0,1,ADES,07362771d0c8d19457c131dd2370ef82a9df6927ccc015f98b4aebdde94792e3,60,5,3,2,16777216,10942029,10940577,1452,151222,374657,159788,374657,200,651,64,64,60,0,0,0,0,0,0,0,0,0,0,0,0,40064,0.141024
holdout,syn-small-world-50000-k8-r10-v1,08abafb16a2f58def0f2310fdedc18d5cdc4870e51b2f3f4cda02b2c8a04de55,rotating-hot,10,repeated-edge,83,0,2,ADES-V2,07362771d0c8d19457c131dd2370ef82a9df6927ccc015f98b4aebdde94792e3,60,5,3,2,16777216,10585766,10584623,1143,147034,379487,150390,379487,200,341,2032,2032,60,0,0,0,0,0,0,0,0,0,0,0,0,38816,0.140364
holdout,syn-small-world-50000-k8-r10-v1,08abafb16a2f58def0f2310fdedc18d5cdc4870e51b2f3f4cda02b2c8a04de55,rotating-hot,10,repeated-edge,83,0,3,COLD,07362771d0c8d19457c131dd2370ef82a9df6927ccc015f98b4aebdde94792e3,60,5,3,2,16777216,12566758,12565123,1635,163705,454497,170778,454497,271,511,0,0,60,0,0,0,0,0,0,0,0,0,0,0,0,38652,0.144376
holdout,syn-small-world-50000-k8-r10-v1,08abafb16a2f58def0f2310fdedc18d5cdc4870e51b2f3f4cda02b2c8a04de55,rotating-hot,10,repeated-edge,83,0,4,B3L,07362771d0c8d19457c131dd2370ef82a9df6927ccc015f98b4aebdde94792e3,60,5,3,2,16777216,86611057,86593024,18033,50,18912955,50,18912955,3867,7604,8800064,8800064,4,56,0,0,0,0,0,0,0,0,0,0,0,47788,0.219193
holdout,syn-small-world-50000-k8-r10-v1,08abafb16a2f58def0f2310fdedc18d5cdc4870e51b2f3f4cda02b2c8a04de55,rotating-hot,10,repeated-edge,83,0,0,ADES,07362771d0c8d19457c131dd2370ef82a9df6927ccc015f98b4aebdde94792e3,60,5,3,2,67108864,10869220,10867797,1423,147474,383404,159337,383404,271,431,64,64,60,0,0,0,0,0,0,0,0,0,0,0,0,38812,0.141111
holdout,syn-small-world-50000-k8-r10-v1,08abafb16a2f58def0f2310fdedc18d5cdc4870e51b2f3f4cda02b2c8a04de55,rotating-hot,10,repeated-edge,83,0,1,ADES-V2,07362771d0c8d19457c131dd2370ef82a9df6927ccc015f98b4aebdde94792e3,60,5,3,2,67108864,11129629,11128327,1302,149839,375389,160058,375389,280,321,2032,2032,60,0,0,0,0,0,0,0,0,0,0,0,0,40008,0.141982
holdout,syn-small-world-50000-k8-r10-v1,08abafb16a2f58def0f2310fdedc18d5cdc4870e51b2f3f4cda02b2c8a04de55,rotating-hot,10,repeated-edge,83,0,2,COLD,07362771d0c8d19457c131dd2370ef82a9df6927ccc015f98b4aebdde94792e3,60,5,3,2,67108864,11231324,11229923,1401,148968,392842,155951,392842,280,361,0,0,60,0,0,0,0,0,0,0,0,0,0,0,0,39792,0.141999
holdout,syn-small-world-50000-k8-r10-v1,08abafb16a2f58def0f2310fdedc18d5cdc4870e51b2f3f4cda02b2c8a04de55,rotating-hot,10,repeated-edge,83,0,3,B3L,07362771d0c8d19457c131dd2370ef82a9df6927ccc015f98b4aebdde94792e3,60,5,3,2,67108864,87602524,87583118,19406,50,19935750,41,19935750,3307,7784,8800064,8800064,4,56,0,0,0,0,0,0,0,0,0,0,0,49020,0.221344
holdout,syn-small-world-50000-k8-r10-v1,08abafb16a2f58def0f2310fdedc18d5cdc4870e51b2f3f4cda02b2c8a04de55,rotating-hot,10,repeated-edge,83,0,4,FREQ-LRU-REPAIR,07362771d0c8d19457c131dd2370ef82a9df6927ccc015f98b4aebdde94792e3,60,5,3,2,67108864,91297361,91262776,34585,151,20178743,140,20178743,4699,19016,8800432,8800432,16,44,4,0,4,0,0,0,1,5,6,0,0,47900,0.222962
holdout,syn-clustered-50000-c100-d6-v1,787dc2f7722ce1c1dee61a465659d0c0447901ecd54e097c919ae012b9746800,hot-pool,2,bursty,43,0,0,ADES,e27041c43884509b1bda66624e227d9f8ad528e370e4ae05e488589b75d3cc3c,60,29,15,14,16777216,12367141,12361850,5291,121627,376290,168825,443496,170,260,176,176,60,0,0,0,0,0,0,0,0,0,0,0,0,34512,0.121427
holdout,syn-clustered-50000-c100-d6-v1,787dc2f7722ce1c1dee61a465659d0c0447901ecd54e097c919ae012b9746800,hot-pool,2,bursty,43,0,1,ADES-V2,e27041c43884509b1bda66624e227d9f8ad528e370e4ae05e488589b75d3cc3c,60,29,15,14,16777216,13176423,13170476,5947,123270,421986,185195,451662,170,331,2032,2032,60,0,0,0,0,0,0,0,0,0,0,0,0,34540,0.123877
holdout,syn-clustered-50000-c100-d6-v1,787dc2f7722ce1c1dee61a465659d0c0447901ecd54e097c919ae012b9746800,hot-pool,2,bursty,43,0,2,COLD,e27041c43884509b1bda66624e227d9f8ad528e370e4ae05e488589b75d3cc3c,60,29,15,14,16777216,15030275,15023741,6534,141865,483251,199030,514328,211,361,0,0,60,0,0,0,0,0,0,0,0,0,0,0,0,34412,0.127184
holdout,syn-clustered-50000-c100-d6-v1,787dc2f7722ce1c1dee61a465659d0c0447901ecd54e097c919ae012b9746800,hot-pool,2,bursty,43,0,3,B3L,e27041c43884509b1bda66624e227d9f8ad528e370e4ae05e488589b75d3cc3c,60,29,15,14,16777216,211190564,211057836,132728,381,19143481,260,20637764,701,29144,15400112,15400112,11,49,0,4,0,0,0,0,0,0,0,0,0,52396,0.323750
holdout,syn-clustered-50000-c100-d6-v1,787dc2f7722ce1c1dee61a465659d0c0447901ecd54e097c919ae012b9746800,hot-pool,2,bursty,43,0,4,FREQ-LRU-REPAIR,e27041c43884509b1bda66624e227d9f8ad528e370e4ae05e488589b75d3cc3c,60,29,15,14,16777216,89186856,89107509,79347,1042,758933,241,18600960,1292,19948,8800544,8800544,23,37,4,0,4,0,0,0,85,8,3,0,0,43756,0.200019
holdout,syn-clustered-50000-c100-d6-v1,787dc2f7722ce1c1dee61a465659d0c0447901ecd54e097c919ae012b9746800,hot-pool,2,bursty,43,0,0,ADES-V2,e27041c43884509b1bda66624e227d9f8ad528e370e4ae05e488589b75d3cc3c,60,29,15,14,67108864,14738910,14732416,6494,130863,498569,203900,521682,200,331,2032,2032,60,0,0,0,0,0,0,0,0,0,0,0,0,34540,0.127846
holdout,syn-clustered-50000-c100-d6-v1,787dc2f7722ce1c1dee61a465659d0c0447901ecd54e097c919ae012b9746800,hot-pool,2,bursty,43,0,1,COLD,e27041c43884509b1bda66624e227d9f8ad528e370e4ae05e488589b75d3cc3c,60,29,15,14,67108864,14966145,14959636,6509,141914,494151,204631,512345,190,381,0,0,60,0,0,0,0,0,0,0,0,0,0,0,0,33560,0.129013
holdout,syn-clustered-50000-c100-d6-v1,787dc2f7722ce1c1dee61a465659d0c0447901ecd54e097c919ae012b9746800,hot-pool,2,bursty,43,0,2,B3L,e27041c43884509b1bda66624e227d9f8ad528e370e4ae05e488589b75d3cc3c,60,29,15,14,67108864,198975275,198831189,144086,391,17668964,220,18812815,931,27330,24200176,24200176,11,49,0,0,0,0,0,0,0,0,0,0,0,57896,0.312551
holdout,syn-clustered-50000-c100-d6-v1,787dc2f7722ce1c1dee61a465659d0c0447901ecd54e097c919ae012b9746800,hot-pool,2,bursty,43,0,3,FREQ-LRU-REPAIR,e27041c43884509b1bda66624e227d9f8ad528e370e4ae05e488589b75d3cc3c,60,29,15,14,67108864,100351262,100273436,77826,942,1222097,290,20555762,1312,18325,8800544,8800544,23,37,4,0,4,0,0,0,85,8,3,0,0,42976,0.216609
holdout,syn-clustered-50000-c100-d6-v1,787dc2f7722ce1c1dee61a465659d0c0447901ecd54e097c919ae012b9746800,hot-pool,2,bursty,43,0,4,ADES,e27041c43884509b1bda66624e227d9f8ad528e370e4ae05e488589b75d3cc3c,60,29,15,14,67108864,13457743,13451844,5899,125353,427596,180406,481606,181,351,176,176,60,0,0,0,0,0,0,0,0,0,0,0,0,33708,0.125751
holdout,syn-clustered-50000-c100-d6-v1,787dc2f7722ce1c1dee61a465659d0c0447901ecd54e097c919ae012b9746800,hot-pool,2,bursty,59,0,0,ADES-V2,2bf65aee639eb29f8e312ac25350b4088342eb3e0392c825b7379ea701cc923c,60,29,15,14,16777216,14902889,14895316,7573,128690,524658,194963,533574,260,431,2032,2032,60,0,0,0,0,0,0,0,0,0,0,0,0,34992,0.135225
holdout,syn-clustered-50000-c100-d6-v1,787dc2f7722ce1c1dee61a465659d0c0447901ecd54e097c919ae012b9746800,hot-pool,2,bursty,59,0,1,COLD,2bf65aee639eb29f8e312ac25350b4088342eb3e0392c825b7379ea701cc923c,60,29,15,14,16777216,11984482,11978279,6203,109273,434249,157193,451211,191,350,0,0,60,0,0,0,0,0,0,0,0,0,0,0,0,33568,0.128443
holdout,syn-clustered-50000-c100-d6-v1,787dc2f7722ce1c1dee61a465659d0c0447901ecd54e097c919ae012b9746800,hot-pool,2,bursty,59,0,2,B3L,2bf65aee639eb29f8e312ac25350b4088342eb3e0392c825b7379ea701cc923c,60,29,15,14,16777216,250309114,250197300,111814,451,21957070,270,22048520,641,19125,15400112,15400112,12,48,0,5,0,0,0,0,0,0,0,0,0,51488,0.366661
holdout,syn-clustered-50000-c100-d6-v1,787dc2f7722ce1c1dee61a465659d0c0447901ecd54e097c919ae012b9746800,hot-pool,2,bursty,59,0,3,FREQ-LRU-REPAIR,2bf65aee639eb29f8e312ac25350b4088342eb3e0392c825b7379ea701cc923c,60,29,15,14,16777216,97813037,97721674,91363,852,550927,300,21767436,1022,17363,8800560,8800560,24,36,4,0,4,0,0,0,63,3,10,0,0,42920,0.215353
holdout,syn-clustered-50000-c100-d6-v1,787dc2f7722ce1c1dee61a465659d0c0447901ecd54e097c919ae012b9746800,hot-pool,2,bursty,59,0,4,ADES,2bf65aee639eb29f8e312ac25350b4088342eb3e0392c825b7379ea701cc923c,60,29,15,14,16777216,12368096,12361463,6633,107420,427066,165138,432155,240,391,192,192,60,0,0,0,0,0,0,0,0,0,0,0,0,34568,0.126229
holdout,syn-clustered-50000-c100-d6-v1,787dc2f7722ce1c1dee61a465659d0c0447901ecd54e097c919ae012b9746800,hot-pool,2,bursty,59,0,0,COLD,2bf65aee639eb29f8e312ac25350b4088342eb3e0392c825b7379ea701cc923c,60,29,15,14,67108864,13682778,13675464,7314,123541,504380,185015,524308,251,401,0,0,60,0,0,0,0,0,0,0,0,0,0,0,0,33576,0.129379
holdout,syn-clustered-50000-c100-d6-v1,787dc2f7722ce1c1dee61a465659d0c0447901ecd54e097c919ae012b9746800,hot-pool,2,bursty,59,0,1,B3L,2bf65aee639eb29f8e312ac25350b4088342eb3e0392c825b7379ea701cc923c,60,29,15,14,67108864,219998106,219871202,126904,401,18748750,251,19153635,692,19997,26400192,26400192,12,48,0,0,0,0,0,0,0,0,0,0,0,59944,0.332748
holdout,syn-clustered-50000-c100-d6-v1,787dc2f7722ce1c1dee61a465659d0c0447901ecd54e097c919ae012b9746800,hot-pool,2,bursty,59,0,2,FREQ-LRU-REPAIR,2bf65aee639eb29f8e312ac25350b4088342eb3e0392c825b7379ea701cc923c,60,29,15,14,67108864,74467754,74406440,61314,591,466749,200,16134489,761,12413,8800560,8800560,24,36,4,0,4,0,0,0,63,3,10,0,0,43760,0.184758
holdout,syn-clustered-50000-c100-d6-v1,787dc2f7722ce1c1dee61a465659d0c0447901ecd54e097c919ae012b9746800,hot-pool,2,bursty,59,0,3,ADES,2bf65aee639eb29f8e312ac25350b4088342eb3e0392c825b7379ea701cc923c,60,29,15,14,67108864,13720366,13712824,7542,126115,489302,183591,497608,260,430,192,192,60,0,0,0,0,0,0,0,0,0,0,0,0,34212,0.124597
holdout,syn-clustered-50000-c100-d6-v1,787dc2f7722ce1c1dee61a465659d0c0447901ecd54e097c919ae012b9746800,hot-pool,2,bursty,59,0,4,ADES-V2,2bf65aee639eb29f8e312ac25350b4088342eb3e0392c825b7379ea701cc923c,60,29,15,14,67108864,12300782,12294010,6772,115565,414582,161851,437496,240,350,2032,2032,60,0,0,0,0,0,0,0,0,0,0,0,0,34060,0.125145
holdout,syn-clustered-50000-c100-d6-v1,787dc2f7722ce1c1dee61a465659d0c0447901ecd54e097c919ae012b9746800,hot-pool,2,bursty,83,0,0,COLD,507d00d13dfb9b40f766f900403d61c6d1d667268b2802f18e4a91e9cb95ca24,60,29,15,14,16777216,11653856,11648034,5822,112309,425012,164686,431794,181,290,0,0,60,0,0,0,0,0,0,0,0,0,0,0,0,34412,0.120835
holdout,syn-clustered-50000-c100-d6-v1,787dc2f7722ce1c1dee61a465659d0c0447901ecd54e097c919ae012b9746800,hot-pool,2,bursty,83,0,1,B3L,507d00d13dfb9b40f766f900403d61c6d1d667268b2802f18e4a91e9cb95ca24,60,29,15,14,16777216,303788378,303735610,52768,541,20178104,270,21389131,721,4619,15400112,15400112,16,44,0,9,0,0,0,0,0,0,0,0,0,51492,0.416992
holdout,syn-clustered-50000-c100-d6-v1,787dc2f7722ce1c1dee61a465659d0c0447901ecd54e097c919ae012b9746800,hot-pool,2,bursty,83,0,2,FREQ-LRU-REPAIR,507d00d13dfb9b40f766f900403d61c6d1d667268b2802f18e4a91e9cb95ca24,60,29,15,14,16777216,83915991,83856852,59139,1112,762641,350,18010013,1293,4027,8800592,8800592,26,34,4,0,4,0,0,0,74,11,3,0,0,43736,0.197781
holdout,syn-clustered-50000-c100-d6-v1,787dc2f7722ce1c1dee61a465659d0c0447901ecd54e097c919ae012b9746800,hot-pool,2,bursty,83,0,3,ADES,507d00d13dfb9b40f766f900403d61c6d1d667268b2802f18e4a91e9cb95ca24,60,29,15,14,16777216,14303794,14297530,6264,138098,497276,206133,507516,190,311,224,224,60,0,0,0,0,0,0,0,0,0,0,0,0,34548,0.126163
holdout,syn-clustered-50000-c100-d6-v1,787dc2f7722ce1c1dee61a465659d0c0447901ecd54e097c919ae012b9746800,hot-pool,2,bursty,83,0,4,ADES-V2,507d00d13dfb9b40f766f900403d61c6d1d667268b2802f18e4a91e9cb95ca24,60,29,15,14,16777216,12216277,12209993,6284,121546,414973,187189,435231,191,340,2032,2032,60,0,0,0,0,0,0,0,0,0,0,0,0,34540,0.123542
holdout,syn-clustered-50000-c100-d6-v1,787dc2f7722ce1c1dee61a465659d0c0447901ecd54e097c919ae012b9746800,hot-pool,2,bursty,83,0,0,B3L,507d00d13dfb9b40f766f900403d61c6d1d667268b2802f18e4a91e9cb95ca24,60,29,15,14,67108864,325770645,325703911,66734,501,23580488,321,25317394,991,8787,30800224,30800224,14,46,0,0,0,0,0,0,0,0,0,0,0,65124,0.439547
holdout,syn-clustered-50000-c100-d6-v1,787dc2f7722ce1c1dee61a465659d0c0447901ecd54e097c919ae012b9746800,hot-pool,2,bursty,83,0,1,FREQ-LRU-REPAIR,507d00d13dfb9b40f766f900403d61c6d1d667268b2802f18e4a91e9cb95ca24,60,29,15,14,67108864,95179768,95114789,64979,1142,719040,361,20701384,1273,4719,8800592,8800592,26,34,4,0,4,0,0,0,74,11,3,0,0,42984,0.210029
holdout,syn-clustered-50000-c100-d6-v1,787dc2f7722ce1c1dee61a465659d0c0447901ecd54e097c919ae012b9746800,hot-pool,2,bursty,83,0,2,ADES,507d00d13dfb9b40f766f900403d61c6d1d667268b2802f18e4a91e9cb95ca24,60,29,15,14,67108864,12030475,12024304,6171,110406,399424,177351,426725,170,451,224,224,60,0,0,0,0,0,0,0,0,0,0,0,0,33768,0.123916
holdout,syn-clustered-50000-c100-d6-v1,787dc2f7722ce1c1dee61a465659d0c0447901ecd54e097c919ae012b9746800,hot-pool,2,bursty,83,0,3,ADES-V2,507d00d13dfb9b40f766f900403d61c6d1d667268b2802f18e4a91e9cb95ca24,60,29,15,14,67108864,12433498,12427514,5984,110676,408902,183722,448015,161,350,2032,2032,60,0,0,0,0,0,0,0,0,0,0,0,0,33668,0.126107
holdout,syn-clustered-50000-c100-d6-v1,787dc2f7722ce1c1dee61a465659d0c0447901ecd54e097c919ae012b9746800,hot-pool,2,bursty,83,0,4,COLD,507d00d13dfb9b40f766f900403d61c6d1d667268b2802f18e4a91e9cb95ca24,60,29,15,14,67108864,13926100,13919137,6963,132988,488910,191116,494762,210,421,0,0,60,0,0,0,0,0,0,0,0,0,0,0,0,34368,0.127304
holdout,syn-clustered-50000-c100-d6-v1,787dc2f7722ce1c1dee61a465659d0c0447901ecd54e097c919ae012b9746800,hot-pool,2,repeated-edge,43,0,0,B3L,e68dc0cebf52ce7bdd7b6a327c5be690d778c2506e738ad1f5bf0167ade9ce8a,60,29,15,14,16777216,329321236,329307341,13895,351,18352358,330,18737486,421,1083,15400112,15400112,19,41,0,12,0,0,0,0,0,0,0,0,0,52156,0.443541
holdout,syn-clustered-50000-c100-d6-v1,787dc2f7722ce1c1dee61a465659d0c0447901ecd54e097c919ae012b9746800,hot-pool,2,repeated-edge,43,0,1,FREQ-LRU-REPAIR,e68dc0cebf52ce7bdd7b6a327c5be690d778c2506e738ad1f5bf0167ade9ce8a,60,29,15,14,16777216,111108241,111083861,24380,691,1118854,471,21290601,741,2113,8800624,8800624,28,32,4,0,4,0,0,0,87,0,0,0,0,42848,0.228860
holdout,syn-clustered-50000-c100-d6-v1,787dc2f7722ce1c1dee61a465659d0c0447901ecd54e097c919ae012b9746800,hot-pool,2,repeated-edge,43,0,2,ADES,e68dc0cebf52ce7bdd7b6a327c5be690d778c2506e738ad1f5bf0167ade9ce8a,60,29,15,14,16777216,15208181,15202159,6022,139981,496064,197498,513957,191,281,256,256,60,0,0,0,0,0,0,0,0,0,0,0,0,33928,0.128329
holdout,syn-clustered-50000-c100-d6-v1,787dc2f7722ce1c1dee61a465659d0c0447901ecd54e097c919ae012b9746800,hot-pool,2,repeated-edge,43,0,3,ADES-V2,e68dc0cebf52ce7bdd7b6a327c5be690d778c2506e738ad1f5bf0167ade9ce8a,60,29,15,14,16777216,19888079,19881175,6904,154508,742333,254153,751771,220,361,2032,2032,60,0,0,0,0,0,0,0,0,0,0,0,0,33944,0.147552
holdout,syn-clustered-50000-c100-d6-v1,787dc2f7722ce1c1dee61a465659d0c0447901ecd54e097c919ae012b9746800,hot-pool,2,repeated-edge,43,0,4,COLD,e68dc0cebf52ce7bdd7b6a327c5be690d778c2506e738ad1f5bf0167ade9ce8a,60,29,15,14,16777216,16230940,16224102,6838,146533,565263,202327,588035,210,341,0,0,60,0,0,0,0,0,0,0,0,0,0,0,0,34488,0.134063
holdout,syn-clustered-50000-c100-d6-v1,787dc2f7722ce1c1dee61a465659d0c0447901ecd54e097c919ae012b9746800,hot-pool,2,repeated-edge,43,0,0,FREQ-LRU-REPAIR,e68dc0cebf52ce7bdd7b6a327c5be690d778c2506e738ad1f5bf0167ade9ce8a,60,29,15,14,67108864,79682321,79660411,21910,701,970178,340,16956909,771,1333,8800624,8800624,28,32,4,0,4,0,0,0,87,0,0,0,0,42916,0.193876
holdout,syn-clustered-50000-c100-d6-v1,787dc2f7722ce1c1dee61a465659d0c0447901ecd54e097c919ae012b9746800,hot-pool,2,repeated-edge,43,0,1,ADES,e68dc0cebf52ce7bdd7b6a327c5be690d778c2506e738ad1f5bf0167ade9ce8a,60,29,15,14,67108864,13682309,13676214,6095,117819,451511,191066,452473,191,281,256,256,60,0,0,0,0,0,0,0,0,0,0,0,0,33260,0.122520
holdout,syn-clustered-50000-c100-d6-v1,787dc2f7722ce1c1dee61a465659d0c0447901ecd54e097c919ae012b9746800,hot-pool,2,repeated-edge,43,0,2,ADES-V2,e68dc0cebf52ce7bdd7b6a327c5be690d778c2506e738ad1f5bf0167ade9ce8a,60,29,15,14,67108864,15760153,15753731,6422,141664,554473,218346,564732,210,311,2032,2032,60,0,0,0,0,0,0,0,0,0,0,0,0,34796,0.129363
holdout,syn-clustered-50000-c100-d6-v1,787dc2f7722ce1c1dee61a465659d0c0447901ecd54e097c919ae012b9746800,hot-pool,2,repeated-edge,43,0,3,COLD,e68dc0cebf52ce7bdd7b6a327c5be690d778c2506e738ad1f5bf0167ade9ce8a,60,29,15,14,67108864,15289369,15283335,6034,139950,525749,197818,532573,191,301,0,0,60,0,0,0,0,0,0,0,0,0,0,0,0,33108,0.125970
holdout,syn-clustered-50000-c100-d6-v1,787dc2f7722ce1c1dee61a465659d0c0447901ecd54e097c919ae012b9746800,hot-pool,2,repeated-edge,43,0,4,B3L,e68dc0cebf52ce7bdd7b6a327c5be690d778c2506e738ad1f5bf0167ade9ce8a,60,29,15,14,67108864,323686996,323671397,15599,340,22174929,311,23930880,351,1263,35200256,35200256,16,44,0,0,0,0,0,0,0,0,0,0,0,68636,0.439918
holdout,syn-clustered-50000-c100-d6-v1,787dc2f7722ce1c1dee61a465659d0c0447901ecd54e097c919ae012b9746800,hot-pool,2,repeated-edge,59,0,0,FREQ-LRU-REPAIR,645a56c3eb3c97244f7e589937f0a9a8f725d46960402a603366526d8b4a1673,60,29,15,14,16777216,81153259,81132274,20985,621,792497,341,16638004,721,1373,8800592,8800592,26,34,4,0,4,0,0,0,77,0,0,0,0,43344,0.195198
holdout,syn-clustered-50000-c100-d6-v1,787dc2f7722ce1c1dee61a465659d0c0447901ecd54e097c919ae012b9746800,hot-pool,2,repeated-edge,59,0,1,ADES,645a56c3eb3c97244f7e589937f0a9a8f725d46960402a603366526d8b4a1673,60,29,15,14,16777216,12529608,12523281,6327,97652,426434,167431,476818,201,331,224,224,60,0,0,0,0,0,0,0,0,0,0,0,0,34796,0.123335
holdout,syn-clustered-50000-c100-d6-v1,787dc2f7722ce1c1dee61a465659d0c0447901ecd54e097c919ae012b9746800,hot-pool,2,repeated-edge,59,0,2,ADES-V2,645a56c3eb3c97244f7e589937f0a9a8f725d46960402a603366526d8b4a1673,60,29,15,14,16777216,15432604,15425901,6703,114904,538403,194883,547701,200,331,2032,2032,60,0,0,0,0,0,0,0,0,0,0,0,0,34988,0.128258
holdout,syn-clustered-50000-c100-d6-v1,787dc2f7722ce1c1dee61a465659d0c0447901ecd54e097c919ae012b9746800,hot-pool,2,repeated-edge,59,0,3,COLD,645a56c3eb3c97244f7e589937f0a9a8f725d46960402a603366526d8b4a1673,60,29,15,14,16777216,11707587,11701718,5869,89457,408070,150230,446742,191,281,0,0,60,0,0,0,0,0,0,0,0,0,0,0,0,33796,0.122081
holdout,syn-clustered-50000-c100-d6-v1,787dc2f7722ce1c1dee61a465659d0c0447901ecd54e097c919ae012b9746800,hot-pool,2,repeated-edge,59,0,4,B3L,645a56c3eb3c97244f7e589937f0a9a8f725d46960402a603366526d8b4a1673,60,29,15,14,16777216,297282692,297272643,10049,281,17634210,281,17701505,221,731,15400112,15400112,17,43,0,10,0,0,0,0,0,0,0,0,0,51332,0.408416
holdout,syn-clustered-50000-c100-d6-v1,787dc2f7722ce1c1dee61a465659d0c0447901ecd54e097c919ae012b9746800,hot-pool,2,repeated-edge,59,0,0,ADES,645a56c3eb3c97244f7e589937f0a9a8f725d46960402a603366526d8b4a1673,60,29,15,14,67108864,12643283,12637183,6100,96039,429511,169716,476368,200,281,224,224,60,0,0,0,0,0,0,0,0,0,0,0,0,33932,0.126868
holdout,syn-clustered-50000-c100-d6-v1,787dc2f7722ce1c1dee61a465659d0c0447901ecd54e097c919ae012b9746800,hot-pool,2,repeated-edge,59,0,1,ADES-V2,645a56c3eb3c97244f7e589937f0a9a8f725d46960402a603366526d8b4a1673,60,29,15,14,67108864,12799502,12793424,6078,93645,428598,168283,645492,200,291,2032,2032,60,0,0,0,0,0,0,0,0,0,0,0,0,34928,0.125111
holdout,syn-clustered-50000-c100-d6-v1,787dc2f7722ce1c1dee61a465659d0c0447901ecd54e097c919ae012b9746800,hot-pool,2,repeated-edge,59,0,2,COLD,645a56c3eb3c97244f7e589937f0a9a8f725d46960402a603366526d8b4a1673,60,29,15,14,67108864,12996789,12990548,6241,96731,453134,165658,454256,200,300,0,0,60,0,0,0,0,0,0,0,0,0,0,0,0,34340,0.124811
holdout,syn-clustered-50000-c100-d6-v1,787dc2f7722ce1c1dee61a465659d0c0447901ecd54e097c919ae012b9746800,hot-pool,2,repeated-edge,59,0,3,B3L,645a56c3eb3c97244f7e589937f0a9a8f725d46960402a603366526d8b4a1673,60,29,15,14,67108864,256225884,256214878,11006,280,18523476,280,19570226,260,1053,30800224,30800224,14,46,0,0,0,0,0,0,0,0,0,0,0,64804,0.371430
holdout,syn-clustered-50000-c100-d6-v1,787dc2f7722ce1c1dee61a465659d0c0447901ecd54e097c919ae012b9746800,hot-pool,2,repeated-edge,59,0,4,FREQ-LRU-REPAIR,645a56c3eb3c97244f7e589937f0a9a8f725d46960402a603366526d8b4a1673,60,29,15,14,67108864,75957722,75938831,18891,621,547820,311,16388369,702,1002,8800592,8800592,26,34,4,0,4,0,0,0,77,0,0,0,0,43760,0.190341
holdout,syn-clustered-50000-c100-d6-v1,787dc2f7722ce1c1dee61a465659d0c0447901ecd54e097c919ae012b9746800,hot-pool,2,repeated-edge,83,0,0,ADES,159230a963d78913f81bb7385752c0a3f741f1c38af2b62a6181fa8256bd1dae,60,29,15,14,16777216,12534430,12527960,6470,122438,374207,205613,387231,200,321,144,144,60,0,0,0,0,0,0,0,0,0,0,0,0,33676,0.126400
holdout,syn-clustered-50000-c100-d6-v1,787dc2f7722ce1c1dee61a465659d0c0447901ecd54e097c919ae012b9746800,hot-pool,2,repeated-edge,83,0,1,ADES-V2,159230a963d78913f81bb7385752c0a3f741f1c38af2b62a6181fa8256bd1dae,60,29,15,14,16777216,14730852,14724341,6511,141283,471969,232774,504299,201,320,2032,2032,60,0,0,0,0,0,0,0,0,0,0,0,0,34176,0.131303
holdout,syn-clustered-50000-c100-d6-v1,787dc2f7722ce1c1dee61a465659d0c0447901ecd54e097c919ae012b9746800,hot-pool,2,repeated-edge,83,0,2,COLD,159230a963d78913f81bb7385752c0a3f741f1c38af2b62a6181fa8256bd1dae,60,29,15,14,16777216,15344846,15337905,6941,138999,527723,260065,539695,211,330,0,0,60,0,0,0,0,0,0,0,0,0,0,0,0,34400,0.131695
holdout,syn-clustered-50000-c100-d6-v1,787dc2f7722ce1c1dee61a465659d0c0447901ecd54e097c919ae012b9746800,hot-pool,2,repeated-edge,83,0,3,B3L,159230a963d78913f81bb7385752c0a3f741f1c38af2b62a6181fa8256bd1dae,60,29,15,14,16777216,190519011,190510598,8413,250,20796972,251,21759004,130,862,15400112,15400112,9,51,0,2,0,0,0,0,0,0,0,0,0,51356,0.307679
holdout,syn-clustered-50000-c100-d6-v1,787dc2f7722ce1c1dee61a465659d0c0447901ecd54e097c919ae012b9746800,hot-pool,2,repeated-edge,83,0,4,FREQ-LRU-REPAIR,159230a963d78913f81bb7385752c0a3f741f1c38af2b62a6181fa8256bd1dae,60,29,15,14,16777216,96723837,96701593,22244,411,703911,321,22403314,672,1733,8800512,8800512,21,39,4,0,4,0,0,0,80,0,0,0,0,42916,0.211179
holdout,syn-clustered-50000-c100-d6-v1,787dc2f7722ce1c1dee61a465659d0c0447901ecd54e097c919ae012b9746800,hot-pool,2,repeated-edge,83,0,0,ADES-V2,159230a963d78913f81bb7385752c0a3f741f1c38af2b62a6181fa8256bd1dae,60,29,15,14,67108864,11954564,11948924,5640,108552,374497,202998,380388,181,240,2032,2032,60,0,0,0,0,0,0,0,0,0,0,0,0,33700,0.121500
holdout,syn-clustered-50000-c100-d6-v1,787dc2f7722ce1c1dee61a465659d0c0447901ecd54e097c919ae012b9746800,hot-pool,2,repeated-edge,83,0,1,COLD,159230a963d78913f81bb7385752c0a3f741f1c38af2b62a6181fa8256bd1dae,60,29,15,14,67108864,11979529,11973716,5813,105526,368486,198129,388163,191,270,0,0,60,0,0,0,0,0,0,0,0,0,0,0,0,34432,0.120901
holdout,syn-clustered-50000-c100-d6-v1,787dc2f7722ce1c1dee61a465659d0c0447901ecd54e097c919ae012b9746800,hot-pool,2,repeated-edge,83,0,2,B3L,159230a963d78913f81bb7385752c0a3f741f1c38af2b62a6181fa8256bd1dae,60,29,15,14,67108864,158766236,158759162,7074,170,17215450,221,17607570,131,802,19800144,19800144,9,51,0,0,0,0,0,0,0,0,0,0,0,53508,0.270394
holdout,syn-clustered-50000-c100-d6-v1,787dc2f7722ce1c1dee61a465659d0c0447901ecd54e097c919ae012b9746800,hot-pool,2,repeated-edge,83,0,3,FREQ-LRU-REPAIR,159230a963d78913f81bb7385752c0a3f741f1c38af2b62a6181fa8256bd1dae,60,29,15,14,67108864,76807254,76787546,19708,391,590330,260,16861901,712,1062,8800512,8800512,21,39,4,0,4,0,0,0,80,0,0,0,0,42920,0.187720
holdout,syn-clustered-50000-c100-d6-v1,787dc2f7722ce1c1dee61a465659d0c0447901ecd54e097c919ae012b9746800,hot-pool,2,repeated-edge,83,0,4,ADES,159230a963d78913f81bb7385752c0a3f741f1c38af2b62a6181fa8256bd1dae,60,29,15,14,67108864,13142803,13136704,6099,121687,424751,207697,430843,191,311,144,144,60,0,0,0,0,0,0,0,0,0,0,0,0,33692,0.123981
holdout,syn-clustered-50000-c100-d6-v1,787dc2f7722ce1c1dee61a465659d0c0447901ecd54e097c919ae012b9746800,hot-pool,10,bursty,43,0,0,ADES-V2,ff1717b7e8fd9ff07056308e747355b681392d3eb3e15706ded3f5d62093c66a,60,5,3,2,16777216,16420827,16419275,1552,212095,615717,217986,615717,330,441,2032,2032,60,0,0,0,0,0,0,0,0,0,0,0,0,34468,0.127768
holdout,syn-clustered-50000-c100-d6-v1,787dc2f7722ce1c1dee61a465659d0c0447901ecd54e097c919ae012b9746800,hot-pool,10,bursty,43,0,1,COLD,ff1717b7e8fd9ff07056308e747355b681392d3eb3e15706ded3f5d62093c66a,60,5,3,2,16777216,15955131,15953698,1433,207466,535287,216474,535287,261,521,0,0,60,0,0,0,0,0,0,0,0,0,0,0,0,34664,0.131258
holdout,syn-clustered-50000-c100-d6-v1,787dc2f7722ce1c1dee61a465659d0c0447901ecd54e097c919ae012b9746800,hot-pool,10,bursty,43,0,2,B3L,ff1717b7e8fd9ff07056308e747355b681392d3eb3e15706ded3f5d62093c66a,60,5,3,2,16777216,338226629,338219256,7373,371,23980473,371,23980473,901,3387,15400112,15400112,15,45,0,8,0,0,0,0,0,0,0,0,0,52332,0.454790
holdout,syn-clustered-50000-c100-d6-v1,787dc2f7722ce1c1dee61a465659d0c0447901ecd54e097c919ae012b9746800,hot-pool,10,bursty,43,0,3,FREQ-LRU-REPAIR,ff1717b7e8fd9ff07056308e747355b681392d3eb3e15706ded3f5d62093c66a,60,5,3,2,16777216,91190091,91183237,6854,591,18204293,471,18204293,1473,1874,8800592,8800592,26,34,4,0,4,0,0,0,14,2,0,0,0,42904,0.206038
holdout,syn-clustered-50000-c100-d6-v1,787dc2f7722ce1c1dee61a465659d0c0447901ecd54e097c919ae012b9746800,hot-pool,10,bursty,43,0,4,ADES,ff1717b7e8fd9ff07056308e747355b681392d3eb3e15706ded3f5d62093c66a,60,5,3,2,16777216,15128315,15126913,1402,192218,517704,204101,517704,250,441,224,224,60,0,0,0,0,0,0,0,0,0,0,0,0,33932,0.126291
holdout,syn-clustered-50000-c100-d6-v1,787dc2f7722ce1c1dee61a465659d0c0447901ecd54e097c919ae012b9746800,hot-pool,10,bursty,43,0,0,COLD,ff1717b7e8fd9ff07056308e747355b681392d3eb3e15706ded3f5d62093c66a,60,5,3,2,67108864,16326514,16324840,1674,205463,547781,214079,547781,280,621,0,0,60,0,0,0,0,0,0,0,0,0,0,0,0,33800,0.131408
holdout,syn-clustered-50000-c100-d6-v1,787dc2f7722ce1c1dee61a465659d0c0447901ecd54e097c919ae012b9746800,hot-pool,10,bursty,43,0,1,B3L,ff1717b7e8fd9ff07056308e747355b681392d3eb3e15706ded3f5d62093c66a,60,5,3,2,67108864,285608977,285598307,10670,330,21025879,281,21025879,1513,4007,30800224,30800224,14,46,0,0,0,0,0,0,0,0,0,0,0,65212,0.400003
holdout,syn-clustered-50000-c100-d6-v1,787dc2f7722ce1c1dee61a465659d0c0447901ecd54e097c919ae012b9746800,hot-pool,10,bursty,43,0,2,FREQ-LRU-REPAIR,ff1717b7e8fd9ff07056308e747355b681392d3eb3e15706ded3f5d62093c66a,60,5,3,2,67108864,95910961,95901653,9308,591,20444726,401,20444726,1964,2535,8800592,8800592,26,34,4,0,4,0,0,0,14,2,0,0,0,42908,0.212421
holdout,syn-clustered-50000-c100-d6-v1,787dc2f7722ce1c1dee61a465659d0c0447901ecd54e097c919ae012b9746800,hot-pool,10,bursty,43,0,3,ADES,ff1717b7e8fd9ff07056308e747355b681392d3eb3e15706ded3f5d62093c66a,60,5,3,2,67108864,13530340,13528997,1343,167893,461830,179905,461830,241,411,224,224,60,0,0,0,0,0,0,0,0,0,0,0,0,33960,0.125018
holdout,syn-clustered-50000-c100-d6-v1,787dc2f7722ce1c1dee61a465659d0c0447901ecd54e097c919ae012b9746800,hot-pool,10,bursty,43,0,4,ADES-V2,ff1717b7e8fd9ff07056308e747355b681392d3eb3e15706ded3f5d62093c66a,60,5,3,2,67108864,14507532,14506238,1294,189823,489693,200262,489693,161,451,2032,2032,60,0,0,0,0,0,0,0,0,0,0,0,0,34796,0.125056
holdout,syn-clustered-50000-c100-d6-v1,787dc2f7722ce1c1dee61a465659d0c0447901ecd54e097c919ae012b9746800,hot-pool,10,bursty,59,0,0,COLD,610355b0574b71ea4a091472c5165717f553bd4a23c17be2c3982c2af69fb5d0,60,5,3,2,16777216,16451347,16449814,1533,204320,618092,226101,618092,241,601,0,0,60,0,0,0,0,0,0,0,0,0,0,0,0,33564,0.132444
holdout,syn-clustered-50000-c100-d6-v1,787dc2f7722ce1c1dee61a465659d0c0447901ecd54e097c919ae012b9746800,hot-pool,10,bursty,59,0,1,B3L,610355b0574b71ea4a091472c5165717f553bd4a23c17be2c3982c2af69fb5d0,60,5,3,2,16777216,376954999,376950400,4599,360,25154410,280,25154410,812,1322,15400112,15400112,16,44,0,9,0,0,0,0,0,0,0,0,0,51340,0.496841
holdout,syn-clustered-50000-c100-d6-v1,787dc2f7722ce1c1dee61a465659d0c0447901ecd54e097c919ae012b9746800,hot-pool,10,bursty,59,0,2,FREQ-LRU-REPAIR,610355b0574b71ea4a091472c5165717f553bd4a23c17be2c3982c2af69fb5d0,60,5,3,2,16777216,99850774,99841847,8927,461,22131098,381,22131098,1533,2725,8800592,8800592,26,34,4,0,4,0,0,0,20,0,0,0,0,42984,0.216581
holdout,syn-clustered-50000-c100-d6-v1,787dc2f7722ce1c1dee61a465659d0c0447901ecd54e097c919ae012b9746800,hot-pool,10,bursty,59,0,3,ADES,610355b0574b71ea4a091472c5165717f553bd4a23c17be2c3982c2af69fb5d0,60,5,3,2,16777216,15734570,15733256,1314,221923,551597,230860,551597,231,491,224,224,60,0,0,0,0,0,0,0,0,0,0,0,0,34212,0.131866
holdout,syn-clustered-50000-c100-d6-v1,787dc2f7722ce1c1dee61a465659d0c0447901ecd54e097c919ae012b9746800,hot-pool,10,bursty,59,0,4,ADES-V2,610355b0574b71ea4a091472c5165717f553bd4a23c17be2c3982c2af69fb5d0,60,5,3,2,16777216,14802143,14800802,1341,189914,534937,207808,534937,210,470,2032,2032,60,0,0,0,0,0,0,0,0,0,0,0,0,34060,0.129634
holdout,syn-clustered-50000-c100-d6-v1,787dc2f7722ce1c1dee61a465659d0c0447901ecd54e097c919ae012b9746800,hot-pool,10,bursty,59,0,0,B3L,610355b0574b71ea4a091472c5165717f553bd4a23c17be2c3982c2af69fb5d0,60,5,3,2,67108864,349673239,349668201,5038,261,26332946,251,26332946,801,1553,30800224,30800224,14,46,0,0,0,0,0,0,0,0,0,0,0,65160,0.469475
holdout,syn-clustered-50000-c100-d6-v1,787dc2f7722ce1c1dee61a465659d0c0447901ecd54e097c919ae012b9746800,hot-pool,10,bursty,59,0,1,FREQ-LRU-REPAIR,610355b0574b71ea4a091472c5165717f553bd4a23c17be2c3982c2af69fb5d0,60,5,3,2,67108864,102094758,102086723,8035,901,21922019,411,21922019,1392,2445,8800592,8800592,26,34,4,0,4,0,0,0,20,0,0,0,0,43756,0.219370
holdout,syn-clustered-50000-c100-d6-v1,787dc2f7722ce1c1dee61a465659d0c0447901ecd54e097c919ae012b9746800,hot-pool,10,bursty,59,0,2,ADES,610355b0574b71ea4a091472c5165717f553bd4a23c17be2c3982c2af69fb5d0,60,5,3,2,67108864,16815984,16814582,1402,217264,619564,239496,619564,230,570,224,224,60,0,0,0,0,0,0,0,0,0,0,0,0,34580,0.132937
holdout,syn-clustered-50000-c100-d6-v1,787dc2f7722ce1c1dee61a465659d0c0447901ecd54e097c919ae012b9746800,hot-pool,10,bursty,59,0,3,ADES-V2,610355b0574b71ea4a091472c5165717f553bd4a23c17be2c3982c2af69fb5d0,60,5,3,2,67108864,15275082,15273799,1283,199051,545546,213337,545546,261,401,2032,2032,60,0,0,0,0,0,0,0,0,0,0,0,0,34896,0.131418
holdout,syn-clustered-50000-c100-d6-v1,787dc2f7722ce1c1dee61a465659d0c0447901ecd54e097c919ae012b9746800,hot-pool,10,bursty,59,0,4,COLD,610355b0574b71ea4a091472c5165717f553bd4a23c17be2c3982c2af69fb5d0,60,5,3,2,67108864,15126330,15124857,1473,191346,541299,206836,541299,241,641,0,0,60,0,0,0,0,0,0,0,0,0,0,0,0,34476,0.130679
holdout,syn-clustered-50000-c100-d6-v1,787dc2f7722ce1c1dee61a465659d0c0447901ecd54e097c919ae012b9746800,hot-pool,10,bursty,83,0,0,B3L,5a1bc589e9c8bc034e0cbe054604a758ff41f10611781d5cc33dae6d3aaba544,60,5,3,2,16777216,304955492,304938520,16972,321,24560456,271,24560456,1724,10199,15400112,15400112,13,47,0,6,0,0,0,0,0,0,0,0,0,51368,0.423521
holdout,syn-clustered-50000-c100-d6-v1,787dc2f7722ce1c1dee61a465659d0c0447901ecd54e097c919ae012b9746800,hot-pool,10,bursty,83,0,1,FREQ-LRU-REPAIR,5a1bc589e9c8bc034e0cbe054604a758ff41f10611781d5cc33dae6d3aaba544,60,5,3,2,16777216,97208869,97190516,18353,591,21019439,430,21019439,2064,8706,8800560,8800560,24,36,4,0,4,0,0,0,14,0,6,0,0,43428,0.214161
holdout,syn-clustered-50000-c100-d6-v1,787dc2f7722ce1c1dee61a465659d0c0447901ecd54e097c919ae012b9746800,hot-pool,10,bursty,83,0,2,ADES,5a1bc589e9c8bc034e0cbe054604a758ff41f10611781d5cc33dae6d3aaba544,60,5,3,2,16777216,15194003,15192521,1482,222264,510872,229437,510872,260,510,192,192,60,0,0,0,0,0,0,0,0,0,0,0,0,34544,0.131195
holdout,syn-clustered-50000-c100-d6-v1,787dc2f7722ce1c1dee61a465659d0c0447901ecd54e097c919ae012b9746800,hot-pool,10,bursty,83,0,3,ADES-V2,5a1bc589e9c8bc034e0cbe054604a758ff41f10611781d5cc33dae6d3aaba544,60,5,3,2,16777216,14673051,14671677,1374,200093,529887,222465,529887,171,511,2032,2032,60,0,0,0,0,0,0,0,0,0,0,0,0,34576,0.130568
holdout,syn-clustered-50000-c100-d6-v1,787dc2f7722ce1c1dee61a465659d0c0447901ecd54e097c919ae012b9746800,hot-pool,10,bursty,83,0,4,COLD,5a1bc589e9c8bc034e0cbe054604a758ff41f10611781d5cc33dae6d3aaba544,60,5,3,2,16777216,14022496,14021183,1313,201235,507004,218868,507004,250,441,0,0,60,0,0,0,0,0,0,0,0,0,0,0,0,33564,0.128548
holdout,syn-clustered-50000-c100-d6-v1,787dc2f7722ce1c1dee61a465659d0c0447901ecd54e097c919ae012b9746800,hot-pool,10,bursty,83,0,0,FREQ-LRU-REPAIR,5a1bc589e9c8bc034e0cbe054604a758ff41f10611781d5cc33dae6d3aaba544,60,5,3,2,67108864,90825983,90809071,16912,411,18744902,321,18744902,1884,8536,8800560,8800560,24,36,4,0,4,0,0,0,14,0,6,0,0,43756,0.207496
holdout,syn-clustered-50000-c100-d6-v1,787dc2f7722ce1c1dee61a465659d0c0447901ecd54e097c919ae012b9746800,hot-pool,10,bursty,83,0,1,ADES,5a1bc589e9c8bc034e0cbe054604a758ff41f10611781d5cc33dae6d3aaba544,60,5,3,2,67108864,15288263,15286740,1523,212726,530939,231872,530939,241,521,192,192,60,0,0,0,0,0,0,0,0,0,0,0,0,34608,0.129233
holdout,syn-clustered-50000-c100-d6-v1,787dc2f7722ce1c1dee61a465659d0c0447901ecd54e097c919ae012b9746800,hot-pool,10,bursty,83,0,2,ADES-V2,5a1bc589e9c8bc034e0cbe054604a758ff41f10611781d5cc33dae6d3aaba544,60,5,3,2,67108864,14694455,14693252,1203,203960,537672,223757,537672,170,411,2032,2032,60,0,0,0,0,0,0,0,0,0,0,0,0,33700,0.130133
holdout,syn-clustered-50000-c100-d6-v1,787dc2f7722ce1c1dee61a465659d0c0447901ecd54e097c919ae012b9746800,hot-pool,10,bursty,83,0,3,COLD,5a1bc589e9c8bc034e0cbe054604a758ff41f10611781d5cc33dae6d3aaba544,60,5,3,2,67108864,14142673,14141281,1392,209099,480755,216694,480755,240,531,0,0,60,0,0,0,0,0,0,0,0,0,0,0,0,33572,0.130069
holdout,syn-clustered-50000-c100-d6-v1,787dc2f7722ce1c1dee61a465659d0c0447901ecd54e097c919ae012b9746800,hot-pool,10,bursty,83,0,4,B3L,5a1bc589e9c8bc034e0cbe054604a758ff41f10611781d5cc33dae6d3aaba544,60,5,3,2,67108864,254895037,254877354,17683,290,22202603,271,22202603,1253,11101,26400192,26400192,12,48,0,0,0,0,0,0,0,0,0,0,0,60772,0.373598
holdout,syn-clustered-50000-c100-d6-v1,787dc2f7722ce1c1dee61a465659d0c0447901ecd54e097c919ae012b9746800,hot-pool,10,repeated-edge,43,0,0,FREQ-LRU-REPAIR,cb971f3f8cbb8ffffe628fa5c774e67e3a34e22cabd5f3ad35d3ff24d6178e1f,60,5,3,2,16777216,111373932,111367821,6111,712,23670398,641,23670398,1373,1763,8800624,8800624,28,32,4,0,4,0,0,0,14,0,0,0,0,42908,0.227066
holdout,syn-clustered-50000-c100-d6-v1,787dc2f7722ce1c1dee61a465659d0c0447901ecd54e097c919ae012b9746800,hot-pool,10,repeated-edge,43,0,1,ADES,cb971f3f8cbb8ffffe628fa5c774e67e3a34e22cabd5f3ad35d3ff24d6178e1f,60,5,3,2,16777216,20166901,20165428,1473,246459,741431,257529,741431,291,351,256,256,60,0,0,0,0,0,0,0,0,0,0,0,0,34800,0.138922
holdout,syn-clustered-50000-c100-d6-v1,787dc2f7722ce1c1dee61a465659d0c0447901ecd54e097c919ae012b9746800,hot-pool,10,repeated-edge,43,0,2,ADES-V2,cb971f3f8cbb8ffffe628fa5c774e67e3a34e22cabd5f3ad35d3ff24d6178e1f,60,5,3,2,16777216,20465109,20463495,1614,245067,690758,280773,690758,331,421,2032,2032,60,0,0,0,0,0,0,0,0,0,0,0,0,33960,0.140356
holdout,syn-clustered-50000-c100-d6-v1,787dc2f7722ce1c1dee61a465659d0c0447901ecd54e097c919ae012b9746800,hot-pool,10,repeated-edge,43,0,3,COLD,cb971f3f8cbb8ffffe628fa5c774e67e3a34e22cabd5f3ad35d3ff24d6178e1f,60,5,3,2,16777216,19332088,19330014,2074,237422,705935,265063,705935,410,561,0,0,60,0,0,0,0,0,0,0,0,0,0,0,0,34340,0.136417
holdout,syn-clustered-50000-c100-d6-v1,787dc2f7722ce1c1dee61a465659d0c0447901ecd54e097c919ae012b9746800,hot-pool,10,repeated-edge,43,0,4,B3L,cb971f3f8cbb8ffffe628fa5c774e67e3a34e22cabd5f3ad35d3ff24d6178e1f,60,5,3,2,16777216,386419814,386415637,4177,380,21245450,340,21245450,1022,1142,15400112,15400112,19,41,0,12,0,0,0,0,0,0,0,0,0,51356,0.502000
holdout,syn-clustered-50000-c100-d6-v1,787dc2f7722ce1c1dee61a465659d0c0447901ecd54e097c919ae012b9746800,hot-pool,10,repeated-edge,43,0,0,ADES,cb971f3f8cbb8ffffe628fa5c774e67e3a34e22cabd5f3ad35d3ff24d6178e1f,60,5,3,2,67108864,16730264,16728719,1545,203469,553832,221823,553832,281,441,256,256,60,0,0,0,0,0,0,0,0,0,0,0,0,34864,0.133570
holdout,syn-clustered-50000-c100-d6-v1,787dc2f7722ce1c1dee61a465659d0c0447901ecd54e097c919ae012b9746800,hot-pool,10,repeated-edge,43,0,1,ADES-V2,cb971f3f8cbb8ffffe628fa5c774e67e3a34e22cabd5f3ad35d3ff24d6178e1f,60,5,3,2,67108864,14874612,14872909,1703,199472,497207,209299,497207,311,471,2032,2032,60,0,0,0,0,0,0,0,0,0,0,0,0,33952,0.128775
holdout,syn-clustered-50000-c100-d6-v1,787dc2f7722ce1c1dee61a465659d0c0447901ecd54e097c919ae012b9746800,hot-pool,10,repeated-edge,43,0,2,COLD,cb971f3f8cbb8ffffe628fa5c774e67e3a34e22cabd5f3ad35d3ff24d6178e1f,60,5,3,2,67108864,17997520,17995557,1963,221322,647537,228767,647537,290,881,0,0,60,0,0,0,0,0,0,0,0,0,0,0,0,33832,0.133349
holdout,syn-clustered-50000-c100-d6-v1,787dc2f7722ce1c1dee61a465659d0c0447901ecd54e097c919ae012b9746800,hot-pool,10,repeated-edge,43,0,3,B3L,cb971f3f8cbb8ffffe628fa5c774e67e3a34e22cabd5f3ad35d3ff24d6178e1f,60,5,3,2,67108864,344968922,344964033,4889,381,24147566,360,24147566,892,1893,35200256,35200256,16,44,0,0,0,0,0,0,0,0,0,0,0,69540,0.461202
holdout,syn-clustered-50000-c100-d6-v1,787dc2f7722ce1c1dee61a465659d0c0447901ecd54e097c919ae012b9746800,hot-pool,10,repeated-edge,43,0,4,FREQ-LRU-REPAIR,cb971f3f8cbb8ffffe628fa5c774e67e3a34e22cabd5f3ad35d3ff24d6178e1f,60,5,3,2,67108864,106395304,106388771,6533,761,22156558,491,22156558,1473,1854,8800624,8800624,28,32,4,0,4,0,0,0,14,0,0,0,0,42920,0.218717
holdout,syn-clustered-50000-c100-d6-v1,787dc2f7722ce1c1dee61a465659d0c0447901ecd54e097c919ae012b9746800,hot-pool,10,repeated-edge,59,0,0,ADES,b32945fccf46fc6e56d55ca1e9dabb00c939ff38169cf76992f1e5704c8632bb,60,5,3,2,16777216,15408544,15407283,1261,199071,556798,213568,556798,240,350,224,224,60,0,0,0,0,0,0,0,0,0,0,0,0,33940,0.136049
holdout,syn-clustered-50000-c100-d6-v1,787dc2f7722ce1c1dee61a465659d0c0447901ecd54e097c919ae012b9746800,hot-pool,10,repeated-edge,59,0,1,ADES-V2,b32945fccf46fc6e56d55ca1e9dabb00c939ff38169cf76992f1e5704c8632bb,60,5,3,2,16777216,12186667,12185495,1172,156642,436504,171178,436504,211,331,2032,2032,60,0,0,0,0,0,0,0,0,0,0,0,0,34596,0.122168
holdout,syn-clustered-50000-c100-d6-v1,787dc2f7722ce1c1dee61a465659d0c0447901ecd54e097c919ae012b9746800,hot-pool,10,repeated-edge,59,0,2,COLD,b32945fccf46fc6e56d55ca1e9dabb00c939ff38169cf76992f1e5704c8632bb,60,5,3,2,16777216,13721833,13720040,1793,183221,496385,189483,496385,271,711,0,0,60,0,0,0,0,0,0,0,0,0,0,0,0,33796,0.126155
holdout,syn-clustered-50000-c100-d6-v1,787dc2f7722ce1c1dee61a465659d0c0447901ecd54e097c919ae012b9746800,hot-pool,10,repeated-edge,59,0,3,B3L,b32945fccf46fc6e56d55ca1e9dabb00c939ff38169cf76992f1e5704c8632bb,60,5,3,2,16777216,341247277,341235073,12204,441,21284362,381,21284362,2465,3576,15400112,15400112,17,43,0,10,0,0,0,0,0,0,0,0,0,52580,0.453875
holdout,syn-clustered-50000-c100-d6-v1,787dc2f7722ce1c1dee61a465659d0c0447901ecd54e097c919ae012b9746800,hot-pool,10,repeated-edge,59,0,4,FREQ-LRU-REPAIR,b32945fccf46fc6e56d55ca1e9dabb00c939ff38169cf76992f1e5704c8632bb,60,5,3,2,16777216,77285898,77275658,10240,401,16460637,310,16460637,1803,3327,8800592,8800592,26,34,4,0,4,0,0,0,11,2,3,0,0,42228,0.190925
holdout,syn-clustered-50000-c100-d6-v1,787dc2f7722ce1c1dee61a465659d0c0447901ecd54e097c919ae012b9746800,hot-pool,10,repeated-edge,59,0,0,ADES-V2,b32945fccf46fc6e56d55ca1e9dabb00c939ff38169cf76992f1e5704c8632bb,60,5,3,2,67108864,12777454,12775983,1471,167853,441553,182489,441553,230,511,2032,2032,60,0,0,0,0,0,0,0,0,0,0,0,0,34564,0.123183
holdout,syn-clustered-50000-c100-d6-v1,787dc2f7722ce1c1dee61a465659d0c0447901ecd54e097c919ae012b9746800,hot-pool,10,repeated-edge,59,0,1,COLD,b32945fccf46fc6e56d55ca1e9dabb00c939ff38169cf76992f1e5704c8632bb,60,5,3,2,67108864,12252462,12250878,1584,157232,438407,165177,438407,311,361,0,0,60,0,0,0,0,0,0,0,0,0,0,0,0,33896,0.122810
holdout,syn-clustered-50000-c100-d6-v1,787dc2f7722ce1c1dee61a465659d0c0447901ecd54e097c919ae012b9746800,hot-pool,10,repeated-edge,59,0,2,B3L,b32945fccf46fc6e56d55ca1e9dabb00c939ff38169cf76992f1e5704c8632bb,60,5,3,2,67108864,314765201,314753048,12153,431,24417942,341,24417942,2755,3016,30800224,30800224,14,46,0,0,0,0,0,0,0,0,0,0,0,64800,0.427906
holdout,syn-clustered-50000-c100-d6-v1,787dc2f7722ce1c1dee61a465659d0c0447901ecd54e097c919ae012b9746800,hot-pool,10,repeated-edge,59,0,3,FREQ-LRU-REPAIR,b32945fccf46fc6e56d55ca1e9dabb00c939ff38169cf76992f1e5704c8632bb,60,5,3,2,67108864,86226383,86215801,10582,551,18978047,401,18978047,1803,3477,8800592,8800592,26,34,4,0,4,0,0,0,11,2,3,0,0,42892,0.199214
holdout,syn-clustered-50000-c100-d6-v1,787dc2f7722ce1c1dee61a465659d0c0447901ecd54e097c919ae012b9746800,hot-pool,10,repeated-edge,59,0,4,ADES,b32945fccf46fc6e56d55ca1e9dabb00c939ff38169cf76992f1e5704c8632bb,60,5,3,2,67108864,13496051,13494737,1314,179404,508998,188611,508998,231,330,224,224,60,0,0,0,0,0,0,0,0,0,0,0,0,34864,0.128551
holdout,syn-clustered-50000-c100-d6-v1,787dc2f7722ce1c1dee61a465659d0c0447901ecd54e097c919ae012b9746800,hot-pool,10,repeated-edge,83,0,0,ADES-V2,11e01fe21a8cba1a61ce9965bd661d8a7a539f5bc852db8e9b590c7529997fd8,60,5,3,2,16777216,13705453,13704292,1161,186558,488741,205082,488741,210,321,2032,2032,60,0,0,0,0,0,0,0,0,0,0,0,0,34612,0.126700
holdout,syn-clustered-50000-c100-d6-v1,787dc2f7722ce1c1dee61a465659d0c0447901ecd54e097c919ae012b9746800,hot-pool,10,repeated-edge,83,0,1,COLD,11e01fe21a8cba1a61ce9965bd661d8a7a539f5bc852db8e9b590c7529997fd8,60,5,3,2,16777216,15580291,15577875,2416,203258,566706,221072,566706,381,711,0,0,60,0,0,0,0,0,0,0,0,0,0,0,0,32884,0.129365
holdout,syn-clustered-50000-c100-d6-v1,787dc2f7722ce1c1dee61a465659d0c0447901ecd54e097c919ae012b9746800,hot-pool,10,repeated-edge,83,0,2,B3L,11e01fe21a8cba1a61ce9965bd661d8a7a539f5bc852db8e9b590c7529997fd8,60,5,3,2,16777216,169286646,169280355,6291,251,24326441,251,24326441,821,3035,15400112,15400112,7,53,0,0,0,0,0,0,0,0,0,0,0,50184,0.285219
holdout,syn-clustered-50000-c100-d6-v1,787dc2f7722ce1c1dee61a465659d0c0447901ecd54e097c919ae012b9746800,hot-pool,10,repeated-edge,83,0,3,FREQ-LRU-REPAIR,11e01fe21a8cba1a61ce9965bd661d8a7a539f5bc852db8e9b590c7529997fd8,60,5,3,2,16777216,104456187,104449655,6532,381,24491048,351,24491048,1142,2495,8800480,8800480,19,41,4,0,4,0,0,0,15,0,0,0,0,42924,0.222499
holdout,syn-clustered-50000-c100-d6-v1,787dc2f7722ce1c1dee61a465659d0c0447901ecd54e097c919ae012b9746800,hot-pool,10,repeated-edge,83,0,4,ADES,11e01fe21a8cba1a61ce9965bd661d8a7a539f5bc852db8e9b590c7529997fd8,60,5,3,2,16777216,14518426,14516633,1793,196236,517474,212986,517474,310,551,112,112,60,0,0,0,0,0,0,0,0,0,0,0,0,34280,0.130689
holdout,syn-clustered-50000-c100-d6-v1,787dc2f7722ce1c1dee61a465659d0c0447901ecd54e097c919ae012b9746800,hot-pool,10,repeated-edge,83,0,0,COLD,11e01fe21a8cba1a61ce9965bd661d8a7a539f5bc852db8e9b590c7529997fd8,60,5,3,2,67108864,13115225,13113911,1314,166991,459847,193501,459847,201,471,0,0,60,0,0,0,0,0,0,0,0,0,0,0,0,32880,0.127668
holdout,syn-clustered-50000-c100-d6-v1,787dc2f7722ce1c1dee61a465659d0c0447901ecd54e097c919ae012b9746800,hot-pool,10,repeated-edge,83,0,1,B3L,11e01fe21a8cba1a61ce9965bd661d8a7a539f5bc852db8e9b590c7529997fd8,60,5,3,2,67108864,185112185,185105153,7032,261,26845153,261,26845153,1653,2875,15400112,15400112,7,53,0,0,0,0,0,0,0,0,0,0,0,49796,0.299065
holdout,syn-clustered-50000-c100-d6-v1,787dc2f7722ce1c1dee61a465659d0c0447901ecd54e097c919ae012b9746800,hot-pool,10,repeated-edge,83,0,2,FREQ-LRU-REPAIR,11e01fe21a8cba1a61ce9965bd661d8a7a539f5bc852db8e9b590c7529997fd8,60,5,3,2,67108864,87734401,87728629,5772,340,19742391,311,19742391,1002,2355,8800480,8800480,19,41,4,0,4,0,0,0,15,0,0,0,0,42892,0.201839
holdout,syn-clustered-50000-c100-d6-v1,787dc2f7722ce1c1dee61a465659d0c0447901ecd54e097c919ae012b9746800,hot-pool,10,repeated-edge,83,0,3,ADES,11e01fe21a8cba1a61ce9965bd661d8a7a539f5bc852db8e9b590c7529997fd8,60,5,3,2,67108864,12548425,12547214,1211,162273,437935,192829,437935,220,350,112,112,60,0,0,0,0,0,0,0,0,0,0,0,0,34536,0.124255
holdout,syn-clustered-50000-c100-d6-v1,787dc2f7722ce1c1dee61a465659d0c0447901ecd54e097c919ae012b9746800,hot-pool,10,repeated-edge,83,0,4,ADES-V2,11e01fe21a8cba1a61ce9965bd661d8a7a539f5bc852db8e9b590c7529997fd8,60,5,3,2,67108864,14221353,14219930,1423,191687,506674,209210,506674,270,411,2032,2032,60,0,0,0,0,0,0,0,0,0,0,0,0,34512,0.131029
holdout,syn-clustered-50000-c100-d6-v1,787dc2f7722ce1c1dee61a465659d0c0447901ecd54e097c919ae012b9746800,zipf,2,bursty,43,0,0,COLD,64bec4bd9e51cb620e47ecdd17a2ca277885bee0074b734120ed7054c51b7f1b,60,29,15,14,16777216,15966076,15959604,6472,136986,524186,238725,525910,180,391,0,0,60,0,0,0,0,0,0,0,0,0,0,0,0,33448,0.144700
holdout,syn-clustered-50000-c100-d6-v1,787dc2f7722ce1c1dee61a465659d0c0447901ecd54e097c919ae012b9746800,zipf,2,bursty,43,0,1,B3L,64bec4bd9e51cb620e47ecdd17a2ca277885bee0074b734120ed7054c51b7f1b,60,29,15,14,16777216,108786465,108681731,104734,220,20601030,150,21519451,351,22622,11000080,11000080,5,55,0,0,0,0,0,0,0,0,0,0,0,45772,0.225113
holdout,syn-clustered-50000-c100-d6-v1,787dc2f7722ce1c1dee61a465659d0c0447901ecd54e097c919ae012b9746800,zipf,2,bursty,43,0,2,FREQ-LRU-REPAIR,64bec4bd9e51cb620e47ecdd17a2ca277885bee0074b734120ed7054c51b7f1b,60,29,15,14,16777216,101353144,101276010,77134,681,626157,220,20018404,1122,13074,8800448,8800448,17,43,4,0,4,0,0,0,81,8,3,0,0,43760,0.216656
holdout,syn-clustered-50000-c100-d6-v1,787dc2f7722ce1c1dee61a465659d0c0447901ecd54e097c919ae012b9746800,zipf,2,bursty,43,0,3,ADES,64bec4bd9e51cb620e47ecdd17a2ca277885bee0074b734120ed7054c51b7f1b,60,29,15,14,16777216,17853658,17846354,7304,145060,598795,272478,613923,241,411,80,80,60,0,0,0,0,0,0,0,0,0,0,0,0,34532,0.135350
holdout,syn-clustered-50000-c100-d6-v1,787dc2f7722ce1c1dee61a465659d0c0447901ecd54e097c919ae012b9746800,zipf,2,bursty,43,0,4,ADES-V2,64bec4bd9e51cb620e47ecdd17a2ca277885bee0074b734120ed7054c51b7f1b,60,29,15,14,16777216,16142738,16135734,7004,128970,525209,234116,534095,240,401,2032,2032,60,0,0,0,0,0,0,0,0,0,0,0,0,33760,0.133839
holdout,syn-clustered-50000-c100-d6-v1,787dc2f7722ce1c1dee61a465659d0c0447901ecd54e097c919ae012b9746800,zipf,2,bursty,43,0,0,B3L,64bec4bd9e51cb620e47ecdd17a2ca277885bee0074b734120ed7054c51b7f1b,60,29,15,14,67108864,103814173,103709611,104562,200,18408495,150,19535094,350,20528,11000080,11000080,5,55,0,0,0,0,0,0,0,0,0,0,0,45464,0.220610
holdout,syn-clustered-50000-c100-d6-v1,787dc2f7722ce1c1dee61a465659d0c0447901ecd54e097c919ae012b9746800,zipf,2,bursty,43,0,1,FREQ-LRU-REPAIR,64bec4bd9e51cb620e47ecdd17a2ca277885bee0074b734120ed7054c51b7f1b,60,29,15,14,67108864,109128788,109046765,82023,762,703350,290,23414732,1222,16481,8800448,8800448,17,43,4,0,4,0,0,0,81,8,3,0,0,42912,0.224908
holdout,syn-clustered-50000-c100-d6-v1,787dc2f7722ce1c1dee61a465659d0c0447901ecd54e097c919ae012b9746800,zipf,2,bursty,43,0,2,ADES,64bec4bd9e51cb620e47ecdd17a2ca277885bee0074b734120ed7054c51b7f1b,60,29,15,14,67108864,14758366,14751875,6491,122148,478050,213277,501955,200,341,80,80,60,0,0,0,0,0,0,0,0,0,0,0,0,33692,0.130630
holdout,syn-clustered-50000-c100-d6-v1,787dc2f7722ce1c1dee61a465659d0c0447901ecd54e097c919ae012b9746800,zipf,2,bursty,43,0,3,ADES-V2,64bec4bd9e51cb620e47ecdd17a2ca277885bee0074b734120ed7054c51b7f1b,60,29,15,14,67108864,14007214,14001133,6081,118120,444437,211974,464615,181,311,2032,2032,60,0,0,0,0,0,0,0,0,0,0,0,0,33704,0.127236
holdout,syn-clustered-50000-c100-d6-v1,787dc2f7722ce1c1dee61a465659d0c0447901ecd54e097c919ae012b9746800,zipf,2,bursty,43,0,4,COLD,64bec4bd9e51cb620e47ecdd17a2ca277885bee0074b734120ed7054c51b7f1b,60,29,15,14,67108864,15391904,15385008,6896,124762,520880,220390,536599,221,411,0,0,60,0,0,0,0,0,0,0,0,0,0,0,0,32848,0.132444
holdout,syn-clustered-50000-c100-d6-v1,787dc2f7722ce1c1dee61a465659d0c0447901ecd54e097c919ae012b9746800,zipf,2,bursty,59,0,0,B3L,1cc5d17e823151f2eab75577525919c6b41c341d624b7edc1b64d7d2227cbf6c,60,29,15,14,16777216,139542324,139463749,78575,251,21827106,160,23352517,511,15549,13200096,13200096,6,54,0,0,0,0,0,0,0,0,0,0,0,47620,0.257276
holdout,syn-clustered-50000-c100-d6-v1,787dc2f7722ce1c1dee61a465659d0c0447901ecd54e097c919ae012b9746800,zipf,2,bursty,59,0,1,FREQ-LRU-REPAIR,1cc5d17e823151f2eab75577525919c6b41c341d624b7edc1b64d7d2227cbf6c,60,29,15,14,16777216,97601440,97516281,85159,751,510350,240,22817980,1222,12533,8800464,8800464,18,42,4,0,4,0,0,0,66,3,11,0,0,42980,0.212419
holdout,syn-clustered-50000-c100-d6-v1,787dc2f7722ce1c1dee61a465659d0c0447901ecd54e097c919ae012b9746800,zipf,2,bursty,59,0,2,ADES,1cc5d17e823151f2eab75577525919c6b41c341d624b7edc1b64d7d2227cbf6c,60,29,15,14,16777216,14155965,14147959,8006,126075,429861,213568,452392,261,431,96,96,60,0,0,0,0,0,0,0,0,0,0,0,0,34208,0.130303
holdout,syn-clustered-50000-c100-d6-v1,787dc2f7722ce1c1dee61a465659d0c0447901ecd54e097c919ae012b9746800,zipf,2,bursty,59,0,3,ADES-V2,1cc5d17e823151f2eab75577525919c6b41c341d624b7edc1b64d7d2227cbf6c,60,29,15,14,16777216,13778771,13771219,7552,130463,431905,215341,447614,251,391,2032,2032,60,0,0,0,0,0,0,0,0,0,0,0,0,33676,0.132077
holdout,syn-clustered-50000-c100-d6-v1,787dc2f7722ce1c1dee61a465659d0c0447901ecd54e097c919ae012b9746800,zipf,2,bursty,59,0,4,COLD,1cc5d17e823151f2eab75577525919c6b41c341d624b7edc1b64d7d2227cbf6c,60,29,15,14,16777216,14209340,14201327,8013,131545,451391,227092,489611,270,471,0,0,60,0,0,0,0,0,0,0,0,0,0,0,0,34416,0.131032
holdout,syn-clustered-50000-c100-d6-v1,787dc2f7722ce1c1dee61a465659d0c0447901ecd54e097c919ae012b9746800,zipf,2,bursty,59,0,0,FREQ-LRU-REPAIR,1cc5d17e823151f2eab75577525919c6b41c341d624b7edc1b64d7d2227cbf6c,60,29,15,14,67108864,95194244,95113675,80569,712,507986,221,21882449,962,11421,8800464,8800464,18,42,4,0,4,0,0,0,66,3,11,0,0,43720,0.210653
holdout,syn-clustered-50000-c100-d6-v1,787dc2f7722ce1c1dee61a465659d0c0447901ecd54e097c919ae012b9746800,zipf,2,bursty,59,0,1,ADES,1cc5d17e823151f2eab75577525919c6b41c341d624b7edc1b64d7d2227cbf6c,60,29,15,14,67108864,12628265,12621254,7011,115616,387161,207526,421465,190,441,96,96,60,0,0,0,0,0,0,0,0,0,0,0,0,33676,0.126258
holdout,syn-clustered-50000-c100-d6-v1,787dc2f7722ce1c1dee61a465659d0c0447901ecd54e097c919ae012b9746800,zipf,2,bursty,59,0,2,ADES-V2,1cc5d17e823151f2eab75577525919c6b41c341d624b7edc1b64d7d2227cbf6c,60,29,15,14,67108864,14565794,14557741,8053,136294,436754,233294,483170,270,451,2032,2032,60,0,0,0,0,0,0,0,0,0,0,0,0,33676,0.132616
holdout,syn-clustered-50000-c100-d6-v1,787dc2f7722ce1c1dee61a465659d0c0447901ecd54e097c919ae012b9746800,zipf,2,bursty,59,0,3,COLD,1cc5d17e823151f2eab75577525919c6b41c341d624b7edc1b64d7d2227cbf6c,60,29,15,14,67108864,13309871,13303033,6838,118631,424370,206505,432194,170,461,0,0,60,0,0,0,0,0,0,0,0,0,0,0,0,34392,0.132071
holdout,syn-clustered-50000-c100-d6-v1,787dc2f7722ce1c1dee61a465659d0c0447901ecd54e097c919ae012b9746800,zipf,2,bursty,59,0,4,B3L,1cc5d17e823151f2eab75577525919c6b41c341d624b7edc1b64d7d2227cbf6c,60,29,15,14,67108864,139339656,139256799,82857,260,22739765,160,23018935,791,16511,13200096,13200096,6,54,0,0,0,0,0,0,0,0,0,0,0,47144,0.256405
holdout,syn-clustered-50000-c100-d6-v1,787dc2f7722ce1c1dee61a465659d0c0447901ecd54e097c919ae012b9746800,zipf,2,bursty,83,0,0,FREQ-LRU-REPAIR,67fd109d6868f488bfd378d10d4b3017933c07f9711a121b4eb0c25c5e59978e,60,29,15,14,16777216,106749657,106688814,60843,531,720833,300,22150804,1263,3717,8800480,8800480,19,41,4,0,4,0,0,0,68,9,3,0,0,42984,0.226848
holdout,syn-clustered-50000-c100-d6-v1,787dc2f7722ce1c1dee61a465659d0c0447901ecd54e097c919ae012b9746800,zipf,2,bursty,83,0,1,ADES,67fd109d6868f488bfd378d10d4b3017933c07f9711a121b4eb0c25c5e59978e,60,29,15,14,16777216,13197509,13190444,7065,96540,510110,188240,569410,250,321,112,112,60,0,0,0,0,0,0,0,0,0,0,0,0,33704,0.129542
holdout,syn-clustered-50000-c100-d6-v1,787dc2f7722ce1c1dee61a465659d0c0447901ecd54e097c919ae012b9746800,zipf,2,bursty,83,0,2,ADES-V2,67fd109d6868f488bfd378d10d4b3017933c07f9711a121b4eb0c25c5e59978e,60,29,15,14,16777216,11282648,11276366,6282,81552,438607,159477,465958,201,321,2032,2032,60,0,0,0,0,0,0,0,0,0,0,0,0,33692,0.125039
holdout,syn-clustered-50000-c100-d6-v1,787dc2f7722ce1c1dee61a465659d0c0447901ecd54e097c919ae012b9746800,zipf,2,bursty,83,0,3,COLD,67fd109d6868f488bfd378d10d4b3017933c07f9711a121b4eb0c25c5e59978e,60,29,15,14,16777216,10787345,10781125,6220,77124,396108,156942,432515,200,300,0,0,60,0,0,0,0,0,0,0,0,0,0,0,0,33568,0.122410
holdout,syn-clustered-50000-c100-d6-v1,787dc2f7722ce1c1dee61a465659d0c0447901ecd54e097c919ae012b9746800,zipf,2,bursty,83,0,4,B3L,67fd109d6868f488bfd378d10d4b3017933c07f9711a121b4eb0c25c5e59978e,60,29,15,14,16777216,141865457,141820875,44582,270,19641700,161,20572024,611,3566,15400112,15400112,7,53,0,0,0,0,0,0,0,0,0,0,0,50076,0.255503
holdout,syn-clustered-50000-c100-d6-v1,787dc2f7722ce1c1dee61a465659d0c0447901ecd54e097c919ae012b9746800,zipf,2,bursty,83,0,0,ADES,67fd109d6868f488bfd378d10d4b3017933c07f9711a121b4eb0c25c5e59978e,60,29,15,14,67108864,11172392,11165760,6632,78376,425011,162072,448826,190,361,112,112,60,0,0,0,0,0,0,0,0,0,0,0,0,33044,0.123015
holdout,syn-clustered-50000-c100-d6-v1,787dc2f7722ce1c1dee61a465659d0c0447901ecd54e097c919ae012b9746800,zipf,2,bursty,83,0,1,ADES-V2,67fd109d6868f488bfd378d10d4b3017933c07f9711a121b4eb0c25c5e59978e,60,29,15,14,67108864,10981758,10973875,7883,89656,425894,152655,437646,201,701,2032,2032,60,0,0,0,0,0,0,0,0,0,0,0,0,34440,0.122943
holdout,syn-clustered-50000-c100-d6-v1,787dc2f7722ce1c1dee61a465659d0c0447901ecd54e097c919ae012b9746800,zipf,2,bursty,83,0,2,COLD,67fd109d6868f488bfd378d10d4b3017933c07f9711a121b4eb0c25c5e59978e,60,29,15,14,67108864,11704722,11697777,6945,84086,418370,166339,491055,251,381,0,0,60,0,0,0,0,0,0,0,0,0,0,0,0,33572,0.125153
holdout,syn-clustered-50000-c100-d6-v1,787dc2f7722ce1c1dee61a465659d0c0447901ecd54e097c919ae012b9746800,zipf,2,bursty,83,0,3,B3L,67fd109d6868f488bfd378d10d4b3017933c07f9711a121b4eb0c25c5e59978e,60,29,15,14,67108864,150400561,150355547,45014,301,20451138,180,21800783,621,3847,15400112,15400112,7,53,0,0,0,0,0,0,0,0,0,0,0,48628,0.265285
holdout,syn-clustered-50000-c100-d6-v1,787dc2f7722ce1c1dee61a465659d0c0447901ecd54e097c919ae012b9746800,zipf,2,bursty,83,0,4,FREQ-LRU-REPAIR,67fd109d6868f488bfd378d10d4b3017933c07f9711a121b4eb0c25c5e59978e,60,29,15,14,67108864,84336114,84285340,50774,470,676029,291,18898927,1012,2976,8800480,8800480,19,41,4,0,4,0,0,0,68,9,3,0,0,42160,0.196186
holdout,syn-clustered-50000-c100-d6-v1,787dc2f7722ce1c1dee61a465659d0c0447901ecd54e097c919ae012b9746800,zipf,2,repeated-edge,43,0,0,ADES,fc10246dc080bdee1714b28adb96b673fad385054f2557a01f706a01333ca40f,60,29,15,14,16777216,17047475,17041674,5801,152934,527864,251188,632808,190,281,160,160,60,0,0,0,0,0,0,0,0,0,0,0,0,33704,0.137262
holdout,syn-clustered-50000-c100-d6-v1,787dc2f7722ce1c1dee61a465659d0c0447901ecd54e097c919ae012b9746800,zipf,2,repeated-edge,43,0,1,ADES-V2,fc10246dc080bdee1714b28adb96b673fad385054f2557a01f706a01333ca40f,60,29,15,14,16777216,15345370,15339273,6097,138478,482088,224528,567437,191,300,2032,2032,60,0,0,0,0,0,0,0,0,0,0,0,0,34492,0.129903
holdout,syn-clustered-50000-c100-d6-v1,787dc2f7722ce1c1dee61a465659d0c0447901ecd54e097c919ae012b9746800,zipf,2,repeated-edge,43,0,2,COLD,fc10246dc080bdee1714b28adb96b673fad385054f2557a01f706a01333ca40f,60,29,15,14,16777216,16518074,16511675,6399,145161,525650,230489,614345,201,270,0,0,60,0,0,0,0,0,0,0,0,0,0,0,0,33572,0.133432
holdout,syn-clustered-50000-c100-d6-v1,787dc2f7722ce1c1dee61a465659d0c0447901ecd54e097c919ae012b9746800,zipf,2,repeated-edge,43,0,3,B3L,fc10246dc080bdee1714b28adb96b673fad385054f2557a01f706a01333ca40f,60,29,15,14,16777216,246916770,246905389,11381,260,22907844,270,22969048,230,1362,15400112,15400112,11,49,0,4,0,0,0,0,0,0,0,0,0,51352,0.364550
holdout,syn-clustered-50000-c100-d6-v1,787dc2f7722ce1c1dee61a465659d0c0447901ecd54e097c919ae012b9746800,zipf,2,repeated-edge,43,0,4,FREQ-LRU-REPAIR,fc10246dc080bdee1714b28adb96b673fad385054f2557a01f706a01333ca40f,60,29,15,14,16777216,85277654,85258759,18895,511,718117,351,727886,561,1583,6600436,6600436,21,39,3,0,3,0,0,0,63,0,0,0,0,40808,0.203642
holdout,syn-clustered-50000-c100-d6-v1,787dc2f7722ce1c1dee61a465659d0c0447901ecd54e097c919ae012b9746800,zipf,2,repeated-edge,43,0,0,ADES-V2,fc10246dc080bdee1714b28adb96b673fad385054f2557a01f706a01333ca40f,60,29,15,14,67108864,18743452,18736933,6519,170908,615978,262138,686098,191,321,2032,2032,60,0,0,0,0,0,0,0,0,0,0,0,0,34508,0.137781
holdout,syn-clustered-50000-c100-d6-v1,787dc2f7722ce1c1dee61a465659d0c0447901ecd54e097c919ae012b9746800,zipf,2,repeated-edge,43,0,1,COLD,fc10246dc080bdee1714b28adb96b673fad385054f2557a01f706a01333ca40f,60,29,15,14,67108864,17335771,17328718,7053,162472,563900,249034,661904,210,431,0,0,60,0,0,0,0,0,0,0,0,0,0,0,0,33564,0.135793
holdout,syn-clustered-50000-c100-d6-v1,787dc2f7722ce1c1dee61a465659d0c0447901ecd54e097c919ae012b9746800,zipf,2,repeated-edge,43,0,2,B3L,fc10246dc080bdee1714b28adb96b673fad385054f2557a01f706a01333ca40f,60,29,15,14,67108864,269949721,269936924,12797,270,27501231,270,27553538,230,1253,22000160,22000160,10,50,0,0,0,0,0,0,0,0,0,0,0,55460,0.390918
holdout,syn-clustered-50000-c100-d6-v1,787dc2f7722ce1c1dee61a465659d0c0447901ecd54e097c919ae012b9746800,zipf,2,repeated-edge,43,0,3,FREQ-LRU-REPAIR,fc10246dc080bdee1714b28adb96b673fad385054f2557a01f706a01333ca40f,60,29,15,14,67108864,85924889,85904784,20105,520,786595,351,802636,591,1503,6600436,6600436,21,39,3,0,3,0,0,0,63,0,0,0,0,40708,0.205386
holdout,syn-clustered-50000-c100-d6-v1,787dc2f7722ce1c1dee61a465659d0c0447901ecd54e097c919ae012b9746800,zipf,2,repeated-edge,43,0,4,ADES,fc10246dc080bdee1714b28adb96b673fad385054f2557a01f706a01333ca40f,60,29,15,14,67108864,18485073,18478251,6822,172782,632548,261217,707588,221,331,160,160,60,0,0,0,0,0,0,0,0,0,0,0,0,33696,0.136214
holdout,syn-clustered-50000-c100-d6-v1,787dc2f7722ce1c1dee61a465659d0c0447901ecd54e097c919ae012b9746800,zipf,2,repeated-edge,59,0,0,ADES-V2,a0a6f05898ea7c266bcb65af9744b01b751ed64af7f1df0cd5195661d69dd41a,60,29,15,14,16777216,14922669,14915945,6724,137606,520420,193881,543883,201,310,2032,2032,60,0,0,0,0,0,0,0,0,0,0,0,0,34468,0.130813
holdout,syn-clustered-50000-c100-d6-v1,787dc2f7722ce1c1dee61a465659d0c0447901ecd54e097c919ae012b9746800,zipf,2,repeated-edge,59,0,1,COLD,a0a6f05898ea7c266bcb65af9744b01b751ed64af7f1df0cd5195661d69dd41a,60,29,15,14,16777216,14173716,14167746,5970,119774,479613,176098,522774,200,260,0,0,60,0,0,0,0,0,0,0,0,0,0,0,0,34672,0.128160
holdout,syn-clustered-50000-c100-d6-v1,787dc2f7722ce1c1dee61a465659d0c0447901ecd54e097c919ae012b9746800,zipf,2,repeated-edge,59,0,2,B3L,a0a6f05898ea7c266bcb65af9744b01b751ed64af7f1df0cd5195661d69dd41a,60,29,15,14,16777216,139202206,139196177,6029,231,22263033,250,22652860,101,702,13200096,13200096,6,54,0,0,0,0,0,0,0,0,0,0,0,47112,0.257357
holdout,syn-clustered-50000-c100-d6-v1,787dc2f7722ce1c1dee61a465659d0c0447901ecd54e097c919ae012b9746800,zipf,2,repeated-edge,59,0,3,FREQ-LRU-REPAIR,a0a6f05898ea7c266bcb65af9744b01b751ed64af7f1df0cd5195661d69dd41a,60,29,15,14,16777216,88524601,88501818,22783,481,584779,311,19732619,672,1293,8800464,8800464,18,42,4,0,4,0,0,0,88,0,0,0,0,42916,0.202909
holdout,syn-clustered-50000-c100-d6-v1,787dc2f7722ce1c1dee61a465659d0c0447901ecd54e097c919ae012b9746800,zipf,2,repeated-edge,59,0,4,ADES,a0a6f05898ea7c266bcb65af9744b01b751ed64af7f1df0cd5195661d69dd41a,60,29,15,14,16777216,14811024,14804331,6693,145481,521401,187169,533243,200,411,96,96,60,0,0,0,0,0,0,0,0,0,0,0,0,34760,0.130657
holdout,syn-clustered-50000-c100-d6-v1,787dc2f7722ce1c1dee61a465659d0c0447901ecd54e097c919ae012b9746800,zipf,2,repeated-edge,59,0,0,COLD,a0a6f05898ea7c266bcb65af9744b01b751ed64af7f1df0cd5195661d69dd41a,60,29,15,14,67108864,16433271,16426466,6805,145902,547370,209891,550315,210,371,0,0,60,0,0,0,0,0,0,0,0,0,0,0,0,34672,0.133588
holdout,syn-clustered-50000-c100-d6-v1,787dc2f7722ce1c1dee61a465659d0c0447901ecd54e097c919ae012b9746800,zipf,2,repeated-edge,59,0,1,B3L,a0a6f05898ea7c266bcb65af9744b01b751ed64af7f1df0cd5195661d69dd41a,60,29,15,14,67108864,130353087,130347683,5404,201,20167189,251,20320425,110,541,13200096,13200096,6,54,0,0,0,0,0,0,0,0,0,0,0,47132,0.248773
holdout,syn-clustered-50000-c100-d6-v1,787dc2f7722ce1c1dee61a465659d0c0447901ecd54e097c919ae012b9746800,zipf,2,repeated-edge,59,0,2,FREQ-LRU-REPAIR,a0a6f05898ea7c266bcb65af9744b01b751ed64af7f1df0cd5195661d69dd41a,60,29,15,14,67108864,100341344,100317579,23765,561,635163,301,22155503,681,1714,8800464,8800464,18,42,4,0,4,0,0,0,88,0,0,0,0,43760,0.213702
holdout,syn-clustered-50000-c100-d6-v1,787dc2f7722ce1c1dee61a465659d0c0447901ecd54e097c919ae012b9746800,zipf,2,repeated-edge,59,0,3,ADES,a0a6f05898ea7c266bcb65af9744b01b751ed64af7f1df0cd5195661d69dd41a,60,29,15,14,67108864,15865765,15858765,7000,155210,527072,200664,563860,201,391,96,96,60,0,0,0,0,0,0,0,0,0,0,0,0,33960,0.132686
holdout,syn-clustered-50000-c100-d6-v1,787dc2f7722ce1c1dee61a465659d0c0447901ecd54e097c919ae012b9746800,zipf,2,repeated-edge,59,0,4,ADES-V2,a0a6f05898ea7c266bcb65af9744b01b751ed64af7f1df0cd5195661d69dd41a,60,29,15,14,67108864,15097310,15090913,6397,143317,525319,193751,528264,200,410,2032,2032,60,0,0,0,0,0,0,0,0,0,0,0,0,33960,0.131053
holdout,syn-clustered-50000-c100-d6-v1,787dc2f7722ce1c1dee61a465659d0c0447901ecd54e097c919ae012b9746800,zipf,2,repeated-edge,83,0,0,COLD,f584fdafbb833e5f465f191523705e971ea0398471fff83b1f8411d84a5cb1ae,60,29,15,14,16777216,12940313,12933242,7071,121266,437054,174425,464295,201,570,0,0,60,0,0,0,0,0,0,0,0,0,0,0,0,34528,0.125881
holdout,syn-clustered-50000-c100-d6-v1,787dc2f7722ce1c1dee61a465659d0c0447901ecd54e097c919ae012b9746800,zipf,2,repeated-edge,83,0,1,B3L,f584fdafbb833e5f465f191523705e971ea0398471fff83b1f8411d84a5cb1ae,60,29,15,14,16777216,137334399,137328099,6300,170,21823985,240,22846660,101,892,13200096,13200096,6,54,0,0,0,0,0,0,0,0,0,0,0,47132,0.250382
holdout,syn-clustered-50000-c100-d6-v1,787dc2f7722ce1c1dee61a465659d0c0447901ecd54e097c919ae012b9746800,zipf,2,repeated-edge,83,0,2,FREQ-LRU-REPAIR,f584fdafbb833e5f465f191523705e971ea0398471fff83b1f8411d84a5cb1ae,60,29,15,14,16777216,88836818,88818661,18157,391,564993,300,19831844,521,1313,8800464,8800464,18,42,4,0,4,0,0,0,62,0,0,0,0,42920,0.202383
holdout,syn-clustered-50000-c100-d6-v1,787dc2f7722ce1c1dee61a465659d0c0447901ecd54e097c919ae012b9746800,zipf,2,repeated-edge,83,0,3,ADES,f584fdafbb833e5f465f191523705e971ea0398471fff83b1f8411d84a5cb1ae,60,29,15,14,16777216,14335025,14327694,7331,138508,497167,189233,545727,251,420,96,96,60,0,0,0,0,0,0,0,0,0,0,0,0,33796,0.129406
holdout,syn-clustered-50000-c100-d6-v1,787dc2f7722ce1c1dee61a465659d0c0447901ecd54e097c919ae012b9746800,zipf,2,repeated-edge,83,0,4,ADES-V2,f584fdafbb833e5f465f191523705e971ea0398471fff83b1f8411d84a5cb1ae,60,29,15,14,16777216,11969172,11963585,5587,112109,421376,153336,438217,190,230,2032,2032,60,0,0,0,0,0,0,0,0,0,0,0,0,34692,0.122962
holdout,syn-clustered-50000-c100-d6-v1,787dc2f7722ce1c1dee61a465659d0c0447901ecd54e097c919ae012b9746800,zipf,2,repeated-edge,83,0,0,B3L,f584fdafbb833e5f465f191523705e971ea0398471fff83b1f8411d84a5cb1ae,60,29,15,14,67108864,109140415,109135363,5052,150,17202209,161,17336740,101,641,13200096,13200096,6,54,0,0,0,0,0,0,0,0,0,0,0,47972,0.223736
holdout,syn-clustered-50000-c100-d6-v1,787dc2f7722ce1c1dee61a465659d0c0447901ecd54e097c919ae012b9746800,zipf,2,repeated-edge,83,0,1,FREQ-LRU-REPAIR,f584fdafbb833e5f465f191523705e971ea0398471fff83b1f8411d84a5cb1ae,60,29,15,14,67108864,108052400,108033973,18427,380,637268,310,25177508,551,1562,8800464,8800464,18,42,4,0,4,0,0,0,62,0,0,0,0,43728,0.226489
holdout,syn-clustered-50000-c100-d6-v1,787dc2f7722ce1c1dee61a465659d0c0447901ecd54e097c919ae012b9746800,zipf,2,repeated-edge,83,0,2,ADES,f584fdafbb833e5f465f191523705e971ea0398471fff83b1f8411d84a5cb1ae,60,29,15,14,67108864,14663394,14656884,6510,145141,531952,197889,534786,200,310,96,96,60,0,0,0,0,0,0,0,0,0,0,0,0,33800,0.131968
holdout,syn-clustered-50000-c100-d6-v1,787dc2f7722ce1c1dee61a465659d0c0447901ecd54e097c919ae012b9746800,zipf,2,repeated-edge,83,0,3,ADES-V2,f584fdafbb833e5f465f191523705e971ea0398471fff83b1f8411d84a5cb1ae,60,29,15,14,67108864,13113736,13107179,6557,120665,445540,178342,474594,200,320,2032,2032,60,0,0,0,0,0,0,0,0,0,0,0,0,33832,0.130020
holdout,syn-clustered-50000-c100-d6-v1,787dc2f7722ce1c1dee61a465659d0c0447901ecd54e097c919ae012b9746800,zipf,2,repeated-edge,83,0,4,COLD,f584fdafbb833e5f465f191523705e971ea0398471fff83b1f8411d84a5cb1ae,60,29,15,14,67108864,13914004,13907103,6901,138408,497798,179395,531150,240,301,0,0,60,0,0,0,0,0,0,0,0,0,0,0,0,33004,0.130096
holdout,syn-clustered-50000-c100-d6-v1,787dc2f7722ce1c1dee61a465659d0c0447901ecd54e097c919ae012b9746800,zipf,10,bursty,43,0,0,B3L,9d15dc98bdb1f01e1d2b2bf91eeeab7d53d5c0e07127dc4fe58fefd90590d560,60,5,3,2,16777216,175142496,175137357,5139,251,24454249,241,24454249,661,2675,15400112,15400112,7,53,0,0,0,0,0,0,0,0,0,0,0,50160,0.295829
holdout,syn-clustered-50000-c100-d6-v1,787dc2f7722ce1c1dee61a465659d0c0447901ecd54e097c919ae012b9746800,zipf,10,bursty,43,0,1,FREQ-LRU-REPAIR,9d15dc98bdb1f01e1d2b2bf91eeeab7d53d5c0e07127dc4fe58fefd90590d560,60,5,3,2,16777216,100185946,100177080,8866,311,20047583,300,20047583,1523,2424,8800480,8800480,19,41,4,0,4,0,0,0,18,2,0,0,0,42920,0.216960
holdout,syn-clustered-50000-c100-d6-v1,787dc2f7722ce1c1dee61a465659d0c0447901ecd54e097c919ae012b9746800,zipf,10,bursty,43,0,2,ADES,9d15dc98bdb1f01e1d2b2bf91eeeab7d53d5c0e07127dc4fe58fefd90590d560,60,5,3,2,16777216,16027040,16025488,1552,189874,537873,200654,537873,260,521,112,112,60,0,0,0,0,0,0,0,0,0,0,0,0,33956,0.130878
holdout,syn-clustered-50000-c100-d6-v1,787dc2f7722ce1c1dee61a465659d0c0447901ecd54e097c919ae012b9746800,zipf,10,bursty,43,0,3,ADES-V2,9d15dc98bdb1f01e1d2b2bf91eeeab7d53d5c0e07127dc4fe58fefd90590d560,60,5,3,2,16777216,15165420,15163727,1693,174525,516092,194834,516092,381,481,2032,2032,60,0,0,0,0,0,0,0,0,0,0,0,0,34800,0.129782
holdout,syn-clustered-50000-c100-d6-v1,787dc2f7722ce1c1dee61a465659d0c0447901ecd54e097c919ae012b9746800,zipf,10,bursty,43,0,4,COLD,9d15dc98bdb1f01e1d2b2bf91eeeab7d53d5c0e07127dc4fe58fefd90590d560,60,5,3,2,16777216,16851020,16849288,1732,200784,580983,212927,580983,270,651,0,0,60,0,0,0,0,0,0,0,0,0,0,0,0,34672,0.130729
holdout,syn-clustered-50000-c100-d6-v1,787dc2f7722ce1c1dee61a465659d0c0447901ecd54e097c919ae012b9746800,zipf,10,bursty,43,0,0,FREQ-LRU-REPAIR,9d15dc98bdb1f01e1d2b2bf91eeeab7d53d5c0e07127dc4fe58fefd90590d560,60,5,3,2,67108864,86976358,86967382,8976,320,18603602,241,18603602,1512,2525,8800480,8800480,19,41,4,0,4,0,0,0,18,2,0,0,0,42924,0.203402
holdout,syn-clustered-50000-c100-d6-v1,787dc2f7722ce1c1dee61a465659d0c0447901ecd54e097c919ae012b9746800,zipf,10,bursty,43,0,1,ADES,9d15dc98bdb1f01e1d2b2bf91eeeab7d53d5c0e07127dc4fe58fefd90590d560,60,5,3,2,67108864,14366997,14365064,1933,171410,496556,181308,496556,280,781,112,112,60,0,0,0,0,0,0,0,0,0,0,0,0,34800,0.127570
holdout,syn-clustered-50000-c100-d6-v1,787dc2f7722ce1c1dee61a465659d0c0447901ecd54e097c919ae012b9746800,zipf,10,bursty,43,0,2,ADES-V2,9d15dc98bdb1f01e1d2b2bf91eeeab7d53d5c0e07127dc4fe58fefd90590d560,60,5,3,2,67108864,16665688,16664225,1463,197147,572788,209070,572788,261,400,2032,2032,60,0,0,0,0,0,0,0,0,0,0,0,0,34452,0.131584
holdout,syn-clustered-50000-c100-d6-v1,787dc2f7722ce1c1dee61a465659d0c0447901ecd54e097c919ae012b9746800,zipf,10,bursty,43,0,3,COLD,9d15dc98bdb1f01e1d2b2bf91eeeab7d53d5c0e07127dc4fe58fefd90590d560,60,5,3,2,67108864,14687710,14686259,1451,176198,484113,180376,484113,240,531,0,0,60,0,0,0,0,0,0,0,0,0,0,0,0,33832,0.127890
holdout,syn-clustered-50000-c100-d6-v1,787dc2f7722ce1c1dee61a465659d0c0447901ecd54e097c919ae012b9746800,zipf,10,bursty,43,0,4,B3L,9d15dc98bdb1f01e1d2b2bf91eeeab7d53d5c0e07127dc4fe58fefd90590d560,60,5,3,2,67108864,157681137,157675726,5411,261,22365405,260,22365405,912,2405,15400112,15400112,7,53,0,0,0,0,0,0,0,0,0,0,0,49320,0.273892
holdout,syn-clustered-50000-c100-d6-v1,787dc2f7722ce1c1dee61a465659d0c0447901ecd54e097c919ae012b9746800,zipf,10,bursty,59,0,0,FREQ-LRU-REPAIR,4e6edb43f6377a889c9bc02225e6ce58b55e0216af072fabec0297ba66fe8a50,60,5,3,2,16777216,79943278,79936756,6522,291,17315488,240,17315488,1262,1894,8800496,8800496,20,40,4,0,4,0,0,0,20,0,0,0,0,42920,0.190152
holdout,syn-clustered-50000-c100-d6-v1,787dc2f7722ce1c1dee61a465659d0c0447901ecd54e097c919ae012b9746800,zipf,10,bursty,59,0,1,ADES,4e6edb43f6377a889c9bc02225e6ce58b55e0216af072fabec0297ba66fe8a50,60,5,3,2,16777216,14294157,14292675,1482,170558,541959,195484,541959,190,621,128,128,60,0,0,0,0,0,0,0,0,0,0,0,0,34536,0.126369
holdout,syn-clustered-50000-c100-d6-v1,787dc2f7722ce1c1dee61a465659d0c0447901ecd54e097c919ae012b9746800,zipf,10,bursty,59,0,2,ADES-V2,4e6edb43f6377a889c9bc02225e6ce58b55e0216af072fabec0297ba66fe8a50,60,5,3,2,16777216,15331778,15330255,1523,183252,577026,214489,577026,281,491,2032,2032,60,0,0,0,0,0,0,0,0,0,0,0,0,33676,0.128538
holdout,syn-clustered-50000-c100-d6-v1,787dc2f7722ce1c1dee61a465659d0c0447901ecd54e097c919ae012b9746800,zipf,10,bursty,59,0,3,COLD,4e6edb43f6377a889c9bc02225e6ce58b55e0216af072fabec0297ba66fe8a50,60,5,3,2,16777216,12844139,12843106,1033,146964,508607,155340,508607,161,381,0,0,60,0,0,0,0,0,0,0,0,0,0,0,0,33560,0.121945
holdout,syn-clustered-50000-c100-d6-v1,787dc2f7722ce1c1dee61a465659d0c0447901ecd54e097c919ae012b9746800,zipf,10,bursty,59,0,4,B3L,4e6edb43f6377a889c9bc02225e6ce58b55e0216af072fabec0297ba66fe8a50,60,5,3,2,16777216,145391158,145389105,2053,251,18172574,251,18172574,420,591,15400112,15400112,8,52,0,1,0,0,0,0,0,0,0,0,0,52232,0.256578
holdout,syn-clustered-50000-c100-d6-v1,787dc2f7722ce1c1dee61a465659d0c0447901ecd54e097c919ae012b9746800,zipf,10,bursty,59,0,0,ADES,4e6edb43f6377a889c9bc02225e6ce58b55e0216af072fabec0297ba66fe8a50,60,5,3,2,67108864,12060574,12059312,1262,145431,486086,165708,486086,200,491,128,128,60,0,0,0,0,0,0,0,0,0,0,0,0,34532,0.122286
holdout,syn-clustered-50000-c100-d6-v1,787dc2f7722ce1c1dee61a465659d0c0447901ecd54e097c919ae012b9746800,zipf,10,bursty,59,0,1,ADES-V2,4e6edb43f6377a889c9bc02225e6ce58b55e0216af072fabec0297ba66fe8a50,60,5,3,2,67108864,14987807,14986332,1475,185295,611940,191987,611940,271,521,2032,2032,60,0,0,0,0,0,0,0,0,0,0,0,0,34516,0.132903
holdout,syn-clustered-50000-c100-d6-v1,787dc2f7722ce1c1dee61a465659d0c0447901ecd54e097c919ae012b9746800,zipf,10,bursty,59,0,2,COLD,4e6edb43f6377a889c9bc02225e6ce58b55e0216af072fabec0297ba66fe8a50,60,5,3,2,67108864,11066225,11065185,1040,132697,449607,144018,449607,180,340,0,0,60,0,0,0,0,0,0,0,0,0,0,0,0,33544,0.124231
holdout,syn-clustered-50000-c100-d6-v1,787dc2f7722ce1c1dee61a465659d0c0447901ecd54e097c919ae012b9746800,zipf,10,bursty,59,0,3,B3L,4e6edb43f6377a889c9bc02225e6ce58b55e0216af072fabec0297ba66fe8a50,60,5,3,2,67108864,140764631,140762326,2305,241,17162122,240,17162122,531,561,17600128,17600128,8,52,0,0,0,0,0,0,0,0,0,0,0,51364,0.252132
holdout,syn-clustered-50000-c100-d6-v1,787dc2f7722ce1c1dee61a465659d0c0447901ecd54e097c919ae012b9746800,zipf,10,bursty,59,0,4,FREQ-LRU-REPAIR,4e6edb43f6377a889c9bc02225e6ce58b55e0216af072fabec0297ba66fe8a50,60,5,3,2,67108864,92211369,92203887,7482,350,19411923,321,19411923,1452,2024,8800496,8800496,20,40,4,0,4,0,0,0,20,0,0,0,0,43852,0.205483
holdout,syn-clustered-50000-c100-d6-v1,787dc2f7722ce1c1dee61a465659d0c0447901ecd54e097c919ae012b9746800,zipf,10,bursty,83,0,0,ADES,9ee6cd57c884ae17562613b003190353c10a5072b03f739b5adada5b41b6b183,60,5,3,2,16777216,11318218,11317094,1124,168634,401828,180537,401828,161,431,96,96,60,0,0,0,0,0,0,0,0,0,0,0,0,34508,0.120231
holdout,syn-clustered-50000-c100-d6-v1,787dc2f7722ce1c1dee61a465659d0c0447901ecd54e097c919ae012b9746800,zipf,10,bursty,83,0,1,ADES-V2,9ee6cd57c884ae17562613b003190353c10a5072b03f739b5adada5b41b6b183,60,5,3,2,16777216,12855042,12853799,1243,192067,460448,199351,460448,161,491,2032,2032,60,0,0,0,0,0,0,0,0,0,0,0,0,34200,0.125378
holdout,syn-clustered-50000-c100-d6-v1,787dc2f7722ce1c1dee61a465659d0c0447901ecd54e097c919ae012b9746800,zipf,10,bursty,83,0,2,COLD,9ee6cd57c884ae17562613b003190353c10a5072b03f739b5adada5b41b6b183,60,5,3,2,16777216,11993762,11992500,1262,181368,434058,184524,434058,170,441,0,0,60,0,0,0,0,0,0,0,0,0,0,0,0,32884,0.123412
holdout,syn-clustered-50000-c100-d6-v1,787dc2f7722ce1c1dee61a465659d0c0447901ecd54e097c919ae012b9746800,zipf,10,bursty,83,0,3,B3L,9ee6cd57c884ae17562613b003190353c10a5072b03f739b5adada5b41b6b183,60,5,3,2,16777216,127872005,127857459,14546,251,21278685,250,21278685,891,8536,13200096,13200096,6,54,0,0,0,0,0,0,0,0,0,0,0,47936,0.241205
holdout,syn-clustered-50000-c100-d6-v1,787dc2f7722ce1c1dee61a465659d0c0447901ecd54e097c919ae012b9746800,zipf,10,bursty,83,0,4,FREQ-LRU-REPAIR,9ee6cd57c884ae17562613b003190353c10a5072b03f739b5adada5b41b6b183,60,5,3,2,16777216,79257565,79242186,15379,221,17023207,211,17023207,2004,6953,8800464,8800464,18,42,4,0,4,0,0,0,14,0,6,0,0,43756,0.190781
holdout,syn-clustered-50000-c100-d6-v1,787dc2f7722ce1c1dee61a465659d0c0447901ecd54e097c919ae012b9746800,zipf,10,bursty,83,0,0,ADES-V2,9ee6cd57c884ae17562613b003190353c10a5072b03f739b5adada5b41b6b183,60,5,3,2,67108864,11952044,11950932,1112,171089,453926,179575,453926,170,421,2032,2032,60,0,0,0,0,0,0,0,0,0,0,0,0,33692,0.122057
holdout,syn-clustered-50000-c100-d6-v1,787dc2f7722ce1c1dee61a465659d0c0447901ecd54e097c919ae012b9746800,zipf,10,bursty,83,0,1,COLD,9ee6cd57c884ae17562613b003190353c10a5072b03f739b5adada5b41b6b183,60,5,3,2,67108864,12420801,12419359,1442,174084,491666,187359,491666,261,461,0,0,60,0,0,0,0,0,0,0,0,0,0,0,0,34440,0.121904
holdout,syn-clustered-50000-c100-d6-v1,787dc2f7722ce1c1dee61a465659d0c0447901ecd54e097c919ae012b9746800,zipf,10,bursty,83,0,2,B3L,9ee6cd57c884ae17562613b003190353c10a5072b03f739b5adada5b41b6b183,60,5,3,2,67108864,110044029,110031166,12863,161,17684860,160,17684860,692,7073,13200096,13200096,6,54,0,0,0,0,0,0,0,0,0,0,0,46420,0.222998
holdout,syn-clustered-50000-c100-d6-v1,787dc2f7722ce1c1dee61a465659d0c0447901ecd54e097c919ae012b9746800,zipf,10,bursty,83,0,3,FREQ-LRU-REPAIR,9ee6cd57c884ae17562613b003190353c10a5072b03f739b5adada5b41b6b183,60,5,3,2,67108864,92099643,92080978,18665,291,20161895,240,20161895,2304,9117,8800464,8800464,18,42,4,0,4,0,0,0,14,0,6,0,0,42920,0.203023
holdout,syn-clustered-50000-c100-d6-v1,787dc2f7722ce1c1dee61a465659d0c0447901ecd54e097c919ae012b9746800,zipf,10,bursty,83,0,4,ADES,9ee6cd57c884ae17562613b003190353c10a5072b03f739b5adada5b41b6b183,60,5,3,2,67108864,12916211,12915000,1211,190395,468703,195173,468703,190,421,96,96,60,0,0,0,0,0,0,0,0,0,0,0,0,34432,0.126259
holdout,syn-clustered-50000-c100-d6-v1,787dc2f7722ce1c1dee61a465659d0c0447901ecd54e097c919ae012b9746800,zipf,10,repeated-edge,43,0,0,ADES-V2,a942dfeb5679d55f05c0efc3ea6482ebc1626dab36dc818b4953c28b63f7cf65,60,5,3,2,16777216,17384410,17382538,1872,229819,587624,237252,587624,290,581,2032,2032,60,0,0,0,0,0,0,0,0,0,0,0,0,34528,0.138274
holdout,syn-clustered-50000-c100-d6-v1,787dc2f7722ce1c1dee61a465659d0c0447901ecd54e097c919ae012b9746800,zipf,10,repeated-edge,43,0,1,COLD,a942dfeb5679d55f05c0efc3ea6482ebc1626dab36dc818b4953c28b63f7cf65,60,5,3,2,16777216,19608075,19606493,1582,269012,703460,270665,703460,250,591,0,0,60,0,0,0,0,0,0,0,0,0,0,0,0,34376,0.144462
holdout,syn-clustered-50000-c100-d6-v1,787dc2f7722ce1c1dee61a465659d0c0447901ecd54e097c919ae012b9746800,zipf,10,repeated-edge,43,0,2,B3L,a942dfeb5679d55f05c0efc3ea6482ebc1626dab36dc818b4953c28b63f7cf65,60,5,3,2,16777216,205820760,205817354,3406,261,19424450,251,19424450,791,1022,15400112,15400112,11,49,0,4,0,0,0,0,0,0,0,0,0,51368,0.324685
holdout,syn-clustered-50000-c100-d6-v1,787dc2f7722ce1c1dee61a465659d0c0447901ecd54e097c919ae012b9746800,zipf,10,repeated-edge,43,0,3,FREQ-LRU-REPAIR,a942dfeb5679d55f05c0efc3ea6482ebc1626dab36dc818b4953c28b63f7cf65,60,5,3,2,16777216,82746711,82740729,5982,401,18318230,371,18318230,901,2254,8800528,8800528,22,38,4,0,4,0,0,0,15,0,0,0,0,42188,0.197085
holdout,syn-clustered-50000-c100-d6-v1,787dc2f7722ce1c1dee61a465659d0c0447901ecd54e097c919ae012b9746800,zipf,10,repeated-edge,43,0,4,ADES,a942dfeb5679d55f05c0efc3ea6482ebc1626dab36dc818b4953c28b63f7cf65,60,5,3,2,16777216,19094008,19092194,1814,246219,656122,266616,656122,341,521,160,160,60,0,0,0,0,0,0,0,0,0,0,0,0,34532,0.134962
holdout,syn-clustered-50000-c100-d6-v1,787dc2f7722ce1c1dee61a465659d0c0447901ecd54e097c919ae012b9746800,zipf,10,repeated-edge,43,0,0,COLD,a942dfeb5679d55f05c0efc3ea6482ebc1626dab36dc818b4953c28b63f7cf65,60,5,3,2,67108864,12759105,12757731,1374,166771,433889,191036,433889,291,351,0,0,60,0,0,0,0,0,0,0,0,0,0,0,0,33576,0.124980
holdout,syn-clustered-50000-c100-d6-v1,787dc2f7722ce1c1dee61a465659d0c0447901ecd54e097c919ae012b9746800,zipf,10,repeated-edge,43,0,1,B3L,a942dfeb5679d55f05c0efc3ea6482ebc1626dab36dc818b4953c28b63f7cf65,60,5,3,2,67108864,196993997,196990681,3316,271,19627819,270,19627819,711,1152,22000160,22000160,10,50,0,0,0,0,0,0,0,0,0,0,0,55716,0.310256
holdout,syn-clustered-50000-c100-d6-v1,787dc2f7722ce1c1dee61a465659d0c0447901ecd54e097c919ae012b9746800,zipf,10,repeated-edge,43,0,2,FREQ-LRU-REPAIR,a942dfeb5679d55f05c0efc3ea6482ebc1626dab36dc818b4953c28b63f7cf65,60,5,3,2,67108864,102094519,102088086,6433,411,21131000,330,21131000,1072,2464,8800528,8800528,22,38,4,0,4,0,0,0,15,0,0,0,0,42984,0.216819
holdout,syn-clustered-50000-c100-d6-v1,787dc2f7722ce1c1dee61a465659d0c0447901ecd54e097c919ae012b9746800,zipf,10,repeated-edge,43,0,3,ADES,a942dfeb5679d55f05c0efc3ea6482ebc1626dab36dc818b4953c28b63f7cf65,60,5,3,2,67108864,14631298,14629585,1713,208268,476658,211284,476658,311,541,160,160,60,0,0,0,0,0,0,0,0,0,0,0,0,33704,0.126180
holdout,syn-clustered-50000-c100-d6-v1,787dc2f7722ce1c1dee61a465659d0c0447901ecd54e097c919ae012b9746800,zipf,10,repeated-edge,43,0,4,ADES-V2,a942dfeb5679d55f05c0efc3ea6482ebc1626dab36dc818b4953c28b63f7cf65,60,5,3,2,67108864,15976637,15975113,1524,208218,551557,218436,551557,281,421,2032,2032,60,0,0,0,0,0,0,0,0,0,0,0,0,33680,0.127395
holdout,syn-clustered-50000-c100-d6-v1,787dc2f7722ce1c1dee61a465659d0c0447901ecd54e097c919ae012b9746800,zipf,10,repeated-edge,59,0,0,COLD,bd02211b155b8fe5ed6ad33b486761e5c8b5cd76e3b4575b49b3267fa1f8bd7c,60,5,3,2,16777216,15120187,15118694,1493,183041,531300,187710,531300,291,491,0,0,60,0,0,0,0,0,0,0,0,0,0,0,0,33828,0.134210
holdout,syn-clustered-50000-c100-d6-v1,787dc2f7722ce1c1dee61a465659d0c0447901ecd54e097c919ae012b9746800,zipf,10,repeated-edge,59,0,1,B3L,bd02211b155b8fe5ed6ad33b486761e5c8b5cd76e3b4575b49b3267fa1f8bd7c,60,5,3,2,16777216,150248172,150239114,9058,261,25154561,261,25154561,2195,2856,13200096,13200096,6,54,0,0,0,0,0,0,0,0,0,0,0,47952,0.268706
holdout,syn-clustered-50000-c100-d6-v1,787dc2f7722ce1c1dee61a465659d0c0447901ecd54e097c919ae012b9746800,zipf,10,repeated-edge,59,0,2,FREQ-LRU-REPAIR,bd02211b155b8fe5ed6ad33b486761e5c8b5cd76e3b4575b49b3267fa1f8bd7c,60,5,3,2,16777216,102288354,102278092,10262,341,23736610,310,23736610,1273,5370,8800464,8800464,18,42,4,0,4,0,0,0,13,1,2,0,0,43820,0.222633
holdout,syn-clustered-50000-c100-d6-v1,787dc2f7722ce1c1dee61a465659d0c0447901ecd54e097c919ae012b9746800,zipf,10,repeated-edge,59,0,3,ADES,bd02211b155b8fe5ed6ad33b486761e5c8b5cd76e3b4575b49b3267fa1f8bd7c,60,5,3,2,16777216,13448673,13447441,1232,162442,436083,175728,436083,201,330,96,96,60,0,0,0,0,0,0,0,0,0,0,0,0,33952,0.128587
holdout,syn-clustered-50000-c100-d6-v1,787dc2f7722ce1c1dee61a465659d0c0447901ecd54e097c919ae012b9746800,zipf,10,repeated-edge,59,0,4,ADES-V2,bd02211b155b8fe5ed6ad33b486761e5c8b5cd76e3b4575b49b3267fa1f8bd7c,60,5,3,2,16777216,15929384,15927950,1434,203439,554433,204190,554433,291,431,2032,2032,60,0,0,0,0,0,0,0,0,0,0,0,0,33956,0.133797
holdout,syn-clustered-50000-c100-d6-v1,787dc2f7722ce1c1dee61a465659d0c0447901ecd54e097c919ae012b9746800,zipf,10,repeated-edge,59,0,0,B3L,bd02211b155b8fe5ed6ad33b486761e5c8b5cd76e3b4575b49b3267fa1f8bd7c,60,5,3,2,67108864,132180200,132170973,9227,241,22283452,240,22283452,2344,2755,13200096,13200096,6,54,0,0,0,0,0,0,0,0,0,0,0,48048,0.250438
holdout,syn-clustered-50000-c100-d6-v1,787dc2f7722ce1c1dee61a465659d0c0447901ecd54e097c919ae012b9746800,zipf,10,repeated-edge,59,0,1,FREQ-LRU-REPAIR,bd02211b155b8fe5ed6ad33b486761e5c8b5cd76e3b4575b49b3267fa1f8bd7c,60,5,3,2,67108864,73879748,73872262,7486,260,16034925,230,16034925,1052,3407,8800464,8800464,18,42,4,0,4,0,0,0,13,1,2,0,0,43820,0.183839
holdout,syn-clustered-50000-c100-d6-v1,787dc2f7722ce1c1dee61a465659d0c0447901ecd54e097c919ae012b9746800,zipf,10,repeated-edge,59,0,2,ADES,bd02211b155b8fe5ed6ad33b486761e5c8b5cd76e3b4575b49b3267fa1f8bd7c,60,5,3,2,67108864,11690124,11688922,1202,144960,385358,145421,385358,230,351,96,96,60,0,0,0,0,0,0,0,0,0,0,0,0,34828,0.119442
holdout,syn-clustered-50000-c100-d6-v1,787dc2f7722ce1c1dee61a465659d0c0447901ecd54e097c919ae012b9746800,zipf,10,repeated-edge,59,0,3,ADES-V2,bd02211b155b8fe5ed6ad33b486761e5c8b5cd76e3b4575b49b3267fa1f8bd7c,60,5,3,2,67108864,12774151,12772930,1221,157623,415574,162923,415574,230,350,2032,2032,60,0,0,0,0,0,0,0,0,0,0,0,0,33952,0.124754
holdout,syn-clustered-50000-c100-d6-v1,787dc2f7722ce1c1dee61a465659d0c0447901ecd54e097c919ae012b9746800,zipf,10,repeated-edge,59,0,4,COLD,bd02211b155b8fe5ed6ad33b486761e5c8b5cd76e3b4575b49b3267fa1f8bd7c,60,5,3,2,67108864,13769108,13767395,1713,168033,481646,177330,481646,301,500,0,0,60,0,0,0,0,0,0,0,0,0,0,0,0,33832,0.125027
holdout,syn-clustered-50000-c100-d6-v1,787dc2f7722ce1c1dee61a465659d0c0447901ecd54e097c919ae012b9746800,zipf,10,repeated-edge,83,0,0,B3L,04637e6c9d433204c8ee3abfe1c506cc9457c3deac76b71c47ad9fed2af99b63,60,5,3,2,16777216,95710070,95708688,1382,161,17929284,161,17929284,130,812,11000080,11000080,5,55,0,0,0,0,0,0,0,0,0,0,0,44968,0.210495
holdout,syn-clustered-50000-c100-d6-v1,787dc2f7722ce1c1dee61a465659d0c0447901ecd54e097c919ae012b9746800,zipf,10,repeated-edge,83,0,1,FREQ-LRU-REPAIR,04637e6c9d433204c8ee3abfe1c506cc9457c3deac76b71c47ad9fed2af99b63,60,5,3,2,16777216,85180367,85173964,6403,261,19249362,251,19249362,1122,2164,8800448,8800448,17,43,4,0,4,0,0,0,12,0,0,0,0,43752,0.197245
holdout,syn-clustered-50000-c100-d6-v1,787dc2f7722ce1c1dee61a465659d0c0447901ecd54e097c919ae012b9746800,zipf,10,repeated-edge,83,0,2,ADES,04637e6c9d433204c8ee3abfe1c506cc9457c3deac76b71c47ad9fed2af99b63,60,5,3,2,16777216,12362186,12360874,1312,154878,473542,157053,473542,200,441,80,80,60,0,0,0,0,0,0,0,0,0,0,0,0,34576,0.122518
holdout,syn-clustered-50000-c100-d6-v1,787dc2f7722ce1c1dee61a465659d0c0447901ecd54e097c919ae012b9746800,zipf,10,repeated-edge,83,0,3,ADES-V2,04637e6c9d433204c8ee3abfe1c506cc9457c3deac76b71c47ad9fed2af99b63,60,5,3,2,16777216,11766384,11764802,1582,147635,435822,153125,435822,300,411,2032,2032,60,0,0,0,0,0,0,0,0,0,0,0,0,33700,0.121447
holdout,syn-clustered-50000-c100-d6-v1,787dc2f7722ce1c1dee61a465659d0c0447901ecd54e097c919ae012b9746800,zipf,10,repeated-edge,83,0,4,COLD,04637e6c9d433204c8ee3abfe1c506cc9457c3deac76b71c47ad9fed2af99b63,60,5,3,2,16777216,12102345,12101053,1292,153747,460998,158204,460998,220,371,0,0,60,0,0,0,0,0,0,0,0,0,0,0,0,34544,0.121413
holdout,syn-clustered-50000-c100-d6-v1,787dc2f7722ce1c1dee61a465659d0c0447901ecd54e097c919ae012b9746800,zipf,10,repeated-edge,83,0,0,FREQ-LRU-REPAIR,04637e6c9d433204c8ee3abfe1c506cc9457c3deac76b71c47ad9fed2af99b63,60,5,3,2,67108864,88581802,88575600,6202,310,20450790,301,20450790,982,2064,8800448,8800448,17,43,4,0,4,0,0,0,12,0,0,0,0,42892,0.203266
holdout,syn-clustered-50000-c100-d6-v1,787dc2f7722ce1c1dee61a465659d0c0447901ecd54e097c919ae012b9746800,zipf,10,repeated-edge,83,0,1,ADES,04637e6c9d433204c8ee3abfe1c506cc9457c3deac76b71c47ad9fed2af99b63,60,5,3,2,67108864,10613387,10612085,1302,135172,429760,135412,429760,260,351,80,80,60,0,0,0,0,0,0,0,0,0,0,0,0,33676,0.118639
holdout,syn-clustered-50000-c100-d6-v1,787dc2f7722ce1c1dee61a465659d0c0447901ecd54e097c919ae012b9746800,zipf,10,repeated-edge,83,0,2,ADES-V2,04637e6c9d433204c8ee3abfe1c506cc9457c3deac76b71c47ad9fed2af99b63,60,5,3,2,67108864,10684867,10683656,1211,134400,437094,136174,437094,210,361,2032,2032,60,0,0,0,0,0,0,0,0,0,0,0,0,33704,0.120912
holdout,syn-clustered-50000-c100-d6-v1,787dc2f7722ce1c1dee61a465659d0c0447901ecd54e097c919ae012b9746800,zipf,10,repeated-edge,83,0,3,COLD,04637e6c9d433204c8ee3abfe1c506cc9457c3deac76b71c47ad9fed2af99b63,60,5,3,2,67108864,13483141,13481668,1473,164977,517484,169907,517484,271,441,0,0,60,0,0,0,0,0,0,0,0,0,0,0,0,34608,0.124015
holdout,syn-clustered-50000-c100-d6-v1,787dc2f7722ce1c1dee61a465659d0c0447901ecd54e097c919ae012b9746800,zipf,10,repeated-edge,83,0,4,B3L,04637e6c9d433204c8ee3abfe1c506cc9457c3deac76b71c47ad9fed2af99b63,60,5,3,2,67108864,116535614,116534351,1263,150,22743880,150,22743880,120,692,11000080,11000080,5,55,0,0,0,0,0,0,0,0,0,0,0,44940,0.231397
holdout,syn-clustered-50000-c100-d6-v1,787dc2f7722ce1c1dee61a465659d0c0447901ecd54e097c919ae012b9746800,rotating-hot,2,bursty,43,0,0,FREQ-LRU-REPAIR,728a4d81c9d50b2113e0671b893ac93e2e8071ed33e47f09b7f4e39ff0e11b57,60,29,15,14,16777216,86440846,86388718,52128,351,674917,110,18385684,1042,9798,8800432,8800432,16,44,4,0,4,0,0,0,59,5,4,0,0,42916,0.197640
holdout,syn-clustered-50000-c100-d6-v1,787dc2f7722ce1c1dee61a465659d0c0447901ecd54e097c919ae012b9746800,rotating-hot,2,bursty,43,0,1,ADES,728a4d81c9d50b2113e0671b893ac93e2e8071ed33e47f09b7f4e39ff0e11b57,60,29,15,14,16777216,13394157,13387785,6372,100337,515200,175527,527643,200,340,64,64,60,0,0,0,0,0,0,0,0,0,0,0,0,33704,0.127753
holdout,syn-clustered-50000-c100-d6-v1,787dc2f7722ce1c1dee61a465659d0c0447901ecd54e097c919ae012b9746800,rotating-hot,2,bursty,43,0,2,ADES-V2,728a4d81c9d50b2113e0671b893ac93e2e8071ed33e47f09b7f4e39ff0e11b57,60,29,15,14,16777216,12407126,12401607,5519,96880,439388,164917,477840,170,271,2032,2032,60,0,0,0,0,0,0,0,0,0,0,0,0,34084,0.126480
holdout,syn-clustered-50000-c100-d6-v1,787dc2f7722ce1c1dee61a465659d0c0447901ecd54e097c919ae012b9746800,rotating-hot,2,bursty,43,0,3,COLD,728a4d81c9d50b2113e0671b893ac93e2e8071ed33e47f09b7f4e39ff0e11b57,60,29,15,14,16777216,12749174,12742382,6792,99215,496675,174074,506082,201,380,0,0,60,0,0,0,0,0,0,0,0,0,0,0,0,33568,0.124231
holdout,syn-clustered-50000-c100-d6-v1,787dc2f7722ce1c1dee61a465659d0c0447901ecd54e097c919ae012b9746800,rotating-hot,2,bursty,43,0,4,B3L,728a4d81c9d50b2113e0671b893ac93e2e8071ed33e47f09b7f4e39ff0e11b57,60,29,15,14,16777216,89799233,89748219,51014,60,26249,50,19604564,410,8567,8800064,8800064,4,56,0,0,0,0,0,0,0,0,0,0,0,42096,0.203073
holdout,syn-clustered-50000-c100-d6-v1,787dc2f7722ce1c1dee61a465659d0c0447901ecd54e097c919ae012b9746800,rotating-hot,2,bursty,43,0,0,ADES,728a4d81c9d50b2113e0671b893ac93e2e8071ed33e47f09b7f4e39ff0e11b57,60,29,15,14,67108864,15414408,15407375,7033,119603,635073,189543,638910,260,371,64,64,60,0,0,0,0,0,0,0,0,0,0,0,0,33696,0.132942
holdout,syn-clustered-50000-c100-d6-v1,787dc2f7722ce1c1dee61a465659d0c0447901ecd54e097c919ae012b9746800,rotating-hot,2,bursty,43,0,1,ADES-V2,728a4d81c9d50b2113e0671b893ac93e2e8071ed33e47f09b7f4e39ff0e11b57,60,29,15,14,67108864,12445974,12439991,5983,97171,484553,166520,495663,171,351,2032,2032,60,0,0,0,0,0,0,0,0,0,0,0,0,34880,0.124802
holdout,syn-clustered-50000-c100-d6-v1,787dc2f7722ce1c1dee61a465659d0c0447901ecd54e097c919ae012b9746800,rotating-hot,2,bursty,43,0,2,COLD,728a4d81c9d50b2113e0671b893ac93e2e8071ed33e47f09b7f4e39ff0e11b57,60,29,15,14,67108864,12885724,12879033,6691,100087,501504,158666,504199,191,371,0,0,60,0,0,0,0,0,0,0,0,0,0,0,0,34380,0.122467
holdout,syn-clustered-50000-c100-d6-v1,787dc2f7722ce1c1dee61a465659d0c0447901ecd54e097c919ae012b9746800,rotating-hot,2,bursty,43,0,3,B3L,728a4d81c9d50b2113e0671b893ac93e2e8071ed33e47f09b7f4e39ff0e11b57,60,29,15,14,67108864,75850342,75816702,33640,51,15859,49,17951405,300,7304,8800064,8800064,4,56,0,0,0,0,0,0,0,0,0,0,0,42116,0.186035
holdout,syn-clustered-50000-c100-d6-v1,787dc2f7722ce1c1dee61a465659d0c0447901ecd54e097c919ae012b9746800,rotating-hot,2,bursty,43,0,4,FREQ-LRU-REPAIR,728a4d81c9d50b2113e0671b893ac93e2e8071ed33e47f09b7f4e39ff0e11b57,60,29,15,14,67108864,94135967,94083644,52323,310,713189,111,20495814,1142,10009,8800432,8800432,16,44,4,0,4,0,0,0,59,5,4,0,0,42920,0.206048
holdout,syn-clustered-50000-c100-d6-v1,787dc2f7722ce1c1dee61a465659d0c0447901ecd54e097c919ae012b9746800,rotating-hot,2,bursty,59,0,0,ADES,bbe9f31eea5096b140b27d12a79a39d68b40326525036d6d16845c67ea4eda16,60,29,15,14,16777216,11872559,11864584,7975,105246,361894,154387,370190,251,461,64,64,60,0,0,0,0,0,0,0,0,0,0,0,0,33704,0.124983
holdout,syn-clustered-50000-c100-d6-v1,787dc2f7722ce1c1dee61a465659d0c0447901ecd54e097c919ae012b9746800,rotating-hot,2,bursty,59,0,1,ADES-V2,bbe9f31eea5096b140b27d12a79a39d68b40326525036d6d16845c67ea4eda16,60,29,15,14,16777216,10644242,10637631,6611,102181,296322,147815,303065,210,481,2032,2032,60,0,0,0,0,0,0,0,0,0,0,0,0,33704,0.120676
holdout,syn-clustered-50000-c100-d6-v1,787dc2f7722ce1c1dee61a465659d0c0447901ecd54e097c919ae012b9746800,rotating-hot,2,bursty,59,0,2,COLD,bbe9f31eea5096b140b27d12a79a39d68b40326525036d6d16845c67ea4eda16,60,29,15,14,16777216,10002902,9996612,6290,93244,282266,136214,315758,170,481,0,0,60,0,0,0,0,0,0,0,0,0,0,0,0,33548,0.121962
holdout,syn-clustered-50000-c100-d6-v1,787dc2f7722ce1c1dee61a465659d0c0447901ecd54e097c919ae012b9746800,rotating-hot,2,bursty,59,0,3,B3L,bbe9f31eea5096b140b27d12a79a39d68b40326525036d6d16845c67ea4eda16,60,29,15,14,16777216,88769352,88726475,42877,50,15599,40,19596988,451,7434,8800064,8800064,4,56,0,0,0,0,0,0,0,0,0,0,0,42792,0.202304
holdout,syn-clustered-50000-c100-d6-v1,787dc2f7722ce1c1dee61a465659d0c0447901ecd54e097c919ae012b9746800,rotating-hot,2,bursty,59,0,4,FREQ-LRU-REPAIR,bbe9f31eea5096b140b27d12a79a39d68b40326525036d6d16845c67ea4eda16,60,29,15,14,16777216,80891785,80847612,44173,381,988341,111,18862800,1032,4679,8800432,8800432,16,44,4,0,4,0,0,0,56,7,5,0,0,43760,0.192115
holdout,syn-clustered-50000-c100-d6-v1,787dc2f7722ce1c1dee61a465659d0c0447901ecd54e097c919ae012b9746800,rotating-hot,2,bursty,59,0,0,ADES-V2,bbe9f31eea5096b140b27d12a79a39d68b40326525036d6d16845c67ea4eda16,60,29,15,14,67108864,11823262,11814836,8426,103263,318804,155710,333401,261,451,2032,2032,60,0,0,0,0,0,0,0,0,0,0,0,0,34508,0.123991
holdout,syn-clustered-50000-c100-d6-v1,787dc2f7722ce1c1dee61a465659d0c0447901ecd54e097c919ae012b9746800,rotating-hot,2,bursty,59,0,1,COLD,bbe9f31eea5096b140b27d12a79a39d68b40326525036d6d16845c67ea4eda16,60,29,15,14,67108864,11479456,11471547,7909,105306,334823,149970,341686,261,471,0,0,60,0,0,0,0,0,0,0,0,0,0,0,0,34452,0.123987
holdout,syn-clustered-50000-c100-d6-v1,787dc2f7722ce1c1dee61a465659d0c0447901ecd54e097c919ae012b9746800,rotating-hot,2,bursty,59,0,2,B3L,bbe9f31eea5096b140b27d12a79a39d68b40326525036d6d16845c67ea4eda16,60,29,15,14,67108864,91350757,91309873,40884,51,12052,40,19197614,411,7895,8800064,8800064,4,56,0,0,0,0,0,0,0,0,0,0,0,42756,0.208116
holdout,syn-clustered-50000-c100-d6-v1,787dc2f7722ce1c1dee61a465659d0c0447901ecd54e097c919ae012b9746800,rotating-hot,2,bursty,59,0,3,FREQ-LRU-REPAIR,bbe9f31eea5096b140b27d12a79a39d68b40326525036d6d16845c67ea4eda16,60,29,15,14,67108864,104665620,104608713,56907,381,1475188,111,21674107,1213,6192,8800432,8800432,16,44,4,0,4,0,0,0,56,7,5,0,0,42920,0.219817
holdout,syn-clustered-50000-c100-d6-v1,787dc2f7722ce1c1dee61a465659d0c0447901ecd54e097c919ae012b9746800,rotating-hot,2,bursty,59,0,4,ADES,bbe9f31eea5096b140b27d12a79a39d68b40326525036d6d16845c67ea4eda16,60,29,15,14,67108864,12039656,12031850,7806,101790,333542,152885,358749,270,391,64,64,60,0,0,0,0,0,0,0,0,0,0,0,0,33004,0.127197
holdout,syn-clustered-50000-c100-d6-v1,787dc2f7722ce1c1dee61a465659d0c0447901ecd54e097c919ae012b9746800,rotating-hot,2,bursty,83,0,0,ADES-V2,a033e92d5ff4037cd8f581fbe064c52b7dbe72fb01a038bf1f80accc3bd88cf3,60,29,15,14,16777216,13171499,13163707,7792,128750,457743,175266,467782,271,390,2032,2032,60,0,0,0,0,0,0,0,0,0,0,0,0,33704,0.127024
holdout,syn-clustered-50000-c100-d6-v1,787dc2f7722ce1c1dee61a465659d0c0447901ecd54e097c919ae012b9746800,rotating-hot,2,bursty,83,0,1,COLD,a033e92d5ff4037cd8f581fbe064c52b7dbe72fb01a038bf1f80accc3bd88cf3,60,29,15,14,16777216,14043945,14036221,7724,136134,507416,179585,514198,260,440,0,0,60,0,0,0,0,0,0,0,0,0,0,0,0,32864,0.130642
holdout,syn-clustered-50000-c100-d6-v1,787dc2f7722ce1c1dee61a465659d0c0447901ecd54e097c919ae012b9746800,rotating-hot,2,bursty,83,0,2,B3L,a033e92d5ff4037cd8f581fbe064c52b7dbe72fb01a038bf1f80accc3bd88cf3,60,29,15,14,16777216,101566924,101523625,43299,50,20287,50,24858279,481,4578,8800064,8800064,4,56,0,0,0,0,0,0,0,0,0,0,0,43600,0.221270
holdout,syn-clustered-50000-c100-d6-v1,787dc2f7722ce1c1dee61a465659d0c0447901ecd54e097c919ae012b9746800,rotating-hot,2,bursty,83,0,3,FREQ-LRU-REPAIR,a033e92d5ff4037cd8f581fbe064c52b7dbe72fb01a038bf1f80accc3bd88cf3,60,29,15,14,16777216,100972692,100907699,64993,401,848069,130,23713246,1202,8225,8800432,8800432,16,44,4,0,4,0,0,0,60,4,4,0,0,42920,0.216788
holdout,syn-clustered-50000-c100-d6-v1,787dc2f7722ce1c1dee61a465659d0c0447901ecd54e097c919ae012b9746800,rotating-hot,2,bursty,83,0,4,ADES,a033e92d5ff4037cd8f581fbe064c52b7dbe72fb01a038bf1f80accc3bd88cf3,60,29,15,14,16777216,11446493,11440735,5758,110126,398072,150561,398522,180,300,64,64,60,0,0,0,0,0,0,0,0,0,0,0,0,33704,0.127189
holdout,syn-clustered-50000-c100-d6-v1,787dc2f7722ce1c1dee61a465659d0c0447901ecd54e097c919ae012b9746800,rotating-hot,2,bursty,83,0,0,COLD,a033e92d5ff4037cd8f581fbe064c52b7dbe72fb01a038bf1f80accc3bd88cf3,60,29,15,14,67108864,10936571,10930273,6298,111287,349271,144810,377292,190,371,0,0,60,0,0,0,0,0,0,0,0,0,0,0,0,34048,0.123908
holdout,syn-clustered-50000-c100-d6-v1,787dc2f7722ce1c1dee61a465659d0c0447901ecd54e097c919ae012b9746800,rotating-hot,2,bursty,83,0,1,B3L,a033e92d5ff4037cd8f581fbe064c52b7dbe72fb01a038bf1f80accc3bd88cf3,60,29,15,14,67108864,89914558,89871889,42669,50,22742,49,19838276,391,4057,8800064,8800064,4,56,0,0,0,0,0,0,0,0,0,0,0,42760,0.204883
holdout,syn-clustered-50000-c100-d6-v1,787dc2f7722ce1c1dee61a465659d0c0447901ecd54e097c919ae012b9746800,rotating-hot,2,bursty,83,0,2,FREQ-LRU-REPAIR,a033e92d5ff4037cd8f581fbe064c52b7dbe72fb01a038bf1f80accc3bd88cf3,60,29,15,14,67108864,95788593,95729569,59024,491,908192,110,20626375,961,6282,8800432,8800432,16,44,4,0,4,0,0,0,60,4,4,0,0,43760,0.210660
holdout,syn-clustered-50000-c100-d6-v1,787dc2f7722ce1c1dee61a465659d0c0447901ecd54e097c919ae012b9746800,rotating-hot,2,bursty,83,0,3,ADES,a033e92d5ff4037cd8f581fbe064c52b7dbe72fb01a038bf1f80accc3bd88cf3,60,29,15,14,67108864,10981208,10975530,5678,114383,364429,151703,372103,161,311,64,64,60,0,0,0,0,0,0,0,0,0,0,0,0,33700,0.121084
holdout,syn-clustered-50000-c100-d6-v1,787dc2f7722ce1c1dee61a465659d0c0447901ecd54e097c919ae012b9746800,rotating-hot,2,bursty,83,0,4,ADES-V2,a033e92d5ff4037cd8f581fbe064c52b7dbe72fb01a038bf1f80accc3bd88cf3,60,29,15,14,67108864,10475027,10469426,5601,106429,332019,138177,353268,170,320,2032,2032,60,0,0,0,0,0,0,0,0,0,0,0,0,34212,0.122579
holdout,syn-clustered-50000-c100-d6-v1,787dc2f7722ce1c1dee61a465659d0c0447901ecd54e097c919ae012b9746800,rotating-hot,2,repeated-edge,43,0,0,COLD,c25c92d5ceec50ac92a3309a2d761b80267d4da261f6cceb29773e5981486905,60,29,15,14,16777216,12382763,12377002,5761,91310,459116,177230,487167,190,290,0,0,60,0,0,0,0,0,0,0,0,0,0,0,0,33576,0.124947
holdout,syn-clustered-50000-c100-d6-v1,787dc2f7722ce1c1dee61a465659d0c0447901ecd54e097c919ae012b9746800,rotating-hot,2,repeated-edge,43,0,1,B3L,c25c92d5ceec50ac92a3309a2d761b80267d4da261f6cceb29773e5981486905,60,29,15,14,16777216,92073706,92050473,23233,51,5480,41,21334604,301,2595,8800064,8800064,4,56,0,0,0,0,0,0,0,0,0,0,0,43632,0.207321
holdout,syn-clustered-50000-c100-d6-v1,787dc2f7722ce1c1dee61a465659d0c0447901ecd54e097c919ae012b9746800,rotating-hot,2,repeated-edge,43,0,2,FREQ-LRU-REPAIR,c25c92d5ceec50ac92a3309a2d761b80267d4da261f6cceb29773e5981486905,60,29,15,14,16777216,80430610,80394362,36248,371,575923,101,18682263,892,3496,8800432,8800432,16,44,4,0,4,0,0,0,13,26,27,0,0,43756,0.191979
holdout,syn-clustered-50000-c100-d6-v1,787dc2f7722ce1c1dee61a465659d0c0447901ecd54e097c919ae012b9746800,rotating-hot,2,repeated-edge,43,0,3,ADES,c25c92d5ceec50ac92a3309a2d761b80267d4da261f6cceb29773e5981486905,60,29,15,14,16777216,12039522,12034028,5494,80820,481657,166580,481728,190,240,64,64,60,0,0,0,0,0,0,0,0,0,0,0,0,33708,0.123815
holdout,syn-clustered-50000-c100-d6-v1,787dc2f7722ce1c1dee61a465659d0c0447901ecd54e097c919ae012b9746800,rotating-hot,2,repeated-edge,43,0,4,ADES-V2,c25c92d5ceec50ac92a3309a2d761b80267d4da261f6cceb29773e5981486905,60,29,15,14,16777216,14292938,14286993,5945,103513,587294,187189,600199,191,251,2032,2032,60,0,0,0,0,0,0,0,0,0,0,0,0,34152,0.126306
holdout,syn-clustered-50000-c100-d6-v1,787dc2f7722ce1c1dee61a465659d0c0447901ecd54e097c919ae012b9746800,rotating-hot,2,repeated-edge,43,0,0,B3L,c25c92d5ceec50ac92a3309a2d761b80267d4da261f6cceb29773e5981486905,60,29,15,14,67108864,87671933,87648521,23412,50,6031,40,20745259,281,3196,8800064,8800064,4,56,0,0,0,0,0,0,0,0,0,0,0,43628,0.200176
holdout,syn-clustered-50000-c100-d6-v1,787dc2f7722ce1c1dee61a465659d0c0447901ecd54e097c919ae012b9746800,rotating-hot,2,repeated-edge,43,0,1,FREQ-LRU-REPAIR,c25c92d5ceec50ac92a3309a2d761b80267d4da261f6cceb29773e5981486905,60,29,15,14,67108864,100441374,100399957,41417,420,690947,100,22308554,922,4919,8800432,8800432,16,44,4,0,4,0,0,0,13,26,27,0,0,42908,0.215375
holdout,syn-clustered-50000-c100-d6-v1,787dc2f7722ce1c1dee61a465659d0c0447901ecd54e097c919ae012b9746800,rotating-hot,2,repeated-edge,43,0,2,ADES,c25c92d5ceec50ac92a3309a2d761b80267d4da261f6cceb29773e5981486905,60,29,15,14,67108864,16167508,16160843,6665,110766,634302,230439,645223,220,331,64,64,60,0,0,0,0,0,0,0,0,0,0,0,0,33704,0.133413
holdout,syn-clustered-50000-c100-d6-v1,787dc2f7722ce1c1dee61a465659d0c0447901ecd54e097c919ae012b9746800,rotating-hot,2,repeated-edge,43,0,3,ADES-V2,c25c92d5ceec50ac92a3309a2d761b80267d4da261f6cceb29773e5981486905,60,29,15,14,67108864,15169925,15160864,9061,107219,534416,209450,637648,230,341,2032,2032,60,0,0,0,0,0,0,0,0,0,0,0,0,33380,0.131918
holdout,syn-clustered-50000-c100-d6-v1,787dc2f7722ce1c1dee61a465659d0c0447901ecd54e097c919ae012b9746800,rotating-hot,2,repeated-edge,43,0,4,COLD,c25c92d5ceec50ac92a3309a2d761b80267d4da261f6cceb29773e5981486905,60,29,15,14,67108864,13328505,13321765,6740,97883,490604,189113,520000,210,281,0,0,60,0,0,0,0,0,0,0,0,0,0,0,0,34444,0.131829
holdout,syn-clustered-50000-c100-d6-v1,787dc2f7722ce1c1dee61a465659d0c0447901ecd54e097c919ae012b9746800,rotating-hot,2,repeated-edge,59,0,0,B3L,02f9594781790e04b767426ecc2464286cd761f75145ec27a06f6565761f3eef,60,29,15,14,16777216,103005522,103000533,4989,50,872,41,22843762,90,641,8800064,8800064,4,56,0,0,0,0,0,0,0,0,0,0,0,42856,0.229840
holdout,syn-clustered-50000-c100-d6-v1,787dc2f7722ce1c1dee61a465659d0c0447901ecd54e097c919ae012b9746800,rotating-hot,2,repeated-edge,59,0,1,FREQ-LRU-REPAIR,02f9594781790e04b767426ecc2464286cd761f75145ec27a06f6565761f3eef,60,29,15,14,16777216,101375465,101354383,21082,311,1246483,110,23341860,571,2014,8800432,8800432,16,44,4,0,4,0,0,0,66,0,0,0,0,42920,0.218990
holdout,syn-clustered-50000-c100-d6-v1,787dc2f7722ce1c1dee61a465659d0c0447901ecd54e097c919ae012b9746800,rotating-hot,2,repeated-edge,59,0,2,ADES,02f9594781790e04b767426ecc2464286cd761f75145ec27a06f6565761f3eef,60,29,15,14,16777216,11266169,11259448,6721,104415,361553,152344,367074,211,360,64,64,60,0,0,0,0,0,0,0,0,0,0,0,0,34548,0.125597
holdout,syn-clustered-50000-c100-d6-v1,787dc2f7722ce1c1dee61a465659d0c0447901ecd54e097c919ae012b9746800,rotating-hot,2,repeated-edge,59,0,3,ADES-V2,02f9594781790e04b767426ecc2464286cd761f75145ec27a06f6565761f3eef,60,29,15,14,16777216,9781475,9775354,6121,96911,301942,136084,303896,200,280,2032,2032,60,0,0,0,0,0,0,0,0,0,0,0,0,34512,0.123652
holdout,syn-clustered-50000-c100-d6-v1,787dc2f7722ce1c1dee61a465659d0c0447901ecd54e097c919ae012b9746800,rotating-hot,2,repeated-edge,59,0,4,COLD,02f9594781790e04b767426ecc2464286cd761f75145ec27a06f6565761f3eef,60,29,15,14,16777216,10790080,10783920,6160,107881,350543,146884,352306,191,311,0,0,60,0,0,0,0,0,0,0,0,0,0,0,0,34384,0.122437
holdout,syn-clustered-50000-c100-d6-v1,787dc2f7722ce1c1dee61a465659d0c0447901ecd54e097c919ae012b9746800,rotating-hot,2,repeated-edge,59,0,0,FREQ-LRU-REPAIR,02f9594781790e04b767426ecc2464286cd761f75145ec27a06f6565761f3eef,60,29,15,14,67108864,94838284,94818651,19633,341,963355,110,21955527,601,2034,8800432,8800432,16,44,4,0,4,0,0,0,66,0,0,0,0,42228,0.206541
holdout,syn-clustered-50000-c100-d6-v1,787dc2f7722ce1c1dee61a465659d0c0447901ecd54e097c919ae012b9746800,rotating-hot,2,repeated-edge,59,0,1,ADES,02f9594781790e04b767426ecc2464286cd761f75145ec27a06f6565761f3eef,60,29,15,14,67108864,12451852,12445907,5945,110216,399454,167752,405135,190,320,64,64,60,0,0,0,0,0,0,0,0,0,0,0,0,34532,0.129142
holdout,syn-clustered-50000-c100-d6-v1,787dc2f7722ce1c1dee61a465659d0c0447901ecd54e097c919ae012b9746800,rotating-hot,2,repeated-edge,59,0,2,ADES-V2,02f9594781790e04b767426ecc2464286cd761f75145ec27a06f6565761f3eef,60,29,15,14,67108864,10908653,10902604,6049,106819,335846,147915,357817,190,281,2032,2032,60,0,0,0,0,0,0,0,0,0,0,0,0,34180,0.127683
holdout,syn-clustered-50000-c100-d6-v1,787dc2f7722ce1c1dee61a465659d0c0447901ecd54e097c919ae012b9746800,rotating-hot,2,repeated-edge,59,0,3,COLD,02f9594781790e04b767426ecc2464286cd761f75145ec27a06f6565761f3eef,60,29,15,14,67108864,12537751,12530849,6902,108172,404283,175417,425974,210,341,0,0,60,0,0,0,0,0,0,0,0,0,0,0,0,33580,0.130438
holdout,syn-clustered-50000-c100-d6-v1,787dc2f7722ce1c1dee61a465659d0c0447901ecd54e097c919ae012b9746800,rotating-hot,2,repeated-edge,59,0,4,B3L,02f9594781790e04b767426ecc2464286cd761f75145ec27a06f6565761f3eef,60,29,15,14,67108864,99249503,99244793,4710,50,682,40,22622329,80,591,8800064,8800064,4,56,0,0,0,0,0,0,0,0,0,0,0,42760,0.217115
holdout,syn-clustered-50000-c100-d6-v1,787dc2f7722ce1c1dee61a465659d0c0447901ecd54e097c919ae012b9746800,rotating-hot,2,repeated-edge,83,0,0,FREQ-LRU-REPAIR,1eaa5a6d4794266c7d82e99d3b51305cd78335fc1d791665544aeaf749efde19,60,29,15,14,16777216,97648170,97628492,19678,321,883567,110,21444835,541,2003,8800432,8800432,16,44,4,0,4,0,0,0,66,0,0,0,0,43728,0.210420
holdout,syn-clustered-50000-c100-d6-v1,787dc2f7722ce1c1dee61a465659d0c0447901ecd54e097c919ae012b9746800,rotating-hot,2,repeated-edge,83,0,1,ADES,1eaa5a6d4794266c7d82e99d3b51305cd78335fc1d791665544aeaf749efde19,60,29,15,14,16777216,13821793,13815195,6598,103182,486807,191927,580942,211,301,64,64,60,0,0,0,0,0,0,0,0,0,0,0,0,34580,0.127566
holdout,syn-clustered-50000-c100-d6-v1,787dc2f7722ce1c1dee61a465659d0c0447901ecd54e097c919ae012b9746800,rotating-hot,2,repeated-edge,83,0,2,ADES-V2,1eaa5a6d4794266c7d82e99d3b51305cd78335fc1d791665544aeaf749efde19,60,29,15,14,16777216,12195328,12188827,6501,98804,408872,168404,488891,201,321,2032,2032,60,0,0,0,0,0,0,0,0,0,0,0,0,33700,0.127351
holdout,syn-clustered-50000-c100-d6-v1,787dc2f7722ce1c1dee61a465659d0c0447901ecd54e097c919ae012b9746800,rotating-hot,2,repeated-edge,83,0,3,COLD,1eaa5a6d4794266c7d82e99d3b51305cd78335fc1d791665544aeaf749efde19,60,29,15,14,16777216,12862251,12856292,5959,98183,462091,181669,541710,190,321,0,0,60,0,0,0,0,0,0,0,0,0,0,0,0,34448,0.129373
holdout,syn-clustered-50000-c100-d6-v1,787dc2f7722ce1c1dee61a465659d0c0447901ecd54e097c919ae012b9746800,rotating-hot,2,repeated-edge,83,0,4,B3L,1eaa5a6d4794266c7d82e99d3b51305cd78335fc1d791665544aeaf749efde19,60,29,15,14,16777216,105969253,105964308,4945,50,881,40,24782935,90,792,8800064,8800064,4,56,0,0,0,0,0,0,0,0,0,0,0,43288,0.224049
holdout,syn-clustered-50000-c100-d6-v1,787dc2f7722ce1c1dee61a465659d0c0447901ecd54e097c919ae012b9746800,rotating-hot,2,repeated-edge,83,0,0,ADES,1eaa5a6d4794266c7d82e99d3b51305cd78335fc1d791665544aeaf749efde19,60,29,15,14,67108864,13617945,13611592,6353,108322,487909,183983,575332,200,271,64,64,60,0,0,0,0,0,0,0,0,0,0,0,0,33700,0.132563
holdout,syn-clustered-50000-c100-d6-v1,787dc2f7722ce1c1dee61a465659d0c0447901ecd54e097c919ae012b9746800,rotating-hot,2,repeated-edge,83,0,1,ADES-V2,1eaa5a6d4794266c7d82e99d3b51305cd78335fc1d791665544aeaf749efde19,60,29,15,14,67108864,11350821,11345122,5699,91391,398372,160449,424611,190,261,2032,2032,60,0,0,0,0,0,0,0,0,0,0,0,0,33704,0.123346
holdout,syn-clustered-50000-c100-d6-v1,787dc2f7722ce1c1dee61a465659d0c0447901ecd54e097c919ae012b9746800,rotating-hot,2,repeated-edge,83,0,2,COLD,1eaa5a6d4794266c7d82e99d3b51305cd78335fc1d791665544aeaf749efde19,60,29,15,14,67108864,10443578,10437800,5778,84157,332700,142696,419892,190,251,0,0,60,0,0,0,0,0,0,0,0,0,0,0,0,33548,0.122942
holdout,syn-clustered-50000-c100-d6-v1,787dc2f7722ce1c1dee61a465659d0c0447901ecd54e097c919ae012b9746800,rotating-hot,2,repeated-edge,83,0,3,B3L,1eaa5a6d4794266c7d82e99d3b51305cd78335fc1d791665544aeaf749efde19,60,29,15,14,67108864,82857781,82852972,4809,50,802,41,17305893,90,601,8800064,8800064,4,56,0,0,0,0,0,0,0,0,0,0,0,42792,0.195650
holdout,syn-clustered-50000-c100-d6-v1,787dc2f7722ce1c1dee61a465659d0c0447901ecd54e097c919ae012b9746800,rotating-hot,2,repeated-edge,83,0,4,FREQ-LRU-REPAIR,1eaa5a6d4794266c7d82e99d3b51305cd78335fc1d791665544aeaf749efde19,60,29,15,14,67108864,98454869,98434959,19910,331,951704,101,20530121,551,1673,8800432,8800432,16,44,4,0,4,0,0,0,66,0,0,0,0,43760,0.214508
holdout,syn-clustered-50000-c100-d6-v1,787dc2f7722ce1c1dee61a465659d0c0447901ecd54e097c919ae012b9746800,rotating-hot,10,bursty,43,0,0,ADES,f91b2d998347c3ae58366a0b994ba5445e78b043f2c942cecd66ada2d86a35b8,60,5,3,2,16777216,17711856,17710084,1772,248182,702108,262388,702108,330,571,64,64,60,0,0,0,0,0,0,0,0,0,0,0,0,33704,0.134987
holdout,syn-clustered-50000-c100-d6-v1,787dc2f7722ce1c1dee61a465659d0c0447901ecd54e097c919ae012b9746800,rotating-hot,10,bursty,43,0,1,ADES-V2,f91b2d998347c3ae58366a0b994ba5445e78b043f2c942cecd66ada2d86a35b8,60,5,3,2,16777216,15655084,15653581,1503,219520,592855,234257,592855,280,481,2032,2032,60,0,0,0,0,0,0,0,0,0,0,0,0,34936,0.130397
holdout,syn-clustered-50000-c100-d6-v1,787dc2f7722ce1c1dee61a465659d0c0447901ecd54e097c919ae012b9746800,rotating-hot,10,bursty,43,0,2,COLD,f91b2d998347c3ae58366a0b994ba5445e78b043f2c942cecd66ada2d86a35b8,60,5,3,2,16777216,17079104,17077591,1513,233044,656403,245577,656403,241,531,0,0,60,0,0,0,0,0,0,0,0,0,0,0,0,34408,0.135945
holdout,syn-clustered-50000-c100-d6-v1,787dc2f7722ce1c1dee61a465659d0c0447901ecd54e097c919ae012b9746800,rotating-hot,10,bursty,43,0,3,B3L,f91b2d998347c3ae58366a0b994ba5445e78b043f2c942cecd66ada2d86a35b8,60,5,3,2,16777216,104606300,104603694,2606,50,25177195,50,25177195,641,672,8800064,8800064,4,56,0,0,0,0,0,0,0,0,0,0,0,42000,0.223603
holdout,syn-clustered-50000-c100-d6-v1,787dc2f7722ce1c1dee61a465659d0c0447901ecd54e097c919ae012b9746800,rotating-hot,10,bursty,43,0,4,FREQ-LRU-REPAIR,f91b2d998347c3ae58366a0b994ba5445e78b043f2c942cecd66ada2d86a35b8,60,5,3,2,16777216,108586524,108578839,7685,130,24741836,110,24741836,1162,2425,8800432,8800432,16,44,4,0,4,0,0,0,16,0,0,0,0,42920,0.227348
holdout,syn-clustered-50000-c100-d6-v1,787dc2f7722ce1c1dee61a465659d0c0447901ecd54e097c919ae012b9746800,rotating-hot,10,bursty,43,0,0,ADES-V2,f91b2d998347c3ae58366a0b994ba5445e78b043f2c942cecd66ada2d86a35b8,60,5,3,2,67108864,16115716,16114264,1452,220491,623151,229598,623151,350,401,2032,2032,60,0,0,0,0,0,0,0,0,0,0,0,0,34864,0.133191
holdout,syn-clustered-50000-c100-d6-v1,787dc2f7722ce1c1dee61a465659d0c0447901ecd54e097c919ae012b9746800,rotating-hot,10,bursty,43,0,1,COLD,f91b2d998347c3ae58366a0b994ba5445e78b043f2c942cecd66ada2d86a35b8,60,5,3,2,67108864,17772223,17770590,1633,243894,707217,247741,707217,241,721,0,0,60,0,0,0,0,0,0,0,0,0,0,0,0,34388,0.135050
holdout,syn-clustered-50000-c100-d6-v1,787dc2f7722ce1c1dee61a465659d0c0447901ecd54e097c919ae012b9746800,rotating-hot,10,bursty,43,0,2,B3L,f91b2d998347c3ae58366a0b994ba5445e78b043f2c942cecd66ada2d86a35b8,60,5,3,2,67108864,98132839,98130453,2386,50,23625336,49,23625336,492,722,8800064,8800064,4,56,0,0,0,0,0,0,0,0,0,0,0,42756,0.215542
holdout,syn-clustered-50000-c100-d6-v1,787dc2f7722ce1c1dee61a465659d0c0447901ecd54e097c919ae012b9746800,rotating-hot,10,bursty,43,0,3,FREQ-LRU-REPAIR,f91b2d998347c3ae58366a0b994ba5445e78b043f2c942cecd66ada2d86a35b8,60,5,3,2,67108864,104185887,104178215,7672,111,23422168,110,23422168,1422,2694,8800432,8800432,16,44,4,0,4,0,0,0,16,0,0,0,0,43732,0.223864
holdout,syn-clustered-50000-c100-d6-v1,787dc2f7722ce1c1dee61a465659d0c0447901ecd54e097c919ae012b9746800,rotating-hot,10,bursty,43,0,4,ADES,f91b2d998347c3ae58366a0b994ba5445e78b043f2c942cecd66ada2d86a35b8,60,5,3,2,67108864,14558115,14556951,1164,195965,552279,207587,552279,240,321,64,64,60,0,0,0,0,0,0,0,0,0,0,0,0,33704,0.130927
holdout,syn-clustered-50000-c100-d6-v1,787dc2f7722ce1c1dee61a465659d0c0447901ecd54e097c919ae012b9746800,rotating-hot,10,bursty,59,0,0,ADES-V2,cdf57c627ab02e905a8ceecb4163d9c17729a4ffc70699e5f4e1ae2c8b42cf44,60,5,3,2,16777216,12677040,12675746,1294,153746,571665,163324,571665,261,321,2032,2032,60,0,0,0,0,0,0,0,0,0,0,0,0,33700,0.127946
holdout,syn-clustered-50000-c100-d6-v1,787dc2f7722ce1c1dee61a465659d0c0447901ecd54e097c919ae012b9746800,rotating-hot,10,bursty,59,0,1,COLD,cdf57c627ab02e905a8ceecb4163d9c17729a4ffc70699e5f4e1ae2c8b42cf44,60,5,3,2,16777216,11362896,11361824,1072,135603,449568,148036,449568,161,380,0,0,60,0,0,0,0,0,0,0,0,0,0,0,0,33572,0.124336
holdout,syn-clustered-50000-c100-d6-v1,787dc2f7722ce1c1dee61a465659d0c0447901ecd54e097c919ae012b9746800,rotating-hot,10,bursty,59,0,2,B3L,cdf57c627ab02e905a8ceecb4163d9c17729a4ffc70699e5f4e1ae2c8b42cf44,60,5,3,2,16777216,75024399,75020082,4317,50,17388296,50,17388296,340,2935,8800064,8800064,4,56,0,0,0,0,0,0,0,0,0,0,0,43584,0.186984
holdout,syn-clustered-50000-c100-d6-v1,787dc2f7722ce1c1dee61a465659d0c0447901ecd54e097c919ae012b9746800,rotating-hot,10,bursty,59,0,3,FREQ-LRU-REPAIR,cdf57c627ab02e905a8ceecb4163d9c17729a4ffc70699e5f4e1ae2c8b42cf44,60,5,3,2,16777216,74430013,74423039,6974,120,16161831,120,16161831,1493,2215,8800432,8800432,16,44,4,0,4,0,0,0,15,1,0,0,0,42884,0.185874
holdout,syn-clustered-50000-c100-d6-v1,787dc2f7722ce1c1dee61a465659d0c0447901ecd54e097c919ae012b9746800,rotating-hot,10,bursty,59,0,4,ADES,cdf57c627ab02e905a8ceecb4163d9c17729a4ffc70699e5f4e1ae2c8b42cf44,60,5,3,2,16777216,15492099,15490235,1864,184103,685657,198169,685657,350,722,64,64,60,0,0,0,0,0,0,0,0,0,0,0,0,33708,0.128091
holdout,syn-clustered-50000-c100-d6-v1,787dc2f7722ce1c1dee61a465659d0c0447901ecd54e097c919ae012b9746800,rotating-hot,10,bursty,59,0,0,COLD,cdf57c627ab02e905a8ceecb4163d9c17729a4ffc70699e5f4e1ae2c8b42cf44,60,5,3,2,67108864,11893739,11892517,1222,145952,527984,152034,527984,251,361,0,0,60,0,0,0,0,0,0,0,0,0,0,0,0,33576,0.124882
holdout,syn-clustered-50000-c100-d6-v1,787dc2f7722ce1c1dee61a465659d0c0447901ecd54e097c919ae012b9746800,rotating-hot,10,bursty,59,0,1,B3L,cdf57c627ab02e905a8ceecb4163d9c17729a4ffc70699e5f4e1ae2c8b42cf44,60,5,3,2,67108864,87288376,87283058,5318,41,19305327,40,19305327,601,3145,8800064,8800064,4,56,0,0,0,0,0,0,0,0,0,0,0,43616,0.202197
holdout,syn-clustered-50000-c100-d6-v1,787dc2f7722ce1c1dee61a465659d0c0447901ecd54e097c919ae012b9746800,rotating-hot,10,bursty,59,0,2,FREQ-LRU-REPAIR,cdf57c627ab02e905a8ceecb4163d9c17729a4ffc70699e5f4e1ae2c8b42cf44,60,5,3,2,67108864,74756488,74746900,9588,150,16753694,110,16753694,1794,3526,8800432,8800432,16,44,4,0,4,0,0,0,15,1,0,0,0,42920,0.186497
holdout,syn-clustered-50000-c100-d6-v1,787dc2f7722ce1c1dee61a465659d0c0447901ecd54e097c919ae012b9746800,rotating-hot,10,bursty,59,0,3,ADES,cdf57c627ab02e905a8ceecb4163d9c17729a4ffc70699e5f4e1ae2c8b42cf44,60,5,3,2,67108864,14006748,14005415,1333,170047,655611,173754,655611,190,531,64,64,60,0,0,0,0,0,0,0,0,0,0,0,0,34544,0.126803
holdout,syn-clustered-50000-c100-d6-v1,787dc2f7722ce1c1dee61a465659d0c0447901ecd54e097c919ae012b9746800,rotating-hot,10,bursty,59,0,4,ADES-V2,cdf57c627ab02e905a8ceecb4163d9c17729a4ffc70699e5f4e1ae2c8b42cf44,60,5,3,2,67108864,11170515,11169092,1423,138017,459616,141193,459616,261,511,2032,2032,60,0,0,0,0,0,0,0,0,0,0,0,0,33696,0.123601
holdout,syn-clustered-50000-c100-d6-v1,787dc2f7722ce1c1dee61a465659d0c0447901ecd54e097c919ae012b9746800,rotating-hot,10,bursty,83,0,0,COLD,c71a2e566e2a5eadb0d9e20c9cfe7eb28ecc9eee6ace2f416b5240ee3cceb331,60,5,3,2,16777216,13383066,13381284,1782,163114,516562,172331,516562,310,701,0,0,60,0,0,0,0,0,0,0,0,0,0,0,0,33488,0.133689
holdout,syn-clustered-50000-c100-d6-v1,787dc2f7722ce1c1dee61a465659d0c0447901ecd54e097c919ae012b9746800,rotating-hot,10,bursty,83,0,1,B3L,c71a2e566e2a5eadb0d9e20c9cfe7eb28ecc9eee6ace2f416b5240ee3cceb331,60,5,3,2,16777216,104889749,104879259,10490,50,25666359,50,25666359,1513,6262,8800064,8800064,4,56,0,0,0,0,0,0,0,0,0,0,0,42776,0.224051
holdout,syn-clustered-50000-c100-d6-v1,787dc2f7722ce1c1dee61a465659d0c0447901ecd54e097c919ae012b9746800,rotating-hot,10,bursty,83,0,2,FREQ-LRU-REPAIR,c71a2e566e2a5eadb0d9e20c9cfe7eb28ecc9eee6ace2f416b5240ee3cceb331,60,5,3,2,16777216,105156884,105142228,14656,170,24071157,161,24071157,1883,7704,8800432,8800432,16,44,4,0,4,0,0,0,11,3,2,0,0,43736,0.225128
holdout,syn-clustered-50000-c100-d6-v1,787dc2f7722ce1c1dee61a465659d0c0447901ecd54e097c919ae012b9746800,rotating-hot,10,bursty,83,0,3,ADES,c71a2e566e2a5eadb0d9e20c9cfe7eb28ecc9eee6ace2f416b5240ee3cceb331,60,5,3,2,16777216,13706845,13705151,1694,173864,563821,181177,563821,291,581,64,64,60,0,0,0,0,0,0,0,0,0,0,0,0,34544,0.129814
holdout,syn-clustered-50000-c100-d6-v1,787dc2f7722ce1c1dee61a465659d0c0447901ecd54e097c919ae012b9746800,rotating-hot,10,bursty,83,0,4,ADES-V2,c71a2e566e2a5eadb0d9e20c9cfe7eb28ecc9eee6ace2f416b5240ee3cceb331,60,5,3,2,16777216,13320500,13318727,1773,173273,512996,184644,512996,290,611,2032,2032,60,0,0,0,0,0,0,0,0,0,0,0,0,33708,0.130333
holdout,syn-clustered-50000-c100-d6-v1,787dc2f7722ce1c1dee61a465659d0c0447901ecd54e097c919ae012b9746800,rotating-hot,10,bursty,83,0,0,B3L,c71a2e566e2a5eadb0d9e20c9cfe7eb28ecc9eee6ace2f416b5240ee3cceb331,60,5,3,2,67108864,106105937,106095658,10279,50,25218164,49,25218164,1342,6582,8800064,8800064,4,56,0,0,0,0,0,0,0,0,0,0,0,42780,0.224683
holdout,syn-clustered-50000-c100-d6-v1,787dc2f7722ce1c1dee61a465659d0c0447901ecd54e097c919ae012b9746800,rotating-hot,10,bursty,83,0,1,FREQ-LRU-REPAIR,c71a2e566e2a5eadb0d9e20c9cfe7eb28ecc9eee6ace2f416b5240ee3cceb331,60,5,3,2,67108864,107086650,107069789,16861,160,25038258,141,25038258,1973,8616,8800432,8800432,16,44,4,0,4,0,0,0,11,3,2,0,0,42224,0.225341
holdout,syn-clustered-50000-c100-d6-v1,787dc2f7722ce1c1dee61a465659d0c0447901ecd54e097c919ae012b9746800,rotating-hot,10,bursty,83,0,2,ADES,c71a2e566e2a5eadb0d9e20c9cfe7eb28ecc9eee6ace2f416b5240ee3cceb331,60,5,3,2,67108864,13658671,13656977,1694,175156,558060,178433,558060,291,532,64,64,60,0,0,0,0,0,0,0,0,0,0,0,0,34520,0.131371
holdout,syn-clustered-50000-c100-d6-v1,787dc2f7722ce1c1dee61a465659d0c0447901ecd54e097c919ae012b9746800,rotating-hot,10,bursty,83,0,3,ADES-V2,c71a2e566e2a5eadb0d9e20c9cfe7eb28ecc9eee6ace2f416b5240ee3cceb331,60,5,3,2,67108864,13283498,13281815,1683,166921,516142,172000,516142,331,501,2032,2032,60,0,0,0,0,0,0,0,0,0,0,0,0,33704,0.132056
holdout,syn-clustered-50000-c100-d6-v1,787dc2f7722ce1c1dee61a465659d0c0447901ecd54e097c919ae012b9746800,rotating-hot,10,bursty,83,0,4,COLD,c71a2e566e2a5eadb0d9e20c9cfe7eb28ecc9eee6ace2f416b5240ee3cceb331,60,5,3,2,67108864,13892150,13890247,1903,174935,554704,180887,554704,320,661,0,0,60,0,0,0,0,0,0,0,0,0,0,0,0,33576,0.134040
holdout,syn-clustered-50000-c100-d6-v1,787dc2f7722ce1c1dee61a465659d0c0447901ecd54e097c919ae012b9746800,rotating-hot,10,repeated-edge,43,0,0,B3L,7aeac510b0d4785e66de082a1d1b4b95ff4879a4da3abc687c652736669ed372,60,5,3,2,16777216,101535579,101533686,1893,50,23467042,40,23467042,330,851,8800064,8800064,4,56,0,0,0,0,0,0,0,0,0,0,0,43692,0.221363
holdout,syn-clustered-50000-c100-d6-v1,787dc2f7722ce1c1dee61a465659d0c0447901ecd54e097c919ae012b9746800,rotating-hot,10,repeated-edge,43,0,1,FREQ-LRU-REPAIR,7aeac510b0d4785e66de082a1d1b4b95ff4879a4da3abc687c652736669ed372,60,5,3,2,16777216,108348150,108341208,6942,181,24716650,171,24716650,1523,2324,8800432,8800432,16,44,4,0,4,0,0,0,12,0,0,0,0,43760,0.225850
holdout,syn-clustered-50000-c100-d6-v1,787dc2f7722ce1c1dee61a465659d0c0447901ecd54e097c919ae012b9746800,rotating-hot,10,repeated-edge,43,0,2,ADES,7aeac510b0d4785e66de082a1d1b4b95ff4879a4da3abc687c652736669ed372,60,5,3,2,16777216,16678956,16677383,1573,201225,682152,239987,682152,221,641,64,64,60,0,0,0,0,0,0,0,0,0,0,0,0,33004,0.136249
holdout,syn-clustered-50000-c100-d6-v1,787dc2f7722ce1c1dee61a465659d0c0447901ecd54e097c919ae012b9746800,rotating-hot,10,repeated-edge,43,0,3,ADES-V2,7aeac510b0d4785e66de082a1d1b4b95ff4879a4da3abc687c652736669ed372,60,5,3,2,16777216,16513103,16511702,1401,206104,698772,230480,698772,280,430,2032,2032,60,0,0,0,0,0,0,0,0,0,0,0,0,34900,0.135813
holdout,syn-clustered-50000-c100-d6-v1,787dc2f7722ce1c1dee61a465659d0c0447901ecd54e097c919ae012b9746800,rotating-hot,10,repeated-edge,43,0,4,COLD,7aeac510b0d4785e66de082a1d1b4b95ff4879a4da3abc687c652736669ed372,60,5,3,2,16777216,18814412,18812770,1642,213748,797056,263450,797056,310,461,0,0,60,0,0,0,0,0,0,0,0,0,0,0,0,34380,0.140213
holdout,syn-clustered-50000-c100-d6-v1,787dc2f7722ce1c1dee61a465659d0c0447901ecd54e097c919ae012b9746800,rotating-hot,10,repeated-edge,43,0,0,FREQ-LRU-REPAIR,7aeac510b0d4785e66de082a1d1b4b95ff4879a4da3abc687c652736669ed372,60,5,3,2,67108864,116022095,116015152,6943,170,27053705,160,27053705,1352,2325,8800432,8800432,16,44,4,0,4,0,0,0,12,0,0,0,0,42916,0.238059
holdout,syn-clustered-50000-c100-d6-v1,787dc2f7722ce1c1dee61a465659d0c0447901ecd54e097c919ae012b9746800,rotating-hot,10,repeated-edge,43,0,1,ADES,7aeac510b0d4785e66de082a1d1b4b95ff4879a4da3abc687c652736669ed372,60,5,3,2,67108864,15945888,15944444,1444,189974,648208,229147,648208,291,351,64,64,60,0,0,0,0,0,0,0,0,0,0,0,0,33704,0.134537
holdout,syn-clustered-50000-c100-d6-v1,787dc2f7722ce1c1dee61a465659d0c0447901ecd54e097c919ae012b9746800,rotating-hot,10,repeated-edge,43,0,2,ADES-V2,7aeac510b0d4785e66de082a1d1b4b95ff4879a4da3abc687c652736669ed372,60,5,3,2,67108864,17174667,17173075,1592,207748,729500,242312,729500,300,481,2032,2032,60,0,0,0,0,0,0,0,0,0,0,0,0,34088,0.135797
holdout,syn-clustered-50000-c100-d6-v1,787dc2f7722ce1c1dee61a465659d0c0447901ecd54e097c919ae012b9746800,rotating-hot,10,repeated-edge,43,0,3,COLD,7aeac510b0d4785e66de082a1d1b4b95ff4879a4da3abc687c652736669ed372,60,5,3,2,67108864,15763899,15762528,1371,199022,630445,222324,630445,300,320,0,0,60,0,0,0,0,0,0,0,0,0,0,0,0,34416,0.133705
holdout,syn-clustered-50000-c100-d6-v1,787dc2f7722ce1c1dee61a465659d0c0447901ecd54e097c919ae012b9746800,rotating-hot,10,repeated-edge,43,0,4,B3L,7aeac510b0d4785e66de082a1d1b4b95ff4879a4da3abc687c652736669ed372,60,5,3,2,67108864,111971855,111968539,3316,50,26533766,50,26533766,721,1052,8800064,8800064,4,56,0,0,0,0,0,0,0,0,0,0,0,43608,0.230550
holdout,syn-clustered-50000-c100-d6-v1,787dc2f7722ce1c1dee61a465659d0c0447901ecd54e097c919ae012b9746800,rotating-hot,10,repeated-edge,59,0,0,FREQ-LRU-REPAIR,5e006b47cc1241784b0dd9d560baf5cd612968ced51480567764582cbbf2aec8,60,5,3,2,16777216,116641218,116622422,18796,170,27583792,160,27583792,1072,13937,8800432,8800432,16,44,4,0,4,0,0,0,12,0,0,0,0,42784,0.241721
holdout,syn-clustered-50000-c100-d6-v1,787dc2f7722ce1c1dee61a465659d0c0447901ecd54e097c919ae012b9746800,rotating-hot,10,repeated-edge,59,0,1,ADES,5e006b47cc1241784b0dd9d560baf5cd612968ced51480567764582cbbf2aec8,60,5,3,2,16777216,13632324,13630641,1683,184834,453234,196236,453234,320,491,64,64,60,0,0,0,0,0,0,0,0,0,0,0,0,34548,0.133071
holdout,syn-clustered-50000-c100-d6-v1,787dc2f7722ce1c1dee61a465659d0c0447901ecd54e097c919ae012b9746800,rotating-hot,10,repeated-edge,59,0,2,ADES-V2,5e006b47cc1241784b0dd9d560baf5cd612968ced51480567764582cbbf2aec8,60,5,3,2,16777216,13460945,13459274,1671,175857,456862,179434,456862,311,440,2032,2032,60,0,0,0,0,0,0,0,0,0,0,0,0,34544,0.134237
holdout,syn-clustered-50000-c100-d6-v1,787dc2f7722ce1c1dee61a465659d0c0447901ecd54e097c919ae012b9746800,rotating-hot,10,repeated-edge,59,0,3,COLD,5e006b47cc1241784b0dd9d560baf5cd612968ced51480567764582cbbf2aec8,60,5,3,2,16777216,13415462,13413819,1643,182530,464225,186367,464225,320,421,0,0,60,0,0,0,0,0,0,0,0,0,0,0,0,33464,0.136149
holdout,syn-clustered-50000-c100-d6-v1,787dc2f7722ce1c1dee61a465659d0c0447901ecd54e097c919ae012b9746800,rotating-hot,10,repeated-edge,59,0,4,B3L,5e006b47cc1241784b0dd9d560baf5cd612968ced51480567764582cbbf2aec8,60,5,3,2,16777216,113649991,113647207,2784,50,26157795,49,26157795,671,862,8800064,8800064,4,56,0,0,0,0,0,0,0,0,0,0,0,42792,0.238013
holdout,syn-clustered-50000-c100-d6-v1,787dc2f7722ce1c1dee61a465659d0c0447901ecd54e097c919ae012b9746800,rotating-hot,10,repeated-edge,59,0,0,ADES,5e006b47cc1241784b0dd9d560baf5cd612968ced51480567764582cbbf2aec8,60,5,3,2,67108864,11903381,11902118,1263,158035,417788,168694,417788,221,381,64,64,60,0,0,0,0,0,0,0,0,0,0,0,0,34572,0.130752
holdout,syn-clustered-50000-c100-d6-v1,787dc2f7722ce1c1dee61a465659d0c0447901ecd54e097c919ae012b9746800,rotating-hot,10,repeated-edge,59,0,1,ADES-V2,5e006b47cc1241784b0dd9d560baf5cd612968ced51480567764582cbbf2aec8,60,5,3,2,67108864,11716434,11714681,1753,160700,396709,165268,396709,290,531,2032,2032,60,0,0,0,0,0,0,0,0,0,0,0,0,34516,0.132781
holdout,syn-clustered-50000-c100-d6-v1,787dc2f7722ce1c1dee61a465659d0c0447901ecd54e097c919ae012b9746800,rotating-hot,10,repeated-edge,59,0,2,COLD,5e006b47cc1241784b0dd9d560baf5cd612968ced51480567764582cbbf2aec8,60,5,3,2,67108864,11510099,11508525,1574,153115,367495,160929,367495,311,341,0,0,60,0,0,0,0,0,0,0,0,0,0,0,0,33576,0.129849
holdout,syn-clustered-50000-c100-d6-v1,787dc2f7722ce1c1dee61a465659d0c0447901ecd54e097c919ae012b9746800,rotating-hot,10,repeated-edge,59,0,3,B3L,5e006b47cc1241784b0dd9d560baf5cd612968ced51480567764582cbbf2aec8,60,5,3,2,67108864,100087696,100085442,2254,40,23275264,40,23275264,531,671,8800064,8800064,4,56,0,0,0,0,0,0,0,0,0,0,0,42796,0.221053
holdout,syn-clustered-50000-c100-d6-v1,787dc2f7722ce1c1dee61a465659d0c0447901ecd54e097c919ae012b9746800,rotating-hot,10,repeated-edge,59,0,4,FREQ-LRU-REPAIR,5e006b47cc1241784b0dd9d560baf5cd612968ced51480567764582cbbf2aec8,60,5,3,2,67108864,108754097,108747355,6742,170,24521135,160,24521135,1122,2384,8800432,8800432,16,44,4,0,4,0,0,0,12,0,0,0,0,43740,0.230537
holdout,syn-clustered-50000-c100-d6-v1,787dc2f7722ce1c1dee61a465659d0c0447901ecd54e097c919ae012b9746800,rotating-hot,10,repeated-edge,83,0,0,ADES,4ab8cac5e7d2934bf55fdacdb579a1591ecba584218e98b919cdb44501e47afb,60,5,3,2,16777216,10924479,10923287,1192,150340,376651,155399,376651,220,340,64,64,60,0,0,0,0,0,0,0,0,0,0,0,0,34640,0.122132
holdout,syn-clustered-50000-c100-d6-v1,787dc2f7722ce1c1dee61a465659d0c0447901ecd54e097c919ae012b9746800,rotating-hot,10,repeated-edge,83,0,1,ADES-V2,4ab8cac5e7d2934bf55fdacdb579a1591ecba584218e98b919cdb44501e47afb,60,5,3,2,16777216,10715629,10714077,1552,149008,360853,153636,360853,310,441,2032,2032,60,0,0,0,0,0,0,0,0,0,0,0,0,33692,0.121253
holdout,syn-clustered-50000-c100-d6-v1,787dc2f7722ce1c1dee61a465659d0c0447901ecd54e097c919ae012b9746800,rotating-hot,10,repeated-edge,83,0,2,COLD,4ab8cac5e7d2934bf55fdacdb579a1591ecba584218e98b919cdb44501e47afb,60,5,3,2,16777216,11033008,11031667,1341,145822,381171,167351,381171,220,501,0,0,60,0,0,0,0,0,0,0,0,0,0,0,0,33580,0.122922
holdout,syn-clustered-50000-c100-d6-v1,787dc2f7722ce1c1dee61a465659d0c0447901ecd54e097c919ae012b9746800,rotating-hot,10,repeated-edge,83,0,3,B3L,4ab8cac5e7d2934bf55fdacdb579a1591ecba584218e98b919cdb44501e47afb,60,5,3,2,16777216,78443907,78441594,2313,50,17186522,41,17186522,591,711,8800064,8800064,4,56,0,0,0,0,0,0,0,0,0,0,0,42788,0.191502
holdout,syn-clustered-50000-c100-d6-v1,787dc2f7722ce1c1dee61a465659d0c0447901ecd54e097c919ae012b9746800,rotating-hot,10,repeated-edge,83,0,4,FREQ-LRU-REPAIR,4ab8cac5e7d2934bf55fdacdb579a1591ecba584218e98b919cdb44501e47afb,60,5,3,2,16777216,97945403,97938201,7202,190,20771752,180,20771752,1212,2464,8800432,8800432,16,44,4,0,4,0,0,0,12,0,0,0,0,43400,0.213133
holdout,syn-clustered-50000-c100-d6-v1,787dc2f7722ce1c1dee61a465659d0c0447901ecd54e097c919ae012b9746800,rotating-hot,10,repeated-edge,83,0,0,ADES-V2,4ab8cac5e7d2934bf55fdacdb579a1591ecba584218e98b919cdb44501e47afb,60,5,3,2,67108864,12384699,12383254,1445,167893,431644,177481,431644,311,421,2032,2032,60,0,0,0,0,0,0,0,0,0,0,0,0,34212,0.125735
holdout,syn-clustered-50000-c100-d6-v1,787dc2f7722ce1c1dee61a465659d0c0447901ecd54e097c919ae012b9746800,rotating-hot,10,repeated-edge,83,0,1,COLD,4ab8cac5e7d2934bf55fdacdb579a1591ecba584218e98b919cdb44501e47afb,60,5,3,2,67108864,11839242,11837881,1361,160368,429751,167853,429751,300,370,0,0,60,0,0,0,0,0,0,0,0,0,0,0,0,33540,0.123888
holdout,syn-clustered-50000-c100-d6-v1,787dc2f7722ce1c1dee61a465659d0c0447901ecd54e097c919ae012b9746800,rotating-hot,10,repeated-edge,83,0,2,B3L,4ab8cac5e7d2934bf55fdacdb579a1591ecba584218e98b919cdb44501e47afb,60,5,3,2,67108864,86563045,86561232,1813,50,19332740,49,19332740,401,561,8800064,8800064,4,56,0,0,0,0,0,0,0,0,0,0,0,43268,0.199940
holdout,syn-clustered-50000-c100-d6-v1,787dc2f7722ce1c1dee61a465659d0c0447901ecd54e097c919ae012b9746800,rotating-hot,10,repeated-edge,83,0,3,FREQ-LRU-REPAIR,4ab8cac5e7d2934bf55fdacdb579a1591ecba584218e98b919cdb44501e47afb,60,5,3,2,67108864,83299924,83294254,5670,121,18963623,120,18963623,972,1884,8800432,8800432,16,44,4,0,4,0,0,0,12,0,0,0,0,42920,0.195274
holdout,syn-clustered-50000-c100-d6-v1,787dc2f7722ce1c1dee61a465659d0c0447901ecd54e097c919ae012b9746800,rotating-hot,10,repeated-edge,83,0,4,ADES,4ab8cac5e7d2934bf55fdacdb579a1591ecba584218e98b919cdb44501e47afb,60,5,3,2,67108864,12408788,12406915,1873,163364,436964,175507,436964,321,591,64,64,60,0,0,0,0,0,0,0,0,0,0,0,0,33700,0.126192
